waypoint_idx,x,y,right_ok,left_ok,ego_lane,road_width,link_id
0,-131.690,-428.331,0,0,1,3.50,A2256W000748
1,-131.450,-427.892,0,0,1,3.50,A2256W000748
2,-131.210,-427.454,0,0,1,3.50,A2256W000748
3,-130.969,-427.015,0,0,1,3.50,A2256W000748
4,-130.729,-426.577,0,0,1,3.50,A2256W000748
5,-130.489,-426.138,0,0,1,3.50,A2256W000748
6,-130.245,-425.702,0,0,1,3.50,A2256W000748
7,-130.001,-425.266,0,0,1,3.50,A2256W000748
8,-129.757,-424.829,0,0,1,3.50,A2256W000748
9,-129.512,-424.393,0,0,1,3.50,A2256W000748
10,-129.268,-423.957,0,0,1,3.50,A2256W000748
11,-129.024,-423.520,0,0,1,3.50,A2256W000748
12,-128.780,-423.084,0,0,1,3.50,A2256W000748
13,-128.536,-422.648,0,0,1,3.50,A2256W000748
14,-128.292,-422.211,0,0,1,3.50,A2256W000748
15,-128.047,-421.775,0,0,1,3.50,A2256W000748
16,-127.803,-421.339,0,0,1,3.50,A2256W000748
17,-127.559,-420.902,0,0,1,3.50,A2256W000748
18,-127.315,-420.466,0,0,1,3.50,A2256W000748
19,-127.071,-420.030,0,0,1,3.50,A2256W000748
20,-126.827,-419.593,0,0,1,3.50,A2256W000748
21,-126.582,-419.157,0,0,1,3.50,A2256W000748
22,-126.340,-418.720,0,0,1,3.50,A2256W000748
23,-126.097,-418.283,0,0,1,3.50,A2256W000748
24,-125.855,-417.845,0,0,1,3.50,A2256W000748
25,-125.612,-417.408,0,0,1,3.50,A2256W000748
26,-125.370,-416.971,0,0,1,3.50,A2256W000748
27,-125.127,-416.534,0,0,1,3.50,A2256W000748
28,-124.885,-416.096,0,0,1,3.50,A2256W000748
29,-124.642,-415.659,0,0,1,3.50,A2256W000748
30,-124.399,-415.222,0,0,1,3.50,A2256W000748
31,-124.156,-414.785,0,0,1,3.50,A2256W000748
32,-123.913,-414.348,0,0,1,3.50,A2256W000748
33,-123.670,-413.911,0,0,1,3.50,A2256W000748
34,-123.428,-413.474,0,0,1,3.50,A2256W000748
35,-123.185,-413.037,0,0,1,3.50,A2256W000748
36,-122.942,-412.600,0,0,1,3.50,A2256W000748
37,-122.699,-412.163,0,0,1,3.50,A2256W000748
38,-122.456,-411.726,0,0,1,3.50,A2256W000748
39,-122.212,-411.289,0,0,1,3.50,A2256W000748
40,-121.968,-410.853,0,0,1,3.50,A2256W000748
41,-121.724,-410.416,0,0,1,3.50,A2256W000748
42,-121.480,-409.980,0,0,1,3.50,A2256W000748
43,-121.237,-409.543,0,0,1,3.50,A2256W000748
44,-120.993,-409.107,0,0,1,3.50,A2256W000748
45,-120.749,-408.670,0,0,1,3.50,A2256W000748
46,-120.505,-408.234,0,0,1,3.50,A2256W000748
47,-120.261,-407.797,0,0,1,3.50,A2256W000748
48,-120.018,-407.360,0,0,1,3.50,A2256W000748
49,-119.775,-406.923,0,0,1,3.50,A2256W000748
50,-119.532,-406.486,0,0,1,3.50,A2256W000748
51,-119.289,-406.049,0,0,1,3.50,A2256W000748
52,-119.046,-405.612,0,0,1,3.50,A2256W000748
53,-118.803,-405.175,0,0,1,3.50,A2256W000748
54,-118.560,-404.738,0,0,1,3.50,A2256W000748
55,-118.317,-404.301,0,0,1,3.50,A2256W000748
56,-118.074,-403.865,0,0,1,3.50,A2256W000748
57,-117.830,-403.428,0,0,1,3.50,A2256W000748
58,-117.587,-402.991,0,0,1,3.50,A2256W000748
59,-117.343,-402.555,0,0,1,3.50,A2256W000748
60,-117.100,-402.118,0,0,1,3.50,A2256W000748
61,-116.856,-401.681,0,0,1,3.50,A2256W000748
62,-116.613,-401.245,0,0,1,3.50,A2256W000748
63,-116.370,-400.808,0,0,1,3.50,A2256W000748
64,-116.127,-400.370,0,0,1,3.50,A2256W000748
65,-115.884,-399.933,0,0,1,3.50,A2256W000748
66,-115.642,-399.496,0,0,1,3.50,A2256W000748
67,-115.399,-399.059,0,0,1,3.50,A2256W000748
68,-115.156,-398.622,0,0,1,3.50,A2256W000748
69,-114.914,-398.185,0,0,1,3.50,A2256W000748
70,-114.671,-397.748,0,0,1,3.50,A2256W000748
71,-114.428,-397.311,0,0,1,3.50,A2256W000748
72,-114.185,-396.874,0,0,1,3.50,A2256W000748
73,-113.942,-396.437,0,0,1,3.50,A2256W000748
74,-113.699,-396.000,0,0,1,3.50,A2256W000748
75,-113.456,-395.563,0,0,1,3.50,A2256W000748
76,-113.211,-395.127,0,0,1,3.50,A2256W000748
77,-112.966,-394.691,0,0,1,3.50,A2256W000748
78,-112.721,-394.255,0,0,1,3.50,A2256W000748
79,-112.477,-393.819,0,0,1,3.50,A2256W000748
80,-112.232,-393.383,0,0,1,3.50,A2256W000748
81,-111.987,-392.947,0,0,1,3.50,A2256W000748
82,-111.742,-392.511,0,0,1,3.50,A2256W000748
83,-111.500,-392.074,0,0,1,3.50,A2256W000748
84,-111.258,-391.636,0,0,1,3.50,A2256W000748
85,-111.015,-391.199,0,0,1,3.50,A2256W000748
86,-110.773,-390.761,0,0,1,3.50,A2256W000748
87,-110.531,-390.324,0,0,1,3.50,A2256W000748
88,-110.289,-389.887,0,0,1,3.50,A2256W000748
89,-110.046,-389.449,0,0,1,3.50,A2256W000748
90,-109.804,-389.012,0,0,1,3.50,A2256W000748
91,-109.562,-388.574,0,0,1,3.50,A2256W000748
92,-109.321,-388.136,0,0,1,3.50,A2256W000748
93,-109.079,-387.698,0,0,1,3.50,A2256W000748
94,-108.838,-387.261,0,0,1,3.50,A2256W000748
95,-108.597,-386.823,0,0,1,3.50,A2256W000748
96,-108.356,-386.385,0,0,1,3.50,A2256W000748
97,-108.114,-385.947,0,0,1,3.50,A2256W000748
98,-107.872,-385.509,0,0,1,3.50,A2256W000748
99,-107.629,-385.072,0,0,1,3.50,A2256W000748
100,-107.387,-384.635,0,0,1,3.50,A2256W000748
101,-107.144,-384.198,0,0,1,3.50,A2256W000748
102,-106.901,-383.761,0,0,1,3.50,A2256W000748
103,-106.659,-383.324,0,0,1,3.50,A2256W000748
104,-106.416,-382.886,0,0,1,3.50,A2256W000748
105,-106.173,-382.449,0,0,1,3.50,A2256W000748
106,-105.931,-382.012,0,0,1,3.50,A2256W000748
107,-105.689,-381.574,0,0,1,3.50,A2256W000748
108,-105.448,-381.136,0,0,1,3.50,A2256W000748
109,-105.207,-380.698,0,0,1,3.50,A2256W000748
110,-104.966,-380.260,0,0,1,3.50,A2256W000748
111,-104.724,-379.822,0,0,1,3.50,A2256W000748
112,-104.483,-379.384,0,0,1,3.50,A2256W000748
113,-104.242,-378.946,0,0,1,3.50,A2256W000748
114,-104.001,-378.508,0,0,1,3.50,A2256W000748
115,-103.756,-378.072,0,0,1,3.50,A2256W000748
116,-103.511,-377.637,0,0,1,3.50,A2256W000748
117,-103.266,-377.201,0,0,1,3.50,A2256W000748
118,-103.022,-376.765,0,0,1,3.50,A2256W000748
119,-102.777,-376.329,0,0,1,3.50,A2256W000748
120,-102.532,-375.893,0,0,1,3.50,A2256W000748
121,-102.287,-375.457,0,0,1,3.50,A2256W000748
122,-102.042,-375.021,0,0,1,3.50,A2256W000748
123,-101.800,-374.583,0,0,1,3.50,A2256W000748
124,-101.558,-374.146,0,0,1,3.50,A2256W000748
125,-101.316,-373.708,0,0,1,3.50,A2256W000748
126,-101.074,-373.271,0,0,1,3.50,A2256W000748
127,-100.832,-372.833,0,0,1,3.50,A2256W000748
128,-100.590,-372.396,0,0,1,3.50,A2256W000748
129,-100.348,-371.958,0,0,1,3.50,A2256W000748
130,-100.106,-371.521,0,0,1,3.50,A2256W000748
131,-99.856,-371.088,0,0,1,3.50,A2256W000748
132,-99.605,-370.655,0,0,1,3.50,A2256W000748
133,-99.355,-370.222,0,0,1,3.50,A2256W000748
134,-99.105,-369.789,0,0,1,3.50,A2256W000748
135,-98.854,-369.356,0,0,1,3.50,A2256W000748
136,-98.604,-368.924,0,0,1,3.50,A2256W000748
137,-98.354,-368.491,0,0,1,3.50,A2256W000748
138,-98.104,-368.058,0,0,1,3.50,A2256W000748
139,-97.861,-367.621,0,0,1,3.50,A2256W000748
140,-97.618,-367.184,0,0,1,3.50,A2256W000748
141,-97.375,-366.747,0,0,1,3.50,A2256W000748
142,-97.133,-366.309,0,0,1,3.50,A2256W000748
143,-96.890,-365.872,0,0,1,3.50,A2256W000748
144,-96.647,-365.435,0,0,1,3.50,A2256W000748
145,-96.405,-364.998,0,0,1,3.50,A2256W000748
146,-96.342,-364.885,0,0,1,3.50,A2256W000338
147,-96.123,-364.436,0,0,1,3.50,A2256W000182
148,-95.904,-363.986,0,0,1,3.50,A2256W000182
149,-95.686,-363.536,0,0,1,3.50,A2256W000182
150,-95.498,-363.073,0,0,1,3.50,A2256W000182
151,-95.310,-362.610,0,0,1,3.50,A2256W000182
152,-95.121,-362.146,0,0,1,3.50,A2256W000182
153,-94.975,-361.668,0,0,1,3.50,A2256W000182
154,-94.829,-361.190,0,0,1,3.50,A2256W000182
155,-94.729,-360.700,0,0,1,3.50,A2256W000182
156,-94.630,-360.210,0,0,1,3.50,A2256W000182
157,-94.560,-359.715,0,0,1,3.50,A2256W000182
158,-94.490,-359.220,0,0,1,3.50,A2256W000182
159,-94.466,-358.721,0,0,1,3.50,A2256W000182
160,-94.442,-358.221,0,0,1,3.50,A2256W000182
161,-94.449,-357.721,0,0,1,3.50,A2256W000182
162,-94.455,-357.221,0,0,1,3.50,A2256W000182
163,-94.507,-356.724,0,0,1,3.50,A2256W000182
164,-94.559,-356.227,0,0,1,3.50,A2256W000182
165,-94.611,-355.729,0,0,1,3.50,A2256W000182
166,-94.709,-355.239,0,0,1,3.50,A2256W000182
167,-94.806,-354.749,0,0,1,3.50,A2256W000182
168,-94.950,-354.270,0,0,1,3.50,A2256W000182
169,-95.094,-353.791,0,0,1,3.50,A2256W000182
170,-95.266,-353.322,0,0,1,3.50,A2256W000182
171,-95.439,-352.853,0,0,1,3.50,A2256W000182
172,-95.654,-352.401,0,0,1,3.50,A2256W000182
173,-95.869,-351.950,0,0,1,3.50,A2256W000182
174,-96.111,-351.512,0,0,1,3.50,A2256W000182
175,-96.353,-351.075,0,0,1,3.50,A2256W000182
176,-96.634,-350.661,0,0,1,3.50,A2256W000182
177,-96.915,-350.248,0,0,1,3.50,A2256W000182
178,-97.196,-349.834,0,0,1,3.50,A2256W000182
179,-97.514,-349.448,0,0,1,3.50,A2256W000182
180,-97.858,-349.085,0,0,1,3.50,A2256W000182
181,-98.201,-348.722,0,0,1,3.50,A2256W000182
182,-98.545,-348.358,0,0,1,3.50,A2256W000182
183,-98.917,-348.024,0,0,1,3.50,A2256W000182
184,-99.289,-347.690,0,0,1,3.50,A2256W000182
185,-99.692,-347.395,0,0,1,3.50,A2256W000182
186,-100.096,-347.100,0,0,1,3.50,A2256W000182
187,-100.518,-346.831,0,0,1,3.50,A2256W000182
188,-100.939,-346.563,0,0,1,3.50,A2256W000182
189,-101.367,-346.304,0,0,1,3.50,A2256W000182
190,-101.795,-346.044,0,0,1,3.50,A2256W000182
191,-102.072,-345.874,0,0,1,3.50,A2256W000325
192,-102.515,-345.641,0,0,1,3.50,A2256W000329
193,-102.957,-345.409,0,0,1,3.50,A2256W000329
194,-103.400,-345.176,0,0,1,3.50,A2256W000329
195,-103.843,-344.944,0,0,1,3.50,A2256W000329
196,-104.285,-344.712,0,0,1,3.50,A2256W000329
197,-104.728,-344.480,0,0,1,3.50,A2256W000329
198,-105.171,-344.248,0,0,1,3.50,A2256W000329
199,-105.614,-344.016,0,0,1,3.50,A2256W000329
200,-106.057,-343.784,0,0,1,3.50,A2256W000329
201,-106.500,-343.553,0,0,1,3.50,A2256W000329
202,-106.943,-343.321,0,0,1,3.50,A2256W000329
203,-107.386,-343.089,0,0,1,3.50,A2256W000329
204,-107.829,-342.857,0,0,1,3.50,A2256W000329
205,-108.271,-342.624,0,0,1,3.50,A2256W000329
206,-108.713,-342.391,0,0,1,3.50,A2256W000329
207,-109.155,-342.157,0,0,1,3.50,A2256W000329
208,-109.597,-341.923,0,0,1,3.50,A2256W000329
209,-110.039,-341.689,0,0,1,3.50,A2256W000329
210,-110.481,-341.455,0,0,1,3.50,A2256W000329
211,-110.922,-341.220,0,0,1,3.50,A2256W000329
212,-111.364,-340.985,0,0,1,3.50,A2256W000329
213,-111.805,-340.751,0,0,1,3.50,A2256W000329
214,-112.247,-340.516,0,0,1,3.50,A2256W000329
215,-112.688,-340.281,0,0,1,3.50,A2256W000329
216,-113.129,-340.046,0,0,1,3.50,A2256W000329
217,-113.570,-339.809,0,0,1,3.50,A2256W000329
218,-114.010,-339.571,0,0,1,3.50,A2256W000329
219,-114.449,-339.332,0,0,1,3.50,A2256W000329
220,-114.888,-339.093,0,0,1,3.50,A2256W000329
221,-115.325,-338.851,0,0,1,3.50,A2256W000329
222,-115.763,-338.609,0,0,1,3.50,A2256W000329
223,-116.199,-338.365,0,0,1,3.50,A2256W000329
224,-116.634,-338.119,0,0,1,3.50,A2256W000329
225,-117.069,-337.872,0,0,1,3.50,A2256W000329
226,-117.503,-337.623,0,0,1,3.50,A2256W000329
227,-117.937,-337.374,0,0,1,3.50,A2256W000329
228,-118.368,-337.121,0,0,1,3.50,A2256W000329
229,-118.797,-336.865,0,0,1,3.50,A2256W000329
230,-119.223,-336.603,0,0,1,3.50,A2256W000329
231,-119.647,-336.338,0,0,1,3.50,A2256W000329
232,-120.068,-336.069,0,0,1,3.50,A2256W000329
233,-120.487,-335.796,0,0,1,3.50,A2256W000329
234,-120.903,-335.518,0,0,1,3.50,A2256W000329
235,-121.318,-335.239,0,0,1,3.50,A2256W000329
236,-121.731,-334.957,0,0,1,3.50,A2256W000329
237,-122.141,-334.672,0,0,1,3.50,A2256W000329
238,-122.549,-334.383,0,0,1,3.50,A2256W000329
239,-122.954,-334.089,0,0,1,3.50,A2256W000329
240,-123.349,-333.783,0,0,1,3.50,A2256W000329
241,-123.739,-333.470,0,0,1,3.50,A2256W000329
242,-124.123,-333.149,0,0,1,3.50,A2256W000329
243,-124.496,-332.816,0,0,1,3.50,A2256W000329
244,-124.864,-332.478,0,0,1,3.50,A2256W000329
245,-125.225,-332.132,0,0,1,3.50,A2256W000329
246,-125.580,-331.780,0,0,1,3.50,A2256W000329
247,-125.915,-331.409,0,0,1,3.50,A2256W000329
248,-126.236,-331.025,0,0,1,3.50,A2256W000329
249,-126.542,-330.630,0,0,1,3.50,A2256W000329
250,-126.847,-330.234,0,0,1,3.50,A2256W000329
251,-127.129,-329.821,0,0,1,3.50,A2256W000329
252,-127.410,-329.407,0,0,1,3.50,A2256W000329
253,-127.680,-328.986,0,0,1,3.50,A2256W000329
254,-127.936,-328.557,0,0,1,3.50,A2256W000329
255,-128.174,-328.117,0,0,1,3.50,A2256W000329
256,-128.368,-327.657,0,0,1,3.50,A2256W000329
257,-128.550,-327.191,0,0,1,3.50,A2256W000329
258,-128.704,-326.715,0,0,1,3.50,A2256W000329
259,-128.846,-326.236,0,0,1,3.50,A2256W000329
260,-128.968,-325.751,0,0,1,3.50,A2256W000329
261,-129.071,-325.262,0,0,1,3.50,A2256W000329
262,-129.150,-324.768,0,0,1,3.50,A2256W000329
263,-129.221,-324.273,0,0,1,3.50,A2256W000329
264,-129.265,-323.775,0,0,1,3.50,A2256W000329
265,-129.291,-323.276,0,0,1,3.50,A2256W000329
266,-129.298,-322.776,0,0,1,3.50,A2256W000329
267,-129.274,-322.276,0,0,1,3.50,A2256W000329
268,-129.237,-321.778,0,0,1,3.50,A2256W000329
269,-129.183,-321.281,0,0,1,3.50,A2256W000329
270,-129.115,-320.785,0,0,1,3.50,A2256W000329
271,-129.018,-320.295,0,0,1,3.50,A2256W000329
272,-128.900,-319.809,0,0,1,3.50,A2256W000329
273,-128.772,-319.326,0,0,1,3.50,A2256W000329
274,-128.625,-318.848,0,0,1,3.50,A2256W000329
275,-128.460,-318.376,0,0,1,3.50,A2256W000329
276,-128.277,-317.910,0,0,1,3.50,A2256W000329
277,-128.083,-317.449,0,0,1,3.50,A2256W000329
278,-127.875,-316.995,0,0,1,3.50,A2256W000329
279,-127.650,-316.548,0,0,1,3.50,A2256W000329
280,-127.421,-316.104,0,0,1,3.50,A2256W000329
281,-127.189,-315.661,0,0,1,3.50,A2256W000329
282,-126.956,-315.219,0,0,1,3.50,A2256W000329
283,-126.719,-314.778,0,0,1,3.50,A2256W000329
284,-126.482,-314.338,0,0,1,3.50,A2256W000329
285,-126.245,-313.898,0,0,1,3.50,A2256W000329
286,-126.008,-313.458,0,0,1,3.50,A2256W000329
287,-125.771,-313.017,0,0,1,3.50,A2256W000329
288,-125.535,-312.576,0,0,1,3.50,A2256W000329
289,-125.297,-312.137,0,0,1,3.50,A2256W000329
290,-125.058,-311.698,0,0,1,3.50,A2256W000329
291,-124.817,-311.259,0,0,1,3.50,A2256W000329
292,-124.577,-310.821,0,0,1,3.50,A2256W000329
293,-124.334,-310.384,0,0,1,3.50,A2256W000329
294,-124.092,-309.946,0,0,1,3.50,A2256W000329
295,-123.847,-309.510,0,0,1,3.50,A2256W000329
296,-123.602,-309.075,0,0,1,3.50,A2256W000329
297,-123.357,-308.639,0,0,1,3.50,A2256W000329
298,-123.112,-308.203,0,0,1,3.50,A2256W000329
299,-122.867,-307.767,0,0,1,3.50,A2256W000329
300,-122.622,-307.331,0,0,1,3.50,A2256W000329
301,-122.377,-306.895,0,0,1,3.50,A2256W000329
302,-122.133,-306.459,0,0,1,3.50,A2256W000329
303,-121.888,-306.023,0,0,1,3.50,A2256W000329
304,-121.644,-305.587,0,0,1,3.50,A2256W000329
305,-121.399,-305.151,0,0,1,3.50,A2256W000329
306,-121.155,-304.714,0,0,1,3.50,A2256W000329
307,-120.910,-304.278,0,0,1,3.50,A2256W000329
308,-120.666,-303.842,0,0,1,3.50,A2256W000329
309,-120.421,-303.406,0,0,1,3.50,A2256W000329
310,-120.176,-302.970,0,0,1,3.50,A2256W000329
311,-119.932,-302.534,0,0,1,3.50,A2256W000329
312,-119.687,-302.098,0,0,1,3.50,A2256W000329
313,-119.443,-301.662,0,0,1,3.50,A2256W000329
314,-119.199,-301.225,0,0,1,3.50,A2256W000329
315,-118.954,-300.789,0,0,1,3.50,A2256W000329
316,-118.710,-300.353,0,0,1,3.50,A2256W000329
317,-118.466,-299.917,0,0,1,3.50,A2256W000329
318,-118.222,-299.480,0,0,1,3.50,A2256W000329
319,-117.978,-299.044,0,0,1,3.50,A2256W000329
320,-117.734,-298.607,0,0,1,3.50,A2256W000329
321,-117.490,-298.171,0,0,1,3.50,A2256W000329
322,-117.462,-298.122,0,0,1,3.50,A2256W000329
323,-117.222,-297.684,0,0,1,3.50,A2256W000236
324,-116.982,-297.246,0,0,1,3.50,A2256W000236
325,-116.742,-296.808,0,0,1,3.50,A2256W000236
326,-116.499,-296.371,0,0,1,3.50,A2256W000236
327,-116.257,-295.934,0,0,1,3.50,A2256W000236
328,-116.014,-295.496,0,0,1,3.50,A2256W000236
329,-115.772,-295.059,0,0,1,3.50,A2256W000236
330,-115.529,-294.622,0,0,1,3.50,A2256W000236
331,-115.286,-294.185,0,0,1,3.50,A2256W000236
332,-115.044,-293.748,0,0,1,3.50,A2256W000236
333,-114.801,-293.310,0,0,1,3.50,A2256W000236
334,-114.559,-292.873,0,0,1,3.50,A2256W000236
335,-114.316,-292.436,0,0,1,3.50,A2256W000236
336,-114.074,-291.999,0,0,1,3.50,A2256W000236
337,-113.831,-291.562,0,0,1,3.50,A2256W000236
338,-113.588,-291.125,0,0,1,3.50,A2256W000236
339,-113.346,-290.687,0,0,1,3.50,A2256W000236
340,-113.103,-290.250,0,0,1,3.50,A2256W000236
341,-112.860,-289.813,0,0,1,3.50,A2256W000236
342,-112.618,-289.376,0,0,1,3.50,A2256W000236
343,-112.375,-288.939,0,0,1,3.50,A2256W000236
344,-112.132,-288.502,0,0,1,3.50,A2256W000236
345,-111.890,-288.065,0,0,1,3.50,A2256W000236
346,-111.647,-287.627,0,0,1,3.50,A2256W000236
347,-111.404,-287.190,0,0,1,3.50,A2256W000236
348,-111.161,-286.753,0,0,1,3.50,A2256W000236
349,-110.919,-286.316,0,0,1,3.50,A2256W000236
350,-110.676,-285.879,0,0,1,3.50,A2256W000236
351,-110.433,-285.442,0,0,1,3.50,A2256W000236
352,-110.191,-285.005,0,0,1,3.50,A2256W000236
353,-109.948,-284.568,0,0,1,3.50,A2256W000236
354,-109.705,-284.130,0,0,1,3.50,A2256W000236
355,-109.462,-283.693,0,0,1,3.50,A2256W000236
356,-109.220,-283.256,0,0,1,3.50,A2256W000236
357,-108.977,-282.819,0,0,1,3.50,A2256W000236
358,-108.734,-282.382,0,0,1,3.50,A2256W000236
359,-108.492,-281.945,0,0,1,3.50,A2256W000236
360,-108.249,-281.508,0,0,1,3.50,A2256W000236
361,-108.006,-281.070,0,0,1,3.50,A2256W000236
362,-107.764,-280.633,0,0,1,3.50,A2256W000236
363,-107.521,-280.196,0,0,1,3.50,A2256W000236
364,-107.278,-279.759,0,0,1,3.50,A2256W000236
365,-107.035,-279.322,0,0,1,3.50,A2256W000236
366,-106.793,-278.885,0,0,1,3.50,A2256W000236
367,-106.550,-278.448,0,0,1,3.50,A2256W000236
368,-106.307,-278.011,0,0,1,3.50,A2256W000236
369,-106.065,-277.574,0,0,1,3.50,A2256W000236
370,-105.822,-277.136,0,0,1,3.50,A2256W000236
371,-105.579,-276.699,0,0,1,3.50,A2256W000236
372,-105.337,-276.262,0,0,1,3.50,A2256W000236
373,-105.094,-275.825,0,0,1,3.50,A2256W000236
374,-104.851,-275.388,0,0,1,3.50,A2256W000236
375,-104.716,-275.144,0,0,1,3.50,A2256W000219
376,-104.474,-274.707,0,0,1,3.50,A2256W000219
377,-104.233,-274.269,0,0,1,3.50,A2256W000219
378,-103.991,-273.832,0,0,1,3.50,A2256W000219
379,-103.748,-273.395,0,0,1,3.50,A2256W000219
380,-103.505,-272.958,0,0,1,3.50,A2256W000219
381,-103.262,-272.521,0,0,1,3.50,A2256W000219
382,-103.019,-272.084,0,0,1,3.50,A2256W000219
383,-102.776,-271.647,0,0,1,3.50,A2256W000219
384,-102.533,-271.210,0,0,1,3.50,A2256W000219
385,-102.290,-270.774,0,0,1,3.50,A2256W000219
386,-102.047,-270.337,0,0,1,3.50,A2256W000219
387,-101.805,-269.899,0,0,1,3.50,A2256W000219
388,-101.563,-269.461,0,0,1,3.50,A2256W000219
389,-101.322,-269.024,0,0,1,3.50,A2256W000219
390,-101.080,-268.586,0,0,1,3.50,A2256W000219
391,-100.838,-268.148,0,0,1,3.50,A2256W000219
392,-100.597,-267.710,0,0,1,3.50,A2256W000219
393,-100.355,-267.273,0,0,1,3.50,A2256W000219
394,-100.114,-266.835,0,0,1,3.50,A2256W000219
395,-99.873,-266.397,0,0,1,3.50,A2256W000219
396,-99.632,-265.959,0,0,1,3.50,A2256W000219
397,-99.391,-265.520,0,0,1,3.50,A2256W000219
398,-99.150,-265.082,0,0,1,3.50,A2256W000219
399,-98.909,-264.644,0,0,1,3.50,A2256W000219
400,-98.668,-264.206,0,0,1,3.50,A2256W000219
401,-98.427,-263.768,0,0,1,3.50,A2256W000219
402,-98.185,-263.330,0,0,1,3.50,A2256W000219
403,-97.944,-262.892,0,0,1,3.50,A2256W000219
404,-97.703,-262.454,0,0,1,3.50,A2256W000219
405,-97.459,-262.018,0,0,1,3.50,A2256W000219
406,-97.216,-261.581,0,0,1,3.50,A2256W000219
407,-96.972,-261.145,0,0,1,3.50,A2256W000219
408,-96.728,-260.708,0,0,1,3.50,A2256W000219
409,-96.484,-260.272,0,0,1,3.50,A2256W000219
410,-96.240,-259.835,0,0,1,3.50,A2256W000219
411,-95.996,-259.399,0,0,1,3.50,A2256W000219
412,-95.752,-258.962,0,0,1,3.50,A2256W000219
413,-95.509,-258.526,0,0,1,3.50,A2256W000219
414,-95.266,-258.089,0,0,1,3.50,A2256W000219
415,-95.023,-257.651,0,0,1,3.50,A2256W000219
416,-94.780,-257.214,0,0,1,3.50,A2256W000219
417,-94.538,-256.777,0,0,1,3.50,A2256W000219
418,-94.295,-256.340,0,0,1,3.50,A2256W000219
419,-94.052,-255.903,0,0,1,3.50,A2256W000219
420,-93.967,-255.750,0,0,1,3.50,A2256W000219
421,-93.726,-255.313,0,0,1,3.50,A2256W000215
422,-93.484,-254.875,0,0,1,3.50,A2256W000215
423,-93.243,-254.437,0,0,1,3.50,A2256W000215
424,-93.001,-254.000,0,0,1,3.50,A2256W000215
425,-92.759,-253.562,0,0,1,3.50,A2256W000215
426,-92.518,-253.125,0,0,1,3.50,A2256W000215
427,-92.276,-252.687,0,0,1,3.50,A2256W000215
428,-92.034,-252.249,0,0,1,3.50,A2256W000215
429,-91.793,-251.812,0,0,1,3.50,A2256W000215
430,-91.551,-251.374,0,0,1,3.50,A2256W000215
431,-91.309,-250.936,0,0,1,3.50,A2256W000215
432,-91.068,-250.498,0,0,1,3.50,A2256W000215
433,-90.826,-250.061,0,0,1,3.50,A2256W000215
434,-90.584,-249.623,0,0,1,3.50,A2256W000215
435,-90.343,-249.185,0,0,1,3.50,A2256W000215
436,-90.101,-248.748,0,0,1,3.50,A2256W000215
437,-89.860,-248.310,0,0,1,3.50,A2256W000215
438,-89.618,-247.872,0,0,1,3.50,A2256W000215
439,-89.376,-247.434,0,0,1,3.50,A2256W000215
440,-89.135,-246.997,0,0,1,3.50,A2256W000215
441,-88.893,-246.559,0,0,1,3.50,A2256W000215
442,-88.651,-246.121,0,0,1,3.50,A2256W000215
443,-88.410,-245.684,0,0,1,3.50,A2256W000215
444,-88.168,-245.246,0,0,1,3.50,A2256W000215
445,-87.926,-244.808,0,0,1,3.50,A2256W000215
446,-87.685,-244.370,0,0,1,3.50,A2256W000215
447,-87.443,-243.933,0,0,1,3.50,A2256W000215
448,-87.201,-243.495,0,0,1,3.50,A2256W000215
449,-86.960,-243.057,0,0,1,3.50,A2256W000215
450,-86.718,-242.620,0,0,1,3.50,A2256W000215
451,-86.476,-242.182,0,0,1,3.50,A2256W000215
452,-86.235,-241.744,0,0,1,3.50,A2256W000215
453,-85.993,-241.306,0,0,1,3.50,A2256W000215
454,-85.751,-240.869,0,0,1,3.50,A2256W000215
455,-85.510,-240.431,0,0,1,3.50,A2256W000215
456,-85.268,-239.993,0,0,1,3.50,A2256W000215
457,-85.026,-239.556,0,0,1,3.50,A2256W000215
458,-84.785,-239.118,0,0,1,3.50,A2256W000215
459,-84.543,-238.680,0,0,1,3.50,A2256W000215
460,-84.301,-238.242,0,0,1,3.50,A2256W000215
461,-84.060,-237.805,0,0,1,3.50,A2256W000215
462,-83.818,-237.367,0,0,1,3.50,A2256W000215
463,-83.576,-236.929,0,0,1,3.50,A2256W000215
464,-83.335,-236.492,0,0,1,3.50,A2256W000215
465,-83.093,-236.054,0,0,1,3.50,A2256W000215
466,-82.851,-235.616,0,0,1,3.50,A2256W000215
467,-82.610,-235.178,0,0,1,3.50,A2256W000215
468,-82.368,-234.741,0,0,1,3.50,A2256W000215
469,-82.126,-234.303,0,0,1,3.50,A2256W000215
470,-81.885,-233.865,0,0,1,3.50,A2256W000215
471,-81.643,-233.428,0,0,1,3.50,A2256W000215
472,-81.402,-232.990,0,0,1,3.50,A2256W000215
473,-81.160,-232.552,0,0,1,3.50,A2256W000215
474,-80.918,-232.114,0,0,1,3.50,A2256W000215
475,-80.677,-231.677,0,0,1,3.50,A2256W000215
476,-80.435,-231.239,0,0,1,3.50,A2256W000215
477,-80.193,-230.801,0,0,1,3.50,A2256W000215
478,-79.969,-230.394,0,0,1,3.50,A2256W000213
479,-79.727,-229.957,0,0,1,3.50,A2256W000213
480,-79.485,-229.519,0,0,1,3.50,A2256W000213
481,-79.244,-229.081,0,0,1,3.50,A2256W000213
482,-79.002,-228.643,0,0,1,3.50,A2256W000213
483,-78.760,-228.206,0,0,1,3.50,A2256W000213
484,-78.524,-227.765,0,0,1,3.50,A2256W000213
485,-78.288,-227.324,0,0,1,3.50,A2256W000213
486,-78.051,-226.884,0,0,1,3.50,A2256W000213
487,-77.815,-226.443,0,0,1,3.50,A2256W000213
488,-77.579,-226.003,0,0,1,3.50,A2256W000213
489,-77.343,-225.562,0,0,1,3.50,A2256W000213
490,-77.106,-225.121,0,0,1,3.50,A2256W000213
491,-76.870,-224.681,0,0,1,3.50,A2256W000213
492,-76.642,-224.235,0,0,1,3.50,A2256W000213
493,-76.415,-223.790,0,0,1,3.50,A2256W000213
494,-76.187,-223.345,0,0,1,3.50,A2256W000213
495,-75.959,-222.900,0,0,1,3.50,A2256W000213
496,-75.735,-222.453,0,0,1,3.50,A2256W000213
497,-75.511,-222.006,0,0,1,3.50,A2256W000213
498,-75.287,-221.559,0,0,1,3.50,A2256W000213
499,-75.063,-221.112,0,0,1,3.50,A2256W000213
500,-74.848,-220.661,0,0,1,3.50,A2256W000213
501,-74.633,-220.209,0,0,1,3.50,A2256W000213
502,-74.419,-219.758,0,0,1,3.50,A2256W000213
503,-74.207,-219.304,0,0,1,3.50,A2256W000213
504,-73.996,-218.851,0,0,1,3.50,A2256W000213
505,-73.785,-218.398,0,0,1,3.50,A2256W000213
506,-73.573,-217.945,0,0,1,3.50,A2256W000213
507,-73.369,-217.489,0,0,1,3.50,A2256W000213
508,-73.164,-217.032,0,0,1,3.50,A2256W000213
509,-72.960,-216.576,0,0,1,3.50,A2256W000213
510,-72.755,-216.120,0,0,1,3.50,A2256W000213
511,-72.561,-215.659,0,0,1,3.50,A2256W000213
512,-72.367,-215.198,0,0,1,3.50,A2256W000213
513,-72.173,-214.738,0,0,1,3.50,A2256W000213
514,-71.979,-214.277,0,0,1,3.50,A2256W000213
515,-71.785,-213.816,0,0,1,3.50,A2256W000213
516,-71.598,-213.352,0,0,1,3.50,A2256W000213
517,-71.412,-212.888,0,0,1,3.50,A2256W000213
518,-71.225,-212.424,0,0,1,3.50,A2256W000213
519,-71.039,-211.960,0,0,1,3.50,A2256W000213
520,-70.852,-211.496,0,0,1,3.50,A2256W000213
521,-70.670,-211.031,0,0,1,3.50,A2256W000213
522,-70.489,-210.565,0,0,1,3.50,A2256W000213
523,-70.307,-210.099,0,0,1,3.50,A2256W000213
524,-70.125,-209.633,0,0,1,3.50,A2256W000213
525,-69.943,-209.168,0,0,1,3.50,A2256W000213
526,-69.774,-208.697,0,0,1,3.50,A2256W000213
527,-69.604,-208.227,0,0,1,3.50,A2256W000213
528,-69.435,-207.756,0,0,1,3.50,A2256W000213
529,-69.265,-207.286,0,0,1,3.50,A2256W000213
530,-69.096,-206.815,0,0,1,3.50,A2256W000213
531,-68.926,-206.345,0,0,1,3.50,A2256W000213
532,-68.757,-205.875,0,0,1,3.50,A2256W000213
533,-68.596,-205.401,0,0,1,3.50,A2256W000213
534,-68.434,-204.928,0,0,1,3.50,A2256W000213
535,-68.273,-204.455,0,0,1,3.50,A2256W000213
536,-68.111,-203.982,0,0,1,3.50,A2256W000213
537,-67.950,-203.509,0,0,1,3.50,A2256W000213
538,-67.789,-203.035,0,0,1,3.50,A2256W000213
539,-67.634,-202.560,0,0,1,3.50,A2256W000213
540,-67.479,-202.084,0,0,1,3.50,A2256W000213
541,-67.325,-201.609,0,0,1,3.50,A2256W000213
542,-67.170,-201.133,0,0,1,3.50,A2256W000213
543,-67.016,-200.658,0,0,1,3.50,A2256W000213
544,-66.869,-200.180,0,0,1,3.50,A2256W000213
545,-66.723,-199.701,0,0,1,3.50,A2256W000213
546,-66.577,-199.223,0,0,1,3.50,A2256W000213
547,-66.431,-198.745,0,0,1,3.50,A2256W000213
548,-66.284,-198.267,0,0,1,3.50,A2256W000213
549,-66.138,-197.789,0,0,1,3.50,A2256W000213
550,-66.003,-197.308,0,0,1,3.50,A2256W000213
551,-65.867,-196.826,0,0,1,3.50,A2256W000213
552,-65.732,-196.345,0,0,1,3.50,A2256W000213
553,-65.596,-195.864,0,0,1,3.50,A2256W000213
554,-65.461,-195.382,0,0,1,3.50,A2256W000213
555,-65.332,-194.899,0,0,1,3.50,A2256W000213
556,-65.203,-194.416,0,0,1,3.50,A2256W000213
557,-65.074,-193.933,0,0,1,3.50,A2256W000213
558,-64.946,-193.450,0,0,1,3.50,A2256W000213
559,-64.817,-192.967,0,0,1,3.50,A2256W000213
560,-64.695,-192.482,0,0,1,3.50,A2256W000213
561,-64.573,-191.997,0,0,1,3.50,A2256W000213
562,-64.451,-191.512,0,0,1,3.50,A2256W000213
563,-64.329,-191.027,0,0,1,3.50,A2256W000213
564,-64.209,-190.542,0,0,1,3.50,A2256W000213
565,-64.089,-190.056,0,0,1,3.50,A2256W000213
566,-63.969,-189.571,0,0,1,3.50,A2256W000213
567,-63.850,-189.086,0,0,1,3.50,A2256W000213
568,-63.741,-188.598,0,0,1,3.50,A2256W000213
569,-63.632,-188.110,0,0,1,3.50,A2256W000213
570,-63.523,-187.622,0,0,1,3.50,A2256W000213
571,-63.414,-187.134,0,0,1,3.50,A2256W000213
572,-63.313,-186.644,0,0,1,3.50,A2256W000213
573,-63.211,-186.154,0,0,1,3.50,A2256W000213
574,-63.110,-185.665,0,0,1,3.50,A2256W000213
575,-63.008,-185.175,0,0,1,3.50,A2256W000213
576,-62.907,-184.686,0,0,1,3.50,A2256W000213
577,-62.805,-184.196,0,0,1,3.50,A2256W000213
578,-62.716,-183.704,0,0,1,3.50,A2256W000213
579,-62.627,-183.212,0,0,1,3.50,A2256W000213
580,-62.538,-182.720,0,0,1,3.50,A2256W000213
581,-62.448,-182.228,0,0,1,3.50,A2256W000213
582,-62.359,-181.736,0,0,1,3.50,A2256W000213
583,-62.277,-181.243,0,0,1,3.50,A2256W000213
584,-62.194,-180.750,0,0,1,3.50,A2256W000213
585,-62.111,-180.257,0,0,1,3.50,A2256W000213
586,-62.029,-179.764,0,0,1,3.50,A2256W000213
587,-61.946,-179.270,0,0,1,3.50,A2256W000213
588,-61.874,-178.776,0,0,1,3.50,A2256W000213
589,-61.802,-178.281,0,0,1,3.50,A2256W000213
590,-61.729,-177.786,0,0,1,3.50,A2256W000213
591,-61.657,-177.291,0,0,1,3.50,A2256W000213
592,-61.592,-176.796,0,0,1,3.50,A2256W000213
593,-61.528,-176.300,0,0,1,3.50,A2256W000213
594,-61.463,-175.804,0,0,1,3.50,A2256W000213
595,-61.398,-175.308,0,0,1,3.50,A2256W000213
596,-61.335,-174.812,0,0,1,3.50,A2256W000213
597,-61.272,-174.316,0,0,1,3.50,A2256W000213
598,-61.209,-173.820,0,0,1,3.50,A2256W000213
599,-61.151,-173.324,0,0,1,3.50,A2256W000213
600,-61.093,-172.827,0,0,1,3.50,A2256W000213
601,-61.035,-172.330,0,0,1,3.50,A2256W000213
602,-60.982,-171.833,0,0,1,3.50,A2256W000213
603,-60.930,-171.336,0,0,1,3.50,A2256W000213
604,-60.877,-170.839,0,0,1,3.50,A2256W000213
605,-60.825,-170.342,0,0,1,3.50,A2256W000213
606,-60.772,-169.844,0,0,1,3.50,A2256W000213
607,-60.730,-169.346,0,0,1,3.50,A2256W000213
608,-60.688,-168.848,0,0,1,3.50,A2256W000213
609,-60.647,-168.350,0,0,1,3.50,A2256W000213
610,-60.605,-167.851,0,0,1,3.50,A2256W000213
611,-60.563,-167.353,0,0,1,3.50,A2256W000213
612,-60.518,-166.855,0,0,1,3.50,A2256W000213
613,-60.474,-166.357,0,0,1,3.50,A2256W000213
614,-60.429,-165.859,0,0,1,3.50,A2256W000213
615,-60.393,-165.360,0,0,1,3.50,A2256W000213
616,-60.356,-164.862,0,0,1,3.50,A2256W000213
617,-60.319,-164.363,0,0,1,3.50,A2256W000213
618,-60.282,-163.864,0,0,1,3.50,A2256W000213
619,-60.248,-163.366,0,0,1,3.50,A2256W000213
620,-60.215,-162.867,0,0,1,3.50,A2256W000213
621,-60.181,-162.368,0,0,1,3.50,A2256W000213
622,-60.147,-161.869,0,0,1,3.50,A2256W000213
623,-60.122,-161.370,0,0,1,3.50,A2256W000213
624,-60.096,-160.870,0,0,1,3.50,A2256W000213
625,-60.070,-160.371,0,0,1,3.50,A2256W000213
626,-60.045,-159.872,0,0,1,3.50,A2256W000213
627,-60.019,-159.372,0,0,1,3.50,A2256W000213
628,-59.994,-158.873,0,0,1,3.50,A2256W000213
629,-59.970,-158.374,0,0,1,3.50,A2256W000213
630,-59.946,-157.874,0,0,1,3.50,A2256W000213
631,-59.922,-157.375,0,0,1,3.50,A2256W000213
632,-59.897,-156.875,0,0,1,3.50,A2256W000213
633,-59.873,-156.376,0,0,1,3.50,A2256W000213
634,-59.849,-155.876,0,0,1,3.50,A2256W000213
635,-59.833,-155.393,0,0,1,3.50,A2256W000222
636,-59.834,-154.893,0,0,1,3.50,A2256W000222
637,-59.835,-154.393,0,0,1,3.50,A2256W000222
638,-59.835,-153.893,0,0,1,3.50,A2256W000222
639,-59.836,-153.393,0,0,1,3.50,A2256W000222
640,-59.837,-152.893,0,0,1,3.50,A2256W000222
641,-59.838,-152.393,0,0,1,3.50,A2256W000222
642,-59.839,-151.893,0,0,1,3.50,A2256W000222
643,-59.840,-151.393,0,0,1,3.50,A2256W000222
644,-59.840,-150.893,0,0,1,3.50,A2256W000222
645,-59.841,-150.393,0,0,1,3.50,A2256W000222
646,-59.842,-149.893,0,0,1,3.50,A2256W000222
647,-59.843,-149.393,0,0,1,3.50,A2256W000222
648,-59.844,-148.893,0,0,1,3.50,A2256W000222
649,-59.845,-148.393,0,0,1,3.50,A2256W000222
650,-59.846,-147.893,0,0,1,3.50,A2256W000222
651,-59.846,-147.393,0,0,1,3.50,A2256W000222
652,-59.847,-146.893,0,0,1,3.50,A2256W000222
653,-59.848,-146.393,0,0,1,3.50,A2256W000222
654,-59.849,-145.893,0,0,1,3.50,A2256W000222
655,-59.850,-145.393,0,0,1,3.50,A2256W000222
656,-59.851,-144.893,0,0,1,3.50,A2256W000222
657,-59.851,-144.393,0,0,1,3.50,A2256W000222
658,-59.852,-143.893,0,0,1,3.50,A2256W000222
659,-59.853,-143.393,0,0,1,3.50,A2256W000222
660,-59.854,-142.893,0,0,1,3.50,A2256W000222
661,-59.855,-142.393,0,0,1,3.50,A2256W000222
662,-59.856,-141.893,0,0,1,3.50,A2256W000222
663,-59.856,-141.393,0,0,1,3.50,A2256W000222
664,-59.857,-140.893,0,0,1,3.50,A2256W000222
665,-59.858,-140.393,0,0,1,3.50,A2256W000222
666,-59.859,-139.893,0,0,1,3.50,A2256W000222
667,-59.860,-139.393,0,0,1,3.50,A2256W000222
668,-59.861,-138.893,0,0,1,3.50,A2256W000222
669,-59.861,-138.393,0,0,1,3.50,A2256W000222
670,-59.862,-137.893,0,0,1,3.50,A2256W000222
671,-59.863,-137.393,0,0,1,3.50,A2256W000222
672,-59.864,-136.893,0,0,1,3.50,A2256W000222
673,-59.865,-136.393,0,0,1,3.50,A2256W000222
674,-59.866,-135.893,0,0,1,3.50,A2256W000222
675,-59.866,-135.393,0,0,1,3.50,A2256W000222
676,-59.867,-134.893,0,0,1,3.50,A2256W000222
677,-59.868,-134.393,0,0,1,3.50,A2256W000222
678,-59.869,-133.893,0,0,1,3.50,A2256W000222
679,-59.870,-133.393,0,0,1,3.50,A2256W000222
680,-59.871,-132.893,0,0,1,3.50,A2256W000222
681,-59.872,-132.393,0,0,1,3.50,A2256W000222
682,-59.872,-131.893,0,0,1,3.50,A2256W000222
683,-59.873,-131.393,0,0,1,3.50,A2256W000222
684,-59.874,-130.893,0,0,1,3.50,A2256W000222
685,-59.875,-130.393,0,0,1,3.50,A2256W000222
686,-59.876,-129.893,0,0,1,3.50,A2256W000222
687,-59.877,-129.393,0,0,1,3.50,A2256W000222
688,-59.877,-128.893,0,0,1,3.50,A2256W000222
689,-59.878,-128.393,0,0,1,3.50,A2256W000222
690,-59.879,-127.893,0,0,1,3.50,A2256W000222
691,-59.880,-127.393,0,0,1,3.50,A2256W000222
692,-59.881,-126.893,0,0,1,3.50,A2256W000222
693,-59.882,-126.393,0,0,1,3.50,A2256W000222
694,-59.882,-125.893,0,0,1,3.50,A2256W000222
695,-59.883,-125.393,0,0,1,3.50,A2256W000222
696,-59.884,-124.893,0,0,1,3.50,A2256W000222
697,-59.885,-124.558,0,0,1,3.50,A2256W000222
698,-59.909,-124.058,0,0,1,3.50,A2256W000220
699,-59.934,-123.559,0,0,1,3.50,A2256W000220
700,-59.958,-123.059,0,0,1,3.50,A2256W000220
701,-59.982,-122.560,0,0,1,3.50,A2256W000220
702,-60.007,-122.061,0,0,1,3.50,A2256W000220
703,-60.031,-121.561,0,0,1,3.50,A2256W000220
704,-60.033,-121.061,0,0,1,3.50,A2256W000220
705,-60.036,-120.561,0,0,1,3.50,A2256W000220
706,-60.038,-120.061,0,0,1,3.50,A2256W000220
707,-60.040,-119.561,0,0,1,3.50,A2256W000220
708,-60.042,-119.061,0,0,1,3.50,A2256W000220
709,-60.044,-118.561,0,0,1,3.50,A2256W000220
710,-60.046,-118.061,0,0,1,3.50,A2256W000220
711,-60.048,-117.561,0,0,1,3.50,A2256W000220
712,-60.049,-117.061,0,0,1,3.50,A2256W000220
713,-60.049,-116.561,0,0,1,3.50,A2256W000220
714,-60.049,-116.061,0,0,1,3.50,A2256W000220
715,-60.050,-115.561,0,0,1,3.50,A2256W000220
716,-60.050,-115.061,0,0,1,3.50,A2256W000220
717,-60.050,-114.561,0,0,1,3.50,A2256W000220
718,-60.050,-114.061,0,0,1,3.50,A2256W000220
719,-60.051,-113.561,0,0,1,3.50,A2256W000220
720,-60.051,-113.061,0,0,1,3.50,A2256W000220
721,-60.044,-112.561,0,0,1,3.50,A2256W000220
722,-60.037,-112.061,0,0,1,3.50,A2256W000220
723,-60.030,-111.561,0,0,1,3.50,A2256W000220
724,-60.023,-111.061,0,0,1,3.50,A2256W000220
725,-60.016,-110.561,0,0,1,3.50,A2256W000220
726,-60.009,-110.061,0,0,1,3.50,A2256W000220
727,-60.002,-109.562,0,0,1,3.50,A2256W000220
728,-59.995,-109.062,0,0,1,3.50,A2256W000220
729,-59.983,-108.562,0,0,1,3.50,A2256W000220
730,-59.970,-108.062,0,0,1,3.50,A2256W000220
731,-59.958,-107.562,0,0,1,3.50,A2256W000220
732,-59.946,-107.062,0,0,1,3.50,A2256W000220
733,-59.934,-106.562,0,0,1,3.50,A2256W000220
734,-59.922,-106.062,0,0,1,3.50,A2256W000220
735,-59.908,-105.563,0,0,1,3.50,A2256W000220
736,-59.907,-105.529,0,0,1,3.50,A2256W000220
737,-59.891,-105.029,1,0,1,3.50,A2256W000202
738,-59.875,-104.529,1,0,1,3.50,A2256W000202
739,-59.859,-104.029,1,0,1,3.50,A2256W000202
740,-59.843,-103.530,1,0,1,3.50,A2256W000202
741,-59.826,-103.030,1,0,1,3.50,A2256W000202
742,-59.810,-102.530,1,0,1,3.50,A2256W000202
743,-59.794,-102.031,1,0,1,3.50,A2256W000202
744,-59.778,-101.531,1,0,1,3.50,A2256W000202
745,-59.781,-101.031,1,0,1,3.50,A2256W000202
746,-59.784,-100.531,1,0,1,3.50,A2256W000202
747,-59.787,-100.031,1,0,1,3.50,A2256W000202
748,-59.789,-99.531,1,0,1,3.50,A2256W000202
749,-59.792,-99.031,1,0,1,3.50,A2256W000202
750,-59.795,-98.531,1,0,1,3.50,A2256W000202
751,-59.798,-98.031,1,0,1,3.50,A2256W000202
752,-59.801,-97.531,1,0,1,3.50,A2256W000202
753,-59.804,-97.031,1,0,1,3.50,A2256W000202
754,-59.806,-96.531,1,0,1,3.50,A2256W000202
755,-59.809,-96.031,1,0,1,3.50,A2256W000202
756,-59.811,-95.531,1,0,1,3.50,A2256W000202
757,-59.813,-95.031,1,0,1,3.50,A2256W000202
758,-59.815,-94.531,1,0,1,3.50,A2256W000202
759,-59.817,-94.031,1,0,1,3.50,A2256W000202
760,-59.820,-93.531,1,0,1,3.50,A2256W000202
761,-59.822,-93.031,1,0,1,3.50,A2256W000202
762,-59.825,-92.531,1,0,1,3.50,A2256W000202
763,-59.829,-92.031,1,0,1,3.50,A2256W000202
764,-59.832,-91.531,1,0,1,3.50,A2256W000202
765,-59.836,-91.031,1,0,1,3.50,A2256W000202
766,-59.839,-90.531,1,0,1,3.50,A2256W000202
767,-59.842,-90.031,1,0,1,3.50,A2256W000202
768,-59.846,-89.531,1,0,1,3.50,A2256W000202
769,-59.849,-89.031,1,0,1,3.50,A2256W000202
770,-59.850,-88.531,1,0,1,3.50,A2256W000202
771,-59.852,-88.031,1,0,1,3.50,A2256W000202
772,-59.853,-87.531,1,0,1,3.50,A2256W000202
773,-59.854,-87.031,1,0,1,3.50,A2256W000202
774,-59.855,-86.531,1,0,1,3.50,A2256W000202
775,-59.856,-86.031,1,0,1,3.50,A2256W000202
776,-59.857,-85.531,1,0,1,3.50,A2256W000202
777,-59.858,-85.031,1,0,1,3.50,A2256W000202
778,-59.860,-84.531,1,0,1,3.50,A2256W000202
779,-59.864,-84.031,1,0,1,3.50,A2256W000202
780,-59.868,-83.531,1,0,1,3.50,A2256W000202
781,-59.872,-83.031,1,0,1,3.50,A2256W000202
782,-59.876,-82.531,1,0,1,3.50,A2256W000202
783,-59.880,-82.031,1,0,1,3.50,A2256W000202
784,-59.884,-81.531,1,0,1,3.50,A2256W000202
785,-59.889,-81.031,1,0,1,3.50,A2256W000202
786,-59.893,-80.531,1,0,1,3.50,A2256W000202
787,-59.896,-80.031,1,0,1,3.50,A2256W000202
788,-59.900,-79.531,1,0,1,3.50,A2256W000202
789,-59.904,-79.031,1,0,1,3.50,A2256W000202
790,-59.907,-78.531,1,0,1,3.50,A2256W000202
791,-59.911,-78.031,1,0,1,3.50,A2256W000202
792,-59.915,-77.531,1,0,1,3.50,A2256W000202
793,-59.918,-77.031,1,0,1,3.50,A2256W000202
794,-59.920,-76.531,1,0,1,3.50,A2256W000202
795,-59.922,-76.031,1,0,1,3.50,A2256W000202
796,-59.924,-75.531,1,0,1,3.50,A2256W000202
797,-59.926,-75.031,1,0,1,3.50,A2256W000202
798,-59.928,-74.531,1,0,1,3.50,A2256W000202
799,-59.930,-74.031,1,0,1,3.50,A2256W000202
800,-59.931,-73.531,1,0,1,3.50,A2256W000202
801,-59.936,-73.031,1,0,1,3.50,A2256W000202
802,-59.941,-72.531,1,0,1,3.50,A2256W000202
803,-59.945,-72.031,1,0,1,3.50,A2256W000202
804,-59.950,-71.531,1,0,1,3.50,A2256W000202
805,-59.954,-71.031,1,0,1,3.50,A2256W000202
806,-59.959,-70.531,1,0,1,3.50,A2256W000202
807,-59.963,-70.031,1,0,1,3.50,A2256W000202
808,-59.966,-69.531,1,0,1,3.50,A2256W000202
809,-59.969,-69.031,1,0,1,3.50,A2256W000202
810,-59.973,-68.531,1,0,1,3.50,A2256W000202
811,-59.976,-68.032,1,0,1,3.50,A2256W000202
812,-59.979,-67.532,1,0,1,3.50,A2256W000202
813,-59.982,-67.032,1,0,1,3.50,A2256W000202
814,-59.985,-66.532,1,0,1,3.50,A2256W000202
815,-59.988,-66.032,1,0,1,3.50,A2256W000202
816,-59.991,-65.532,1,0,1,3.50,A2256W000202
817,-59.993,-65.032,1,0,1,3.50,A2256W000202
818,-59.996,-64.532,1,0,1,3.50,A2256W000202
819,-59.999,-64.032,1,0,1,3.50,A2256W000202
820,-60.002,-63.532,1,0,1,3.50,A2256W000202
821,-60.005,-63.032,1,0,1,3.50,A2256W000202
822,-60.006,-62.532,1,0,1,3.50,A2256W000202
823,-60.008,-62.032,1,0,1,3.50,A2256W000202
824,-60.010,-61.532,1,0,1,3.50,A2256W000202
825,-60.011,-61.032,1,0,1,3.50,A2256W000202
826,-60.013,-60.532,1,0,1,3.50,A2256W000202
827,-60.015,-60.032,1,0,1,3.50,A2256W000202
828,-60.017,-59.532,1,0,1,3.50,A2256W000202
829,-60.021,-59.032,1,0,1,3.50,A2256W000202
830,-60.026,-58.532,1,0,1,3.50,A2256W000202
831,-60.031,-58.032,1,0,1,3.50,A2256W000202
832,-60.035,-57.532,1,0,1,3.50,A2256W000202
833,-60.040,-57.032,1,0,1,3.50,A2256W000202
834,-60.044,-56.532,1,0,1,3.50,A2256W000202
835,-60.049,-56.032,1,0,1,3.50,A2256W000202
836,-60.051,-55.532,1,0,1,3.50,A2256W000202
837,-60.054,-55.032,1,0,1,3.50,A2256W000202
838,-60.056,-54.532,1,0,1,3.50,A2256W000202
839,-60.058,-54.032,1,0,1,3.50,A2256W000202
840,-60.060,-53.532,1,0,1,3.50,A2256W000202
841,-60.062,-53.032,1,0,1,3.50,A2256W000202
842,-60.065,-52.532,1,0,1,3.50,A2256W000202
843,-60.067,-52.032,1,0,1,3.50,A2256W000202
844,-60.068,-51.532,1,0,1,3.50,A2256W000202
845,-60.070,-51.032,1,0,1,3.50,A2256W000202
846,-60.071,-50.532,1,0,1,3.50,A2256W000202
847,-60.073,-50.032,1,0,1,3.50,A2256W000202
848,-60.075,-49.532,1,0,1,3.50,A2256W000202
849,-60.076,-49.032,1,0,1,3.50,A2256W000202
850,-60.078,-48.532,1,0,1,3.50,A2256W000202
851,-60.080,-48.032,1,0,1,3.50,A2256W000202
852,-60.083,-47.532,1,0,1,3.50,A2256W000202
853,-60.086,-47.032,1,0,1,3.50,A2256W000202
854,-60.089,-46.532,1,0,1,3.50,A2256W000202
855,-60.091,-46.032,1,0,1,3.50,A2256W000202
856,-60.094,-45.532,1,0,1,3.50,A2256W000202
857,-60.097,-45.032,1,0,1,3.50,A2256W000202
858,-60.100,-44.532,1,0,1,3.50,A2256W000202
859,-60.103,-44.032,1,0,1,3.50,A2256W000202
860,-60.105,-43.532,1,0,1,3.50,A2256W000202
861,-60.106,-43.456,1,0,1,3.50,A2256W000202
862,-60.109,-42.956,0,0,1,3.50,A2256W000728
863,-60.111,-42.456,0,0,1,3.50,A2256W000728
864,-60.114,-41.956,0,0,1,3.50,A2256W000728
865,-60.117,-41.456,0,0,1,3.50,A2256W000728
866,-60.120,-40.956,0,0,1,3.50,A2256W000728
867,-60.123,-40.456,0,0,1,3.50,A2256W000728
868,-60.125,-39.956,0,0,1,3.50,A2256W000728
869,-60.128,-39.456,0,0,1,3.50,A2256W000728
870,-60.131,-38.956,0,0,1,3.50,A2256W000728
871,-60.134,-38.456,0,0,1,3.50,A2256W000728
872,-60.137,-37.956,0,0,1,3.50,A2256W000728
873,-60.140,-37.456,0,0,1,3.50,A2256W000728
874,-60.142,-36.956,0,0,1,3.50,A2256W000728
875,-60.145,-36.456,0,0,1,3.50,A2256W000728
876,-60.148,-35.956,0,0,1,3.50,A2256W000728
877,-60.151,-35.456,0,0,1,3.50,A2256W000728
878,-60.154,-34.956,0,0,1,3.50,A2256W000728
879,-60.156,-34.510,0,0,1,3.50,A2256W001125
880,-60.159,-34.010,0,0,1,3.50,A2256W000599
881,-60.162,-33.510,0,0,1,3.50,A2256W000599
882,-60.164,-33.010,0,0,1,3.50,A2256W000599
883,-60.167,-32.510,0,0,1,3.50,A2256W000599
884,-60.170,-32.010,0,0,1,3.50,A2256W000599
885,-60.173,-31.510,0,0,1,3.50,A2256W000599
886,-60.176,-31.010,0,0,1,3.50,A2256W000599
887,-60.179,-30.510,0,0,1,3.50,A2256W000599
888,-60.181,-30.010,0,0,1,3.50,A2256W000599
889,-60.184,-29.510,0,0,1,3.50,A2256W000599
890,-60.187,-29.010,0,0,1,3.50,A2256W000599
891,-60.190,-28.510,0,0,1,3.50,A2256W000599
892,-60.193,-28.010,0,0,1,3.50,A2256W000599
893,-60.195,-27.510,0,0,1,3.50,A2256W000599
894,-60.198,-27.010,0,0,1,3.50,A2256W000599
895,-60.201,-26.510,0,0,1,3.50,A2256W000599
896,-60.204,-26.010,0,0,1,3.50,A2256W000599
897,-60.207,-25.510,0,0,1,3.50,A2256W000599
898,-60.209,-25.010,0,0,1,3.50,A2256W000599
899,-60.212,-24.510,0,0,1,3.50,A2256W000599
900,-60.215,-24.010,0,0,1,3.50,A2256W000599
901,-60.218,-23.510,0,0,1,3.50,A2256W000599
902,-60.221,-23.010,0,0,1,3.50,A2256W000599
903,-60.223,-22.510,0,0,1,3.50,A2256W000599
904,-60.226,-22.010,0,0,1,3.50,A2256W000599
905,-60.229,-21.510,0,0,1,3.50,A2256W000599
906,-60.232,-21.010,0,0,1,3.50,A2256W000599
907,-60.235,-20.510,0,0,1,3.50,A2256W000599
908,-60.237,-20.010,0,0,1,3.50,A2256W000599
909,-60.240,-19.510,0,0,1,3.50,A2256W000599
910,-60.243,-19.010,0,0,1,3.50,A2256W000599
911,-60.246,-18.510,0,0,1,3.50,A2256W000599
912,-60.249,-18.010,0,0,1,3.50,A2256W000599
913,-60.252,-17.510,0,0,1,3.50,A2256W000599
914,-60.254,-17.010,0,0,1,3.50,A2256W000599
915,-60.257,-16.510,0,0,1,3.50,A2256W000599
916,-60.260,-16.010,0,0,1,3.50,A2256W000599
917,-60.263,-15.511,0,0,1,3.50,A2256W000599
918,-60.266,-15.011,0,0,1,3.50,A2256W000599
919,-60.268,-14.511,0,0,1,3.50,A2256W000599
920,-60.271,-14.011,0,0,1,3.50,A2256W000599
921,-60.274,-13.511,0,0,1,3.50,A2256W000599
922,-60.277,-13.011,0,0,1,3.50,A2256W000599
923,-60.280,-12.511,0,0,1,3.50,A2256W000599
924,-60.282,-12.011,0,0,1,3.50,A2256W000599
925,-60.285,-11.511,0,0,1,3.50,A2256W000599
926,-60.288,-11.011,0,0,1,3.50,A2256W000599
927,-60.291,-10.511,0,0,1,3.50,A2256W000599
928,-60.294,-10.011,0,0,1,3.50,A2256W000599
929,-60.296,-9.511,0,0,1,3.50,A2256W000599
930,-60.299,-9.011,0,0,1,3.50,A2256W000599
931,-60.302,-8.511,0,0,1,3.50,A2256W000599
932,-60.303,-8.367,0,0,1,3.50,A2256W000207
933,-60.306,-7.867,0,0,1,3.50,A2256W000207
934,-60.308,-7.367,0,0,1,3.50,A2256W000207
935,-60.311,-6.867,0,0,1,3.50,A2256W000207
936,-60.314,-6.367,0,0,1,3.50,A2256W000207
937,-60.317,-5.867,0,0,1,3.50,A2256W000207
938,-60.320,-5.367,0,0,1,3.50,A2256W000207
939,-60.322,-4.867,0,0,1,3.50,A2256W000207
940,-60.325,-4.367,0,0,1,3.50,A2256W000207
941,-60.328,-3.867,0,0,1,3.50,A2256W000207
942,-60.331,-3.367,0,0,1,3.50,A2256W000207
943,-60.334,-2.867,0,0,1,3.50,A2256W000207
944,-60.337,-2.367,0,0,1,3.50,A2256W000207
945,-60.339,-1.867,0,0,1,3.50,A2256W000207
946,-60.342,-1.367,0,0,1,3.50,A2256W000207
947,-60.345,-0.867,0,0,1,3.50,A2256W000207
948,-60.348,-0.367,0,0,1,3.50,A2256W000207
949,-60.349,-0.217,1,0,1,3.50,A2256W000205
950,-60.351,0.283,1,0,1,3.50,A2256W000205
951,-60.354,0.783,1,0,1,3.50,A2256W000205
952,-60.357,1.283,1,0,1,3.50,A2256W000205
953,-60.360,1.783,1,0,1,3.50,A2256W000205
954,-60.363,2.283,1,0,1,3.50,A2256W000205
955,-60.367,2.783,1,0,1,3.50,A2256W000205
956,-60.370,3.283,1,0,1,3.50,A2256W000205
957,-60.373,3.783,1,0,1,3.50,A2256W000205
958,-60.377,4.283,1,0,1,3.50,A2256W000205
959,-60.380,4.783,1,0,1,3.50,A2256W000205
960,-60.384,5.283,1,0,1,3.50,A2256W000205
961,-60.387,5.783,1,0,1,3.50,A2256W000205
962,-60.390,6.283,1,0,1,3.50,A2256W000205
963,-60.395,6.783,1,0,1,3.50,A2256W000205
964,-60.399,7.283,1,0,1,3.50,A2256W000205
965,-60.399,7.783,1,0,1,3.50,A2256W000205
966,-60.399,8.283,1,0,1,3.50,A2256W000205
967,-60.400,8.783,1,0,1,3.50,A2256W000205
968,-60.400,9.283,1,0,1,3.50,A2256W000205
969,-60.402,9.783,1,0,1,3.50,A2256W000205
970,-60.404,10.283,1,0,1,3.50,A2256W000205
971,-60.406,10.783,1,0,1,3.50,A2256W000205
972,-60.408,11.283,1,0,1,3.50,A2256W000205
973,-60.409,11.511,1,0,1,3.50,A2256W000315
974,-60.413,12.011,1,0,1,3.50,A2256W000315
975,-60.416,12.511,1,0,1,3.50,A2256W000315
976,-60.420,13.011,1,0,1,3.50,A2256W000315
977,-60.421,13.511,1,0,1,3.50,A2256W000315
978,-60.423,14.011,1,0,1,3.50,A2256W000315
979,-60.424,14.511,1,0,1,3.50,A2256W000315
980,-60.426,15.011,1,0,1,3.50,A2256W000315
981,-60.428,15.511,1,0,1,3.50,A2256W000315
982,-60.429,16.011,1,0,1,3.50,A2256W000315
983,-60.431,16.511,1,0,1,3.50,A2256W000315
984,-60.433,17.011,1,0,1,3.50,A2256W000315
985,-60.435,17.511,1,0,1,3.50,A2256W000315
986,-60.437,18.011,1,0,1,3.50,A2256W000315
987,-60.438,18.511,1,0,1,3.50,A2256W000315
988,-60.440,19.011,1,0,1,3.50,A2256W000315
989,-60.442,19.511,1,0,1,3.50,A2256W000315
990,-60.444,20.011,1,0,1,3.50,A2256W000315
991,-60.445,20.511,1,0,1,3.50,A2256W000315
992,-60.447,21.011,1,0,1,3.50,A2256W000315
993,-60.449,21.511,1,0,1,3.50,A2256W000315
994,-60.451,22.011,1,0,1,3.50,A2256W000315
995,-60.453,22.511,1,0,1,3.50,A2256W000315
996,-60.457,23.011,1,0,1,3.50,A2256W000315
997,-60.462,23.511,1,0,1,3.50,A2256W000315
998,-60.466,24.011,1,0,1,3.50,A2256W000315
999,-60.471,24.511,1,0,1,3.50,A2256W000315
1000,-60.475,25.010,1,0,1,3.50,A2256W000315
1001,-60.480,25.510,1,0,1,3.50,A2256W000315
1002,-60.484,26.010,1,0,1,3.50,A2256W000315
1003,-60.489,26.510,1,0,1,3.50,A2256W000315
1004,-60.493,27.010,1,0,1,3.50,A2256W000315
1005,-60.498,27.510,1,0,1,3.50,A2256W000315
1006,-60.502,28.010,1,0,1,3.50,A2256W000315
1007,-60.507,28.510,1,0,1,3.50,A2256W000315
1008,-60.511,29.010,1,0,1,3.50,A2256W000315
1009,-60.516,29.510,1,0,1,3.50,A2256W000315
1010,-60.521,30.010,1,0,1,3.50,A2256W000315
1011,-60.525,30.510,1,0,1,3.50,A2256W000315
1012,-60.530,31.010,1,0,1,3.50,A2256W000315
1013,-60.534,31.510,1,0,1,3.50,A2256W000315
1014,-60.539,32.010,1,0,1,3.50,A2256W000315
1015,-60.539,32.510,1,0,1,3.50,A2256W000315
1016,-60.539,33.010,1,0,1,3.50,A2256W000315
1017,-60.540,33.510,1,0,1,3.50,A2256W000315
1018,-60.540,34.010,1,0,1,3.50,A2256W000315
1019,-60.541,34.510,1,0,1,3.50,A2256W000315
1020,-60.541,35.010,1,0,1,3.50,A2256W000315
1021,-60.541,35.510,1,0,1,3.50,A2256W000315
1022,-60.542,36.010,1,0,1,3.50,A2256W000315
1023,-60.544,36.510,1,0,1,3.50,A2256W000315
1024,-60.546,37.010,1,0,1,3.50,A2256W000315
1025,-60.548,37.510,1,0,1,3.50,A2256W000315
1026,-60.550,38.010,1,0,1,3.50,A2256W000315
1027,-60.552,38.510,1,0,1,3.50,A2256W000315
1028,-60.554,39.010,1,0,1,3.50,A2256W000315
1029,-60.561,39.510,1,0,1,3.50,A2256W000315
1030,-60.567,40.010,1,0,1,3.50,A2256W000315
1031,-60.573,40.510,1,0,1,3.50,A2256W000315
1032,-60.580,41.010,1,0,1,3.50,A2256W000315
1033,-60.586,41.510,1,0,1,3.50,A2256W000315
1034,-60.593,42.010,1,0,1,3.50,A2256W000315
1035,-60.599,42.510,1,0,1,3.50,A2256W000315
1036,-60.605,43.010,1,0,1,3.50,A2256W000315
1037,-60.611,43.510,1,0,1,3.50,A2256W000315
1038,-60.616,44.010,1,0,1,3.50,A2256W000315
1039,-60.621,44.510,1,0,1,3.50,A2256W000315
1040,-60.626,45.010,1,0,1,3.50,A2256W000315
1041,-60.632,45.510,1,0,1,3.50,A2256W000315
1042,-60.637,46.010,1,0,1,3.50,A2256W000315
1043,-60.642,46.510,1,0,1,3.50,A2256W000315
1044,-60.647,47.010,1,0,1,3.50,A2256W000315
1045,-60.649,47.510,1,0,1,3.50,A2256W000315
1046,-60.650,48.010,1,0,1,3.50,A2256W000315
1047,-60.651,48.510,1,0,1,3.50,A2256W000315
1048,-60.653,49.010,1,0,1,3.50,A2256W000315
1049,-60.654,49.510,1,0,1,3.50,A2256W000315
1050,-60.655,50.010,1,0,1,3.50,A2256W000315
1051,-60.663,50.510,1,0,1,3.50,A2256W000315
1052,-60.671,51.009,1,0,1,3.50,A2256W000315
1053,-60.679,51.509,1,0,1,3.50,A2256W000315
1054,-60.687,52.009,1,0,1,3.50,A2256W000315
1055,-60.694,52.509,1,0,1,3.50,A2256W000315
1056,-60.702,53.009,1,0,1,3.50,A2256W000315
1057,-60.710,53.509,1,0,1,3.50,A2256W000315
1058,-60.718,54.009,1,0,1,3.50,A2256W000315
1059,-60.726,54.509,1,0,1,3.50,A2256W000315
1060,-60.734,55.009,1,0,1,3.50,A2256W000315
1061,-60.743,55.509,1,0,1,3.50,A2256W000315
1062,-60.751,56.009,1,0,1,3.50,A2256W000315
1063,-60.760,56.509,1,0,1,3.50,A2256W000315
1064,-60.768,57.009,1,0,1,3.50,A2256W000315
1065,-60.776,57.509,1,0,1,3.50,A2256W000315
1066,-60.785,58.009,1,0,1,3.50,A2256W000315
1067,-60.790,58.509,1,0,1,3.50,A2256W000315
1068,-60.795,59.008,1,0,1,3.50,A2256W000315
1069,-60.800,59.508,1,0,1,3.50,A2256W000315
1070,-60.805,60.008,1,0,1,3.50,A2256W000315
1071,-60.810,60.508,1,0,1,3.50,A2256W000315
1072,-60.815,61.008,1,0,1,3.50,A2256W000315
1073,-60.820,61.508,1,0,1,3.50,A2256W000315
1074,-60.825,62.008,1,0,1,3.50,A2256W000315
1075,-60.834,62.508,1,0,1,3.50,A2256W000315
1076,-60.842,63.008,1,0,1,3.50,A2256W000315
1077,-60.850,63.508,1,0,1,3.50,A2256W000315
1078,-60.858,64.008,1,0,1,3.50,A2256W000315
1079,-60.866,64.508,1,0,1,3.50,A2256W000315
1080,-60.874,65.008,1,0,1,3.50,A2256W000315
1081,-60.882,65.508,1,0,1,3.50,A2256W000315
1082,-60.890,66.008,1,0,1,3.50,A2256W000315
1083,-60.899,66.508,1,0,1,3.50,A2256W000315
1084,-60.908,67.008,1,0,1,3.50,A2256W000315
1085,-60.917,67.508,1,0,1,3.50,A2256W000315
1086,-60.925,68.007,1,0,1,3.50,A2256W000315
1087,-60.934,68.507,1,0,1,3.50,A2256W000315
1088,-60.943,69.007,1,0,1,3.50,A2256W000315
1089,-60.951,69.507,1,0,1,3.50,A2256W000315
1090,-60.960,70.007,1,0,1,3.50,A2256W000315
1091,-60.956,70.507,1,0,1,3.50,A2256W000315
1092,-60.951,71.007,1,0,1,3.50,A2256W000315
1093,-60.947,71.507,1,0,1,3.50,A2256W000315
1094,-60.942,72.007,1,0,1,3.50,A2256W000315
1095,-60.938,72.507,1,0,1,3.50,A2256W000315
1096,-60.933,73.007,1,0,1,3.50,A2256W000315
1097,-60.929,73.507,1,0,1,3.50,A2256W000315
1098,-60.924,74.007,1,0,1,3.50,A2256W000315
1099,-60.920,74.507,1,0,1,3.50,A2256W000315
1100,-60.915,75.007,1,0,1,3.50,A2256W000315
1101,-60.911,75.507,1,0,1,3.50,A2256W000315
1102,-60.906,76.007,1,0,1,3.50,A2256W000315
1103,-60.902,76.507,1,0,1,3.50,A2256W000315
1104,-60.897,77.007,1,0,1,3.50,A2256W000315
1105,-60.893,77.507,1,0,1,3.50,A2256W000315
1106,-60.888,78.007,1,0,1,3.50,A2256W000315
1107,-60.884,78.507,1,0,1,3.50,A2256W000315
1108,-60.879,79.007,1,0,1,3.50,A2256W000315
1109,-60.876,79.306,1,0,1,3.50,A2256W000315
1110,-60.863,79.806,0,0,1,3.50,A2256W000318
1111,-60.850,80.306,0,0,1,3.50,A2256W000318
1112,-60.837,80.806,0,0,1,3.50,A2256W000318
1113,-60.794,81.304,0,0,1,3.50,A2256W000318
1114,-60.752,81.802,0,0,1,3.50,A2256W000318
1115,-60.709,82.300,0,0,1,3.50,A2256W000318
1116,-60.626,82.793,0,0,1,3.50,A2256W000318
1117,-60.520,83.282,0,0,1,3.50,A2256W000318
1118,-60.413,83.771,0,0,1,3.50,A2256W000318
1119,-60.307,84.259,0,0,1,3.50,A2256W000318
1120,-60.174,84.741,0,0,1,3.50,A2256W000318
1121,-60.041,85.223,0,0,1,3.50,A2256W000318
1122,-59.870,85.693,0,0,1,3.50,A2256W000318
1123,-59.700,86.163,0,0,1,3.50,A2256W000318
1124,-59.505,86.624,0,0,1,3.50,A2256W000318
1125,-59.309,87.084,0,0,1,3.50,A2256W000318
1126,-59.082,87.529,0,0,1,3.50,A2256W000318
1127,-58.854,87.974,0,0,1,3.50,A2256W000318
1128,-58.608,88.410,0,0,1,3.50,A2256W000318
1129,-58.363,88.845,0,0,1,3.50,A2256W000318
1130,-58.093,89.266,0,0,1,3.50,A2256W000318
1131,-57.823,89.687,0,0,1,3.50,A2256W000318
1132,-57.554,90.108,0,0,1,3.50,A2256W000318
1133,-57.262,90.514,0,0,1,3.50,A2256W000318
1134,-56.970,90.920,0,0,1,3.50,A2256W000318
1135,-56.658,91.311,0,0,1,3.50,A2256W000318
1136,-56.346,91.701,0,0,1,3.50,A2256W000318
1137,-56.021,92.081,0,0,1,3.50,A2256W000318
1138,-55.696,92.461,0,0,1,3.50,A2256W000318
1139,-55.346,92.819,0,0,1,3.50,A2256W000318
1140,-54.997,93.177,0,0,1,3.50,A2256W000318
1141,-54.648,93.535,0,0,1,3.50,A2256W000318
1142,-54.272,93.865,0,0,1,3.50,A2256W000318
1143,-53.876,94.169,0,0,1,3.50,A2256W000318
1144,-53.479,94.474,0,0,1,3.50,A2256W000318
1145,-53.083,94.779,0,0,1,3.50,A2256W000318
1146,-52.668,95.058,0,0,1,3.50,A2256W000318
1147,-52.253,95.337,0,0,1,3.50,A2256W000318
1148,-51.830,95.602,0,0,1,3.50,A2256W000318
1149,-51.406,95.867,0,0,1,3.50,A2256W000318
1150,-50.973,96.118,0,0,1,3.50,A2256W000318
1151,-50.540,96.369,0,0,1,3.50,A2256W000318
1152,-50.094,96.595,0,0,1,3.50,A2256W000318
1153,-49.638,96.799,0,0,1,3.50,A2256W000318
1154,-49.182,97.003,0,0,1,3.50,A2256W000318
1155,-48.723,97.203,0,0,1,3.50,A2256W000318
1156,-48.264,97.400,0,0,1,3.50,A2256W000318
1157,-47.804,97.596,0,0,1,3.50,A2256W000318
1158,-47.335,97.770,0,0,1,3.50,A2256W000318
1159,-46.866,97.944,0,0,1,3.50,A2256W000318
1160,-46.391,98.100,0,0,1,3.50,A2256W000318
1161,-45.912,98.245,0,0,1,3.50,A2256W000318
1162,-45.431,98.378,0,0,1,3.50,A2256W000318
1163,-44.939,98.469,0,0,1,3.50,A2256W000318
1164,-44.443,98.533,0,0,1,3.50,A2256W000318
1165,-43.945,98.575,0,0,1,3.50,A2256W000318
1166,-43.447,98.617,0,0,1,3.50,A2256W000318
1167,-42.948,98.650,0,0,1,3.50,A2256W000318
1168,-42.449,98.683,0,0,1,3.50,A2256W000318
1169,-41.950,98.716,0,0,1,3.50,A2256W000318
1170,-41.701,98.733,0,0,1,3.50,A2256W000323
1171,-41.201,98.737,1,0,1,3.50,A2256W000308
1172,-40.701,98.741,1,0,1,3.50,A2256W000308
1173,-40.201,98.745,1,0,1,3.50,A2256W000308
1174,-39.701,98.749,1,0,1,3.50,A2256W000308
1175,-39.201,98.753,1,0,1,3.50,A2256W000308
1176,-38.701,98.757,1,0,1,3.50,A2256W000308
1177,-38.201,98.761,1,0,1,3.50,A2256W000308
1178,-37.701,98.767,1,0,1,3.50,A2256W000308
1179,-37.201,98.774,1,0,1,3.50,A2256W000308
1180,-36.701,98.781,1,0,1,3.50,A2256W000308
1181,-36.201,98.788,1,0,1,3.50,A2256W000308
1182,-35.701,98.795,1,0,1,3.50,A2256W000308
1183,-35.201,98.802,1,0,1,3.50,A2256W000308
1184,-34.701,98.809,1,0,1,3.50,A2256W000308
1185,-34.201,98.815,1,0,1,3.50,A2256W000308
1186,-33.701,98.822,1,0,1,3.50,A2256W000308
1187,-33.201,98.829,1,0,1,3.50,A2256W000308
1188,-32.701,98.830,1,0,1,3.50,A2256W000308
1189,-32.201,98.830,1,0,1,3.50,A2256W000308
1190,-31.701,98.831,1,0,1,3.50,A2256W000308
1191,-31.201,98.832,1,0,1,3.50,A2256W000308
1192,-30.701,98.832,1,0,1,3.50,A2256W000308
1193,-30.201,98.833,1,0,1,3.50,A2256W000308
1194,-29.701,98.834,1,0,1,3.50,A2256W000308
1195,-29.201,98.834,1,0,1,3.50,A2256W000308
1196,-28.701,98.835,1,0,1,3.50,A2256W000308
1197,-28.201,98.836,1,0,1,3.50,A2256W000308
1198,-27.701,98.838,1,0,1,3.50,A2256W000308
1199,-27.201,98.840,1,0,1,3.50,A2256W000308
1200,-26.701,98.842,1,0,1,3.50,A2256W000308
1201,-26.201,98.844,1,0,1,3.50,A2256W000308
1202,-25.701,98.846,1,0,1,3.50,A2256W000308
1203,-25.201,98.848,1,0,1,3.50,A2256W000308
1204,-24.701,98.849,1,0,1,3.50,A2256W000308
1205,-24.201,98.851,1,0,1,3.50,A2256W000308
1206,-23.701,98.853,1,0,1,3.50,A2256W000308
1207,-23.201,98.855,1,0,1,3.50,A2256W000308
1208,-22.701,98.859,1,0,1,3.50,A2256W000308
1209,-22.201,98.863,1,0,1,3.50,A2256W000308
1210,-21.701,98.868,1,0,1,3.50,A2256W000308
1211,-21.201,98.872,1,0,1,3.50,A2256W000308
1212,-20.701,98.876,1,0,1,3.50,A2256W000308
1213,-20.201,98.880,1,0,1,3.50,A2256W000308
1214,-19.701,98.884,1,0,1,3.50,A2256W000308
1215,-19.201,98.889,1,0,1,3.50,A2256W000308
1216,-18.702,98.894,1,0,1,3.50,A2256W000308
1217,-18.202,98.899,1,0,1,3.50,A2256W000308
1218,-17.702,98.904,1,0,1,3.50,A2256W000308
1219,-17.202,98.910,1,0,1,3.50,A2256W000308
1220,-16.702,98.915,1,0,1,3.50,A2256W000308
1221,-16.202,98.917,1,0,1,3.50,A2256W000308
1222,-15.702,98.919,1,0,1,3.50,A2256W000308
1223,-15.202,98.921,1,0,1,3.50,A2256W000308
1224,-14.702,98.924,1,0,1,3.50,A2256W000308
1225,-14.202,98.926,1,0,1,3.50,A2256W000308
1226,-13.702,98.928,1,0,1,3.50,A2256W000308
1227,-13.202,98.930,1,0,1,3.50,A2256W000308
1228,-12.702,98.933,1,0,1,3.50,A2256W000308
1229,-12.693,98.933,0,0,1,3.50,A2256W000297
1230,-12.194,98.950,0,0,1,3.50,A2256W000083
1231,-11.694,98.967,0,0,1,3.50,A2256W000083
1232,-11.194,98.984,0,0,1,3.50,A2256W000083
1233,-10.696,99.032,0,0,1,3.50,A2256W000083
1234,-10.199,99.081,0,0,1,3.50,A2256W000083
1235,-9.701,99.129,0,0,1,3.50,A2256W000083
1236,-9.209,99.215,0,0,1,3.50,A2256W000083
1237,-8.716,99.300,0,0,1,3.50,A2256W000083
1238,-8.233,99.429,0,0,1,3.50,A2256W000083
1239,-7.750,99.558,0,0,1,3.50,A2256W000083
1240,-7.267,99.687,0,0,1,3.50,A2256W000083
1241,-6.796,99.855,0,0,1,3.50,A2256W000083
1242,-6.325,100.023,0,0,1,3.50,A2256W000083
1243,-5.870,100.231,0,0,1,3.50,A2256W000083
1244,-5.416,100.440,0,0,1,3.50,A2256W000083
1245,-4.962,100.649,0,0,1,3.50,A2256W000083
1246,-4.526,100.895,0,0,1,3.50,A2256W000083
1247,-4.091,101.141,0,0,1,3.50,A2256W000083
1248,-3.679,101.423,0,0,1,3.50,A2256W000083
1249,-3.266,101.706,0,0,1,3.50,A2256W000083
1250,-2.870,102.011,0,0,1,3.50,A2256W000083
1251,-2.474,102.317,0,0,1,3.50,A2256W000083
1252,-2.105,102.654,0,0,1,3.50,A2256W000083
1253,-1.736,102.992,0,0,1,3.50,A2256W000083
1254,-1.367,103.329,0,0,1,3.50,A2256W000083
1255,-1.026,103.694,0,0,1,3.50,A2256W000083
1256,-0.684,104.059,0,0,1,3.50,A2256W000083
1257,-0.377,104.454,0,0,1,3.50,A2256W000083
1258,-0.069,104.848,0,0,1,3.50,A2256W000083
1259,0.238,105.242,0,0,1,3.50,A2256W000083
1260,0.512,105.660,0,0,1,3.50,A2256W000083
1261,0.787,106.078,0,0,1,3.50,A2256W000083
1262,1.023,106.519,0,0,1,3.50,A2256W000083
1263,1.259,106.960,0,0,1,3.50,A2256W000083
1264,1.495,107.400,0,0,1,3.50,A2256W000083
1265,1.694,107.859,0,0,1,3.50,A2256W000083
1266,1.893,108.318,0,0,1,3.50,A2256W000083
1267,2.051,108.792,0,0,1,3.50,A2256W000083
1268,2.209,109.267,0,0,1,3.50,A2256W000083
1269,2.341,109.749,0,0,1,3.50,A2256W000083
1270,2.472,110.232,0,0,1,3.50,A2256W000083
1271,2.546,110.726,0,0,1,3.50,A2256W000083
1272,2.619,111.221,0,0,1,3.50,A2256W000083
1273,2.693,111.715,0,0,1,3.50,A2256W000083
1274,2.767,112.210,0,0,1,3.50,A2256W000083
1275,2.792,112.709,0,0,1,3.50,A2256W000083
1276,2.816,113.208,0,0,1,3.50,A2256W000083
1277,2.841,113.708,0,0,1,3.50,A2256W000083
1278,2.866,114.207,0,0,1,3.50,A2256W000083
1279,2.891,114.707,0,0,1,3.50,A2256W000083
1280,2.903,114.942,0,0,1,3.50,A2256W000300
1281,2.890,115.442,1,0,1,3.50,A2256W000304
1282,2.878,115.942,1,0,1,3.50,A2256W000304
1283,2.865,116.442,1,0,1,3.50,A2256W000304
1284,2.852,116.942,1,0,1,3.50,A2256W000304
1285,2.840,117.441,1,0,1,3.50,A2256W000304
1286,2.805,117.940,1,0,1,3.50,A2256W000304
1287,2.770,118.439,1,0,1,3.50,A2256W000304
1288,2.735,118.938,1,0,1,3.50,A2256W000304
1289,2.700,119.436,1,0,1,3.50,A2256W000304
1290,2.665,119.935,1,0,1,3.50,A2256W000304
1291,2.630,120.434,1,0,1,3.50,A2256W000304
1292,2.587,120.932,1,0,1,3.50,A2256W000304
1293,2.543,121.430,1,0,1,3.50,A2256W000304
1294,2.500,121.928,1,0,1,3.50,A2256W000304
1295,2.457,122.426,1,0,1,3.50,A2256W000304
1296,2.414,122.925,1,0,1,3.50,A2256W000304
1297,2.356,123.421,1,0,1,3.50,A2256W000304
1298,2.298,123.918,1,0,1,3.50,A2256W000304
1299,2.241,124.415,1,0,1,3.50,A2256W000304
1300,2.183,124.911,1,0,1,3.50,A2256W000304
1301,2.120,125.407,1,0,1,3.50,A2256W000304
1302,2.057,125.903,1,0,1,3.50,A2256W000304
1303,1.994,126.399,1,0,1,3.50,A2256W000304
1304,1.931,126.895,1,0,1,3.50,A2256W000304
1305,1.854,127.389,1,0,1,3.50,A2256W000304
1306,1.777,127.883,1,0,1,3.50,A2256W000304
1307,1.700,128.377,1,0,1,3.50,A2256W000304
1308,1.623,128.871,1,0,1,3.50,A2256W000304
1309,1.546,129.365,1,0,1,3.50,A2256W000304
1310,1.444,129.855,1,0,1,3.50,A2256W000304
1311,1.343,130.345,1,0,1,3.50,A2256W000304
1312,1.242,130.834,1,0,1,3.50,A2256W000304
1313,1.141,131.324,1,0,1,3.50,A2256W000304
1314,1.026,131.811,1,0,1,3.50,A2256W000304
1315,0.911,132.297,1,0,1,3.50,A2256W000304
1316,0.796,132.784,1,0,1,3.50,A2256W000304
1317,0.682,133.271,1,0,1,3.50,A2256W000304
1318,0.559,133.755,1,0,1,3.50,A2256W000304
1319,0.436,134.240,1,0,1,3.50,A2256W000304
1320,0.313,134.725,1,0,1,3.50,A2256W000304
1321,0.190,135.209,1,0,1,3.50,A2256W000304
1322,0.067,135.694,1,0,1,3.50,A2256W000304
1323,-0.056,136.179,1,0,1,3.50,A2256W000304
1324,-0.201,136.657,1,0,1,3.50,A2256W000304
1325,-0.347,137.135,1,0,1,3.50,A2256W000304
1326,-0.492,137.614,1,0,1,3.50,A2256W000304
1327,-0.638,138.092,1,0,1,3.50,A2256W000304
1328,-0.783,138.570,1,0,1,3.50,A2256W000304
1329,-0.928,139.049,1,0,1,3.50,A2256W000304
1330,-1.099,139.519,1,0,1,3.50,A2256W000304
1331,-1.271,139.989,1,0,1,3.50,A2256W000304
1332,-1.442,140.458,1,0,1,3.50,A2256W000304
1333,-1.613,140.928,1,0,1,3.50,A2256W000304
1334,-1.799,141.392,1,0,1,3.50,A2256W000304
1335,-1.986,141.856,1,0,1,3.50,A2256W000304
1336,-2.173,142.320,1,0,1,3.50,A2256W000304
1337,-2.360,142.783,1,0,1,3.50,A2256W000304
1338,-2.547,143.247,1,0,1,3.50,A2256W000304
1339,-2.733,143.711,1,0,1,3.50,A2256W000304
1340,-2.939,144.167,1,0,1,3.50,A2256W000304
1341,-3.144,144.623,1,0,1,3.50,A2256W000304
1342,-3.349,145.079,1,0,1,3.50,A2256W000304
1343,-3.559,145.533,1,0,1,3.50,A2256W000304
1344,-3.769,145.986,1,0,1,3.50,A2256W000304
1345,-3.978,146.440,1,0,1,3.50,A2256W000304
1346,-4.188,146.894,1,0,1,3.50,A2256W000304
1347,-4.398,147.348,1,0,1,3.50,A2256W000304
1348,-4.625,147.793,1,0,1,3.50,A2256W000304
1349,-4.853,148.239,1,0,1,3.50,A2256W000304
1350,-5.081,148.684,1,0,1,3.50,A2256W000304
1351,-5.308,149.129,1,0,1,3.50,A2256W000304
1352,-5.549,149.567,1,0,1,3.50,A2256W000304
1353,-5.790,150.005,1,0,1,3.50,A2256W000304
1354,-6.031,150.443,1,0,1,3.50,A2256W000304
1355,-6.272,150.881,1,0,1,3.50,A2256W000304
1356,-6.513,151.319,1,0,1,3.50,A2256W000304
1357,-6.762,151.753,1,0,1,3.50,A2256W000304
1358,-7.012,152.186,1,0,1,3.50,A2256W000304
1359,-7.261,152.619,1,0,1,3.50,A2256W000304
1360,-7.511,153.053,1,0,1,3.50,A2256W000304
1361,-7.760,153.486,1,0,1,3.50,A2256W000304
1362,-8.010,153.919,1,0,1,3.50,A2256W000304
1363,-8.274,154.344,1,0,1,3.50,A2256W000304
1364,-8.538,154.768,1,0,1,3.50,A2256W000304
1365,-8.803,155.193,1,0,1,3.50,A2256W000304
1366,-9.067,155.617,1,0,1,3.50,A2256W000304
1367,-9.331,156.042,1,0,1,3.50,A2256W000304
1368,-9.595,156.466,1,0,1,3.50,A2256W000304
1369,-9.876,156.880,1,0,1,3.50,A2256W000304
1370,-10.156,157.294,1,0,1,3.50,A2256W000304
1371,-10.436,157.708,1,0,1,3.50,A2256W000304
1372,-10.717,158.122,1,0,1,3.50,A2256W000304
1373,-10.997,158.536,1,0,1,3.50,A2256W000304
1374,-11.277,158.950,1,0,1,3.50,A2256W000304
1375,-11.558,159.364,1,0,1,3.50,A2256W000304
1376,-11.848,159.771,1,0,1,3.50,A2256W000304
1377,-12.139,160.178,1,0,1,3.50,A2256W000304
1378,-12.430,160.585,1,0,1,3.50,A2256W000304
1379,-12.721,160.991,1,0,1,3.50,A2256W000304
1380,-13.011,161.398,1,0,1,3.50,A2256W000304
1381,-13.302,161.805,1,0,1,3.50,A2256W000304
1382,-13.593,162.212,1,0,1,3.50,A2256W000304
1383,-13.903,162.604,1,0,1,3.50,A2256W000304
1384,-14.212,162.997,1,0,1,3.50,A2256W000304
1385,-14.522,163.389,1,0,1,3.50,A2256W000304
1386,-14.832,163.782,1,0,1,3.50,A2256W000304
1387,-15.141,164.175,1,0,1,3.50,A2256W000304
1388,-15.466,164.554,1,0,1,3.50,A2256W000304
1389,-15.792,164.934,1,0,1,3.50,A2256W000304
1390,-16.117,165.314,1,0,1,3.50,A2256W000304
1391,-16.442,165.694,1,0,1,3.50,A2256W000304
1392,-16.767,166.073,1,0,1,3.50,A2256W000304
1393,-17.101,166.446,1,0,1,3.50,A2256W000304
1394,-17.434,166.819,1,0,1,3.50,A2256W000304
1395,-17.767,167.192,1,0,1,3.50,A2256W000304
1396,-18.100,167.564,1,0,1,3.50,A2256W000304
1397,-18.433,167.937,1,0,1,3.50,A2256W000304
1398,-18.781,168.297,1,0,1,3.50,A2256W000304
1399,-19.129,168.656,1,0,1,3.50,A2256W000304
1400,-19.477,169.015,1,0,1,3.50,A2256W000304
1401,-19.825,169.374,1,0,1,3.50,A2256W000304
1402,-20.172,169.733,1,0,1,3.50,A2256W000304
1403,-20.520,170.093,1,0,1,3.50,A2256W000304
1404,-20.884,170.435,1,0,1,3.50,A2256W000304
1405,-21.249,170.778,1,0,1,3.50,A2256W000304
1406,-21.613,171.120,1,0,1,3.50,A2256W000304
1407,-21.977,171.462,1,0,1,3.50,A2256W000304
1408,-22.342,171.805,1,0,1,3.50,A2256W000304
1409,-22.706,172.147,1,0,1,3.50,A2256W000304
1410,-23.070,172.490,1,0,1,3.50,A2256W000304
1411,-23.435,172.832,1,0,1,3.50,A2256W000304
1412,-23.799,173.175,1,0,1,3.50,A2256W000304
1413,-24.175,173.504,1,0,1,3.50,A2256W000304
1414,-24.552,173.833,1,0,1,3.50,A2256W000304
1415,-24.928,174.162,1,0,1,3.50,A2256W000304
1416,-25.305,174.491,1,0,1,3.50,A2256W000304
1417,-25.681,174.820,1,0,1,3.50,A2256W000304
1418,-26.057,175.149,1,0,1,3.50,A2256W000304
1419,-26.448,175.462,1,0,1,3.50,A2256W000304
1420,-26.838,175.774,1,0,1,3.50,A2256W000304
1421,-27.228,176.087,1,0,1,3.50,A2256W000304
1422,-27.619,176.400,1,0,1,3.50,A2256W000304
1423,-28.009,176.712,1,0,1,3.50,A2256W000304
1424,-28.399,177.025,1,0,1,3.50,A2256W000304
1425,-28.800,177.324,1,0,1,3.50,A2256W000304
1426,-29.200,177.623,1,0,1,3.50,A2256W000304
1427,-29.600,177.923,1,0,1,3.50,A2256W000304
1428,-30.001,178.222,1,0,1,3.50,A2256W000304
1429,-30.401,178.522,1,0,1,3.50,A2256W000304
1430,-30.802,178.821,1,0,1,3.50,A2256W000304
1431,-31.215,179.103,1,0,1,3.50,A2256W000304
1432,-31.628,179.385,1,0,1,3.50,A2256W000304
1433,-32.041,179.667,1,0,1,3.50,A2256W000304
1434,-32.454,179.949,1,0,1,3.50,A2256W000304
1435,-32.867,180.230,1,0,1,3.50,A2256W000304
1436,-33.280,180.512,1,0,1,3.50,A2256W000304
1437,-33.693,180.794,1,0,1,3.50,A2256W000304
1438,-34.106,181.076,1,0,1,3.50,A2256W000304
1439,-34.532,181.338,1,0,1,3.50,A2256W000304
1440,-34.958,181.599,1,0,1,3.50,A2256W000304
1441,-35.384,181.861,1,0,1,3.50,A2256W000304
1442,-35.810,182.122,1,0,1,3.50,A2256W000304
1443,-36.236,182.384,1,0,1,3.50,A2256W000304
1444,-36.662,182.646,1,0,1,3.50,A2256W000304
1445,-37.094,182.899,1,0,1,3.50,A2256W000304
1446,-37.525,183.152,1,0,1,3.50,A2256W000304
1447,-37.956,183.405,1,0,1,3.50,A2256W000304
1448,-38.387,183.658,1,0,1,3.50,A2256W000304
1449,-38.819,183.910,1,0,1,3.50,A2256W000304
1450,-39.250,184.163,1,0,1,3.50,A2256W000304
1451,-39.681,184.416,1,0,1,3.50,A2256W000304
1452,-40.126,184.646,1,0,1,3.50,A2256W000304
1453,-40.570,184.875,1,0,1,3.50,A2256W000304
1454,-41.014,185.104,1,0,1,3.50,A2256W000304
1455,-41.459,185.333,1,0,1,3.50,A2256W000304
1456,-41.903,185.563,1,0,1,3.50,A2256W000304
1457,-42.347,185.792,1,0,1,3.50,A2256W000304
1458,-42.792,186.021,1,0,1,3.50,A2256W000304
1459,-43.247,186.228,1,0,1,3.50,A2256W000304
1460,-43.702,186.435,1,0,1,3.50,A2256W000304
1461,-44.157,186.642,1,0,1,3.50,A2256W000304
1462,-44.613,186.848,1,0,1,3.50,A2256W000304
1463,-45.068,187.055,1,0,1,3.50,A2256W000304
1464,-45.523,187.262,1,0,1,3.50,A2256W000304
1465,-45.987,187.448,1,0,1,3.50,A2256W000304
1466,-46.451,187.633,1,0,1,3.50,A2256W000304
1467,-46.916,187.819,1,0,1,3.50,A2256W000304
1468,-47.380,188.005,1,0,1,3.50,A2256W000304
1469,-47.844,188.191,1,0,1,3.50,A2256W000304
1470,-48.308,188.376,1,0,1,3.50,A2256W000304
1471,-48.773,188.562,1,0,1,3.50,A2256W000304
1472,-49.243,188.732,1,0,1,3.50,A2256W000304
1473,-49.713,188.901,1,0,1,3.50,A2256W000304
1474,-50.184,189.071,1,0,1,3.50,A2256W000304
1475,-50.654,189.240,1,0,1,3.50,A2256W000304
1476,-51.124,189.410,1,0,1,3.50,A2256W000304
1477,-51.595,189.579,1,0,1,3.50,A2256W000304
1478,-52.065,189.749,1,0,1,3.50,A2256W000304
1479,-52.538,189.912,1,0,1,3.50,A2256W000304
1480,-53.010,190.076,1,0,1,3.50,A2256W000304
1481,-53.483,190.239,1,0,1,3.50,A2256W000304
1482,-53.955,190.402,1,0,1,3.50,A2256W000304
1483,-54.428,190.566,1,0,1,3.50,A2256W000304
1484,-54.901,190.729,1,0,1,3.50,A2256W000304
1485,-55.374,190.890,1,0,1,3.50,A2256W000304
1486,-55.847,191.052,1,0,1,3.50,A2256W000304
1487,-56.320,191.213,1,0,1,3.50,A2256W000304
1488,-56.794,191.374,1,0,1,3.50,A2256W000304
1489,-57.267,191.536,1,0,1,3.50,A2256W000304
1490,-57.740,191.697,1,0,1,3.50,A2256W000304
1491,-58.212,191.862,1,0,1,3.50,A2256W000304
1492,-58.684,192.027,1,0,1,3.50,A2256W000304
1493,-59.156,192.191,1,0,1,3.50,A2256W000304
1494,-59.628,192.356,1,0,1,3.50,A2256W000304
1495,-60.101,192.521,1,0,1,3.50,A2256W000304
1496,-60.573,192.685,1,0,1,3.50,A2256W000304
1497,-61.045,192.850,1,0,1,3.50,A2256W000304
1498,-61.517,193.015,1,0,1,3.50,A2256W000304
1499,-61.989,193.179,1,0,1,3.50,A2256W000304
1500,-62.458,193.353,1,0,1,3.50,A2256W000304
1501,-62.927,193.527,1,0,1,3.50,A2256W000304
1502,-63.396,193.700,1,0,1,3.50,A2256W000304
1503,-63.865,193.874,1,0,1,3.50,A2256W000304
1504,-64.334,194.047,1,0,1,3.50,A2256W000304
1505,-64.802,194.221,1,0,1,3.50,A2256W000304
1506,-65.263,194.416,1,0,1,3.50,A2256W000304
1507,-65.723,194.611,1,0,1,3.50,A2256W000304
1508,-66.183,194.807,1,0,1,3.50,A2256W000304
1509,-66.635,195.020,1,0,1,3.50,A2256W000304
1510,-67.088,195.234,1,0,1,3.50,A2256W000304
1511,-67.540,195.447,1,0,1,3.50,A2256W000304
1512,-67.992,195.660,1,0,1,3.50,A2256W000304
1513,-68.435,195.892,1,0,1,3.50,A2256W000304
1514,-68.879,196.123,1,0,1,3.50,A2256W000304
1515,-69.322,196.354,1,0,1,3.50,A2256W000304
1516,-69.765,196.585,1,0,1,3.50,A2256W000304
1517,-70.209,196.816,1,0,1,3.50,A2256W000304
1518,-70.635,197.077,1,0,1,3.50,A2256W000304
1519,-71.062,197.337,1,0,1,3.50,A2256W000304
1520,-71.489,197.598,1,0,1,3.50,A2256W000304
1521,-71.916,197.858,1,0,1,3.50,A2256W000304
1522,-72.342,198.119,1,0,1,3.50,A2256W000304
1523,-72.761,198.393,1,0,1,3.50,A2256W000304
1524,-73.179,198.666,1,0,1,3.50,A2256W000304
1525,-73.598,198.940,1,0,1,3.50,A2256W000304
1526,-74.016,199.213,1,0,1,3.50,A2256W000304
1527,-74.418,199.511,1,0,1,3.50,A2256W000304
1528,-74.821,199.808,1,0,1,3.50,A2256W000304
1529,-75.223,200.105,1,0,1,3.50,A2256W000304
1530,-75.625,200.402,1,0,1,3.50,A2256W000304
1531,-76.027,200.699,1,0,1,3.50,A2256W000304
1532,-76.423,201.004,1,0,1,3.50,A2256W000304
1533,-76.819,201.310,1,0,1,3.50,A2256W000304
1534,-77.215,201.615,1,0,1,3.50,A2256W000304
1535,-77.611,201.920,1,0,1,3.50,A2256W000304
1536,-78.007,202.225,1,0,1,3.50,A2256W000304
1537,-78.387,202.550,1,0,1,3.50,A2256W000304
1538,-78.767,202.875,1,0,1,3.50,A2256W000304
1539,-79.148,203.200,1,0,1,3.50,A2256W000304
1540,-79.528,203.524,1,0,1,3.50,A2256W000304
1541,-79.908,203.849,1,0,1,3.50,A2256W000304
1542,-80.271,204.193,1,0,1,3.50,A2256W000304
1543,-80.633,204.538,1,0,1,3.50,A2256W000304
1544,-80.996,204.882,1,0,1,3.50,A2256W000304
1545,-81.358,205.226,1,0,1,3.50,A2256W000304
1546,-81.713,205.579,1,0,1,3.50,A2256W000304
1547,-82.067,205.932,1,0,1,3.50,A2256W000304
1548,-82.422,206.284,1,0,1,3.50,A2256W000304
1549,-82.776,206.637,1,0,1,3.50,A2256W000304
1550,-83.123,206.997,1,0,1,3.50,A2256W000304
1551,-83.471,207.356,1,0,1,3.50,A2256W000304
1552,-83.818,207.716,1,0,1,3.50,A2256W000304
1553,-84.166,208.075,1,0,1,3.50,A2256W000304
1554,-84.493,208.453,1,0,1,3.50,A2256W000304
1555,-84.820,208.831,1,0,1,3.50,A2256W000304
1556,-85.147,209.209,1,0,1,3.50,A2256W000304
1557,-85.474,209.588,1,0,1,3.50,A2256W000304
1558,-85.791,209.975,1,0,1,3.50,A2256W000304
1559,-86.107,210.362,1,0,1,3.50,A2256W000304
1560,-86.423,210.750,1,0,1,3.50,A2256W000304
1561,-86.739,211.137,1,0,1,3.50,A2256W000304
1562,-87.042,211.535,1,0,1,3.50,A2256W000304
1563,-87.345,211.933,1,0,1,3.50,A2256W000304
1564,-87.647,212.331,1,0,1,3.50,A2256W000304
1565,-87.950,212.729,1,0,1,3.50,A2256W000304
1566,-88.253,213.126,1,0,1,3.50,A2256W000304
1567,-88.544,213.533,1,0,1,3.50,A2256W000304
1568,-88.835,213.940,1,0,1,3.50,A2256W000304
1569,-89.125,214.347,1,0,1,3.50,A2256W000304
1570,-89.402,214.763,1,0,1,3.50,A2256W000304
1571,-89.678,215.180,1,0,1,3.50,A2256W000304
1572,-89.954,215.597,1,0,1,3.50,A2256W000304
1573,-90.230,216.014,1,0,1,3.50,A2256W000304
1574,-90.484,216.445,1,0,1,3.50,A2256W000304
1575,-90.738,216.876,1,0,1,3.50,A2256W000304
1576,-90.991,217.307,1,0,1,3.50,A2256W000304
1577,-91.245,217.737,1,0,1,3.50,A2256W000304
1578,-91.498,218.168,1,0,1,3.50,A2256W000304
1579,-91.752,218.599,1,0,1,3.50,A2256W000304
1580,-92.005,219.030,1,0,1,3.50,A2256W000304
1581,-92.232,219.476,1,0,1,3.50,A2256W000304
1582,-92.458,219.922,1,0,1,3.50,A2256W000304
1583,-92.685,220.368,1,0,1,3.50,A2256W000304
1584,-92.913,220.812,1,0,1,3.50,A2256W000304
1585,-93.141,221.257,1,0,1,3.50,A2256W000304
1586,-93.370,221.702,1,0,1,3.50,A2256W000304
1587,-93.589,222.151,1,0,1,3.50,A2256W000304
1588,-93.809,222.600,1,0,1,3.50,A2256W000304
1589,-94.029,223.050,1,0,1,3.50,A2256W000304
1590,-94.227,223.508,1,0,1,3.50,A2256W000304
1591,-94.426,223.967,1,0,1,3.50,A2256W000304
1592,-94.618,224.429,1,0,1,3.50,A2256W000304
1593,-94.809,224.891,1,0,1,3.50,A2256W000304
1594,-95.001,225.352,1,0,1,3.50,A2256W000304
1595,-95.181,225.819,1,0,1,3.50,A2256W000304
1596,-95.361,226.285,1,0,1,3.50,A2256W000304
1597,-95.541,226.752,1,0,1,3.50,A2256W000304
1598,-95.692,227.229,1,0,1,3.50,A2256W000304
1599,-95.843,227.705,1,0,1,3.50,A2256W000304
1600,-95.993,228.182,1,0,1,3.50,A2256W000304
1601,-96.145,228.658,1,0,1,3.50,A2256W000304
1602,-96.297,229.135,1,0,1,3.50,A2256W000304
1603,-96.449,229.611,1,0,1,3.50,A2256W000304
1604,-96.601,230.087,1,0,1,3.50,A2256W000304
1605,-96.745,230.566,1,0,1,3.50,A2256W000304
1606,-96.890,231.045,1,0,1,3.50,A2256W000304
1607,-97.034,231.524,1,0,1,3.50,A2256W000304
1608,-97.178,232.003,1,0,1,3.50,A2256W000304
1609,-97.298,232.488,1,0,1,3.50,A2256W000304
1610,-97.418,232.973,1,0,1,3.50,A2256W000304
1611,-97.538,233.459,1,0,1,3.50,A2256W000304
1612,-97.658,233.944,1,0,1,3.50,A2256W000304
1613,-97.778,234.429,1,0,1,3.50,A2256W000304
1614,-97.885,234.918,1,0,1,3.50,A2256W000304
1615,-97.991,235.406,1,0,1,3.50,A2256W000304
1616,-98.098,235.895,1,0,1,3.50,A2256W000304
1617,-98.204,236.383,1,0,1,3.50,A2256W000304
1618,-98.292,236.876,1,0,1,3.50,A2256W000304
1619,-98.380,237.368,1,0,1,3.50,A2256W000304
1620,-98.467,237.860,1,0,1,3.50,A2256W000304
1621,-98.555,238.353,1,0,1,3.50,A2256W000304
1622,-98.642,238.845,1,0,1,3.50,A2256W000304
1623,-98.705,239.341,1,0,1,3.50,A2256W000304
1624,-98.767,239.837,1,0,1,3.50,A2256W000304
1625,-98.830,240.333,1,0,1,3.50,A2256W000304
1626,-98.893,240.829,1,0,1,3.50,A2256W000304
1627,-98.955,241.325,1,0,1,3.50,A2256W000304
1628,-98.992,241.824,1,0,1,3.50,A2256W000304
1629,-99.029,242.322,1,0,1,3.50,A2256W000304
1630,-99.066,242.821,1,0,1,3.50,A2256W000304
1631,-99.102,243.320,1,0,1,3.50,A2256W000304
1632,-99.139,243.818,1,0,1,3.50,A2256W000304
1633,-99.158,244.318,1,0,1,3.50,A2256W000304
1634,-99.178,244.818,1,0,1,3.50,A2256W000304
1635,-99.197,245.317,1,0,1,3.50,A2256W000304
1636,-99.216,245.817,1,0,1,3.50,A2256W000304
1637,-99.235,246.317,1,0,1,3.50,A2256W000304
1638,-99.242,246.816,1,0,1,3.50,A2256W000304
1639,-99.250,247.316,1,0,1,3.50,A2256W000304
1640,-99.257,247.816,1,0,1,3.50,A2256W000304
1641,-99.264,248.316,1,0,1,3.50,A2256W000304
1642,-99.271,248.816,1,0,1,3.50,A2256W000304
1643,-99.271,249.316,1,0,1,3.50,A2256W000304
1644,-99.272,249.816,1,0,1,3.50,A2256W000304
1645,-99.272,250.316,1,0,1,3.50,A2256W000304
1646,-99.272,250.816,1,0,1,3.50,A2256W000304
1647,-99.272,251.316,1,0,1,3.50,A2256W000304
1648,-99.274,251.816,1,0,1,3.50,A2256W000304
1649,-99.276,252.316,1,0,1,3.50,A2256W000304
1650,-99.277,252.816,1,0,1,3.50,A2256W000304
1651,-99.279,253.316,1,0,1,3.50,A2256W000304
1652,-99.281,253.816,1,0,1,3.50,A2256W000304
1653,-99.284,254.316,1,0,1,3.50,A2256W000304
1654,-99.287,254.816,1,0,1,3.50,A2256W000304
1655,-99.291,255.316,1,0,1,3.50,A2256W000304
1656,-99.294,255.816,1,0,1,3.50,A2256W000304
1657,-99.297,256.316,1,0,1,3.50,A2256W000304
1658,-99.295,256.816,1,0,1,3.50,A2256W000304
1659,-99.294,257.316,1,0,1,3.50,A2256W000304
1660,-99.292,257.816,1,0,1,3.50,A2256W000304
1661,-99.291,258.316,1,0,1,3.50,A2256W000304
1662,-99.289,258.816,1,0,1,3.50,A2256W000304
1663,-99.294,259.316,1,0,1,3.50,A2256W000304
1664,-99.299,259.816,1,0,1,3.50,A2256W000304
1665,-99.304,260.316,1,0,1,3.50,A2256W000304
1666,-99.308,260.816,1,0,1,3.50,A2256W000304
1667,-99.313,261.316,1,0,1,3.50,A2256W000304
1668,-99.314,261.816,1,0,1,3.50,A2256W000304
1669,-99.316,262.316,1,0,1,3.50,A2256W000304
1670,-99.317,262.816,1,0,1,3.50,A2256W000304
1671,-99.318,263.316,1,0,1,3.50,A2256W000304
1672,-99.320,263.816,1,0,1,3.50,A2256W000304
1673,-99.321,264.316,1,0,1,3.50,A2256W000304
1674,-99.324,264.816,1,0,1,3.50,A2256W000304
1675,-99.326,265.316,1,0,1,3.50,A2256W000304
1676,-99.329,265.816,1,0,1,3.50,A2256W000304
1677,-99.331,266.316,1,0,1,3.50,A2256W000304
1678,-99.334,266.816,1,0,1,3.50,A2256W000304
1679,-99.337,267.316,1,0,1,3.50,A2256W000304
1680,-99.338,267.816,1,0,1,3.50,A2256W000304
1681,-99.338,268.316,1,0,1,3.50,A2256W000304
1682,-99.339,268.816,1,0,1,3.50,A2256W000304
1683,-99.340,269.316,1,0,1,3.50,A2256W000304
1684,-99.341,269.816,1,0,1,3.50,A2256W000304
1685,-99.342,270.316,1,0,1,3.50,A2256W000304
1686,-99.343,270.816,1,0,1,3.50,A2256W000304
1687,-99.347,271.316,1,0,1,3.50,A2256W000304
1688,-99.352,271.816,1,0,1,3.50,A2256W000304
1689,-99.356,272.316,1,0,1,3.50,A2256W000304
1690,-99.361,272.816,1,0,1,3.50,A2256W000304
1691,-99.365,273.316,1,0,1,3.50,A2256W000304
1692,-99.370,273.816,1,0,1,3.50,A2256W000304
1693,-99.371,274.316,1,0,1,3.50,A2256W000304
1694,-99.373,274.816,1,0,1,3.50,A2256W000304
1695,-99.374,275.316,1,0,1,3.50,A2256W000304
1696,-99.375,275.816,1,0,1,3.50,A2256W000304
1697,-99.377,276.316,1,0,1,3.50,A2256W000304
1698,-99.378,276.816,1,0,1,3.50,A2256W000304
1699,-99.380,277.316,1,0,1,3.50,A2256W000304
1700,-99.383,277.816,1,0,1,3.50,A2256W000304
1701,-99.386,278.316,1,0,1,3.50,A2256W000304
1702,-99.389,278.816,1,0,1,3.50,A2256W000304
1703,-99.392,279.316,1,0,1,3.50,A2256W000304
1704,-99.395,279.816,1,0,1,3.50,A2256W000304
1705,-99.398,280.316,1,0,1,3.50,A2256W000304
1706,-99.401,280.816,1,0,1,3.50,A2256W000304
1707,-99.404,281.316,1,0,1,3.50,A2256W000304
1708,-99.408,281.816,1,0,1,3.50,A2256W000304
1709,-99.411,282.316,1,0,1,3.50,A2256W000304
1710,-99.415,282.816,1,0,1,3.50,A2256W000304
1711,-99.419,283.316,1,0,1,3.50,A2256W000304
1712,-99.422,283.816,1,0,1,3.50,A2256W000304
1713,-99.422,284.316,1,0,1,3.50,A2256W000304
1714,-99.422,284.816,1,0,1,3.50,A2256W000304
1715,-99.422,285.316,1,0,1,3.50,A2256W000304
1716,-99.422,285.816,1,0,1,3.50,A2256W000304
1717,-99.422,286.316,1,0,1,3.50,A2256W000304
1718,-99.422,286.816,1,0,1,3.50,A2256W000304
1719,-99.422,287.316,1,0,1,3.50,A2256W000304
1720,-99.425,287.816,1,0,1,3.50,A2256W000304
1721,-99.427,288.316,1,0,1,3.50,A2256W000304
1722,-99.430,288.816,1,0,1,3.50,A2256W000304
1723,-99.433,289.316,1,0,1,3.50,A2256W000304
1724,-99.435,289.816,1,0,1,3.50,A2256W000304
1725,-99.438,290.316,1,0,1,3.50,A2256W000304
1726,-99.440,290.816,1,0,1,3.50,A2256W000304
1727,-99.442,291.206,1,0,1,3.50,A2256W000304
1728,-99.444,291.706,0,0,1,3.50,A2256W000148
1729,-99.446,292.206,0,0,1,3.50,A2256W000148
1730,-99.448,292.706,0,0,1,3.50,A2256W000148
1731,-99.443,293.206,0,0,1,3.50,A2256W000148
1732,-99.438,293.706,0,0,1,3.50,A2256W000148
1733,-99.433,294.206,0,0,1,3.50,A2256W000148
1734,-99.428,294.706,0,0,1,3.50,A2256W000148
1735,-99.424,295.206,0,0,1,3.50,A2256W000148
1736,-99.420,295.706,0,0,1,3.50,A2256W000148
1737,-99.416,296.206,0,0,1,3.50,A2256W000148
1738,-99.412,296.706,0,0,1,3.50,A2256W000148
1739,-99.408,297.206,0,0,1,3.50,A2256W000148
1740,-99.404,297.706,0,0,1,3.50,A2256W000148
1741,-99.400,298.206,0,0,1,3.50,A2256W000148
1742,-99.398,298.706,0,0,1,3.50,A2256W000148
1743,-99.395,299.206,0,0,1,3.50,A2256W000148
1744,-99.393,299.706,0,0,1,3.50,A2256W000148
1745,-99.391,300.206,0,0,1,3.50,A2256W000148
1746,-99.389,300.706,0,0,1,3.50,A2256W000148
1747,-99.387,301.206,0,0,1,3.50,A2256W000148
1748,-99.385,301.706,0,0,1,3.50,A2256W000148
1749,-99.399,302.205,0,0,1,3.50,A2256W000148
1750,-99.414,302.705,0,0,1,3.50,A2256W000148
1751,-99.429,303.205,0,0,1,3.50,A2256W000148
1752,-99.444,303.705,0,0,1,3.50,A2256W000148
1753,-99.459,304.204,0,0,1,3.50,A2256W000148
1754,-99.473,304.704,0,0,1,3.50,A2256W000148
1755,-99.488,305.204,0,0,1,3.50,A2256W000148
1756,-99.493,305.704,0,0,1,3.50,A2256W000148
1757,-99.497,306.204,0,0,1,3.50,A2256W000148
1758,-99.502,306.704,0,0,1,3.50,A2256W000148
1759,-99.506,307.204,0,0,1,3.50,A2256W000148
1760,-99.511,307.704,0,0,1,3.50,A2256W000148
1761,-99.515,308.204,0,0,1,3.50,A2256W000148
1762,-99.520,308.704,0,0,1,3.50,A2256W000148
1763,-99.515,309.204,0,0,1,3.50,A2256W000148
1764,-99.511,309.704,0,0,1,3.50,A2256W000148
1765,-99.507,310.204,0,0,1,3.50,A2256W000148
1766,-99.502,310.704,0,0,1,3.50,A2256W000148
1767,-99.498,311.204,0,0,1,3.50,A2256W000148
1768,-99.493,311.704,0,0,1,3.50,A2256W000148
1769,-99.489,312.204,0,0,1,3.50,A2256W000148
1770,-99.485,312.704,0,0,1,3.50,A2256W000148
1771,-99.480,313.204,0,0,1,3.50,A2256W000148
1772,-99.462,313.703,0,0,1,3.50,A2256W000148
1773,-99.444,314.203,0,0,1,3.50,A2256W000148
1774,-99.426,314.703,0,0,1,3.50,A2256W000148
1775,-99.407,315.202,0,0,1,3.50,A2256W000148
1776,-99.389,315.702,0,0,1,3.50,A2256W000148
1777,-99.371,316.202,0,0,1,3.50,A2256W000148
1778,-99.353,316.701,0,0,1,3.50,A2256W000148
1779,-99.334,317.201,0,0,1,3.50,A2256W000148
1780,-99.316,317.701,0,0,1,3.50,A2256W000148
1781,-99.313,317.799,0,0,1,3.50,A2256W000148
1782,-99.198,318.286,0,0,1,3.50,A2256W000146
1783,-99.083,318.772,0,0,1,3.50,A2256W000146
1784,-98.953,319.255,0,0,1,3.50,A2256W000146
1785,-98.823,319.738,0,0,1,3.50,A2256W000146
1786,-98.693,320.221,0,0,1,3.50,A2256W000146
1787,-98.535,320.695,0,0,1,3.50,A2256W000146
1788,-98.364,321.165,0,0,1,3.50,A2256W000146
1789,-98.193,321.634,0,0,1,3.50,A2256W000146
1790,-98.000,322.096,0,0,1,3.50,A2256W000146
1791,-97.775,322.542,0,0,1,3.50,A2256W000146
1792,-97.532,322.979,0,0,1,3.50,A2256W000146
1793,-97.272,323.406,0,0,1,3.50,A2256W000146
1794,-96.985,323.816,0,0,1,3.50,A2256W000146
1795,-96.686,324.217,0,0,1,3.50,A2256W000146
1796,-96.378,324.610,0,0,1,3.50,A2256W000146
1797,-96.060,324.997,0,0,1,3.50,A2256W000146
1798,-95.719,325.362,0,0,1,3.50,A2256W000146
1799,-95.366,325.716,0,0,1,3.50,A2256W000146
1800,-95.029,326.078,0,0,1,3.50,A2256W000146
1801,-94.691,326.439,0,0,1,3.50,A2256W000146
1802,-94.354,326.801,0,0,1,3.50,A2256W000146
1803,-94.017,327.163,0,0,1,3.50,A2256W000146
1804,-93.680,327.524,0,0,1,3.50,A2256W000146
1805,-93.342,327.886,0,0,1,3.50,A2256W000134
1806,-93.005,328.247,0,0,1,3.50,A2256W000134
1807,-92.668,328.609,0,0,1,3.50,A2256W000134
1808,-92.331,328.970,0,0,1,3.50,A2256W000134
1809,-91.993,329.332,0,0,1,3.50,A2256W000134
1810,-91.656,329.694,0,0,1,3.50,A2256W000134
1811,-91.319,330.055,0,0,1,3.50,A2256W000134
1812,-90.981,330.417,0,0,1,3.50,A2256W000134
1813,-90.644,330.778,0,0,1,3.50,A2256W000134
1814,-90.307,331.140,0,0,1,3.50,A2256W000134
1815,-89.970,331.502,0,0,1,3.50,A2256W000134
1816,-89.632,331.863,0,0,1,3.50,A2256W000134
1817,-89.295,332.225,0,0,1,3.50,A2256W000134
1818,-88.958,332.586,0,0,1,3.50,A2256W000134
1819,-88.620,332.948,0,0,1,3.50,A2256W000134
1820,-88.283,333.309,0,0,1,3.50,A2256W000135
1821,-87.946,333.671,0,0,1,3.50,A2256W000135
1822,-87.609,334.033,0,0,1,3.50,A2256W000135
1823,-87.271,334.394,0,0,1,3.50,A2256W000135
1824,-86.934,334.756,0,0,1,3.50,A2256W000135
1825,-86.597,335.117,0,0,1,3.50,A2256W000135
1826,-86.259,335.479,0,0,1,3.50,A2256W000135
1827,-85.922,335.841,0,0,1,3.50,A2256W000135
1828,-85.585,336.202,0,0,1,3.50,A2256W000135
1829,-85.248,336.564,0,0,1,3.50,A2256W000151
1830,-84.910,336.925,0,0,1,3.50,A2256W000151
1831,-84.573,337.287,0,0,1,3.50,A2256W000151
1832,-84.236,337.648,0,0,1,3.50,A2256W000151
1833,-83.904,338.022,0,0,1,3.50,A2256W000151
1834,-83.558,338.384,0,0,1,3.50,A2256W000151
1835,-83.196,338.729,0,0,1,3.50,A2256W000151
1836,-82.816,339.054,0,0,1,3.50,A2256W000151
1837,-82.426,339.366,0,0,1,3.50,A2256W000151
1838,-82.021,339.659,0,0,1,3.50,A2256W000151
1839,-81.603,339.933,0,0,1,3.50,A2256W000151
1840,-81.182,340.203,0,0,1,3.50,A2256W000151
1841,-80.900,340.381,0,0,1,3.50,A2256W000866
1842,-80.446,340.591,0,0,1,3.50,A2256W000866
1843,-79.981,340.774,0,0,1,3.50,A2256W000866
1844,-79.505,340.926,0,0,1,3.50,A2256W000866
1845,-79.025,341.068,0,0,1,3.50,A2256W000866
1846,-78.538,341.181,0,0,1,3.50,A2256W000866
1847,-78.048,341.281,0,0,1,3.50,A2256W000866
1848,-77.556,341.368,0,0,1,3.50,A2256W000866
1849,-77.063,341.455,0,0,1,3.50,A2256W000866
1850,-76.567,341.515,0,0,1,3.50,A2256W000866
1851,-76.071,341.576,0,0,1,3.50,A2256W000866
1852,-75.573,341.628,0,0,1,3.50,A2256W000866
1853,-75.075,341.669,0,0,1,3.50,A2256W000866
1854,-74.577,341.709,0,0,1,3.50,A2256W000866
1855,-74.078,341.738,0,0,1,3.50,A2256W000866
1856,-73.578,341.768,0,0,1,3.50,A2256W000866
1857,-73.079,341.795,0,0,1,3.50,A2256W000866
1858,-72.580,341.822,0,0,1,3.50,A2256W000866
1859,-72.081,341.848,0,0,1,3.50,A2256W000866
1860,-71.582,341.877,0,0,1,3.50,A2256W000866
1861,-71.083,341.905,0,0,1,3.50,A2256W000866
1862,-70.584,341.933,0,0,1,3.50,A2256W000866
1863,-70.085,341.961,0,0,1,3.50,A2256W000866
1864,-69.586,341.989,0,0,1,3.50,A2256W000866
1865,-69.087,342.017,0,0,1,3.50,A2256W000866
1866,-68.588,342.045,0,0,1,3.50,A2256W000866
1867,-68.088,342.073,0,0,1,3.50,A2256W000866
1868,-67.589,342.101,0,0,1,3.50,A2256W000866
1869,-67.091,342.134,0,0,1,3.50,A2256W000866
1870,-66.592,342.168,0,0,1,3.50,A2256W000866
1871,-66.093,342.202,0,0,1,3.50,A2256W000866
1872,-65.594,342.235,0,0,1,3.50,A2256W000866
1873,-65.328,342.253,0,0,1,3.50,A2256W000055
1874,-64.830,342.294,0,0,1,3.50,A2256W000054
1875,-64.332,342.335,0,0,1,3.50,A2256W000054
1876,-63.833,342.375,0,0,1,3.50,A2256W000054
1877,-63.335,342.416,0,0,1,3.50,A2256W000054
1878,-62.837,342.457,0,0,1,3.50,A2256W000054
1879,-62.339,342.498,0,0,1,3.50,A2256W000054
1880,-61.840,342.539,0,0,1,3.50,A2256W000054
1881,-61.342,342.579,0,0,1,3.50,A2256W000054
1882,-60.844,342.620,0,0,1,3.50,A2256W000054
1883,-60.345,342.661,0,0,1,3.50,A2256W000054
1884,-59.847,342.702,0,0,1,3.50,A2256W000054
1885,-59.349,342.743,0,0,1,3.50,A2256W000054
1886,-58.851,342.783,0,0,1,3.50,A2256W000054
1887,-58.352,342.824,0,0,1,3.50,A2256W000054
1888,-57.854,342.865,0,0,1,3.50,A2256W000054
1889,-57.356,342.906,0,0,1,3.50,A2256W000054
1890,-56.858,342.947,0,0,1,3.50,A2256W000054
1891,-56.359,342.987,0,0,1,3.50,A2256W000054
1892,-55.861,343.028,0,0,1,3.50,A2256W000054
1893,-55.363,343.069,0,0,1,3.50,A2256W000054
1894,-54.864,343.110,0,0,1,3.50,A2256W000054
1895,-54.366,343.151,0,0,1,3.50,A2256W000054
1896,-53.868,343.191,0,0,1,3.50,A2256W000054
1897,-53.370,343.232,0,0,1,3.50,A2256W000054
1898,-52.871,343.270,0,0,1,3.50,A2256W000054
1899,-52.372,343.307,0,0,1,3.50,A2256W000054
1900,-51.874,343.344,0,0,1,3.50,A2256W000054
1901,-51.375,343.382,0,0,1,3.50,A2256W000054
1902,-50.877,343.419,0,0,1,3.50,A2256W000054
1903,-50.378,343.457,0,0,1,3.50,A2256W000054
1904,-49.879,343.494,0,0,1,3.50,A2256W000054
1905,-49.381,343.531,0,0,1,3.50,A2256W000054
1906,-48.882,343.569,0,0,1,3.50,A2256W000054
1907,-48.384,343.606,0,0,1,3.50,A2256W000054
1908,-47.885,343.644,0,0,1,3.50,A2256W000054
1909,-47.386,343.681,0,0,1,3.50,A2256W000054
1910,-46.888,343.719,0,0,1,3.50,A2256W000054
1911,-46.389,343.756,0,0,1,3.50,A2256W000054
1912,-45.891,343.793,0,0,1,3.50,A2256W000054
1913,-45.392,343.831,0,0,1,3.50,A2256W000054
1914,-44.893,343.868,0,0,1,3.50,A2256W000054
1915,-44.395,343.906,0,0,1,3.50,A2256W000054
1916,-43.896,343.943,0,0,1,3.50,A2256W000054
1917,-43.398,343.980,0,0,1,3.50,A2256W000054
1918,-42.899,344.018,0,0,1,3.50,A2256W000054
1919,-42.400,344.055,0,0,1,3.50,A2256W000054
1920,-41.902,344.093,0,0,1,3.50,A2256W000054
1921,-41.403,344.130,0,0,1,3.50,A2256W000054
1922,-40.905,344.168,0,0,1,3.50,A2256W000054
1923,-40.406,344.205,0,0,1,3.50,A2256W000054
1924,-39.907,344.242,0,0,1,3.50,A2256W000054
1925,-39.409,344.280,0,0,1,3.50,A2256W000054
1926,-38.910,344.317,0,0,1,3.50,A2256W000054
1927,-38.412,344.355,0,0,1,3.50,A2256W000054
1928,-37.913,344.392,0,0,1,3.50,A2256W000054
1929,-37.414,344.429,0,0,1,3.50,A2256W000054
1930,-36.916,344.467,0,0,1,3.50,A2256W000054
1931,-36.417,344.504,0,0,1,3.50,A2256W000054
1932,-35.918,344.534,0,0,1,3.50,A2256W000054
1933,-35.419,344.564,0,0,1,3.50,A2256W000054
1934,-34.920,344.593,0,0,1,3.50,A2256W000054
1935,-34.421,344.623,0,0,1,3.50,A2256W000054
1936,-33.922,344.653,0,0,1,3.50,A2256W000054
1937,-33.423,344.682,0,0,1,3.50,A2256W000054
1938,-32.923,344.712,0,0,1,3.50,A2256W000054
1939,-32.424,344.741,0,0,1,3.50,A2256W000054
1940,-31.925,344.771,0,0,1,3.50,A2256W000054
1941,-31.426,344.801,0,0,1,3.50,A2256W000054
1942,-30.927,344.830,0,0,1,3.50,A2256W000054
1943,-30.428,344.860,0,0,1,3.50,A2256W000054
1944,-29.929,344.890,0,0,1,3.50,A2256W000054
1945,-29.430,344.919,0,0,1,3.50,A2256W000054
1946,-28.931,344.949,0,0,1,3.50,A2256W000054
1947,-28.431,344.979,0,0,1,3.50,A2256W000054
1948,-27.932,345.008,0,0,1,3.50,A2256W000054
1949,-27.433,345.038,0,0,1,3.50,A2256W000054
1950,-26.934,345.068,0,0,1,3.50,A2256W000054
1951,-26.435,345.097,0,0,1,3.50,A2256W000054
1952,-25.936,345.127,0,0,1,3.50,A2256W000054
1953,-25.437,345.157,0,0,1,3.50,A2256W000054
1954,-24.938,345.186,0,0,1,3.50,A2256W000054
1955,-24.438,345.216,0,0,1,3.50,A2256W000054
1956,-23.939,345.246,0,0,1,3.50,A2256W000054
1957,-23.440,345.275,0,0,1,3.50,A2256W000054
1958,-22.941,345.305,0,0,1,3.50,A2256W000054
1959,-22.442,345.335,0,0,1,3.50,A2256W000054
1960,-21.943,345.364,0,0,1,3.50,A2256W000054
1961,-21.444,345.394,0,0,1,3.50,A2256W000054
1962,-20.945,345.424,0,0,1,3.50,A2256W000054
1963,-20.445,345.453,0,0,1,3.50,A2256W000054
1964,-19.946,345.483,0,0,1,3.50,A2256W000054
1965,-19.447,345.498,0,0,1,3.50,A2256W000054
1966,-18.947,345.512,0,0,1,3.50,A2256W000054
1967,-18.447,345.527,0,0,1,3.50,A2256W000054
1968,-17.947,345.542,0,0,1,3.50,A2256W000054
1969,-17.447,345.556,0,0,1,3.50,A2256W000054
1970,-16.948,345.571,0,0,1,3.50,A2256W000054
1971,-16.448,345.586,0,0,1,3.50,A2256W000054
1972,-15.948,345.601,0,0,1,3.50,A2256W000054
1973,-15.448,345.615,0,0,1,3.50,A2256W000054
1974,-14.949,345.630,0,0,1,3.50,A2256W000054
1975,-14.449,345.645,0,0,1,3.50,A2256W000054
1976,-13.949,345.659,0,0,1,3.50,A2256W000054
1977,-13.449,345.674,0,0,1,3.50,A2256W000054
1978,-12.949,345.689,0,0,1,3.50,A2256W000054
1979,-12.450,345.704,0,0,1,3.50,A2256W000054
1980,-11.950,345.718,0,0,1,3.50,A2256W000054
1981,-11.450,345.733,0,0,1,3.50,A2256W000054
1982,-11.339,345.736,0,0,1,3.50,A2256W000846
1983,-10.839,345.752,0,0,1,3.50,A2256W000846
1984,-10.339,345.761,0,0,1,3.50,A2256W000846
1985,-9.839,345.770,0,0,1,3.50,A2256W000846
1986,-9.339,345.775,0,0,1,3.50,A2256W000846
1987,-8.839,345.780,0,0,1,3.50,A2256W000846
1988,-8.339,345.785,0,0,1,3.50,A2256W000846
1989,-7.839,345.790,0,0,1,3.50,A2256W000846
1990,-7.339,345.790,0,0,1,3.50,A2256W000846
1991,-6.839,345.790,0,0,1,3.50,A2256W000846
1992,-6.339,345.790,0,0,1,3.50,A2256W000846
1993,-5.839,345.790,0,0,1,3.50,A2256W000846
1994,-5.339,345.787,0,0,1,3.50,A2256W000846
1995,-4.839,345.783,0,0,1,3.50,A2256W000846
1996,-4.339,345.780,0,0,1,3.50,A2256W000846
1997,-3.839,345.776,0,0,1,3.50,A2256W000846
1998,-3.339,345.772,0,0,1,3.50,A2256W000846
1999,-2.839,345.767,0,0,1,3.50,A2256W000846
2000,-2.339,345.763,0,0,1,3.50,A2256W000846
2001,-1.839,345.758,0,0,1,3.50,A2256W000846
2002,-1.339,345.754,0,0,1,3.50,A2256W000846
2003,-0.840,345.749,0,0,1,3.50,A2256W000846
2004,-0.340,345.745,0,0,1,3.50,A2256W000846
2005,0.160,345.735,0,0,1,3.50,A2256W000846
2006,0.660,345.726,0,0,1,3.50,A2256W000846
2007,1.160,345.717,0,0,1,3.50,A2256W000846
2008,1.660,345.708,0,0,1,3.50,A2256W000846
2009,2.160,345.698,0,0,1,3.50,A2256W000846
2010,2.660,345.689,0,0,1,3.50,A2256W000846
2011,3.159,345.666,0,0,1,3.50,A2256W000846
2012,3.659,345.644,0,0,1,3.50,A2256W000846
2013,4.158,345.621,0,0,1,3.50,A2256W000846
2014,4.658,345.599,0,0,1,3.50,A2256W000846
2015,5.157,345.566,0,0,1,3.50,A2256W000846
2016,5.656,345.533,0,0,1,3.50,A2256W000846
2017,6.155,345.500,0,0,1,3.50,A2256W000846
2018,6.654,345.467,0,0,1,3.50,A2256W000846
2019,7.151,345.420,0,0,1,3.50,A2256W000846
2020,7.649,345.372,0,0,1,3.50,A2256W000846
2021,8.147,345.325,0,0,1,3.50,A2256W000846
2022,8.643,345.266,0,0,1,3.50,A2256W000846
2023,9.140,345.207,0,0,1,3.50,A2256W000846
2024,9.636,345.148,0,0,1,3.50,A2256W000846
2025,10.131,345.076,0,0,1,3.50,A2256W000846
2026,10.626,345.004,0,0,1,3.50,A2256W000846
2027,11.121,344.931,0,0,1,3.50,A2256W000846
2028,11.613,344.844,0,0,1,3.50,A2256W000846
2029,12.105,344.757,0,0,1,3.50,A2256W000846
2030,12.598,344.670,0,0,1,3.50,A2256W000846
2031,13.087,344.569,0,0,1,3.50,A2256W000846
2032,13.577,344.467,0,0,1,3.50,A2256W000846
2033,14.067,344.366,0,0,1,3.50,A2256W000846
2034,14.552,344.246,0,0,1,3.50,A2256W000846
2035,15.037,344.127,0,0,1,3.50,A2256W000846
2036,15.523,344.007,0,0,1,3.50,A2256W000846
2037,16.005,343.873,0,0,1,3.50,A2256W000846
2038,16.486,343.739,0,0,1,3.50,A2256W000846
2039,16.968,343.606,0,0,1,3.50,A2256W000846
2040,17.450,343.472,0,0,1,3.50,A2256W000846
2041,17.926,343.318,0,0,1,3.50,A2256W000846
2042,18.401,343.163,0,0,1,3.50,A2256W000846
2043,18.877,343.009,0,0,1,3.50,A2256W000846
2044,19.348,342.841,0,0,1,3.50,A2256W000846
2045,19.819,342.673,0,0,1,3.50,A2256W000846
2046,20.290,342.505,0,0,1,3.50,A2256W000846
2047,20.761,342.337,0,0,1,3.50,A2256W000846
2048,21.225,342.152,0,0,1,3.50,A2256W000846
2049,21.689,341.966,0,0,1,3.50,A2256W000846
2050,22.153,341.780,0,0,1,3.50,A2256W000846
2051,22.618,341.594,0,0,1,3.50,A2256W000846
2052,23.073,341.389,0,0,1,3.50,A2256W000846
2053,23.529,341.183,0,0,1,3.50,A2256W000846
2054,23.985,340.977,0,0,1,3.50,A2256W000846
2055,24.432,340.753,0,0,1,3.50,A2256W000846
2056,24.879,340.529,0,0,1,3.50,A2256W000846
2057,25.326,340.305,0,0,1,3.50,A2256W000846
2058,25.773,340.081,0,0,1,3.50,A2256W000846
2059,26.212,339.842,0,0,1,3.50,A2256W000846
2060,26.651,339.603,0,0,1,3.50,A2256W000846
2061,27.090,339.364,0,0,1,3.50,A2256W000846
2062,27.529,339.124,0,0,1,3.50,A2256W000846
2063,27.960,338.871,0,0,1,3.50,A2256W000846
2064,28.391,338.617,0,0,1,3.50,A2256W000846
2065,28.822,338.364,0,0,1,3.50,A2256W000846
2066,29.253,338.110,0,0,1,3.50,A2256W000846
2067,29.678,337.848,0,0,1,3.50,A2256W000846
2068,30.104,337.585,0,0,1,3.50,A2256W000846
2069,30.529,337.322,0,0,1,3.50,A2256W000846
2070,30.946,337.046,0,0,1,3.50,A2256W000846
2071,31.363,336.770,0,0,1,3.50,A2256W000846
2072,31.779,336.493,0,0,1,3.50,A2256W000846
2073,32.196,336.217,0,0,1,3.50,A2256W000846
2074,32.602,335.925,0,0,1,3.50,A2256W000846
2075,33.008,335.634,0,0,1,3.50,A2256W000846
2076,33.414,335.342,0,0,1,3.50,A2256W000846
2077,33.811,335.038,0,0,1,3.50,A2256W000846
2078,34.207,334.733,0,0,1,3.50,A2256W000846
2079,34.604,334.428,0,0,1,3.50,A2256W000846
2080,34.991,334.111,0,0,1,3.50,A2256W000846
2081,35.377,333.795,0,0,1,3.50,A2256W000846
2082,35.764,333.478,0,0,1,3.50,A2256W000846
2083,36.151,333.161,0,0,1,3.50,A2256W000846
2084,36.528,332.832,0,0,1,3.50,A2256W000846
2085,36.904,332.503,0,0,1,3.50,A2256W000846
2086,37.281,332.174,0,0,1,3.50,A2256W000846
2087,37.657,331.845,0,0,1,3.50,A2256W000846
2088,38.022,331.503,0,0,1,3.50,A2256W000846
2089,38.386,331.161,0,0,1,3.50,A2256W000846
2090,38.751,330.818,0,0,1,3.50,A2256W000846
2091,39.115,330.476,0,0,1,3.50,A2256W000846
2092,39.467,330.120,0,0,1,3.50,A2256W000846
2093,39.818,329.764,0,0,1,3.50,A2256W000846
2094,40.169,329.409,0,0,1,3.50,A2256W000846
2095,40.504,329.038,0,0,1,3.50,A2256W000846
2096,40.839,328.667,0,0,1,3.50,A2256W000846
2097,41.174,328.295,0,0,1,3.50,A2256W000846
2098,41.510,327.924,0,0,1,3.50,A2256W000846
2099,41.835,327.544,0,0,1,3.50,A2256W000846
2100,42.160,327.164,0,0,1,3.50,A2256W000846
2101,42.485,326.785,0,0,1,3.50,A2256W000846
2102,42.810,326.405,0,0,1,3.50,A2256W000846
2103,43.135,326.025,0,0,1,3.50,A2256W000846
2104,43.460,325.645,0,0,1,3.50,A2256W000846
2105,43.767,325.250,0,0,1,3.50,A2256W000846
2106,44.074,324.855,0,0,1,3.50,A2256W000846
2107,44.381,324.461,0,0,1,3.50,A2256W000846
2108,44.677,324.058,0,0,1,3.50,A2256W000846
2109,44.973,323.655,0,0,1,3.50,A2256W000846
2110,45.269,323.252,0,0,1,3.50,A2256W000846
2111,45.565,322.849,0,0,1,3.50,A2256W000846
2112,45.862,322.447,0,0,1,3.50,A2256W000846
2113,46.144,322.034,0,0,1,3.50,A2256W000846
2114,46.427,321.622,0,0,1,3.50,A2256W000846
2115,46.710,321.210,0,0,1,3.50,A2256W000846
2116,46.993,320.797,0,0,1,3.50,A2256W000846
2117,47.262,320.376,0,0,1,3.50,A2256W000846
2118,47.531,319.954,0,0,1,3.50,A2256W000846
2119,47.800,319.533,0,0,1,3.50,A2256W000846
2120,48.069,319.111,0,0,1,3.50,A2256W000846
2121,48.326,318.683,0,0,1,3.50,A2256W000846
2122,48.584,318.254,0,0,1,3.50,A2256W000846
2123,48.842,317.826,0,0,1,3.50,A2256W000846
2124,49.091,317.392,0,0,1,3.50,A2256W000846
2125,49.341,316.959,0,0,1,3.50,A2256W000846
2126,49.590,316.526,0,0,1,3.50,A2256W000846
2127,49.840,316.093,0,0,1,3.50,A2256W000846
2128,50.078,315.653,0,0,1,3.50,A2256W000846
2129,50.317,315.214,0,0,1,3.50,A2256W000846
2130,50.556,314.775,0,0,1,3.50,A2256W000846
2131,50.795,314.335,0,0,1,3.50,A2256W000846
2132,51.034,313.896,0,0,1,3.50,A2256W000846
2133,51.272,313.457,0,0,1,3.50,A2256W000846
2134,51.491,313.007,0,0,1,3.50,A2256W000846
2135,51.709,312.557,0,0,1,3.50,A2256W000846
2136,51.927,312.107,0,0,1,3.50,A2256W000846
2137,52.145,311.657,0,0,1,3.50,A2256W000846
2138,52.363,311.207,0,0,1,3.50,A2256W000846
2139,52.581,310.757,0,0,1,3.50,A2256W000846
2140,52.800,310.308,0,0,1,3.50,A2256W000846
2141,53.018,309.858,0,0,1,3.50,A2256W000846
2142,53.236,309.408,0,0,1,3.50,A2256W000846
2143,53.433,308.948,0,0,1,3.50,A2256W000846
2144,53.630,308.489,0,0,1,3.50,A2256W000846
2145,53.828,308.029,0,0,1,3.50,A2256W000846
2146,54.025,307.570,0,0,1,3.50,A2256W000846
2147,54.222,307.111,0,0,1,3.50,A2256W000846
2148,54.419,306.651,0,0,1,3.50,A2256W000846
2149,54.616,306.192,0,0,1,3.50,A2256W000846
2150,54.785,305.721,0,0,1,3.50,A2256W000846
2151,54.954,305.250,0,0,1,3.50,A2256W000846
2152,55.123,304.780,0,0,1,3.50,A2256W000846
2153,55.291,304.309,0,0,1,3.50,A2256W000846
2154,55.460,303.838,0,0,1,3.50,A2256W000846
2155,55.629,303.367,0,0,1,3.50,A2256W000846
2156,55.797,302.897,0,0,1,3.50,A2256W000846
2157,55.936,302.417,0,0,1,3.50,A2256W000846
2158,56.075,301.936,0,0,1,3.50,A2256W000846
2159,56.214,301.456,0,0,1,3.50,A2256W000846
2160,56.353,300.976,0,0,1,3.50,A2256W000846
2161,56.493,300.495,0,0,1,3.50,A2256W000846
2162,56.632,300.015,0,0,1,3.50,A2256W000846
2163,56.771,299.535,0,0,1,3.50,A2256W000846
2164,56.910,299.055,0,0,1,3.50,A2256W000846
2165,57.049,298.574,0,0,1,3.50,A2256W000846
2166,57.188,298.094,0,0,1,3.50,A2256W000846
2167,57.320,297.612,0,0,1,3.50,A2256W000846
2168,57.451,297.129,0,0,1,3.50,A2256W000846
2169,57.583,296.647,0,0,1,3.50,A2256W000846
2170,57.715,296.165,0,0,1,3.50,A2256W000846
2171,57.847,295.682,0,0,1,3.50,A2256W000846
2172,57.978,295.200,0,0,1,3.50,A2256W000846
2173,58.094,294.714,0,0,1,3.50,A2256W000846
2174,58.210,294.227,0,0,1,3.50,A2256W000846
2175,58.327,293.741,0,0,1,3.50,A2256W000846
2176,58.443,293.255,0,0,1,3.50,A2256W000846
2177,58.559,292.768,0,0,1,3.50,A2256W000846
2178,58.675,292.282,0,0,1,3.50,A2256W000846
2179,58.791,291.796,0,0,1,3.50,A2256W000846
2180,58.907,291.309,0,0,1,3.50,A2256W000846
2181,59.009,290.820,0,0,1,3.50,A2256W000846
2182,59.112,290.331,0,0,1,3.50,A2256W000846
2183,59.215,289.841,0,0,1,3.50,A2256W000846
2184,59.317,289.352,0,0,1,3.50,A2256W000846
2185,59.420,288.863,0,0,1,3.50,A2256W000846
2186,59.523,288.373,0,0,1,3.50,A2256W000846
2187,59.625,287.884,0,0,1,3.50,A2256W000846
2188,59.728,287.395,0,0,1,3.50,A2256W000846
2189,59.831,286.905,0,0,1,3.50,A2256W000846
2190,59.908,286.411,0,0,1,3.50,A2256W000846
2191,59.985,285.917,0,0,1,3.50,A2256W000846
2192,60.063,285.423,0,0,1,3.50,A2256W000846
2193,60.140,284.929,0,0,1,3.50,A2256W000846
2194,60.218,284.435,0,0,1,3.50,A2256W000846
2195,60.295,283.941,0,0,1,3.50,A2256W000846
2196,60.372,283.447,0,0,1,3.50,A2256W000846
2197,60.450,282.953,0,0,1,3.50,A2256W000846
2198,60.515,282.458,0,0,1,3.50,A2256W000846
2199,60.581,281.962,0,0,1,3.50,A2256W000846
2200,60.647,281.466,0,0,1,3.50,A2256W000846
2201,60.712,280.971,0,0,1,3.50,A2256W000846
2202,60.778,280.475,0,0,1,3.50,A2256W000846
2203,60.843,279.979,0,0,1,3.50,A2256W000846
2204,60.909,279.484,0,0,1,3.50,A2256W000846
2205,60.960,278.986,0,0,1,3.50,A2256W000846
2206,61.010,278.489,0,0,1,3.50,A2256W000846
2207,61.061,277.991,0,0,1,3.50,A2256W000846
2208,61.107,277.494,0,0,1,3.50,A2256W000846
2209,61.154,276.996,0,0,1,3.50,A2256W000846
2210,61.200,276.498,0,0,1,3.50,A2256W000846
2211,61.246,276.000,0,0,1,3.50,A2256W000846
2212,61.293,275.502,0,0,1,3.50,A2256W000846
2213,61.339,275.004,0,0,1,3.50,A2256W000846
2214,61.382,274.506,0,0,1,3.50,A2256W000846
2215,61.424,274.008,0,0,1,3.50,A2256W000846
2216,61.467,273.510,0,0,1,3.50,A2256W000846
2217,61.509,273.012,0,0,1,3.50,A2256W000846
2218,61.552,272.513,0,0,1,3.50,A2256W000846
2219,61.595,272.015,0,0,1,3.50,A2256W000846
2220,61.627,271.516,0,0,1,3.50,A2256W000846
2221,61.659,271.017,0,0,1,3.50,A2256W000846
2222,61.691,270.518,0,0,1,3.50,A2256W000846
2223,61.723,270.019,0,0,1,3.50,A2256W000846
2224,61.755,269.520,0,0,1,3.50,A2256W000846
2225,61.779,269.021,0,0,1,3.50,A2256W000846
2226,61.802,268.522,0,0,1,3.50,A2256W000846
2227,61.826,268.022,0,0,1,3.50,A2256W000846
2228,61.850,267.523,0,0,1,3.50,A2256W000846
2229,61.874,267.023,0,0,1,3.50,A2256W000846
2230,61.885,266.523,0,0,1,3.50,A2256W000846
2231,61.896,266.024,0,0,1,3.50,A2256W000846
2232,61.907,265.524,0,0,1,3.50,A2256W000846
2233,61.918,265.024,0,0,1,3.50,A2256W000846
2234,61.929,264.524,0,0,1,3.50,A2256W000846
2235,61.940,264.024,0,0,1,3.50,A2256W000846
2236,61.950,263.524,0,0,1,3.50,A2256W000846
2237,61.961,263.024,0,0,1,3.50,A2256W000846
2238,61.970,262.524,0,0,1,3.50,A2256W000846
2239,61.979,262.024,0,0,1,3.50,A2256W000846
2240,61.987,261.524,0,0,1,3.50,A2256W000846
2241,61.996,261.025,0,0,1,3.50,A2256W000846
2242,62.004,260.525,0,0,1,3.50,A2256W000846
2243,62.013,260.025,0,0,1,3.50,A2256W000846
2244,62.022,259.525,0,0,1,3.50,A2256W000846
2245,62.030,259.025,0,0,1,3.50,A2256W000846
2246,62.039,258.525,0,0,1,3.50,A2256W000846
2247,62.048,258.025,0,0,1,3.50,A2256W000846
2248,62.056,257.525,0,0,1,3.50,A2256W000846
2249,62.065,257.025,0,0,1,3.50,A2256W000846
2250,62.073,256.525,0,0,1,3.50,A2256W000846
2251,62.074,256.495,0,1,5,3.50,A2256W000411
2252,62.081,255.995,0,1,5,3.50,A2256W000411
2253,62.089,255.495,0,1,5,3.50,A2256W000411
2254,62.097,254.995,0,1,5,3.50,A2256W000411
2255,62.104,254.495,0,1,5,3.50,A2256W000411
2256,62.112,253.995,0,1,5,3.50,A2256W000411
2257,62.122,253.495,0,1,5,3.50,A2256W000411
2258,62.131,252.995,0,1,5,3.50,A2256W000411
2259,62.141,252.496,0,1,5,3.50,A2256W000411
2260,62.151,251.996,0,1,5,3.50,A2256W000411
2261,62.157,251.496,0,1,5,3.50,A2256W000411
2262,62.164,250.996,0,1,5,3.50,A2256W000411
2263,62.171,250.496,0,1,5,3.50,A2256W000411
2264,62.177,249.996,0,1,5,3.50,A2256W000411
2265,62.184,249.496,0,1,5,3.50,A2256W000411
2266,62.191,248.996,0,1,5,3.50,A2256W000411
2267,62.200,248.496,0,1,5,3.50,A2256W000411
2268,62.209,247.996,0,1,5,3.50,A2256W000411
2269,62.218,247.496,0,1,5,3.50,A2256W000411
2270,62.227,246.996,0,1,5,3.50,A2256W000411
2271,62.237,246.496,0,1,5,3.50,A2256W000411
2272,62.246,245.996,0,1,5,3.50,A2256W000411
2273,62.255,245.496,0,1,5,3.50,A2256W000411
2274,62.264,244.997,0,1,5,3.50,A2256W000411
2275,62.274,244.497,0,1,5,3.50,A2256W000411
2276,62.283,243.997,0,1,5,3.50,A2256W000411
2277,62.287,243.497,0,1,5,3.50,A2256W000411
2278,62.292,242.997,0,1,5,3.50,A2256W000411
2279,62.296,242.497,0,1,5,3.50,A2256W000411
2280,62.300,241.997,0,1,5,3.50,A2256W000411
2281,62.305,241.497,0,1,5,3.50,A2256W000411
2282,62.307,240.997,0,1,5,3.50,A2256W000411
2283,62.308,240.497,0,1,5,3.50,A2256W000411
2284,62.310,239.997,0,1,5,3.50,A2256W000411
2285,62.312,239.497,0,1,5,3.50,A2256W000411
2286,62.314,238.997,0,1,5,3.50,A2256W000411
2287,62.314,238.497,0,1,5,3.50,A2256W000411
2288,62.314,237.997,0,1,5,3.50,A2256W000411
2289,62.314,237.497,0,1,5,3.50,A2256W000411
2290,62.314,236.997,0,1,5,3.50,A2256W000411
2291,62.314,236.497,0,1,5,3.50,A2256W000411
2292,62.319,235.997,0,1,5,3.50,A2256W000411
2293,62.324,235.497,0,1,5,3.50,A2256W000411
2294,62.330,234.997,0,1,5,3.50,A2256W000411
2295,62.335,234.497,0,1,5,3.50,A2256W000411
2296,62.340,233.997,0,1,5,3.50,A2256W000411
2297,62.339,233.497,0,1,5,3.50,A2256W000411
2298,62.339,232.997,0,1,5,3.50,A2256W000411
2299,62.338,232.497,0,1,5,3.50,A2256W000411
2300,62.337,231.997,0,1,5,3.50,A2256W000411
2301,62.337,231.497,0,1,5,3.50,A2256W000411
2302,62.344,230.997,0,1,5,3.50,A2256W000411
2303,62.351,230.497,0,1,5,3.50,A2256W000411
2304,62.358,229.997,0,1,5,3.50,A2256W000411
2305,62.365,229.497,0,1,5,3.50,A2256W000411
2306,62.372,228.997,0,1,5,3.50,A2256W000411
2307,62.375,228.497,0,1,5,3.50,A2256W000411
2308,62.378,227.997,0,1,5,3.50,A2256W000411
2309,62.381,227.497,0,1,5,3.50,A2256W000411
2310,62.384,226.997,0,1,5,3.50,A2256W000411
2311,62.385,226.497,0,1,5,3.50,A2256W000411
2312,62.387,225.997,0,1,5,3.50,A2256W000411
2313,62.388,225.497,0,1,5,3.50,A2256W000411
2314,62.389,224.997,0,1,5,3.50,A2256W000411
2315,62.390,224.497,0,1,5,3.50,A2256W000411
2316,62.391,223.997,0,1,5,3.50,A2256W000411
2317,62.392,223.497,0,1,5,3.50,A2256W000411
2318,62.393,222.997,0,1,5,3.50,A2256W000411
2319,62.394,222.497,0,1,5,3.50,A2256W000411
2320,62.395,221.997,0,1,5,3.50,A2256W000411
2321,62.396,221.497,0,1,5,3.50,A2256W000411
2322,62.397,220.997,0,1,5,3.50,A2256W000411
2323,62.398,220.497,0,1,5,3.50,A2256W000411
2324,62.399,219.997,0,1,5,3.50,A2256W000411
2325,62.400,219.497,0,1,5,3.50,A2256W000411
2326,62.401,218.997,0,1,5,3.50,A2256W000411
2327,62.407,218.497,0,1,5,3.50,A2256W000411
2328,62.414,217.997,0,1,5,3.50,A2256W000411
2329,62.420,217.497,0,1,5,3.50,A2256W000411
2330,62.426,216.997,0,1,5,3.50,A2256W000411
2331,62.433,216.498,0,1,5,3.50,A2256W000411
2332,62.433,215.998,0,1,5,3.50,A2256W000411
2333,62.433,215.498,0,1,5,3.50,A2256W000411
2334,62.434,214.998,0,1,5,3.50,A2256W000411
2335,62.434,214.498,0,1,5,3.50,A2256W000411
2336,62.435,213.998,0,1,5,3.50,A2256W000411
2337,62.440,213.498,0,1,5,3.50,A2256W000411
2338,62.445,212.998,0,1,5,3.50,A2256W000411
2339,62.450,212.498,0,1,5,3.50,A2256W000411
2340,62.455,211.998,0,1,5,3.50,A2256W000411
2341,62.460,211.498,0,1,5,3.50,A2256W000411
2342,62.460,210.998,0,1,5,3.50,A2256W000411
2343,62.460,210.498,0,1,5,3.50,A2256W000411
2344,62.460,209.998,0,1,5,3.50,A2256W000411
2345,62.460,209.498,0,1,5,3.50,A2256W000411
2346,62.459,208.998,0,1,5,3.50,A2256W000411
2347,62.460,208.498,0,1,5,3.50,A2256W000411
2348,62.460,207.998,0,1,5,3.50,A2256W000411
2349,62.461,207.498,0,1,5,3.50,A2256W000411
2350,62.462,206.998,0,1,5,3.50,A2256W000411
2351,62.466,206.498,0,1,5,3.50,A2256W000411
2352,62.470,205.998,0,1,5,3.50,A2256W000411
2353,62.474,205.498,0,1,5,3.50,A2256W000411
2354,62.478,204.998,0,1,5,3.50,A2256W000411
2355,62.483,204.498,0,1,5,3.50,A2256W000411
2356,62.487,203.998,0,1,5,3.50,A2256W000411
2357,62.490,203.498,0,1,5,3.50,A2256W000411
2358,62.492,202.998,0,1,5,3.50,A2256W000411
2359,62.495,202.498,0,1,5,3.50,A2256W000411
2360,62.497,201.998,0,1,5,3.50,A2256W000411
2361,62.500,201.498,0,1,5,3.50,A2256W000411
2362,62.500,200.998,0,1,5,3.50,A2256W000411
2363,62.501,200.498,0,1,5,3.50,A2256W000411
2364,62.501,199.998,0,1,5,3.50,A2256W000411
2365,62.502,199.498,0,1,5,3.50,A2256W000411
2366,62.502,198.998,0,1,5,3.50,A2256W000411
2367,62.507,198.498,0,1,5,3.50,A2256W000411
2368,62.512,197.998,0,1,5,3.50,A2256W000411
2369,62.517,197.498,0,1,5,3.50,A2256W000411
2370,62.522,196.998,0,1,5,3.50,A2256W000411
2371,62.527,196.498,0,1,5,3.50,A2256W000411
2372,62.529,195.998,0,1,5,3.50,A2256W000411
2373,62.531,195.498,0,1,5,3.50,A2256W000411
2374,62.533,194.998,0,1,5,3.50,A2256W000411
2375,62.535,194.498,0,1,5,3.50,A2256W000411
2376,62.537,193.998,0,1,5,3.50,A2256W000411
2377,62.539,193.498,0,1,5,3.50,A2256W000411
2378,62.541,192.998,0,1,5,3.50,A2256W000411
2379,62.544,192.498,0,1,5,3.50,A2256W000411
2380,62.546,191.998,0,1,5,3.50,A2256W000411
2381,62.548,191.498,0,1,5,3.50,A2256W000411
2382,62.550,190.998,0,1,5,3.50,A2256W000411
2383,62.552,190.498,0,1,5,3.50,A2256W000411
2384,62.554,189.998,0,1,5,3.50,A2256W000411
2385,62.556,189.498,0,1,5,3.50,A2256W000411
2386,62.558,188.998,0,1,5,3.50,A2256W000411
2387,62.560,188.498,0,1,5,3.50,A2256W000411
2388,62.562,187.998,0,1,5,3.50,A2256W000411
2389,62.564,187.498,0,1,5,3.50,A2256W000411
2390,62.566,186.998,0,1,5,3.50,A2256W000411
2391,62.568,186.498,0,1,5,3.50,A2256W000411
2392,62.572,185.998,0,1,5,3.50,A2256W000411
2393,62.575,185.498,0,1,5,3.50,A2256W000411
2394,62.578,184.998,0,1,5,3.50,A2256W000411
2395,62.581,184.498,0,1,5,3.50,A2256W000411
2396,62.584,183.998,0,1,5,3.50,A2256W000411
2397,62.587,183.498,0,1,5,3.50,A2256W000411
2398,62.591,182.998,0,1,5,3.50,A2256W000411
2399,62.594,182.498,0,1,5,3.50,A2256W000411
2400,62.597,181.998,0,1,5,3.50,A2256W000411
2401,62.600,181.498,0,1,5,3.50,A2256W000411
2402,62.603,180.998,0,1,5,3.50,A2256W000411
2403,62.606,180.498,0,1,5,3.50,A2256W000411
2404,62.610,179.998,0,1,5,3.50,A2256W000411
2405,62.613,179.498,0,1,5,3.50,A2256W000411
2406,62.616,178.998,0,1,5,3.50,A2256W000411
2407,62.619,178.498,0,1,5,3.50,A2256W000411
2408,62.622,177.998,0,1,5,3.50,A2256W000411
2409,62.625,177.498,0,1,5,3.50,A2256W000411
2410,62.628,176.998,0,1,5,3.50,A2256W000411
2411,62.632,176.498,0,1,5,3.50,A2256W000411
2412,62.640,175.998,0,1,5,3.50,A2256W000411
2413,62.648,175.498,0,1,5,3.50,A2256W000411
2414,62.657,174.998,0,1,5,3.50,A2256W000411
2415,62.665,174.499,0,1,5,3.50,A2256W000411
2416,62.673,173.999,0,1,5,3.50,A2256W000411
2417,62.682,173.499,0,1,5,3.50,A2256W000411
2418,62.690,172.999,0,1,5,3.50,A2256W000411
2419,62.698,172.499,0,1,5,3.50,A2256W000411
2420,62.707,171.999,0,1,5,3.50,A2256W000411
2421,62.715,171.499,0,1,5,3.50,A2256W000411
2422,62.724,170.999,0,1,5,3.50,A2256W000411
2423,62.732,170.499,0,1,5,3.50,A2256W000411
2424,62.740,169.999,0,1,5,3.50,A2256W000411
2425,62.749,169.499,0,1,5,3.50,A2256W000411
2426,62.757,168.999,0,1,5,3.50,A2256W000411
2427,62.770,168.499,0,1,5,3.50,A2256W000411
2428,62.782,168.000,0,1,5,3.50,A2256W000411
2429,62.795,167.500,0,1,5,3.50,A2256W000411
2430,62.808,167.000,0,1,5,3.50,A2256W000411
2431,62.820,166.500,0,1,5,3.50,A2256W000411
2432,62.833,166.000,0,1,5,3.50,A2256W000411
2433,62.846,165.500,0,1,5,3.50,A2256W000411
2434,62.859,165.001,0,1,5,3.50,A2256W000411
2435,62.871,164.501,0,1,5,3.50,A2256W000411
2436,62.884,164.001,0,1,5,3.50,A2256W000411
2437,62.897,163.501,0,1,5,3.50,A2256W000411
2438,62.909,163.001,0,1,5,3.50,A2256W000411
2439,62.922,162.501,0,1,5,3.50,A2256W000411
2440,62.935,162.002,0,1,5,3.50,A2256W000411
2441,62.954,161.502,0,1,5,3.50,A2256W000411
2442,62.974,161.002,0,1,5,3.50,A2256W000411
2443,62.994,160.503,0,1,5,3.50,A2256W000411
2444,63.013,160.003,0,1,5,3.50,A2256W000411
2445,63.033,159.503,0,1,5,3.50,A2256W000411
2446,63.052,159.004,0,1,5,3.50,A2256W000411
2447,63.072,158.504,0,1,5,3.50,A2256W000411
2448,63.092,158.005,0,1,5,3.50,A2256W000411
2449,63.111,157.505,0,1,5,3.50,A2256W000411
2450,63.131,157.005,0,1,5,3.50,A2256W000411
2451,63.150,156.506,0,1,5,3.50,A2256W000411
2452,63.174,156.006,0,1,5,3.50,A2256W000411
2453,63.199,155.507,0,1,5,3.50,A2256W000411
2454,63.223,155.008,0,1,5,3.50,A2256W000411
2455,63.247,154.508,0,1,5,3.50,A2256W000411
2456,63.271,154.009,0,1,5,3.50,A2256W000411
2457,63.295,153.509,0,1,5,3.50,A2256W000411
2458,63.319,153.010,0,1,5,3.50,A2256W000411
2459,63.343,152.510,0,1,5,3.50,A2256W000411
2460,63.367,152.011,0,1,5,3.50,A2256W000411
2461,63.391,151.512,0,1,5,3.50,A2256W000411
2462,63.417,151.012,0,1,5,3.50,A2256W000411
2463,63.444,150.513,0,1,5,3.50,A2256W000411
2464,63.470,150.014,0,1,5,3.50,A2256W000411
2465,63.497,149.514,0,1,5,3.50,A2256W000411
2466,63.523,149.015,0,1,5,3.50,A2256W000411
2467,63.550,148.516,0,1,5,3.50,A2256W000411
2468,63.576,148.016,0,1,5,3.50,A2256W000411
2469,63.603,147.517,0,1,5,3.50,A2256W000411
2470,63.629,147.018,0,1,5,3.50,A2256W000411
2471,63.659,146.519,0,1,5,3.50,A2256W000411
2472,63.689,146.020,0,1,5,3.50,A2256W000411
2473,63.720,145.521,0,1,5,3.50,A2256W000411
2474,63.750,145.022,0,1,5,3.50,A2256W000411
2475,63.780,144.522,0,1,5,3.50,A2256W000411
2476,63.810,144.023,0,1,5,3.50,A2256W000411
2477,63.840,143.524,0,1,5,3.50,A2256W000411
2478,63.870,143.025,0,1,5,3.50,A2256W000411
2479,63.900,142.526,0,1,5,3.50,A2256W000411
2480,63.931,142.027,0,1,5,3.50,A2256W000411
2481,63.961,141.528,0,1,5,3.50,A2256W000411
2482,63.993,141.029,0,1,5,3.50,A2256W000411
2483,64.026,140.530,0,1,5,3.50,A2256W000411
2484,64.058,140.031,0,1,5,3.50,A2256W000411
2485,64.091,139.532,0,1,5,3.50,A2256W000411
2486,64.123,139.033,0,1,5,3.50,A2256W000411
2487,64.156,138.534,0,1,5,3.50,A2256W000411
2488,64.188,138.035,0,1,5,3.50,A2256W000411
2489,64.221,137.536,0,1,5,3.50,A2256W000411
2490,64.253,137.037,0,1,5,3.50,A2256W000411
2491,64.280,136.538,0,1,5,3.50,A2256W000411
2492,64.307,136.039,0,1,5,3.50,A2256W000411
2493,64.333,135.540,0,1,5,3.50,A2256W000411
2494,64.360,135.040,0,1,5,3.50,A2256W000411
2495,64.386,134.541,0,1,5,3.50,A2256W000411
2496,64.413,134.042,0,1,5,3.50,A2256W000411
2497,64.440,133.542,0,1,5,3.50,A2256W000411
2498,64.466,133.043,0,1,5,3.50,A2256W000411
2499,64.493,132.544,0,1,5,3.50,A2256W000411
2500,64.520,132.045,0,1,5,3.50,A2256W000411
2501,64.548,131.545,0,1,5,3.50,A2256W000411
2502,64.577,131.046,0,1,5,3.50,A2256W000411
2503,64.606,130.547,0,1,5,3.50,A2256W000411
2504,64.635,130.048,0,1,5,3.50,A2256W000411
2505,64.664,129.549,0,1,5,3.50,A2256W000411
2506,64.692,129.050,0,1,5,3.50,A2256W000411
2507,64.721,128.550,0,1,5,3.50,A2256W000411
2508,64.750,128.051,0,1,5,3.50,A2256W000411
2509,64.779,127.552,0,1,5,3.50,A2256W000411
2510,64.808,127.053,0,1,5,3.50,A2256W000411
2511,64.836,126.554,0,1,5,3.50,A2256W000411
2512,64.866,126.055,0,1,5,3.50,A2256W000411
2513,64.896,125.555,0,1,5,3.50,A2256W000411
2514,64.925,125.056,0,1,5,3.50,A2256W000411
2515,64.955,124.557,0,1,5,3.50,A2256W000411
2516,64.984,124.058,0,1,5,3.50,A2256W000411
2517,65.014,123.559,0,1,5,3.50,A2256W000411
2518,65.044,123.060,0,1,5,3.50,A2256W000411
2519,65.073,122.561,0,1,5,3.50,A2256W000411
2520,65.103,122.062,0,1,5,3.50,A2256W000411
2521,65.133,121.562,0,1,5,3.50,A2256W000411
2522,65.161,121.063,0,1,5,3.50,A2256W000411
2523,65.190,120.564,0,1,5,3.50,A2256W000411
2524,65.218,120.065,0,1,5,3.50,A2256W000411
2525,65.247,119.566,0,1,5,3.50,A2256W000411
2526,65.275,119.067,0,1,5,3.50,A2256W000411
2527,65.304,118.567,0,1,5,3.50,A2256W000411
2528,65.332,118.068,0,1,5,3.50,A2256W000411
2529,65.361,117.569,0,1,5,3.50,A2256W000411
2530,65.389,117.070,0,1,5,3.50,A2256W000411
2531,65.421,116.571,0,1,5,3.50,A2256W000411
2532,65.452,116.072,0,1,5,3.50,A2256W000411
2533,65.483,115.573,0,1,5,3.50,A2256W000411
2534,65.514,115.074,0,1,5,3.50,A2256W000411
2535,65.545,114.575,0,1,5,3.50,A2256W000411
2536,65.576,114.076,0,1,5,3.50,A2256W000411
2537,65.607,113.577,0,1,5,3.50,A2256W000411
2538,65.639,113.078,0,1,5,3.50,A2256W000411
2539,65.670,112.579,0,1,5,3.50,A2256W000411
2540,65.699,112.079,0,1,5,3.50,A2256W000411
2541,65.728,111.580,0,1,5,3.50,A2256W000411
2542,65.756,111.081,0,1,5,3.50,A2256W000411
2543,65.785,110.582,0,1,5,3.50,A2256W000411
2544,65.814,110.083,0,1,5,3.50,A2256W000411
2545,65.843,109.584,0,1,5,3.50,A2256W000411
2546,65.872,109.084,0,1,5,3.50,A2256W000411
2547,65.901,108.585,0,1,5,3.50,A2256W000411
2548,65.930,108.086,0,1,5,3.50,A2256W000411
2549,65.959,107.587,0,1,5,3.50,A2256W000411
2550,65.987,107.088,0,1,5,3.50,A2256W000411
2551,66.019,106.589,0,1,5,3.50,A2256W000411
2552,66.050,106.090,0,1,5,3.50,A2256W000411
2553,66.081,105.591,0,1,5,3.50,A2256W000411
2554,66.113,105.092,0,1,5,3.50,A2256W000411
2555,66.144,104.593,0,1,5,3.50,A2256W000411
2556,66.175,104.094,0,1,5,3.50,A2256W000411
2557,66.207,103.595,0,1,5,3.50,A2256W000411
2558,66.238,103.096,0,1,5,3.50,A2256W000411
2559,66.269,102.597,0,1,5,3.50,A2256W000411
2560,66.300,102.098,0,1,5,3.50,A2256W000411
2561,66.327,101.598,0,1,5,3.50,A2256W000411
2562,66.353,101.099,0,1,5,3.50,A2256W000411
2563,66.379,100.600,0,1,5,3.50,A2256W000411
2564,66.405,100.100,0,1,5,3.50,A2256W000411
2565,66.431,99.601,0,1,5,3.50,A2256W000411
2566,66.457,99.102,0,1,5,3.50,A2256W000411
2567,66.483,98.602,0,1,5,3.50,A2256W000411
2568,66.509,98.103,0,1,5,3.50,A2256W000411
2569,66.536,97.604,0,1,5,3.50,A2256W000411
2570,66.556,97.104,0,1,5,3.50,A2256W000411
2571,66.577,96.605,0,1,5,3.50,A2256W000411
2572,66.598,96.105,0,1,5,3.50,A2256W000411
2573,66.619,95.605,0,1,5,3.50,A2256W000411
2574,66.639,95.106,0,1,5,3.50,A2256W000411
2575,66.660,94.606,0,1,5,3.50,A2256W000411
2576,66.681,94.107,0,1,5,3.50,A2256W000411
2577,66.702,93.607,0,1,5,3.50,A2256W000411
2578,66.722,93.108,0,1,5,3.50,A2256W000411
2579,66.743,92.608,0,1,5,3.50,A2256W000411
2580,66.764,92.108,0,1,5,3.50,A2256W000411
2581,66.785,91.609,0,1,5,3.50,A2256W000411
2582,66.806,91.109,0,1,5,3.50,A2256W000411
2583,66.826,90.610,0,1,5,3.50,A2256W000411
2584,66.847,90.110,0,1,5,3.50,A2256W000411
2585,66.868,89.611,0,1,5,3.50,A2256W000411
2586,66.885,89.198,1,1,4,3.50,A2256W000409
2587,66.890,88.698,0,1,4,3.50,A2256W000420
2588,66.895,88.198,0,1,4,3.50,A2256W000420
2589,66.900,87.698,0,1,4,3.50,A2256W000420
2590,66.905,87.198,0,1,4,3.50,A2256W000420
2591,66.910,86.698,0,1,4,3.50,A2256W000420
2592,66.915,86.198,0,1,4,3.50,A2256W000420
2593,66.920,85.698,0,1,4,3.50,A2256W000420
2594,66.925,85.198,0,1,4,3.50,A2256W000420
2595,66.931,84.698,0,1,4,3.50,A2256W000420
2596,66.936,84.198,0,1,4,3.50,A2256W000420
2597,66.941,83.698,0,1,4,3.50,A2256W000420
2598,66.946,83.198,0,1,4,3.50,A2256W000420
2599,66.951,82.698,0,1,4,3.50,A2256W000420
2600,66.956,82.198,0,1,4,3.50,A2256W000420
2601,66.961,81.698,0,1,4,3.50,A2256W000420
2602,66.966,81.198,0,1,4,3.50,A2256W000420
2603,66.971,80.698,0,1,4,3.50,A2256W000420
2604,66.976,80.198,0,1,4,3.50,A2256W000420
2605,66.981,79.698,0,1,4,3.50,A2256W000420
2606,66.986,79.198,0,1,4,3.50,A2256W000420
2607,66.988,78.698,0,1,4,3.50,A2256W000420
2608,66.989,78.198,0,1,4,3.50,A2256W000420
2609,66.991,77.698,0,1,4,3.50,A2256W000420
2610,66.993,77.198,0,1,4,3.50,A2256W000420
2611,66.994,76.698,0,1,4,3.50,A2256W000420
2612,66.996,76.198,0,1,4,3.50,A2256W000420
2613,66.997,75.698,0,1,4,3.50,A2256W000420
2614,66.999,75.198,0,1,4,3.50,A2256W000420
2615,67.000,74.698,0,1,4,3.50,A2256W000420
2616,67.005,74.198,0,1,4,3.50,A2256W000420
2617,67.009,73.699,0,1,4,3.50,A2256W000420
2618,67.014,73.199,0,1,4,3.50,A2256W000420
2619,67.018,72.699,0,1,4,3.50,A2256W000420
2620,67.022,72.199,0,1,4,3.50,A2256W000420
2621,67.027,71.699,0,1,4,3.50,A2256W000420
2622,67.031,71.199,0,1,4,3.50,A2256W000420
2623,67.035,70.699,0,1,4,3.50,A2256W000420
2624,67.038,70.199,0,1,4,3.50,A2256W000420
2625,67.041,69.699,0,1,4,3.50,A2256W000420
2626,67.044,69.199,0,1,4,3.50,A2256W000420
2627,67.047,68.699,0,1,4,3.50,A2256W000420
2628,67.051,68.199,0,1,4,3.50,A2256W000420
2629,67.054,67.699,0,1,4,3.50,A2256W000420
2630,67.057,67.199,0,1,4,3.50,A2256W000420
2631,67.060,66.699,0,1,4,3.50,A2256W000420
2632,67.063,66.199,0,1,4,3.50,A2256W000420
2633,67.067,65.699,0,1,4,3.50,A2256W000420
2634,67.070,65.199,0,1,4,3.50,A2256W000420
2635,67.073,64.699,0,1,4,3.50,A2256W000420
2636,67.076,64.199,0,1,4,3.50,A2256W000420
2637,67.080,63.699,0,1,4,3.50,A2256W000420
2638,67.083,63.199,0,1,4,3.50,A2256W000420
2639,67.086,62.699,0,1,4,3.50,A2256W000420
2640,67.089,62.199,0,1,4,3.50,A2256W000420
2641,67.092,61.699,0,1,4,3.50,A2256W000420
2642,67.096,61.199,0,1,4,3.50,A2256W000420
2643,67.099,60.699,0,1,4,3.50,A2256W000420
2644,67.102,60.199,0,1,4,3.50,A2256W000420
2645,67.105,59.699,0,1,4,3.50,A2256W000420
2646,67.109,59.199,0,1,4,3.50,A2256W000420
2647,67.112,58.699,0,1,4,3.50,A2256W000420
2648,67.114,58.199,0,1,4,3.50,A2256W000420
2649,67.115,57.699,0,1,4,3.50,A2256W000420
2650,67.117,57.199,0,1,4,3.50,A2256W000420
2651,67.119,56.699,0,1,4,3.50,A2256W000420
2652,67.121,56.199,0,1,4,3.50,A2256W000420
2653,67.123,55.699,0,1,4,3.50,A2256W000420
2654,67.125,55.199,0,1,4,3.50,A2256W000420
2655,67.127,54.699,0,1,4,3.50,A2256W000420
2656,67.129,54.199,0,1,4,3.50,A2256W000420
2657,67.131,53.699,0,1,4,3.50,A2256W000420
2658,67.132,53.199,0,1,4,3.50,A2256W000420
2659,67.134,52.699,0,1,4,3.50,A2256W000420
2660,67.136,52.199,0,1,4,3.50,A2256W000420
2661,67.138,51.699,0,1,4,3.50,A2256W000420
2662,67.140,51.199,0,1,4,3.50,A2256W000420
2663,67.142,50.699,0,1,4,3.50,A2256W000420
2664,67.145,50.199,0,1,4,3.50,A2256W000420
2665,67.148,49.699,0,1,4,3.50,A2256W000420
2666,67.151,49.199,0,1,4,3.50,A2256W000420
2667,67.154,48.699,0,1,4,3.50,A2256W000420
2668,67.158,48.199,0,1,4,3.50,A2256W000420
2669,67.161,47.699,0,1,4,3.50,A2256W000420
2670,67.164,47.199,0,1,4,3.50,A2256W000420
2671,67.167,46.699,0,1,4,3.50,A2256W000420
2672,67.170,46.199,0,1,4,3.50,A2256W000420
2673,67.173,45.699,0,1,4,3.50,A2256W000420
2674,67.176,45.199,0,1,4,3.50,A2256W000420
2675,67.179,44.699,0,1,4,3.50,A2256W000420
2676,67.183,44.199,0,1,4,3.50,A2256W000420
2677,67.186,43.699,0,1,4,3.50,A2256W000420
2678,67.189,43.199,0,1,4,3.50,A2256W000420
2679,67.192,42.699,0,1,4,3.50,A2256W000420
2680,67.195,42.199,0,1,4,3.50,A2256W000420
2681,67.198,41.699,0,1,4,3.50,A2256W000420
2682,67.201,41.199,0,1,4,3.50,A2256W000420
2683,67.204,40.699,0,1,4,3.50,A2256W000420
2684,67.208,40.199,0,1,4,3.50,A2256W000420
2685,67.211,39.699,0,1,4,3.50,A2256W000420
2686,67.214,39.199,0,1,4,3.50,A2256W000420
2687,67.215,38.699,0,1,4,3.50,A2256W000420
2688,67.217,38.199,0,1,4,3.50,A2256W000420
2689,67.219,37.699,0,1,4,3.50,A2256W000420
2690,67.221,37.199,0,1,4,3.50,A2256W000420
2691,67.222,36.699,0,1,4,3.50,A2256W000420
2692,67.224,36.199,0,1,4,3.50,A2256W000420
2693,67.226,35.699,0,1,4,3.50,A2256W000420
2694,67.227,35.199,0,1,4,3.50,A2256W000420
2695,67.229,34.699,0,1,4,3.50,A2256W000420
2696,67.231,34.199,0,1,4,3.50,A2256W000420
2697,67.232,33.699,0,1,4,3.50,A2256W000420
2698,67.234,33.199,0,1,4,3.50,A2256W000420
2699,67.236,32.699,0,1,4,3.50,A2256W000420
2700,67.237,32.199,0,1,4,3.50,A2256W000420
2701,67.239,31.699,0,1,4,3.50,A2256W000420
2702,67.241,31.199,0,1,4,3.50,A2256W000420
2703,67.242,30.699,0,1,4,3.50,A2256W000420
2704,67.245,30.199,0,1,4,3.50,A2256W000420
2705,67.248,29.699,0,1,4,3.50,A2256W000420
2706,67.251,29.199,0,1,4,3.50,A2256W000420
2707,67.254,28.699,0,1,4,3.50,A2256W000420
2708,67.257,28.199,0,1,4,3.50,A2256W000420
2709,67.260,27.699,0,1,4,3.50,A2256W000420
2710,67.263,27.199,0,1,4,3.50,A2256W000420
2711,67.266,26.699,0,1,4,3.50,A2256W000420
2712,67.269,26.199,0,1,4,3.50,A2256W000420
2713,67.272,25.699,0,1,4,3.50,A2256W000420
2714,67.275,25.199,0,1,4,3.50,A2256W000420
2715,67.278,24.699,0,1,4,3.50,A2256W000420
2716,67.281,24.199,0,1,4,3.50,A2256W000420
2717,67.284,23.699,0,1,4,3.50,A2256W000420
2718,67.287,23.200,0,1,4,3.50,A2256W000420
2719,67.290,22.700,0,1,4,3.50,A2256W000420
2720,67.293,22.200,0,1,4,3.50,A2256W000420
2721,67.296,21.700,0,1,4,3.50,A2256W000420
2722,67.299,21.200,0,1,4,3.50,A2256W000420
2723,67.302,20.700,0,1,4,3.50,A2256W000420
2724,67.305,20.200,0,1,4,3.50,A2256W000420
2725,67.308,19.700,0,1,4,3.50,A2256W000420
2726,67.311,19.200,0,1,4,3.50,A2256W000420
2727,67.314,18.700,0,1,4,3.50,A2256W000420
2728,67.317,18.200,0,1,4,3.50,A2256W000420
2729,67.320,17.700,0,1,4,3.50,A2256W000420
2730,67.323,17.200,0,1,4,3.50,A2256W000420
2731,67.326,16.700,0,1,4,3.50,A2256W000420
2732,67.329,16.200,0,1,4,3.50,A2256W000420
2733,67.332,15.700,0,1,4,3.50,A2256W000420
2734,67.335,15.200,0,1,4,3.50,A2256W000420
2735,67.338,14.700,0,1,4,3.50,A2256W000420
2736,67.341,14.200,0,1,4,3.50,A2256W000420
2737,67.344,13.700,0,1,4,3.50,A2256W000420
2738,67.347,13.200,0,1,4,3.50,A2256W000420
2739,67.350,12.700,0,1,4,3.50,A2256W000420
2740,67.353,12.200,0,1,4,3.50,A2256W000420
2741,67.356,11.700,0,1,4,3.50,A2256W000420
2742,67.359,11.200,0,1,4,3.50,A2256W000420
2743,67.362,10.700,0,1,4,3.50,A2256W000420
2744,67.360,10.200,0,1,4,3.50,A2256W000420
2745,67.357,9.700,0,1,4,3.50,A2256W000420
2746,67.354,9.200,0,1,4,3.50,A2256W000420
2747,67.352,8.700,0,1,4,3.50,A2256W000420
2748,67.349,8.200,0,1,4,3.50,A2256W000420
2749,67.347,7.700,0,1,4,3.50,A2256W000420
2750,67.344,7.200,0,1,4,3.50,A2256W000420
2751,67.341,6.700,0,1,4,3.50,A2256W000420
2752,67.341,6.626,1,1,4,3.50,A2256W000408
2753,67.338,6.126,1,1,4,3.50,A2256W000408
2754,67.336,5.626,1,1,4,3.50,A2256W000408
2755,67.333,5.126,1,1,4,3.50,A2256W000408
2756,67.331,4.626,1,1,4,3.50,A2256W000408
2757,67.328,4.126,1,1,4,3.50,A2256W000408
2758,67.325,3.626,1,1,4,3.50,A2256W000408
2759,67.323,3.126,1,1,4,3.50,A2256W000408
2760,67.320,2.626,1,1,4,3.50,A2256W000408
2761,67.317,2.126,1,1,4,3.50,A2256W000408
2762,67.315,1.626,1,1,4,3.50,A2256W000408
2763,67.312,1.126,1,1,4,3.50,A2256W000408
2764,67.309,0.626,1,1,4,3.50,A2256W000408
2765,67.307,0.126,1,1,4,3.50,A2256W000408
2766,67.304,-0.374,1,1,4,3.50,A2256W000408
2767,67.302,-0.874,1,1,4,3.50,A2256W000408
2768,67.302,-1.374,1,1,4,3.50,A2256W000408
2769,67.302,-1.874,1,1,4,3.50,A2256W000408
2770,67.302,-2.374,1,1,4,3.50,A2256W000408
2771,67.302,-2.874,1,1,4,3.50,A2256W000408
2772,67.302,-3.374,1,1,4,3.50,A2256W000408
2773,67.302,-3.874,1,1,4,3.50,A2256W000408
2774,67.303,-4.374,1,1,4,3.50,A2256W000408
2775,67.303,-4.874,1,1,4,3.50,A2256W000408
2776,67.303,-5.374,1,1,4,3.50,A2256W000408
2777,67.303,-5.874,1,1,4,3.50,A2256W000408
2778,67.303,-6.374,1,1,4,3.50,A2256W000408
2779,67.303,-6.874,1,1,4,3.50,A2256W000408
2780,67.304,-7.374,1,1,4,3.50,A2256W000408
2781,67.304,-7.874,1,1,4,3.50,A2256W000408
2782,67.304,-8.374,1,1,4,3.50,A2256W000408
2783,67.304,-8.874,1,1,4,3.50,A2256W000408
2784,67.307,-9.374,1,1,4,3.50,A2256W000408
2785,67.310,-9.874,1,1,4,3.50,A2256W000408
2786,67.313,-10.374,1,1,4,3.50,A2256W000408
2787,67.316,-10.874,1,1,4,3.50,A2256W000408
2788,67.319,-11.374,1,1,4,3.50,A2256W000408
2789,67.322,-11.874,1,1,4,3.50,A2256W000408
2790,67.325,-12.374,1,1,4,3.50,A2256W000408
2791,67.327,-12.874,1,1,4,3.50,A2256W000408
2792,67.330,-13.374,1,1,4,3.50,A2256W000408
2793,67.333,-13.874,1,1,4,3.50,A2256W000408
2794,67.336,-14.374,1,1,4,3.50,A2256W000408
2795,67.339,-14.874,1,1,4,3.50,A2256W000408
2796,67.342,-15.374,1,1,4,3.50,A2256W000408
2797,67.345,-15.874,1,1,4,3.50,A2256W000408
2798,67.348,-16.374,1,1,4,3.50,A2256W000408
2799,67.351,-16.874,1,1,4,3.50,A2256W000408
2800,67.354,-17.374,1,1,4,3.50,A2256W000408
2801,67.357,-17.874,1,1,4,3.50,A2256W000408
2802,67.360,-18.374,1,1,4,3.50,A2256W000408
2803,67.363,-18.874,1,1,4,3.50,A2256W000408
2804,67.365,-19.374,1,1,4,3.50,A2256W000408
2805,67.368,-19.874,1,1,4,3.50,A2256W000408
2806,67.371,-20.374,1,1,4,3.50,A2256W000408
2807,67.374,-20.874,1,1,4,3.50,A2256W000408
2808,67.376,-21.374,1,1,4,3.50,A2256W000408
2809,67.377,-21.874,1,1,4,3.50,A2256W000408
2810,67.378,-22.374,1,1,4,3.50,A2256W000408
2811,67.380,-22.874,1,1,4,3.50,A2256W000408
2812,67.381,-23.374,1,1,4,3.50,A2256W000408
2813,67.382,-23.874,1,1,4,3.50,A2256W000408
2814,67.384,-24.374,1,1,4,3.50,A2256W000408
2815,67.385,-24.874,1,1,4,3.50,A2256W000408
2816,67.386,-25.374,1,1,4,3.50,A2256W000408
2817,67.388,-25.874,1,1,4,3.50,A2256W000408
2818,67.389,-26.374,1,1,4,3.50,A2256W000408
2819,67.390,-26.874,1,1,4,3.50,A2256W000408
2820,67.391,-27.374,1,1,4,3.50,A2256W000408
2821,67.393,-27.874,1,1,4,3.50,A2256W000408
2822,67.394,-28.374,1,1,4,3.50,A2256W000408
2823,67.395,-28.874,1,1,4,3.50,A2256W000408
2824,67.398,-29.374,1,1,4,3.50,A2256W000408
2825,67.400,-29.874,1,1,4,3.50,A2256W000408
2826,67.403,-30.374,1,1,4,3.50,A2256W000408
2827,67.405,-30.874,1,1,4,3.50,A2256W000408
2828,67.407,-31.374,1,1,4,3.50,A2256W000408
2829,67.410,-31.874,1,1,4,3.50,A2256W000408
2830,67.412,-32.374,1,1,4,3.50,A2256W000408
2831,67.415,-32.874,1,1,4,3.50,A2256W000408
2832,67.417,-33.374,1,1,4,3.50,A2256W000408
2833,67.419,-33.874,1,1,4,3.50,A2256W000408
2834,67.422,-34.374,1,1,4,3.50,A2256W000408
2835,67.424,-34.874,1,1,4,3.50,A2256W000408
2836,67.427,-35.374,1,1,4,3.50,A2256W000408
2837,67.429,-35.874,1,1,4,3.50,A2256W000408
2838,67.431,-36.374,1,1,4,3.50,A2256W000408
2839,67.434,-36.874,1,1,4,3.50,A2256W000408
2840,67.436,-37.374,1,1,4,3.50,A2256W000408
2841,67.439,-37.874,1,1,4,3.50,A2256W000408
2842,67.441,-38.374,1,1,4,3.50,A2256W000408
2843,67.443,-38.874,1,1,4,3.50,A2256W000408
2844,67.446,-39.374,1,1,4,3.50,A2256W000408
2845,67.448,-39.874,1,1,4,3.50,A2256W000408
2846,67.451,-40.374,1,1,4,3.50,A2256W000408
2847,67.453,-40.874,1,1,4,3.50,A2256W000408
2848,67.454,-41.374,1,1,4,3.50,A2256W000408
2849,67.456,-41.874,1,1,4,3.50,A2256W000408
2850,67.457,-42.374,1,1,4,3.50,A2256W000408
2851,67.458,-42.874,1,1,4,3.50,A2256W000408
2852,67.460,-43.374,1,1,4,3.50,A2256W000408
2853,67.461,-43.874,1,1,4,3.50,A2256W000408
2854,67.463,-44.374,1,1,4,3.50,A2256W000408
2855,67.464,-44.874,1,1,4,3.50,A2256W000408
2856,67.465,-45.374,1,1,4,3.50,A2256W000408
2857,67.467,-45.874,1,1,4,3.50,A2256W000408
2858,67.468,-46.374,1,1,4,3.50,A2256W000408
2859,67.469,-46.874,1,1,4,3.50,A2256W000408
2860,67.471,-47.374,1,1,4,3.50,A2256W000408
2861,67.472,-47.874,1,1,4,3.50,A2256W000408
2862,67.473,-48.374,1,1,4,3.50,A2256W000408
2863,67.475,-48.874,1,1,4,3.50,A2256W000408
2864,67.476,-49.374,1,1,4,3.50,A2256W000408
2865,67.478,-49.874,1,1,4,3.50,A2256W000408
2866,67.480,-50.374,1,1,4,3.50,A2256W000408
2867,67.481,-50.874,1,1,4,3.50,A2256W000408
2868,67.483,-51.374,1,1,4,3.50,A2256W000408
2869,67.485,-51.874,1,1,4,3.50,A2256W000408
2870,67.487,-52.374,1,1,4,3.50,A2256W000408
2871,67.488,-52.874,1,1,4,3.50,A2256W000408
2872,67.490,-53.374,1,1,4,3.50,A2256W000408
2873,67.492,-53.874,1,1,4,3.50,A2256W000408
2874,67.494,-54.374,1,1,4,3.50,A2256W000408
2875,67.495,-54.874,1,1,4,3.50,A2256W000408
2876,67.497,-55.374,1,1,4,3.50,A2256W000408
2877,67.499,-55.874,1,1,4,3.50,A2256W000408
2878,67.501,-56.374,1,1,4,3.50,A2256W000408
2879,67.502,-56.874,1,1,4,3.50,A2256W000408
2880,67.504,-57.374,1,1,4,3.50,A2256W000408
2881,67.506,-57.874,1,1,4,3.50,A2256W000408
2882,67.508,-58.374,1,1,4,3.50,A2256W000408
2883,67.509,-58.874,1,1,4,3.50,A2256W000408
2884,67.511,-59.374,1,1,4,3.50,A2256W000408
2885,67.513,-59.874,1,1,4,3.50,A2256W000408
2886,67.515,-60.374,1,1,4,3.50,A2256W000408
2887,67.516,-60.874,1,1,4,3.50,A2256W000408
2888,67.520,-61.374,1,1,4,3.50,A2256W000408
2889,67.524,-61.873,1,1,4,3.50,A2256W000408
2890,67.528,-62.373,1,1,4,3.50,A2256W000408
2891,67.531,-62.873,1,1,4,3.50,A2256W000408
2892,67.535,-63.373,1,1,4,3.50,A2256W000408
2893,67.539,-63.873,1,1,4,3.50,A2256W000408
2894,67.543,-64.373,1,1,4,3.50,A2256W000408
2895,67.546,-64.873,1,1,4,3.50,A2256W000408
2896,67.552,-65.373,1,1,4,3.50,A2256W000408
2897,67.558,-65.873,1,1,4,3.50,A2256W000408
2898,67.565,-66.373,1,1,4,3.50,A2256W000408
2899,67.571,-66.873,1,1,4,3.50,A2256W000408
2900,67.577,-67.373,1,1,4,3.50,A2256W000408
2901,67.583,-67.873,1,1,4,3.50,A2256W000408
2902,67.589,-68.373,1,1,4,3.50,A2256W000408
2903,67.595,-68.873,1,1,4,3.50,A2256W000408
2904,67.601,-69.373,1,1,4,3.50,A2256W000408
2905,67.603,-69.873,1,1,4,3.50,A2256W000408
2906,67.605,-70.373,1,1,4,3.50,A2256W000408
2907,67.608,-70.873,1,1,4,3.50,A2256W000408
2908,67.610,-71.373,1,1,4,3.50,A2256W000408
2909,67.612,-71.873,1,1,4,3.50,A2256W000408
2910,67.614,-72.373,1,1,4,3.50,A2256W000408
2911,67.616,-72.873,1,1,4,3.50,A2256W000408
2912,67.619,-73.373,1,1,4,3.50,A2256W000408
2913,67.621,-73.873,1,1,4,3.50,A2256W000408
2914,67.623,-74.373,1,1,4,3.50,A2256W000408
2915,67.625,-74.873,1,1,4,3.50,A2256W000408
2916,67.627,-75.373,1,1,4,3.50,A2256W000408
2917,67.629,-75.873,1,1,4,3.50,A2256W000408
2918,67.632,-76.373,1,1,4,3.50,A2256W000408
2919,67.634,-76.873,1,1,4,3.50,A2256W000408
2920,67.636,-77.373,1,1,4,3.50,A2256W000408
2921,67.638,-77.873,1,1,4,3.50,A2256W000408
2922,67.640,-78.373,1,1,4,3.50,A2256W000408
2923,67.642,-78.873,1,1,4,3.50,A2256W000408
2924,67.645,-79.373,1,1,4,3.50,A2256W000408
2925,67.647,-79.873,1,1,4,3.50,A2256W000408
2926,67.649,-80.373,1,1,4,3.50,A2256W000408
2927,67.651,-80.873,1,1,4,3.50,A2256W000408
2928,67.653,-81.373,1,1,4,3.50,A2256W000408
2929,67.657,-81.873,1,1,4,3.50,A2256W000408
2930,67.661,-82.373,1,1,4,3.50,A2256W000408
2931,67.665,-82.873,1,1,4,3.50,A2256W000408
2932,67.669,-83.373,1,1,4,3.50,A2256W000408
2933,67.672,-83.873,1,1,4,3.50,A2256W000408
2934,67.676,-84.373,1,1,4,3.50,A2256W000408
2935,67.680,-84.873,1,1,4,3.50,A2256W000408
2936,67.684,-85.373,1,1,4,3.50,A2256W000408
2937,67.688,-85.873,1,1,4,3.50,A2256W000408
2938,67.687,-86.373,1,1,4,3.50,A2256W000408
2939,67.686,-86.873,1,1,4,3.50,A2256W000408
2940,67.685,-87.373,1,1,4,3.50,A2256W000408
2941,67.684,-87.873,1,1,4,3.50,A2256W000408
2942,67.684,-88.373,1,1,4,3.50,A2256W000408
2943,67.683,-88.873,1,1,4,3.50,A2256W000408
2944,67.682,-89.373,1,1,4,3.50,A2256W000408
2945,67.685,-89.873,1,1,4,3.50,A2256W000408
2946,67.687,-90.373,1,1,4,3.50,A2256W000408
2947,67.690,-90.873,1,1,4,3.50,A2256W000408
2948,67.692,-91.373,1,1,4,3.50,A2256W000408
2949,67.695,-91.873,1,1,4,3.50,A2256W000408
2950,67.698,-92.373,1,1,4,3.50,A2256W000408
2951,67.700,-92.873,1,1,4,3.50,A2256W000408
2952,67.703,-93.373,1,1,4,3.50,A2256W000408
2953,67.705,-93.873,1,1,4,3.50,A2256W000408
2954,67.708,-94.373,1,1,4,3.50,A2256W000408
2955,67.710,-94.873,1,1,4,3.50,A2256W000408
2956,67.713,-95.373,1,1,4,3.50,A2256W000408
2957,67.716,-95.873,1,1,4,3.50,A2256W000408
2958,67.718,-96.373,1,1,4,3.50,A2256W000408
2959,67.721,-96.873,1,1,4,3.50,A2256W000408
2960,67.723,-97.373,1,1,4,3.50,A2256W000408
2961,67.726,-97.873,1,1,4,3.50,A2256W000408
2962,67.729,-98.373,1,1,4,3.50,A2256W000408
2963,67.731,-98.873,1,1,4,3.50,A2256W000408
2964,67.734,-99.373,1,1,4,3.50,A2256W000408
2965,67.736,-99.873,1,1,4,3.50,A2256W000408
2966,67.739,-100.373,1,1,4,3.50,A2256W000408
2967,67.742,-100.873,1,1,4,3.50,A2256W000408
2968,67.744,-101.373,1,1,4,3.50,A2256W000408
2969,67.747,-101.873,1,1,4,3.50,A2256W000408
2970,67.750,-102.373,1,1,4,3.50,A2256W000408
2971,67.752,-102.873,1,1,4,3.50,A2256W000408
2972,67.755,-103.373,1,1,4,3.50,A2256W000408
2973,67.758,-103.873,1,1,4,3.50,A2256W000408
2974,67.761,-104.373,1,1,4,3.50,A2256W000408
2975,67.764,-104.872,1,1,4,3.50,A2256W000408
2976,67.766,-105.372,1,1,4,3.50,A2256W000408
2977,67.769,-105.872,1,1,4,3.50,A2256W000408
2978,67.770,-106.372,1,1,4,3.50,A2256W000408
2979,67.771,-106.872,1,1,4,3.50,A2256W000408
2980,67.771,-107.372,1,1,4,3.50,A2256W000408
2981,67.772,-107.872,1,1,4,3.50,A2256W000408
2982,67.773,-108.372,1,1,4,3.50,A2256W000408
2983,67.774,-108.872,1,1,4,3.50,A2256W000408
2984,67.774,-109.372,1,1,4,3.50,A2256W000408
2985,67.777,-109.872,1,1,4,3.50,A2256W000408
2986,67.779,-110.372,1,1,4,3.50,A2256W000408
2987,67.781,-110.872,1,1,4,3.50,A2256W000408
2988,67.784,-111.372,1,1,4,3.50,A2256W000408
2989,67.786,-111.872,1,1,4,3.50,A2256W000408
2990,67.788,-112.372,1,1,4,3.50,A2256W000408
2991,67.791,-112.872,1,1,4,3.50,A2256W000408
2992,67.793,-113.372,1,1,4,3.50,A2256W000408
2993,67.795,-113.872,1,1,4,3.50,A2256W000408
2994,67.798,-114.372,1,1,4,3.50,A2256W000408
2995,67.800,-114.872,1,1,4,3.50,A2256W000408
2996,67.802,-115.372,1,1,4,3.50,A2256W000408
2997,67.805,-115.872,1,1,4,3.50,A2256W000408
2998,67.807,-116.372,1,1,4,3.50,A2256W000408
2999,67.809,-116.872,1,1,4,3.50,A2256W000408
3000,67.812,-117.372,1,1,4,3.50,A2256W000408
3001,67.814,-117.872,1,1,4,3.50,A2256W000408
3002,67.816,-118.372,1,1,4,3.50,A2256W000408
3003,67.819,-118.872,1,1,4,3.50,A2256W000408
3004,67.821,-119.372,1,1,4,3.50,A2256W000408
3005,67.823,-119.872,1,1,4,3.50,A2256W000408
3006,67.826,-120.372,1,1,4,3.50,A2256W000408
3007,67.828,-120.872,1,1,4,3.50,A2256W000408
3008,67.831,-121.372,1,1,4,3.50,A2256W000408
3009,67.835,-121.872,1,1,4,3.50,A2256W000408
3010,67.838,-122.372,1,1,4,3.50,A2256W000408
3011,67.841,-122.872,1,1,4,3.50,A2256W000408
3012,67.845,-123.372,1,1,4,3.50,A2256W000408
3013,67.848,-123.872,1,1,4,3.50,A2256W000408
3014,67.851,-124.372,1,1,4,3.50,A2256W000408
3015,67.854,-124.872,1,1,4,3.50,A2256W000408
3016,67.858,-125.372,1,1,4,3.50,A2256W000408
3017,67.861,-125.872,1,1,4,3.50,A2256W000408
3018,67.868,-126.372,1,1,4,3.50,A2256W000408
3019,67.874,-126.872,1,1,4,3.50,A2256W000408
3020,67.881,-127.372,1,1,4,3.50,A2256W000408
3021,67.888,-127.872,1,1,4,3.50,A2256W000408
3022,67.894,-128.372,1,1,4,3.50,A2256W000408
3023,67.901,-128.872,1,1,4,3.50,A2256W000408
3024,67.907,-129.372,1,1,4,3.50,A2256W000408
3025,67.909,-129.872,1,1,4,3.50,A2256W000408
3026,67.911,-130.372,1,1,4,3.50,A2256W000408
3027,67.914,-130.872,1,1,4,3.50,A2256W000408
3028,67.916,-131.372,1,1,4,3.50,A2256W000408
3029,67.918,-131.872,1,1,4,3.50,A2256W000408
3030,67.920,-132.372,1,1,4,3.50,A2256W000408
3031,67.922,-132.872,1,1,4,3.50,A2256W000408
3032,67.924,-133.372,1,1,4,3.50,A2256W000408
3033,67.926,-133.872,1,1,4,3.50,A2256W000408
3034,67.928,-134.372,1,1,4,3.50,A2256W000408
3035,67.930,-134.872,1,1,4,3.50,A2256W000408
3036,67.932,-135.372,1,1,4,3.50,A2256W000408
3037,67.934,-135.872,1,1,4,3.50,A2256W000408
3038,67.936,-136.372,1,1,4,3.50,A2256W000408
3039,67.938,-136.872,1,1,4,3.50,A2256W000408
3040,67.940,-137.372,1,1,4,3.50,A2256W000408
3041,67.942,-137.872,1,1,4,3.50,A2256W000408
3042,67.944,-138.372,1,1,4,3.50,A2256W000408
3043,67.946,-138.872,1,1,4,3.50,A2256W000408
3044,67.959,-139.372,1,1,4,3.50,A2256W000408
3045,67.971,-139.872,1,1,4,3.50,A2256W000408
3046,67.984,-140.371,1,1,4,3.50,A2256W000408
3047,67.996,-140.871,1,1,4,3.50,A2256W000408
3048,68.009,-141.371,1,1,4,3.50,A2256W000408
3049,68.021,-141.871,1,1,4,3.50,A2256W000408
3050,68.034,-142.371,1,1,4,3.50,A2256W000408
3051,68.046,-142.871,1,1,4,3.50,A2256W000408
3052,68.046,-142.889,1,1,4,3.50,A2256W000408
3053,68.060,-143.389,0,1,4,3.50,A2256W000445
3054,68.074,-143.889,0,1,4,3.50,A2256W000445
3055,68.087,-144.389,0,1,4,3.50,A2256W000445
3056,68.101,-144.888,0,1,4,3.50,A2256W000445
3057,68.124,-145.388,0,1,4,3.50,A2256W000445
3058,68.147,-145.887,0,1,4,3.50,A2256W000445
3059,68.170,-146.387,0,1,4,3.50,A2256W000445
3060,68.194,-146.886,0,1,4,3.50,A2256W000445
3061,68.217,-147.386,0,1,4,3.50,A2256W000445
3062,68.240,-147.885,0,1,4,3.50,A2256W000445
3063,68.277,-148.384,0,1,4,3.50,A2256W000445
3064,68.313,-148.883,0,1,4,3.50,A2256W000445
3065,68.350,-149.381,0,1,4,3.50,A2256W000445
3066,68.386,-149.880,0,1,4,3.50,A2256W000445
3067,68.423,-150.379,0,1,4,3.50,A2256W000445
3068,68.470,-150.876,0,1,4,3.50,A2256W000445
3069,68.516,-151.374,0,1,4,3.50,A2256W000445
3070,68.562,-151.872,0,1,4,3.50,A2256W000445
3071,68.609,-152.370,0,1,4,3.50,A2256W000445
3072,68.655,-152.868,0,1,4,3.50,A2256W000445
3073,68.702,-153.366,0,1,4,3.50,A2256W000445
3074,68.748,-153.863,0,1,4,3.50,A2256W000445
3075,68.794,-154.361,0,1,4,3.50,A2256W000445
3076,68.842,-154.859,0,1,4,3.50,A2256W000445
3077,68.890,-155.357,0,1,4,3.50,A2256W000445
3078,68.937,-155.854,0,1,4,3.50,A2256W000445
3079,68.985,-156.352,0,1,4,3.50,A2256W000445
3080,69.033,-156.850,0,1,4,3.50,A2256W000445
3081,69.080,-157.348,0,1,4,3.50,A2256W000445
3082,69.128,-157.845,0,1,4,3.50,A2256W000445
3083,69.175,-158.343,0,1,4,3.50,A2256W000445
3084,69.223,-158.841,0,1,4,3.50,A2256W000445
3085,69.271,-159.339,0,1,4,3.50,A2256W000445
3086,69.318,-159.836,0,1,4,3.50,A2256W000445
3087,69.366,-160.334,0,1,4,3.50,A2256W000445
3088,69.414,-160.832,0,1,4,3.50,A2256W000445
3089,69.461,-161.329,0,1,4,3.50,A2256W000445
3090,69.509,-161.827,0,1,4,3.50,A2256W000445
3091,69.561,-162.324,0,1,4,3.50,A2256W000445
3092,69.612,-162.822,0,1,4,3.50,A2256W000445
3093,69.664,-163.319,0,1,4,3.50,A2256W000445
3094,69.716,-163.816,0,1,4,3.50,A2256W000445
3095,69.768,-164.314,0,1,4,3.50,A2256W000445
3096,69.820,-164.811,0,1,4,3.50,A2256W000445
3097,69.871,-165.308,0,1,4,3.50,A2256W000445
3098,69.923,-165.806,0,1,4,3.50,A2256W000445
3099,69.975,-166.303,0,1,4,3.50,A2256W000445
3100,70.027,-166.800,0,1,4,3.50,A2256W000445
3101,70.078,-167.298,0,1,4,3.50,A2256W000445
3102,70.130,-167.795,0,1,4,3.50,A2256W000445
3103,70.182,-168.292,0,1,4,3.50,A2256W000445
3104,70.234,-168.789,0,1,4,3.50,A2256W000445
3105,70.286,-169.287,0,1,4,3.50,A2256W000445
3106,70.337,-169.784,0,1,4,3.50,A2256W000445
3107,70.389,-170.281,0,1,4,3.50,A2256W000445
3108,70.441,-170.779,0,1,4,3.50,A2256W000445
3109,70.488,-171.276,0,1,4,3.50,A2256W000445
3110,70.536,-171.774,0,1,4,3.50,A2256W000445
3111,70.583,-172.272,0,1,4,3.50,A2256W000445
3112,70.630,-172.770,0,1,4,3.50,A2256W000445
3113,70.678,-173.267,0,1,4,3.50,A2256W000445
3114,70.725,-173.765,0,1,4,3.50,A2256W000445
3115,70.773,-174.263,0,1,4,3.50,A2256W000445
3116,70.820,-174.761,0,1,4,3.50,A2256W000445
3117,70.867,-175.258,0,1,4,3.50,A2256W000445
3118,70.915,-175.756,0,1,4,3.50,A2256W000445
3119,70.962,-176.254,0,1,4,3.50,A2256W000445
3120,71.009,-176.752,0,1,4,3.50,A2256W000445
3121,71.057,-177.249,0,1,4,3.50,A2256W000445
3122,71.104,-177.747,0,1,4,3.50,A2256W000445
3123,71.151,-178.245,0,1,4,3.50,A2256W000445
3124,71.198,-178.743,0,1,4,3.50,A2256W000445
3125,71.246,-179.240,0,1,4,3.50,A2256W000445
3126,71.293,-179.738,0,1,4,3.50,A2256W000445
3127,71.340,-180.236,0,1,4,3.50,A2256W000445
3128,71.387,-180.734,0,1,4,3.50,A2256W000445
3129,71.434,-181.232,0,1,4,3.50,A2256W000445
3130,71.481,-181.729,0,1,4,3.50,A2256W000445
3131,71.529,-182.227,0,1,4,3.50,A2256W000445
3132,71.576,-182.725,0,1,4,3.50,A2256W000445
3133,71.623,-183.223,0,1,4,3.50,A2256W000445
3134,71.670,-183.720,0,1,4,3.50,A2256W000445
3135,71.717,-184.218,0,1,4,3.50,A2256W000445
3136,71.764,-184.716,0,1,4,3.50,A2256W000445
3137,71.811,-185.214,0,1,4,3.50,A2256W000445
3138,71.869,-185.710,0,1,4,3.50,A2256W000445
3139,71.926,-186.207,0,1,4,3.50,A2256W000445
3140,71.983,-186.704,0,1,4,3.50,A2256W000445
3141,72.041,-187.200,0,1,4,3.50,A2256W000445
3142,72.098,-187.697,0,1,4,3.50,A2256W000445
3143,72.156,-188.194,0,1,4,3.50,A2256W000445
3144,72.213,-188.691,0,1,4,3.50,A2256W000445
3145,72.266,-189.188,0,1,4,3.50,A2256W000445
3146,72.320,-189.685,0,1,4,3.50,A2256W000445
3147,72.373,-190.182,0,1,4,3.50,A2256W000445
3148,72.427,-190.679,0,1,4,3.50,A2256W000445
3149,72.480,-191.176,0,1,4,3.50,A2256W000445
3150,72.534,-191.673,0,1,4,3.50,A2256W000445
3151,72.587,-192.171,0,1,4,3.50,A2256W000445
3152,72.641,-192.668,0,1,4,3.50,A2256W000445
3153,72.694,-193.165,0,1,4,3.50,A2256W000445
3154,72.748,-193.662,0,1,4,3.50,A2256W000445
3155,72.801,-194.159,0,1,4,3.50,A2256W000445
3156,72.854,-194.656,0,1,4,3.50,A2256W000445
3157,72.908,-195.153,0,1,4,3.50,A2256W000445
3158,72.961,-195.650,0,1,4,3.50,A2256W000445
3159,73.015,-196.148,0,1,4,3.50,A2256W000445
3160,73.068,-196.645,0,1,4,3.50,A2256W000445
3161,73.122,-197.142,0,1,4,3.50,A2256W000445
3162,73.175,-197.639,0,1,4,3.50,A2256W000445
3163,73.229,-198.136,0,1,4,3.50,A2256W000445
3164,73.282,-198.633,0,1,4,3.50,A2256W000445
3165,73.336,-199.130,0,1,4,3.50,A2256W000445
3166,73.389,-199.628,0,1,4,3.50,A2256W000445
3167,73.444,-200.125,0,1,4,3.50,A2256W000445
3168,73.498,-200.622,0,1,4,3.50,A2256W000445
3169,73.552,-201.119,0,1,4,3.50,A2256W000445
3170,73.607,-201.616,0,1,4,3.50,A2256W000445
3171,73.661,-202.113,0,1,4,3.50,A2256W000445
3172,73.716,-202.610,0,1,4,3.50,A2256W000445
3173,73.770,-203.107,0,1,4,3.50,A2256W000445
3174,73.825,-203.604,0,1,4,3.50,A2256W000445
3175,73.879,-204.101,0,1,4,3.50,A2256W000445
3176,73.934,-204.598,0,1,4,3.50,A2256W000445
3177,73.988,-205.095,0,1,4,3.50,A2256W000445
3178,74.042,-205.592,0,1,4,3.50,A2256W000445
3179,74.097,-206.089,0,1,4,3.50,A2256W000445
3180,74.151,-206.586,0,1,4,3.50,A2256W000445
3181,74.206,-207.083,0,1,4,3.50,A2256W000445
3182,74.260,-207.580,0,1,4,3.50,A2256W000445
3183,74.315,-208.077,0,1,4,3.50,A2256W000445
3184,74.369,-208.574,0,1,4,3.50,A2256W000445
3185,74.424,-209.071,0,1,4,3.50,A2256W000445
3186,74.478,-209.568,0,1,4,3.50,A2256W000445
3187,74.533,-210.065,0,1,4,3.50,A2256W000445
3188,74.587,-210.562,0,1,4,3.50,A2256W000445
3189,74.641,-211.059,0,1,4,3.50,A2256W000445
3190,74.696,-211.556,0,1,4,3.50,A2256W000445
3191,74.750,-212.053,0,1,4,3.50,A2256W000445
3192,74.805,-212.550,0,1,4,3.50,A2256W000445
3193,74.861,-213.033,0,1,4,3.50,A2256W000445
3194,74.924,-213.514,0,1,4,3.50,A2256W000445
3195,74.990,-213.995,0,1,4,3.50,A2256W000445
3196,75.058,-214.476,0,1,4,3.50,A2256W000445
3197,75.126,-214.957,0,1,4,3.50,A2256W000445
3198,75.192,-215.438,0,1,4,3.50,A2256W000445
3199,75.253,-215.920,0,1,4,3.50,A2256W000445
3200,75.308,-216.402,1,1,2,3.50,A2256W000423
3201,75.355,-216.886,1,1,2,3.50,A2256W000423
3202,75.391,-217.370,1,1,2,3.50,A2256W000423
3203,75.414,-217.855,1,1,2,3.50,A2256W000423
3204,75.423,-218.355,0,0,2,3.50,A2256W000432
3205,75.418,-218.856,0,0,2,3.50,A2256W000432
3206,75.400,-219.356,0,0,2,3.50,A2256W000432
3207,75.371,-219.856,0,0,3,3.50,A2256W000153
3208,75.333,-220.355,0,0,3,3.50,A2256W000153
3209,75.287,-220.853,0,0,3,3.50,A2256W000153
3210,75.234,-221.351,0,0,3,3.50,A2256W000153
3211,75.177,-221.848,0,0,3,3.50,A2256W000153
3212,75.117,-222.345,0,0,3,3.50,A2256W000153
3213,75.056,-222.841,0,0,3,3.50,A2256W000153
3214,74.994,-223.338,0,0,3,3.50,A2256W000153
3215,74.933,-223.835,0,0,3,3.50,A2256W000153
3216,74.876,-224.332,0,0,3,3.50,A2256W000153
3217,74.823,-224.830,0,0,3,3.50,A2256W000153
3218,74.776,-225.328,0,0,3,3.50,A2256W000153
3219,74.732,-225.826,0,0,3,3.50,A2256W000153
3220,74.689,-226.324,0,0,3,3.50,A2256W000153
3221,74.646,-226.822,0,0,3,3.50,A2256W000153
3222,74.602,-227.320,0,0,3,3.50,A2256W000153
3223,74.559,-227.818,0,0,3,3.50,A2256W000153
3224,74.515,-228.316,0,0,3,3.50,A2256W000153
3225,74.472,-228.815,0,0,3,3.50,A2256W000153
3226,74.428,-229.313,0,0,3,3.50,A2256W000153
3227,74.385,-229.811,0,0,3,3.50,A2256W000153
3228,74.342,-230.309,0,0,3,3.50,A2256W000153
3229,74.298,-230.807,0,0,3,3.50,A2256W000153
3230,74.255,-231.305,0,0,3,3.50,A2256W000153
3231,74.211,-231.803,0,0,3,3.50,A2256W000153
3232,74.168,-232.301,0,0,3,3.50,A2256W000153
3233,74.125,-232.799,0,0,3,3.50,A2256W000153
3234,74.081,-233.298,0,0,3,3.50,A2256W000153
3235,74.038,-233.796,0,0,3,3.50,A2256W000153
3236,73.994,-234.294,0,0,3,3.50,A2256W000153
3237,73.951,-234.792,0,0,3,3.50,A2256W000153
3238,73.901,-235.289,0,0,3,3.50,A2256W000153
3239,73.851,-235.787,0,0,3,3.50,A2256W000153
3240,73.801,-236.284,0,0,3,3.50,A2256W000153
3241,73.752,-236.782,0,0,3,3.50,A2256W000153
3242,73.702,-237.279,0,0,3,3.50,A2256W000153
3243,73.652,-237.777,0,0,3,3.50,A2256W000153
3244,73.602,-238.275,0,0,3,3.50,A2256W000153
3245,73.552,-238.772,0,0,3,3.50,A2256W000153
3246,73.503,-239.270,0,0,3,3.50,A2256W000153
3247,73.453,-239.767,0,0,3,3.50,A2256W000153
3248,73.403,-240.265,0,0,3,3.50,A2256W000153
3249,73.353,-240.762,0,0,3,3.50,A2256W000153
3250,73.303,-241.260,0,0,3,3.50,A2256W000153
3251,73.254,-241.757,0,0,3,3.50,A2256W000153
3252,73.204,-242.255,0,0,3,3.50,A2256W000153
3253,73.154,-242.752,0,0,3,3.50,A2256W000153
3254,73.104,-243.250,0,0,3,3.50,A2256W000153
3255,73.054,-243.747,0,0,3,3.50,A2256W000153
3256,73.003,-244.244,0,0,3,3.50,A2256W000153
3257,72.951,-244.742,0,0,3,3.50,A2256W000153
3258,72.899,-245.239,0,0,3,3.50,A2256W000153
3259,72.847,-245.736,0,0,3,3.50,A2256W000153
3260,72.796,-246.234,0,0,3,3.50,A2256W000153
3261,72.744,-246.731,0,0,3,3.50,A2256W000153
3262,72.692,-247.228,0,0,3,3.50,A2256W000153
3263,72.640,-247.726,0,0,3,3.50,A2256W000153
3264,72.589,-248.223,0,0,3,3.50,A2256W000153
3265,72.537,-248.720,0,0,3,3.50,A2256W000153
3266,72.485,-249.218,0,0,3,3.50,A2256W000153
3267,72.433,-249.715,0,0,3,3.50,A2256W000153
3268,72.382,-250.212,0,0,3,3.50,A2256W000153
3269,72.330,-250.710,0,0,3,3.50,A2256W000153
3270,72.278,-251.207,0,0,3,3.50,A2256W000153
3271,72.227,-251.704,0,0,3,3.50,A2256W000153
3272,72.177,-252.202,0,0,3,3.50,A2256W000153
3273,72.126,-252.699,0,0,3,3.50,A2256W000153
3274,72.075,-253.197,0,0,3,3.50,A2256W000153
3275,72.024,-253.694,0,0,3,3.50,A2256W000153
3276,71.974,-254.191,0,0,3,3.50,A2256W000153
3277,71.923,-254.689,0,0,3,3.50,A2256W000153
3278,71.872,-255.186,0,0,3,3.50,A2256W000153
3279,71.821,-255.684,0,0,3,3.50,A2256W000153
3280,71.770,-256.181,0,0,3,3.50,A2256W000153
3281,71.720,-256.678,0,0,3,3.50,A2256W000153
3282,71.671,-257.176,0,0,3,3.50,A2256W000153
3283,71.623,-257.674,0,0,3,3.50,A2256W000153
3284,71.574,-258.171,0,0,3,3.50,A2256W000153
3285,71.526,-258.669,0,0,3,3.50,A2256W000153
3286,71.477,-259.167,0,0,3,3.50,A2256W000153
3287,71.429,-259.664,0,0,3,3.50,A2256W000153
3288,71.380,-260.162,0,0,3,3.50,A2256W000153
3289,71.332,-260.660,0,0,3,3.50,A2256W000153
3290,71.283,-261.157,0,0,3,3.50,A2256W000153
3291,71.235,-261.655,0,0,3,3.50,A2256W000153
3292,71.187,-262.153,0,0,3,3.50,A2256W000153
3293,71.139,-262.650,0,0,3,3.50,A2256W000153
3294,71.091,-263.148,0,0,3,3.50,A2256W000153
3295,71.043,-263.646,0,0,3,3.50,A2256W000153
3296,70.995,-264.143,0,0,3,3.50,A2256W000153
3297,70.947,-264.641,0,0,3,3.50,A2256W000153
3298,70.899,-265.139,0,0,3,3.50,A2256W000153
3299,70.858,-265.637,0,0,3,3.50,A2256W000153
3300,70.817,-266.135,0,0,3,3.50,A2256W000153
3301,70.776,-266.634,0,0,3,3.50,A2256W000153
3302,70.735,-267.132,0,0,3,3.50,A2256W000153
3303,70.694,-267.630,0,0,3,3.50,A2256W000153
3304,70.653,-268.129,0,0,3,3.50,A2256W000153
3305,70.612,-268.627,0,0,3,3.50,A2256W000153
3306,70.579,-269.126,0,0,3,3.50,A2256W000153
3307,70.546,-269.625,0,0,3,3.50,A2256W000153
3308,70.514,-270.124,0,0,3,3.50,A2256W000153
3309,70.481,-270.623,0,0,3,3.50,A2256W000153
3310,70.448,-271.122,0,0,3,3.50,A2256W000153
3311,70.416,-271.620,0,0,3,3.50,A2256W000153
3312,70.383,-272.119,0,0,3,3.50,A2256W000153
3313,70.365,-272.619,0,0,3,3.50,A2256W000153
3314,70.347,-273.119,0,0,3,3.50,A2256W000153
3315,70.329,-273.618,0,0,3,3.50,A2256W000153
3316,70.311,-274.118,0,0,3,3.50,A2256W000153
3317,70.294,-274.618,0,0,3,3.50,A2256W000153
3318,70.293,-275.118,0,0,3,3.50,A2256W000153
3319,70.292,-275.618,0,0,3,3.50,A2256W000153
3320,70.291,-276.118,0,0,3,3.50,A2256W000153
3321,70.290,-276.618,0,0,3,3.50,A2256W000153
3322,70.290,-277.118,0,0,3,3.50,A2256W000153
3323,70.289,-277.618,0,0,3,3.50,A2256W000153
3324,70.288,-278.118,0,0,3,3.50,A2256W000153
3325,70.287,-278.618,0,0,3,3.50,A2256W000153
3326,70.286,-279.118,0,0,3,3.50,A2256W000153
3327,70.285,-279.618,0,0,3,3.50,A2256W000153
3328,70.284,-280.118,0,0,3,3.50,A2256W000153
3329,70.287,-280.618,0,0,3,3.50,A2256W000153
3330,70.291,-281.118,0,0,3,3.50,A2256W000153
3331,70.294,-281.618,0,0,3,3.50,A2256W000153
3332,70.298,-282.118,0,0,3,3.50,A2256W000153
3333,70.301,-282.618,0,0,3,3.50,A2256W000153
3334,70.300,-283.118,0,0,3,3.50,A2256W000153
3335,70.299,-283.618,0,0,3,3.50,A2256W000153
3336,70.298,-284.118,0,0,3,3.50,A2256W000153
3337,70.297,-284.618,0,0,3,3.50,A2256W000153
3338,70.297,-285.118,0,0,3,3.50,A2256W000153
3339,70.296,-285.618,0,0,3,3.50,A2256W000153
3340,70.296,-286.118,0,0,3,3.50,A2256W000153
3341,70.297,-286.618,0,0,3,3.50,A2256W000153
3342,70.298,-287.118,0,0,3,3.50,A2256W000153
3343,70.299,-287.618,0,0,3,3.50,A2256W000153
3344,70.300,-288.118,0,0,3,3.50,A2256W000153
3345,70.302,-288.618,0,0,3,3.50,A2256W000153
3346,70.304,-289.118,0,0,3,3.50,A2256W000153
3347,70.307,-289.618,0,0,3,3.50,A2256W000153
3348,70.309,-290.118,0,0,3,3.50,A2256W000153
3349,70.311,-290.618,0,0,3,3.50,A2256W000153
3350,70.314,-291.118,0,0,3,3.50,A2256W000153
3351,70.312,-291.618,0,0,3,3.50,A2256W000153
3352,70.309,-292.118,0,0,3,3.50,A2256W000153
3353,70.307,-292.618,0,0,3,3.50,A2256W000153
3354,70.305,-293.118,0,0,3,3.50,A2256W000153
3355,70.303,-293.618,0,0,3,3.50,A2256W000153
3356,70.301,-294.118,0,0,3,3.50,A2256W000153
3357,70.304,-294.618,0,0,3,3.50,A2256W000153
3358,70.308,-295.118,0,0,3,3.50,A2256W000153
3359,70.311,-295.618,0,0,3,3.50,A2256W000153
3360,70.314,-296.117,0,0,3,3.50,A2256W000153
3361,70.317,-296.617,0,0,3,3.50,A2256W000153
3362,70.319,-297.117,0,0,3,3.50,A2256W000153
3363,70.320,-297.617,0,0,3,3.50,A2256W000153
3364,70.321,-298.117,0,0,3,3.50,A2256W000153
3365,70.323,-298.617,0,0,3,3.50,A2256W000153
3366,70.324,-299.117,0,0,3,3.50,A2256W000153
3367,70.325,-299.617,0,0,3,3.50,A2256W000153
3368,70.327,-300.117,0,0,3,3.50,A2256W000153
3369,70.329,-300.617,0,0,3,3.50,A2256W000153
3370,70.331,-301.117,0,0,3,3.50,A2256W000153
3371,70.333,-301.617,0,0,3,3.50,A2256W000153
3372,70.335,-302.117,0,0,3,3.50,A2256W000153
3373,70.336,-302.617,0,0,3,3.50,A2256W000153
3374,70.338,-303.117,0,0,3,3.50,A2256W000153
3375,70.339,-303.617,0,0,3,3.50,A2256W000153
3376,70.339,-304.117,0,0,3,3.50,A2256W000153
3377,70.340,-304.617,0,0,3,3.50,A2256W000153
3378,70.340,-305.117,0,0,3,3.50,A2256W000153
3379,70.341,-305.617,0,0,3,3.50,A2256W000153
3380,70.342,-306.117,0,0,3,3.50,A2256W000153
3381,70.344,-306.617,0,0,3,3.50,A2256W000153
3382,70.347,-307.117,0,0,3,3.50,A2256W000153
3383,70.350,-307.617,0,0,3,3.50,A2256W000153
3384,70.353,-308.117,0,0,3,3.50,A2256W000153
3385,70.356,-308.617,0,0,3,3.50,A2256W000153
3386,70.359,-309.117,0,0,3,3.50,A2256W000153
3387,70.361,-309.617,0,0,3,3.50,A2256W000153
3388,70.364,-310.117,0,0,3,3.50,A2256W000153
3389,70.366,-310.617,0,0,3,3.50,A2256W000153
3390,70.368,-311.117,0,0,3,3.50,A2256W000153
3391,70.370,-311.617,0,0,3,3.50,A2256W000153
3392,70.372,-312.117,0,0,3,3.50,A2256W000153
3393,70.374,-312.617,0,0,3,3.50,A2256W000153
3394,70.374,-313.117,0,0,3,3.50,A2256W000153
3395,70.374,-313.617,0,0,3,3.50,A2256W000153
3396,70.373,-314.117,0,0,3,3.50,A2256W000153
3397,70.373,-314.617,0,0,3,3.50,A2256W000153
3398,70.373,-315.117,0,0,3,3.50,A2256W000153
3399,70.373,-315.617,0,0,3,3.50,A2256W000153
3400,70.372,-316.117,0,0,3,3.50,A2256W000153
3401,70.372,-316.617,0,0,3,3.50,A2256W000153
3402,70.374,-317.117,0,0,3,3.50,A2256W000153
3403,70.377,-317.617,0,0,3,3.50,A2256W000153
3404,70.379,-318.117,0,0,3,3.50,A2256W000153
3405,70.381,-318.617,0,0,3,3.50,A2256W000153
3406,70.383,-319.117,0,0,3,3.50,A2256W000153
3407,70.386,-319.617,0,0,3,3.50,A2256W000153
3408,70.388,-320.117,0,0,3,3.50,A2256W000153
3409,70.390,-320.617,0,0,3,3.50,A2256W000153
3410,70.393,-321.117,0,0,3,3.50,A2256W000153
3411,70.395,-321.617,0,0,3,3.50,A2256W000153
3412,70.397,-322.117,0,0,3,3.50,A2256W000153
3413,70.400,-322.617,0,0,3,3.50,A2256W000153
3414,70.402,-323.117,0,0,3,3.50,A2256W000153
3415,70.403,-323.617,0,0,3,3.50,A2256W000153
3416,70.405,-324.117,0,0,3,3.50,A2256W000153
3417,70.407,-324.617,0,0,3,3.50,A2256W000153
3418,70.409,-325.117,0,0,3,3.50,A2256W000153
3419,70.411,-325.617,0,0,3,3.50,A2256W000153
3420,70.412,-326.117,0,0,3,3.50,A2256W000153
3421,70.413,-326.617,0,0,3,3.50,A2256W000153
3422,70.413,-327.117,0,0,3,3.50,A2256W000153
3423,70.414,-327.617,0,0,3,3.50,A2256W000153
3424,70.415,-328.117,0,0,3,3.50,A2256W000153
3425,70.416,-328.617,0,0,3,3.50,A2256W000153
3426,70.417,-329.117,0,0,3,3.50,A2256W000153
3427,70.418,-329.617,0,0,3,3.50,A2256W000153
3428,70.419,-330.117,0,0,3,3.50,A2256W000153
3429,70.421,-330.617,0,0,3,3.50,A2256W000153
3430,70.422,-331.117,0,0,3,3.50,A2256W000153
3431,70.423,-331.617,0,0,3,3.50,A2256W000153
3432,70.424,-332.117,0,0,3,3.50,A2256W000153
3433,70.425,-332.617,0,0,3,3.50,A2256W000153
3434,70.427,-333.117,0,0,3,3.50,A2256W000153
3435,70.428,-333.617,0,0,3,3.50,A2256W000153
3436,70.429,-334.117,0,0,3,3.50,A2256W000153
3437,70.430,-334.617,0,0,3,3.50,A2256W000153
3438,70.431,-335.117,0,0,3,3.50,A2256W000153
3439,70.433,-335.617,0,0,3,3.50,A2256W000153
3440,70.435,-336.117,0,0,3,3.50,A2256W000153
3441,70.437,-336.617,0,0,3,3.50,A2256W000153
3442,70.439,-337.117,0,0,3,3.50,A2256W000153
3443,70.441,-337.617,0,0,3,3.50,A2256W000153
3444,70.443,-338.117,0,0,3,3.50,A2256W000153
3445,70.445,-338.617,0,0,3,3.50,A2256W000153
3446,70.431,-339.117,0,0,3,3.50,A2256W000153
3447,70.416,-339.617,0,0,3,3.50,A2256W000153
3448,70.402,-340.117,0,0,3,3.50,A2256W000153
3449,70.387,-340.616,0,0,3,3.50,A2256W000153
3450,70.373,-341.116,0,0,3,3.50,A2256W000153
3451,70.358,-341.616,0,0,3,3.50,A2256W000153
3452,70.346,-342.116,0,0,3,3.50,A2256W000153
3453,70.335,-342.616,0,0,3,3.50,A2256W000153
3454,70.323,-343.115,0,0,3,3.50,A2256W000153
3455,70.312,-343.615,0,0,3,3.50,A2256W000153
3456,70.300,-344.115,0,0,3,3.50,A2256W000153
3457,70.289,-344.615,0,0,3,3.50,A2256W000153
3458,70.277,-345.115,0,0,3,3.50,A2256W000153
3459,70.266,-345.615,0,0,3,3.50,A2256W000153
3460,70.254,-346.115,0,0,3,3.50,A2256W000153
3461,70.243,-346.615,0,0,3,3.50,A2256W000153
3462,70.231,-347.114,0,0,3,3.50,A2256W000153
3463,70.219,-347.614,0,0,3,3.50,A2256W000153
3464,70.208,-348.114,0,0,3,3.50,A2256W000153
3465,70.196,-348.614,0,0,3,3.50,A2256W000153
3466,70.192,-349.114,0,0,3,3.50,A2256W000153
3467,70.188,-349.614,0,0,3,3.50,A2256W000153
3468,70.183,-350.114,0,0,3,3.50,A2256W000153
3469,70.179,-350.614,0,0,3,3.50,A2256W000153
3470,70.175,-351.114,0,0,3,3.50,A2256W000153
3471,70.170,-351.614,0,0,3,3.50,A2256W000153
3472,70.166,-352.114,0,0,3,3.50,A2256W000153
3473,70.162,-352.614,0,0,3,3.50,A2256W000153
3474,70.165,-353.114,0,0,3,3.50,A2256W000153
3475,70.168,-353.614,0,0,3,3.50,A2256W000153
3476,70.172,-354.114,0,0,3,3.50,A2256W000153
3477,70.175,-354.614,0,0,3,3.50,A2256W000153
3478,70.178,-355.114,0,0,3,3.50,A2256W000153
3479,70.182,-355.614,0,0,3,3.50,A2256W000153
3480,70.185,-356.114,0,0,3,3.50,A2256W000153
3481,70.188,-356.614,0,0,3,3.50,A2256W000153
3482,70.187,-357.114,0,0,3,3.50,A2256W000153
3483,70.186,-357.614,0,0,3,3.50,A2256W000153
3484,70.184,-358.114,0,0,3,3.50,A2256W000153
3485,70.183,-358.614,0,0,3,3.50,A2256W000153
3486,70.181,-359.114,0,0,3,3.50,A2256W000153
3487,70.180,-359.614,0,0,3,3.50,A2256W000153
3488,70.184,-360.114,0,0,3,3.50,A2256W000153
3489,70.188,-360.614,0,0,3,3.50,A2256W000153
3490,70.192,-361.114,0,0,3,3.50,A2256W000153
3491,70.196,-361.614,0,0,3,3.50,A2256W000153
3492,70.200,-362.114,0,0,3,3.50,A2256W000153
3493,70.204,-362.614,0,0,3,3.50,A2256W000153
3494,70.207,-363.114,0,0,3,3.50,A2256W000153
3495,70.211,-363.613,0,0,3,3.50,A2256W000153
3496,70.215,-364.113,0,0,3,3.50,A2256W000153
3497,70.215,-364.613,0,0,3,3.50,A2256W000153
3498,70.215,-365.113,0,0,3,3.50,A2256W000153
3499,70.214,-365.613,0,0,3,3.50,A2256W000153
3500,70.214,-365.748,0,0,3,3.50,A2256W000451
3501,70.214,-366.248,0,0,3,3.50,A2256W000451
3502,70.213,-366.748,0,0,3,3.50,A2256W000451
3503,70.215,-367.248,0,0,3,3.50,A2256W000451
3504,70.217,-367.748,0,0,3,3.50,A2256W000451
3505,70.219,-368.248,0,0,3,3.50,A2256W000451
3506,70.221,-368.748,0,0,3,3.50,A2256W000451
3507,70.223,-369.248,0,0,3,3.50,A2256W000451
3508,70.225,-369.748,0,0,3,3.50,A2256W000451
3509,70.227,-370.248,0,0,3,3.50,A2256W000451
3510,70.230,-370.748,0,0,3,3.50,A2256W000451
3511,70.233,-371.248,0,0,3,3.50,A2256W000451
3512,70.236,-371.748,0,0,3,3.50,A2256W000451
3513,70.238,-372.248,0,0,3,3.50,A2256W000451
3514,70.241,-372.748,0,0,3,3.50,A2256W000451
3515,70.243,-373.248,0,0,3,3.50,A2256W000451
3516,70.245,-373.748,0,0,3,3.50,A2256W000451
3517,70.247,-374.248,0,0,3,3.50,A2256W000451
3518,70.249,-374.748,0,0,3,3.50,A2256W000451
3519,70.251,-375.248,0,0,3,3.50,A2256W000451
3520,70.253,-375.748,0,0,3,3.50,A2256W000451
3521,70.255,-376.248,0,0,3,3.50,A2256W000451
3522,70.270,-376.748,0,0,3,3.50,A2256W000451
3523,70.285,-377.247,0,0,3,3.50,A2256W000451
3524,70.301,-377.747,0,0,3,3.50,A2256W000451
3525,70.316,-378.247,0,0,3,3.50,A2256W000451
3526,70.332,-378.747,0,0,3,3.50,A2256W000451
3527,70.347,-379.246,0,0,3,3.50,A2256W000451
3528,70.362,-379.746,0,0,3,3.50,A2256W000451
3529,70.378,-380.246,0,0,3,3.50,A2256W000451
3530,70.393,-380.746,0,0,3,3.50,A2256W000451
3531,70.409,-381.245,0,0,3,3.50,A2256W000451
3532,70.424,-381.745,0,0,3,3.50,A2256W000451
3533,70.440,-382.245,0,0,3,3.50,A2256W000451
3534,70.455,-382.745,0,0,3,3.50,A2256W000451
3535,70.471,-383.244,0,0,3,3.50,A2256W000451
3536,70.486,-383.744,0,0,3,3.50,A2256W000451
3537,70.502,-384.244,0,0,3,3.50,A2256W000451
3538,70.517,-384.744,0,0,3,3.50,A2256W000451
3539,70.533,-385.243,0,0,3,3.50,A2256W000451
3540,70.548,-385.743,0,0,3,3.50,A2256W000451
3541,70.564,-386.243,0,0,3,3.50,A2256W000451
3542,70.579,-386.743,0,0,3,3.50,A2256W000451
3543,70.595,-387.242,0,0,3,3.50,A2256W000451
3544,70.610,-387.742,0,0,3,3.50,A2256W000451
3545,70.626,-388.242,0,0,3,3.50,A2256W000451
3546,70.630,-388.742,0,0,3,3.50,A2256W000451
3547,70.634,-389.242,0,0,3,3.50,A2256W000451
3548,70.638,-389.742,0,0,3,3.50,A2256W000451
3549,70.642,-390.242,0,0,3,3.50,A2256W000451
3550,70.646,-390.742,0,0,3,3.50,A2256W000451
3551,70.650,-391.242,0,0,3,3.50,A2256W000451
3552,70.654,-391.742,0,0,3,3.50,A2256W000451
3553,70.659,-392.242,0,0,3,3.50,A2256W000451
3554,70.663,-392.742,0,0,3,3.50,A2256W000451
3555,70.667,-393.242,0,0,3,3.50,A2256W000451
3556,70.671,-393.742,0,0,3,3.50,A2256W000451
3557,70.675,-394.242,0,0,3,3.50,A2256W000451
3558,70.679,-394.742,0,0,3,3.50,A2256W000451
3559,70.683,-395.242,0,0,3,3.50,A2256W000451
3560,70.686,-395.742,0,0,3,3.50,A2256W000451
3561,70.690,-396.242,0,0,3,3.50,A2256W000451
3562,70.694,-396.742,0,0,3,3.50,A2256W000451
3563,70.698,-397.242,0,0,3,3.50,A2256W000451
3564,70.702,-397.742,0,0,3,3.50,A2256W000451
3565,70.706,-398.242,0,0,3,3.50,A2256W000451
3566,70.709,-398.742,0,0,3,3.50,A2256W000451
3567,70.713,-399.242,0,0,3,3.50,A2256W000451
3568,70.716,-399.742,0,0,3,3.50,A2256W000451
3569,70.719,-400.242,0,0,3,3.50,A2256W000451
3570,70.722,-400.742,0,0,3,3.50,A2256W000451
3571,70.725,-401.242,0,0,3,3.50,A2256W000451
3572,70.729,-401.741,0,0,3,3.50,A2256W000451
3573,70.732,-402.241,0,0,3,3.50,A2256W000451
3574,70.735,-402.741,0,0,3,3.50,A2256W000451
3575,70.739,-403.241,0,0,3,3.50,A2256W000451
3576,70.743,-403.741,0,0,3,3.50,A2256W000451
3577,70.747,-404.241,0,0,3,3.50,A2256W000451
3578,70.750,-404.741,0,0,3,3.50,A2256W000451
3579,70.754,-405.241,0,0,3,3.50,A2256W000451
3580,70.757,-405.578,0,0,3,3.50,A2256W000451
3581,70.762,-406.078,0,0,1,3.50,A2256W000446
3582,70.767,-406.578,0,0,1,3.50,A2256W000446
3583,70.773,-407.078,0,0,1,3.50,A2256W000446
3584,70.778,-407.578,0,0,1,3.50,A2256W000446
3585,70.783,-408.078,0,0,1,3.50,A2256W000446
3586,70.788,-408.578,0,0,1,3.50,A2256W000446
3587,70.794,-409.078,0,0,1,3.50,A2256W000446
3588,70.772,-409.578,0,0,1,3.50,A2256W000446
3589,70.750,-410.077,0,0,1,3.50,A2256W000446
3590,70.729,-410.577,0,0,1,3.50,A2256W000446
3591,70.707,-411.076,0,0,1,3.50,A2256W000446
3592,70.685,-411.576,0,0,1,3.50,A2256W000446
3593,70.663,-412.075,0,0,1,3.50,A2256W000446
3594,70.642,-412.575,0,0,1,3.50,A2256W000446
3595,70.620,-413.074,0,0,1,3.50,A2256W000446
3596,70.598,-413.574,0,0,1,3.50,A2256W000446
3597,70.561,-414.073,0,0,1,3.50,A2256W000446
3598,70.524,-414.571,0,0,1,3.50,A2256W000446
3599,70.487,-415.070,0,0,1,3.50,A2256W000446
3600,70.450,-415.568,0,0,1,3.50,A2256W000446
3601,70.413,-416.067,0,0,1,3.50,A2256W000446
3602,70.376,-416.566,0,0,1,3.50,A2256W000446
3603,70.339,-417.064,0,0,1,3.50,A2256W000446
3604,70.302,-417.563,0,0,1,3.50,A2256W000446
3605,70.265,-418.062,0,0,1,3.50,A2256W000446
3606,70.212,-418.559,0,0,1,3.50,A2256W000446
3607,70.159,-419.056,0,0,1,3.50,A2256W000446
3608,70.106,-419.553,0,0,1,3.50,A2256W000446
3609,70.053,-420.050,0,0,1,3.50,A2256W000446
3610,70.000,-420.548,0,0,1,3.50,A2256W000446
3611,69.930,-421.043,0,0,1,3.50,A2256W000446
3612,69.860,-421.538,0,0,1,3.50,A2256W000446
3613,69.790,-422.033,0,0,1,3.50,A2256W000446
3614,69.720,-422.528,0,0,1,3.50,A2256W000446
3615,69.649,-423.023,0,0,1,3.50,A2256W000446
3616,69.579,-423.518,0,0,1,3.50,A2256W000446
3617,69.497,-424.011,0,0,1,3.50,A2256W000446
3618,69.414,-424.504,0,0,1,3.50,A2256W000446
3619,69.331,-424.997,0,0,1,3.50,A2256W000446
3620,69.248,-425.490,0,0,1,3.50,A2256W000446
3621,69.166,-425.983,0,0,1,3.50,A2256W000446
3622,69.083,-426.477,0,0,1,3.50,A2256W000446
3623,68.982,-426.966,0,0,1,3.50,A2256W000446
3624,68.881,-427.456,0,0,1,3.50,A2256W000446
3625,68.780,-427.946,0,0,1,3.50,A2256W000446
3626,68.680,-428.435,0,0,1,3.50,A2256W000446
3627,68.579,-428.925,0,0,1,3.50,A2256W000446
3628,68.478,-429.415,0,0,1,3.50,A2256W000446
3629,68.367,-429.902,0,0,1,3.50,A2256W000446
3630,68.257,-430.390,0,0,1,3.50,A2256W000446
3631,68.146,-430.878,0,0,1,3.50,A2256W000446
3632,68.035,-431.365,0,0,1,3.50,A2256W000446
3633,67.924,-431.853,0,0,1,3.50,A2256W000446
3634,67.804,-432.338,0,0,1,3.50,A2256W000446
3635,67.684,-432.823,0,0,1,3.50,A2256W000446
3636,67.563,-433.309,0,0,1,3.50,A2256W000446
3637,67.443,-433.794,0,0,1,3.50,A2256W000446
3638,67.323,-434.279,0,0,1,3.50,A2256W000446
3639,67.202,-434.765,0,0,1,3.50,A2256W000446
3640,67.062,-435.244,0,0,1,3.50,A2256W000446
3641,66.921,-435.724,0,0,1,3.50,A2256W000446
3642,66.780,-436.204,0,0,1,3.50,A2256W000446
3643,66.639,-436.684,0,0,1,3.50,A2256W000446
3644,66.498,-437.163,0,0,1,3.50,A2256W000446
3645,66.357,-437.643,0,0,1,3.50,A2256W000446
3646,66.219,-438.124,0,0,1,3.50,A2256W000446
3647,66.081,-438.604,0,0,1,3.50,A2256W000446
3648,65.943,-439.085,0,0,1,3.50,A2256W000446
3649,65.805,-439.565,0,0,1,3.50,A2256W000446
3650,65.667,-440.046,0,0,1,3.50,A2256W000446
3651,65.514,-440.522,0,0,1,3.50,A2256W000446
3652,65.361,-440.998,0,0,1,3.50,A2256W000446
3653,65.208,-441.474,0,0,1,3.50,A2256W000446
3654,65.054,-441.950,0,0,1,3.50,A2256W000446
3655,64.898,-442.424,0,0,1,3.50,A2256W000446
3656,64.741,-442.899,0,0,1,3.50,A2256W000446
3657,64.585,-443.374,0,0,1,3.50,A2256W000446
3658,64.417,-443.845,0,0,1,3.50,A2256W000446
3659,64.249,-444.316,0,0,1,3.50,A2256W000446
3660,64.081,-444.787,0,0,1,3.50,A2256W000446
3661,63.913,-445.258,0,0,1,3.50,A2256W000446
3662,63.742,-445.728,0,0,1,3.50,A2256W000446
3663,63.571,-446.198,0,0,1,3.50,A2256W000446
3664,63.401,-446.668,0,0,1,3.50,A2256W000446
3665,63.230,-447.138,0,0,1,3.50,A2256W000446
3666,63.051,-447.605,0,0,1,3.50,A2256W000446
3667,62.873,-448.072,0,0,1,3.50,A2256W000446
3668,62.695,-448.539,0,0,1,3.50,A2256W000446
3669,62.511,-449.004,0,0,1,3.50,A2256W000446
3670,62.328,-449.469,0,0,1,3.50,A2256W000446
3671,62.145,-449.934,0,0,1,3.50,A2256W000446
3672,61.961,-450.400,0,0,1,3.50,A2256W000446
3673,61.767,-450.860,0,0,1,3.50,A2256W000446
3674,61.573,-451.321,0,0,1,3.50,A2256W000446
3675,61.379,-451.782,0,0,1,3.50,A2256W000446
3676,61.185,-452.243,0,0,1,3.50,A2256W000446
3677,60.992,-452.704,0,0,1,3.50,A2256W000446
3678,60.791,-453.162,0,0,1,3.50,A2256W000446
3679,60.591,-453.620,0,0,1,3.50,A2256W000446
3680,60.391,-454.078,0,0,1,3.50,A2256W000446
3681,60.190,-454.536,0,0,1,3.50,A2256W000446
3682,59.990,-454.994,0,0,1,3.50,A2256W000446
3683,59.777,-455.447,0,0,1,3.50,A2256W000446
3684,59.564,-455.899,0,0,1,3.50,A2256W000446
3685,59.351,-456.352,0,0,1,3.50,A2256W000446
3686,59.138,-456.804,0,0,1,3.50,A2256W000446
3687,58.925,-457.256,0,0,1,3.50,A2256W000446
3688,58.712,-457.709,0,0,1,3.50,A2256W000446
3689,58.484,-458.153,0,0,1,3.50,A2256W000446
3690,58.255,-458.598,0,0,1,3.50,A2256W000446
3691,58.027,-459.043,0,0,1,3.50,A2256W000446
3692,57.798,-459.487,0,0,1,3.50,A2256W000446
3693,57.569,-459.932,0,0,1,3.50,A2256W000446
3694,57.341,-460.377,0,0,1,3.50,A2256W000446
3695,57.085,-460.806,0,0,1,3.50,A2256W000446
3696,56.828,-461.235,0,0,1,3.50,A2256W000446
3697,56.572,-461.665,0,0,1,3.50,A2256W000446
3698,56.316,-462.094,0,0,1,3.50,A2256W000446
3699,56.060,-462.524,0,0,1,3.50,A2256W000446
3700,55.778,-462.936,0,0,1,3.50,A2256W000446
3701,55.496,-463.349,0,0,1,3.50,A2256W000446
3702,55.213,-463.762,0,0,1,3.50,A2256W000446
3703,54.931,-464.175,0,0,1,3.50,A2256W000446
3704,54.627,-464.571,0,0,1,3.50,A2256W000446
3705,54.322,-464.968,0,0,1,3.50,A2256W000446
3706,54.018,-465.364,0,0,1,3.50,A2256W000446
3707,53.713,-465.761,0,0,1,3.50,A2256W000446
3708,53.393,-466.145,0,0,1,3.50,A2256W000446
3709,53.072,-466.528,0,0,1,3.50,A2256W000446
3710,52.751,-466.912,0,0,1,3.50,A2256W000446
3711,52.431,-467.296,0,0,1,3.50,A2256W000446
3712,52.110,-467.679,0,0,1,3.50,A2256W000446
3713,51.789,-468.063,0,0,1,3.50,A2256W000446
3714,51.454,-468.434,0,0,1,3.50,A2256W000446
3715,51.119,-468.805,0,0,1,3.50,A2256W000446
3716,50.784,-469.176,0,0,1,3.50,A2256W000446
3717,50.449,-469.548,0,0,1,3.50,A2256W000446
3718,50.114,-469.919,0,0,1,3.50,A2256W000446
3719,49.780,-470.290,0,0,1,3.50,A2256W000446
3720,49.436,-470.653,0,0,1,3.50,A2256W000446
3721,49.092,-471.017,0,0,1,3.50,A2256W000446
3722,48.749,-471.380,0,0,1,3.50,A2256W000446
3723,48.405,-471.743,0,0,1,3.50,A2256W000446
3724,48.061,-472.106,0,0,1,3.50,A2256W000446
3725,47.718,-472.469,0,0,1,3.50,A2256W000446
3726,47.367,-472.825,0,0,1,3.50,A2256W000446
3727,47.016,-473.181,0,0,1,3.50,A2256W000446
3728,46.665,-473.538,0,0,1,3.50,A2256W000446
3729,46.314,-473.894,0,0,1,3.50,A2256W000446
3730,45.963,-474.250,0,0,1,3.50,A2256W000446
3731,45.612,-474.606,0,0,1,3.50,A2256W000446
3732,45.254,-474.955,0,0,1,3.50,A2256W000446
3733,44.896,-475.304,0,0,1,3.50,A2256W000446
3734,44.538,-475.653,0,0,1,3.50,A2256W000446
3735,44.180,-476.003,0,0,1,3.50,A2256W000446
3736,43.822,-476.352,0,0,1,3.50,A2256W000446
3737,43.762,-476.411,0,0,1,3.50,A2256W000448
3738,43.393,-476.749,0,0,1,3.50,A2256W000448
3739,43.025,-477.088,0,0,1,3.50,A2256W000448
3740,42.657,-477.426,0,0,1,3.50,A2256W000448
3741,42.289,-477.765,0,0,1,3.50,A2256W000448
3742,41.921,-478.103,0,0,1,3.50,A2256W000448
3743,41.543,-478.430,0,0,1,3.50,A2256W000448
3744,41.164,-478.756,0,0,1,3.50,A2256W000448
3745,40.786,-479.083,0,0,1,3.50,A2256W000448
3746,40.407,-479.410,0,0,1,3.50,A2256W000448
3747,40.029,-479.736,0,0,1,3.50,A2256W000448
3748,39.650,-480.063,0,0,1,3.50,A2256W000448
3749,39.259,-480.375,0,0,1,3.50,A2256W000448
3750,38.869,-480.687,0,0,1,3.50,A2256W000448
3751,38.478,-481.000,0,0,1,3.50,A2256W000448
3752,38.088,-481.312,0,0,1,3.50,A2256W000448
3753,37.697,-481.624,0,0,1,3.50,A2256W000448
3754,37.307,-481.936,0,0,1,3.50,A2256W000448
3755,36.916,-482.248,0,0,1,3.50,A2256W000448
3756,36.517,-482.549,0,0,1,3.50,A2256W000448
3757,36.117,-482.850,0,0,1,3.50,A2256W000448
3758,35.718,-483.150,0,0,1,3.50,A2256W000448
3759,35.318,-483.451,0,0,1,3.50,A2256W000448
3760,34.919,-483.752,0,0,1,3.50,A2256W000448
3761,34.519,-484.052,0,0,1,3.50,A2256W000448
3762,34.120,-484.353,0,0,1,3.50,A2256W000448
3763,33.717,-484.650,0,0,1,3.50,A2256W000448
3764,33.315,-484.947,0,0,1,3.50,A2256W000448
3765,32.913,-485.244,0,0,1,3.50,A2256W000448
3766,32.510,-485.541,0,0,1,3.50,A2256W000448
3767,32.108,-485.838,0,0,1,3.50,A2256W000448
3768,31.706,-486.134,0,0,1,3.50,A2256W000448
3769,31.299,-486.426,0,0,1,3.50,A2256W000448
3770,30.893,-486.717,0,0,1,3.50,A2256W000448
3771,30.486,-487.008,0,0,1,3.50,A2256W000448
3772,30.080,-487.299,0,0,1,3.50,A2256W000448
3773,29.673,-487.590,0,0,1,3.50,A2256W000448
3774,29.589,-487.650,0,0,1,3.50,A2256W000448
3775,29.175,-487.930,0,0,1,3.50,A2256W000126
3776,28.761,-488.210,0,0,1,3.50,A2256W000126
3777,28.347,-488.490,0,0,1,3.50,A2256W000126
3778,27.932,-488.770,0,0,1,3.50,A2256W000126
3779,27.514,-489.044,0,0,1,3.50,A2256W000126
3780,27.096,-489.318,0,0,1,3.50,A2256W000126
3781,26.677,-489.591,0,0,1,3.50,A2256W000126
3782,26.259,-489.865,0,0,1,3.50,A2256W000126
3783,25.840,-490.139,0,0,1,3.50,A2256W000126
3784,25.418,-490.407,0,0,1,3.50,A2256W000126
3785,24.996,-490.675,0,0,1,3.50,A2256W000126
3786,24.574,-490.943,0,0,1,3.50,A2256W000126
3787,24.152,-491.210,0,0,1,3.50,A2256W000126
3788,23.723,-491.467,0,0,1,3.50,A2256W000126
3789,23.294,-491.724,0,0,1,3.50,A2256W000126
3790,22.865,-491.981,0,0,1,3.50,A2256W000126
3791,22.436,-492.238,0,0,1,3.50,A2256W000126
3792,22.007,-492.495,0,0,1,3.50,A2256W000126
3793,21.578,-492.752,0,0,1,3.50,A2256W000126
3794,21.145,-493.001,0,0,1,3.50,A2256W000126
3795,20.711,-493.250,0,0,1,3.50,A2256W000126
3796,20.277,-493.500,0,0,1,3.50,A2256W000126
3797,19.844,-493.749,0,0,1,3.50,A2256W000126
3798,19.410,-493.998,0,0,1,3.50,A2256W000126
3799,18.977,-494.247,0,0,1,3.50,A2256W000126
3800,18.543,-494.496,0,0,1,3.50,A2256W000126
3801,18.105,-494.736,0,0,1,3.50,A2256W000126
3802,17.666,-494.976,0,0,1,3.50,A2256W000126
3803,17.228,-495.217,0,0,1,3.50,A2256W000126
3804,16.789,-495.457,0,0,1,3.50,A2256W000126
3805,16.351,-495.697,0,0,1,3.50,A2256W000126
3806,15.912,-495.937,0,0,1,3.50,A2256W000126
3807,15.474,-496.177,0,0,1,3.50,A2256W000126
3808,15.033,-496.414,0,0,1,3.50,A2256W000126
3809,14.593,-496.650,0,0,1,3.50,A2256W000126
3810,14.152,-496.887,0,0,1,3.50,A2256W000126
3811,13.711,-497.123,0,0,1,3.50,A2256W000126
3812,13.271,-497.359,0,0,1,3.50,A2256W000126
3813,12.830,-497.596,0,0,1,3.50,A2256W000126
3814,12.390,-497.832,0,0,1,3.50,A2256W000126
3815,11.949,-498.069,0,0,1,3.50,A2256W000126
3816,11.509,-498.306,0,0,1,3.50,A2256W000126
3817,11.069,-498.544,0,0,1,3.50,A2256W000126
3818,10.629,-498.781,0,0,1,3.50,A2256W000126
3819,10.189,-499.018,0,0,1,3.50,A2256W000126
3820,9.748,-499.255,0,0,1,3.50,A2256W000126
3821,9.308,-499.492,0,0,1,3.50,A2256W000126
3822,8.868,-499.729,0,0,1,3.50,A2256W000126
3823,8.427,-499.966,0,0,1,3.50,A2256W000126
3824,7.987,-500.202,0,0,1,3.50,A2256W000126
3825,7.547,-500.439,0,0,1,3.50,A2256W000126
3826,7.106,-500.676,0,0,1,3.50,A2256W000126
3827,6.666,-500.913,0,0,1,3.50,A2256W000126
3828,6.226,-501.149,0,0,1,3.50,A2256W000126
3829,5.784,-501.385,0,0,1,3.50,A2256W000126
3830,5.343,-501.620,0,0,1,3.50,A2256W000126
3831,4.902,-501.856,0,0,1,3.50,A2256W000126
3832,4.461,-502.091,0,0,1,3.50,A2256W000126
3833,4.020,-502.326,0,0,1,3.50,A2256W000126
3834,3.579,-502.562,0,0,1,3.50,A2256W000126
3835,3.138,-502.797,0,0,1,3.50,A2256W000126
3836,2.698,-503.036,0,0,1,3.50,A2256W000126
3837,2.259,-503.274,0,0,1,3.50,A2256W000126
3838,1.819,-503.512,0,0,1,3.50,A2256W000126
3839,1.380,-503.751,0,0,1,3.50,A2256W000126
3840,0.940,-503.989,0,0,1,3.50,A2256W000126
3841,0.501,-504.228,0,0,1,3.50,A2256W000126
3842,0.062,-504.467,0,0,1,3.50,A2256W000126
3843,-0.377,-504.707,0,0,1,3.50,A2256W000126
3844,-0.815,-504.947,0,0,1,3.50,A2256W000126
3845,-1.254,-505.187,0,0,1,3.50,A2256W000126
3846,-1.693,-505.427,0,0,1,3.50,A2256W000126
3847,-2.132,-505.666,0,0,1,3.50,A2256W000126
3848,-2.570,-505.906,0,0,1,3.50,A2256W000126
3849,-3.010,-506.144,0,0,1,3.50,A2256W000126
3850,-3.450,-506.383,0,0,1,3.50,A2256W000126
3851,-3.889,-506.621,0,0,1,3.50,A2256W000126
3852,-4.329,-506.859,0,0,1,3.50,A2256W000126
3853,-4.768,-507.097,0,0,1,3.50,A2256W000126
3854,-5.208,-507.335,0,0,1,3.50,A2256W000126
3855,-5.648,-507.573,0,0,1,3.50,A2256W000126
3856,-6.088,-507.810,0,0,1,3.50,A2256W000126
3857,-6.528,-508.048,0,0,1,3.50,A2256W000126
3858,-6.968,-508.285,0,0,1,3.50,A2256W000126
3859,-7.408,-508.523,0,0,1,3.50,A2256W000126
3860,-7.848,-508.760,0,0,1,3.50,A2256W000126
3861,-8.288,-508.999,0,0,1,3.50,A2256W000126
3862,-8.727,-509.237,0,0,1,3.50,A2256W000126
3863,-9.167,-509.475,0,0,1,3.50,A2256W000126
3864,-9.606,-509.714,0,0,1,3.50,A2256W000126
3865,-10.046,-509.952,0,0,1,3.50,A2256W000126
3866,-10.485,-510.190,0,0,1,3.50,A2256W000126
3867,-10.925,-510.428,0,0,1,3.50,A2256W000126
3868,-11.365,-510.665,0,0,1,3.50,A2256W000126
3869,-11.805,-510.903,0,0,1,3.50,A2256W000126
3870,-12.245,-511.141,0,0,1,3.50,A2256W000126
3871,-12.685,-511.378,0,0,1,3.50,A2256W000126
3872,-13.125,-511.616,0,0,1,3.50,A2256W000126
3873,-13.564,-511.855,0,0,1,3.50,A2256W000126
3874,-14.003,-512.095,0,0,1,3.50,A2256W000126
3875,-14.442,-512.334,0,0,1,3.50,A2256W000126
3876,-14.880,-512.574,0,0,1,3.50,A2256W000126
3877,-15.319,-512.814,0,0,1,3.50,A2256W000126
3878,-15.758,-513.053,0,0,1,3.50,A2256W000126
3879,-16.198,-513.291,0,0,1,3.50,A2256W000126
3880,-16.637,-513.530,0,0,1,3.50,A2256W000126
3881,-17.077,-513.768,0,0,1,3.50,A2256W000126
3882,-17.517,-514.006,0,0,1,3.50,A2256W000126
3883,-17.956,-514.244,0,0,1,3.50,A2256W000126
3884,-18.396,-514.481,0,0,1,3.50,A2256W000126
3885,-18.837,-514.718,0,0,1,3.50,A2256W000126
3886,-19.277,-514.955,0,0,1,3.50,A2256W000126
3887,-19.718,-515.192,0,0,1,3.50,A2256W000126
3888,-20.158,-515.428,0,0,1,3.50,A2256W000126
3889,-20.598,-515.665,0,0,1,3.50,A2256W000126
3890,-21.039,-515.901,0,0,1,3.50,A2256W000126
3891,-21.480,-516.138,0,0,1,3.50,A2256W000126
3892,-21.920,-516.374,0,0,1,3.50,A2256W000126
3893,-22.361,-516.610,0,0,1,3.50,A2256W000126
3894,-22.804,-516.842,0,0,1,3.50,A2256W000126
3895,-23.247,-517.074,0,0,1,3.50,A2256W000126
3896,-23.690,-517.306,0,0,1,3.50,A2256W000126
3897,-24.133,-517.537,0,0,1,3.50,A2256W000126
3898,-24.573,-517.775,0,0,1,3.50,A2256W000126
3899,-25.013,-518.013,0,0,1,3.50,A2256W000126
3900,-25.453,-518.250,0,0,1,3.50,A2256W000126
3901,-25.893,-518.488,0,0,1,3.50,A2256W000126
3902,-26.332,-518.726,0,0,1,3.50,A2256W000126
3903,-26.772,-518.965,0,0,1,3.50,A2256W000126
3904,-27.211,-519.204,0,0,1,3.50,A2256W000126
3905,-27.650,-519.443,0,0,1,3.50,A2256W000126
3906,-28.089,-519.682,0,0,1,3.50,A2256W000126
3907,-28.529,-519.920,0,0,1,3.50,A2256W000126
3908,-28.970,-520.154,0,0,1,3.50,A2256W000126
3909,-29.412,-520.389,0,0,1,3.50,A2256W000126
3910,-29.854,-520.623,0,0,1,3.50,A2256W000126
3911,-30.296,-520.857,0,0,1,3.50,A2256W000126
3912,-30.738,-521.091,0,0,1,3.50,A2256W000126
3913,-31.179,-521.325,0,0,1,3.50,A2256W000126
3914,-31.621,-521.560,0,0,1,3.50,A2256W000126
3915,-32.062,-521.795,0,0,1,3.50,A2256W000126
3916,-32.504,-522.029,0,0,1,3.50,A2256W000126
3917,-32.945,-522.264,0,0,1,3.50,A2256W000126
3918,-33.387,-522.498,0,0,1,3.50,A2256W000126
3919,-33.829,-522.732,0,0,1,3.50,A2256W000126
3920,-34.271,-522.966,0,0,1,3.50,A2256W000126
3921,-34.713,-523.200,0,0,1,3.50,A2256W000126
3922,-35.155,-523.433,0,0,1,3.50,A2256W000126
3923,-35.593,-523.675,0,0,1,3.50,A2256W000126
3924,-36.031,-523.916,0,0,1,3.50,A2256W000126
3925,-36.469,-524.158,0,0,1,3.50,A2256W000126
3926,-36.906,-524.399,0,0,1,3.50,A2256W000126
3927,-37.344,-524.640,0,0,1,3.50,A2256W000126
3928,-37.785,-524.877,0,0,1,3.50,A2256W000126
3929,-38.225,-525.114,0,0,1,3.50,A2256W000126
3930,-38.665,-525.351,0,0,1,3.50,A2256W000126
3931,-39.105,-525.588,0,0,1,3.50,A2256W000126
3932,-39.546,-525.825,0,0,1,3.50,A2256W000126
3933,-39.986,-526.062,0,0,1,3.50,A2256W000126
3934,-40.427,-526.297,0,0,1,3.50,A2256W000126
3935,-40.869,-526.532,0,0,1,3.50,A2256W000126
3936,-41.310,-526.767,0,0,1,3.50,A2256W000126
3937,-41.752,-527.001,0,0,1,3.50,A2256W000126
3938,-42.191,-527.239,0,0,1,3.50,A2256W000126
3939,-42.631,-527.478,0,0,1,3.50,A2256W000126
3940,-43.071,-527.716,0,0,1,3.50,A2256W000126
3941,-43.510,-527.954,0,0,1,3.50,A2256W000126
3942,-43.950,-528.192,0,0,1,3.50,A2256W000126
3943,-44.390,-528.430,0,0,1,3.50,A2256W000126
3944,-44.829,-528.668,0,0,1,3.50,A2256W000126
3945,-45.272,-528.901,0,0,1,3.50,A2256W000126
3946,-45.714,-529.135,0,0,1,3.50,A2256W000126
3947,-46.156,-529.368,0,0,1,3.50,A2256W000126
3948,-46.598,-529.601,0,0,1,3.50,A2256W000126
3949,-47.041,-529.835,0,0,1,3.50,A2256W000126
3950,-47.483,-530.068,0,0,1,3.50,A2256W000126
3951,-47.925,-530.302,0,0,1,3.50,A2256W000126
3952,-48.367,-530.535,0,0,1,3.50,A2256W000126
3953,-48.809,-530.769,0,0,1,3.50,A2256W000126
3954,-49.251,-531.003,0,0,1,3.50,A2256W000126
3955,-49.691,-531.240,0,0,1,3.50,A2256W000126
3956,-50.131,-531.477,0,0,1,3.50,A2256W000126
3957,-50.572,-531.714,0,0,1,3.50,A2256W000126
3958,-51.012,-531.951,0,0,1,3.50,A2256W000126
3959,-51.452,-532.188,0,0,1,3.50,A2256W000126
3960,-51.892,-532.425,0,0,1,3.50,A2256W000126
3961,-52.333,-532.662,0,0,1,3.50,A2256W000126
3962,-52.773,-532.899,0,0,1,3.50,A2256W000126
3963,-53.213,-533.135,0,0,1,3.50,A2256W000126
3964,-53.653,-533.373,0,0,1,3.50,A2256W000126
3965,-54.093,-533.611,0,0,1,3.50,A2256W000126
3966,-54.533,-533.849,0,0,1,3.50,A2256W000126
3967,-54.973,-534.086,0,0,1,3.50,A2256W000126
3968,-55.413,-534.324,0,0,1,3.50,A2256W000126
3969,-55.855,-534.557,0,0,1,3.50,A2256W000126
3970,-56.297,-534.791,0,0,1,3.50,A2256W000126
3971,-56.739,-535.024,0,0,1,3.50,A2256W000126
3972,-57.182,-535.258,0,0,1,3.50,A2256W000126
3973,-57.624,-535.491,0,0,1,3.50,A2256W000126
3974,-58.065,-535.726,0,0,1,3.50,A2256W000126
3975,-58.507,-535.960,0,0,1,3.50,A2256W000126
3976,-58.948,-536.195,0,0,1,3.50,A2256W000126
3977,-59.390,-536.429,0,0,1,3.50,A2256W000126
3978,-59.831,-536.664,0,0,1,3.50,A2256W000126
3979,-60.275,-536.895,0,0,1,3.50,A2256W000126
3980,-60.718,-537.127,0,0,1,3.50,A2256W000126
3981,-61.161,-537.358,0,0,1,3.50,A2256W000126
3982,-61.601,-537.595,0,0,1,3.50,A2256W000126
3983,-62.042,-537.832,0,0,1,3.50,A2256W000126
3984,-62.482,-538.069,0,0,1,3.50,A2256W000126
3985,-62.922,-538.306,0,0,1,3.50,A2256W000126
3986,-63.362,-538.543,0,0,1,3.50,A2256W000126
3987,-63.803,-538.780,0,0,1,3.50,A2256W000126
3988,-64.244,-539.015,0,0,1,3.50,A2256W000126
3989,-64.685,-539.250,0,0,1,3.50,A2256W000126
3990,-65.127,-539.485,0,0,1,3.50,A2256W000126
3991,-65.568,-539.720,0,0,1,3.50,A2256W000126
3992,-66.009,-539.955,0,0,1,3.50,A2256W000126
3993,-66.451,-540.190,0,0,1,3.50,A2256W000126
3994,-66.892,-540.425,0,0,1,3.50,A2256W000126
3995,-67.334,-540.660,0,0,1,3.50,A2256W000126
3996,-67.775,-540.894,0,0,1,3.50,A2256W000126
3997,-68.216,-541.129,0,0,1,3.50,A2256W000126
3998,-68.658,-541.364,0,0,1,3.50,A2256W000126
3999,-69.101,-541.596,0,0,1,3.50,A2256W000126
4000,-69.543,-541.829,0,0,1,3.50,A2256W000126
4001,-69.986,-542.061,0,0,1,3.50,A2256W000126
4002,-70.429,-542.293,0,0,1,3.50,A2256W000126
4003,-70.871,-542.527,0,0,1,3.50,A2256W000126
4004,-71.313,-542.760,0,0,1,3.50,A2256W000126
4005,-71.755,-542.994,0,0,1,3.50,A2256W000126
4006,-72.198,-543.227,0,0,1,3.50,A2256W000126
4007,-72.641,-543.458,0,0,1,3.50,A2256W000126
4008,-73.085,-543.688,0,0,1,3.50,A2256W000126
4009,-73.529,-543.919,0,0,1,3.50,A2256W000126
4010,-73.977,-544.141,0,0,1,3.50,A2256W000126
4011,-74.425,-544.362,0,0,1,3.50,A2256W000126
4012,-74.861,-544.578,0,0,1,3.50,A2256W000126
4013,-75.316,-544.784,0,0,1,3.50,A2256W000128
4014,-75.774,-544.986,0,0,1,3.50,A2256W000128
4015,-76.233,-545.183,0,0,1,3.50,A2256W000128
4016,-76.693,-545.379,0,0,1,3.50,A2256W000128
4017,-77.154,-545.572,0,0,1,3.50,A2256W000128
4018,-77.615,-545.766,0,0,1,3.50,A2256W000128
4019,-78.076,-545.959,0,0,1,3.50,A2256W000128
4020,-78.541,-546.144,0,0,1,3.50,A2256W000128
4021,-79.006,-546.328,0,0,1,3.50,A2256W000128
4022,-79.474,-546.504,0,0,1,3.50,A2256W000128
4023,-79.942,-546.680,0,0,1,3.50,A2256W000128
4024,-80.414,-546.845,0,0,1,3.50,A2256W000128
4025,-80.886,-547.010,0,0,1,3.50,A2256W000128
4026,-81.359,-547.171,0,0,1,3.50,A2256W000128
4027,-81.833,-547.332,0,0,1,3.50,A2256W000128
4028,-82.309,-547.484,0,0,1,3.50,A2256W000128
4029,-82.785,-547.636,0,0,1,3.50,A2256W000128
4030,-83.261,-547.789,0,0,1,3.50,A2256W000128
4031,-83.741,-547.932,0,0,1,3.50,A2256W000128
4032,-84.221,-548.070,0,0,1,3.50,A2256W000128
4033,-84.702,-548.208,0,0,1,3.50,A2256W000128
4034,-85.182,-548.346,0,0,1,3.50,A2256W000128
4035,-85.664,-548.480,0,0,1,3.50,A2256W000128
4036,-86.146,-548.614,0,0,1,3.50,A2256W000128
4037,-86.627,-548.749,0,0,1,3.50,A2256W000128
4038,-87.112,-548.870,0,0,1,3.50,A2256W000128
4039,-87.598,-548.990,0,0,1,3.50,A2256W000128
4040,-88.083,-549.111,0,0,1,3.50,A2256W000128
4041,-88.568,-549.232,0,0,1,3.50,A2256W000128
4042,-89.056,-549.342,0,0,1,3.50,A2256W000128
4043,-89.543,-549.452,0,0,1,3.50,A2256W000128
4044,-90.031,-549.562,0,0,1,3.50,A2256W000128
4045,-90.522,-549.659,0,0,1,3.50,A2256W000128
4046,-91.013,-549.754,0,0,1,3.50,A2256W000128
4047,-91.504,-549.847,0,0,1,3.50,A2256W000128
4048,-91.996,-549.935,0,0,1,3.50,A2256W000128
4049,-92.488,-550.022,0,0,1,3.50,A2256W000128
4050,-92.982,-550.103,0,0,1,3.50,A2256W000128
4051,-93.476,-550.177,0,0,1,3.50,A2256W000128
4052,-93.971,-550.252,0,0,1,3.50,A2256W000128
4053,-94.468,-550.304,0,0,1,3.50,A2256W000128
4054,-94.965,-550.356,0,0,1,3.50,A2256W000128
4055,-95.464,-550.396,0,0,1,3.50,A2256W000128
4056,-95.963,-550.426,0,0,1,3.50,A2256W000128
4057,-96.462,-550.456,0,0,1,3.50,A2256W000128
4058,-96.962,-550.473,0,0,1,3.50,A2256W000128
4059,-97.461,-550.482,0,0,1,3.50,A2256W000128
4060,-97.961,-550.489,0,0,1,3.50,A2256W000128
4061,-98.461,-550.492,0,0,1,3.50,A2256W000128
4062,-98.961,-550.494,0,0,1,3.50,A2256W000128
4063,-99.461,-550.490,0,0,1,3.50,A2256W000128
4064,-99.961,-550.486,0,0,1,3.50,A2256W000128
4065,-100.461,-550.475,0,0,1,3.50,A2256W000128
4066,-100.961,-550.464,0,0,1,3.50,A2256W000128
4067,-101.461,-550.446,0,0,1,3.50,A2256W000128
4068,-101.960,-550.428,0,0,1,3.50,A2256W000128
4069,-102.460,-550.398,0,0,1,3.50,A2256W000128
4070,-102.959,-550.367,0,0,1,3.50,A2256W000128
4071,-103.458,-550.337,0,0,1,3.50,A2256W000128
4072,-103.956,-550.294,0,0,1,3.50,A2256W000128
4073,-104.454,-550.251,0,0,1,3.50,A2256W000128
4074,-104.949,-550.183,0,0,1,3.50,A2256W000128
4075,-105.445,-550.115,0,0,1,3.50,A2256W000128
4076,-105.940,-550.047,0,0,1,3.50,A2256W000128
4077,-106.435,-549.979,0,0,1,3.50,A2256W000128
4078,-106.929,-549.902,0,0,1,3.50,A2256W000128
4079,-107.423,-549.825,0,0,1,3.50,A2256W000128
4080,-107.918,-549.748,0,0,1,3.50,A2256W000128
4081,-108.412,-549.672,0,0,1,3.50,A2256W000128
4082,-108.906,-549.595,0,0,1,3.50,A2256W000128
4083,-109.398,-549.510,0,0,1,3.50,A2256W000128
4084,-109.891,-549.425,0,0,1,3.50,A2256W000128
4085,-110.384,-549.340,0,0,1,3.50,A2256W000128
4086,-110.877,-549.255,0,0,1,3.50,A2256W000128
4087,-111.367,-549.158,0,0,1,3.50,A2256W000128
4088,-111.858,-549.062,0,0,1,3.50,A2256W000128
4089,-112.345,-548.951,0,0,1,3.50,A2256W000128
4090,-112.833,-548.839,0,0,1,3.50,A2256W000128
4091,-113.320,-548.728,0,0,1,3.50,A2256W000128
4092,-113.804,-548.603,0,0,1,3.50,A2256W000128
4093,-114.289,-548.479,0,0,1,3.50,A2256W000128
4094,-114.768,-548.337,0,0,1,3.50,A2256W000128
4095,-115.248,-548.195,0,0,1,3.50,A2256W000128
4096,-115.727,-548.054,0,0,1,3.50,A2256W000128
4097,-116.207,-547.912,0,0,1,3.50,A2256W000128
4098,-116.684,-547.762,0,0,1,3.50,A2256W000128
4099,-117.161,-547.612,0,0,1,3.50,A2256W000128
4100,-117.638,-547.462,0,0,1,3.50,A2256W000128
4101,-118.115,-547.313,0,0,1,3.50,A2256W000128
4102,-118.588,-547.152,0,0,1,3.50,A2256W000128
4103,-119.062,-546.991,0,0,1,3.50,A2256W000128
4104,-119.535,-546.831,0,0,1,3.50,A2256W000128
4105,-120.009,-546.670,0,0,1,3.50,A2256W000128
4106,-120.482,-546.510,0,0,1,3.50,A2256W000128
4107,-120.948,-546.328,0,0,1,3.50,A2256W000128
4108,-121.414,-546.146,0,0,1,3.50,A2256W000128
4109,-121.875,-545.954,0,0,1,3.50,A2256W000128
4110,-122.337,-545.762,0,0,1,3.50,A2256W000128
4111,-122.797,-545.565,0,0,1,3.50,A2256W000128
4112,-123.256,-545.368,0,0,1,3.50,A2256W000128
4113,-123.712,-545.162,0,0,1,3.50,A2256W000128
4114,-124.168,-544.957,0,0,1,3.50,A2256W000128
4115,-124.623,-544.751,0,0,1,3.50,A2256W000128
4116,-125.074,-544.534,0,0,1,3.50,A2256W000128
4117,-125.519,-544.307,0,0,1,3.50,A2256W000128
4118,-125.965,-544.080,0,0,1,3.50,A2256W000128
4119,-126.410,-543.853,0,0,1,3.50,A2256W000128
4120,-126.850,-543.616,0,0,1,3.50,A2256W000128
4121,-127.290,-543.378,0,0,1,3.50,A2256W000128
4122,-127.727,-543.135,0,0,1,3.50,A2256W000128
4123,-128.164,-542.892,0,0,1,3.50,A2256W000128
4124,-128.601,-542.649,0,0,1,3.50,A2256W000128
4125,-129.035,-542.400,0,0,1,3.50,A2256W000128
4126,-129.469,-542.152,0,0,1,3.50,A2256W000128
4127,-129.898,-541.895,0,0,1,3.50,A2256W000128
4128,-130.326,-541.637,0,0,1,3.50,A2256W000128
4129,-130.755,-541.379,0,0,1,3.50,A2256W000128
4130,-131.178,-541.114,0,0,1,3.50,A2256W000128
4131,-131.602,-540.848,0,0,1,3.50,A2256W000128
4132,-132.016,-540.569,0,0,1,3.50,A2256W000128
4133,-132.431,-540.289,0,0,1,3.50,A2256W000128
4134,-132.845,-540.009,0,0,1,3.50,A2256W000128
4135,-133.260,-539.729,0,0,1,3.50,A2256W000128
4136,-133.666,-539.438,0,0,1,3.50,A2256W000128
4137,-134.072,-539.147,0,0,1,3.50,A2256W000128
4138,-134.479,-538.855,0,0,1,3.50,A2256W000128
4139,-134.877,-538.554,0,0,1,3.50,A2256W000128
4140,-135.276,-538.252,0,0,1,3.50,A2256W000128
4141,-135.675,-537.950,0,0,1,3.50,A2256W000128
4142,-136.067,-537.640,0,0,1,3.50,A2256W000128
4143,-136.459,-537.330,0,0,1,3.50,A2256W000128
4144,-136.851,-537.020,0,0,1,3.50,A2256W000128
4145,-137.231,-536.694,0,0,1,3.50,A2256W000128
4146,-137.611,-536.369,0,0,1,3.50,A2256W000128
4147,-137.990,-536.044,0,0,1,3.50,A2256W000128
4148,-138.363,-535.710,0,0,1,3.50,A2256W000128
4149,-138.735,-535.377,0,0,1,3.50,A2256W000128
4150,-139.108,-535.043,0,0,1,3.50,A2256W000128
4151,-139.475,-534.704,0,0,1,3.50,A2256W000128
4152,-139.842,-534.364,0,0,1,3.50,A2256W000128
4153,-140.209,-534.025,0,0,1,3.50,A2256W000128
4154,-140.577,-533.685,0,0,1,3.50,A2256W000128
4155,-140.939,-533.341,0,0,1,3.50,A2256W000128
4156,-141.302,-532.997,0,0,1,3.50,A2256W000128
4157,-141.655,-532.643,0,0,1,3.50,A2256W000128
4158,-142.008,-532.289,0,0,1,3.50,A2256W000128
4159,-142.362,-531.935,0,0,1,3.50,A2256W000128
4160,-142.715,-531.581,0,0,1,3.50,A2256W000128
4161,-143.054,-531.214,0,0,1,3.50,A2256W000128
4162,-143.392,-530.846,0,0,1,3.50,A2256W000128
4163,-143.722,-530.470,0,0,1,3.50,A2256W000128
4164,-144.052,-530.095,0,0,1,3.50,A2256W000128
4165,-144.382,-529.719,0,0,1,3.50,A2256W000128
4166,-144.706,-529.338,0,0,1,3.50,A2256W000128
4167,-145.031,-528.958,0,0,1,3.50,A2256W000128
4168,-145.355,-528.577,0,0,1,3.50,A2256W000128
4169,-145.667,-528.186,0,0,1,3.50,A2256W000128
4170,-145.978,-527.795,0,0,1,3.50,A2256W000128
4171,-146.290,-527.404,0,0,1,3.50,A2256W000128
4172,-146.602,-527.014,0,0,1,3.50,A2256W000128
4173,-146.896,-526.609,0,0,1,3.50,A2256W000128
4174,-147.191,-526.205,0,0,1,3.50,A2256W000128
4175,-147.480,-525.797,0,0,1,3.50,A2256W000128
4176,-147.769,-525.389,0,0,1,3.50,A2256W000128
4177,-148.058,-524.981,0,0,1,3.50,A2256W000128
4178,-148.343,-524.570,0,0,1,3.50,A2256W000128
4179,-148.628,-524.160,0,0,1,3.50,A2256W000128
4180,-148.908,-523.745,0,0,1,3.50,A2256W000128
4181,-149.188,-523.331,0,0,1,3.50,A2256W000128
4182,-149.468,-522.917,0,0,1,3.50,A2256W000128
4183,-149.720,-522.485,0,0,1,3.50,A2256W000128
4184,-149.972,-522.053,0,0,1,3.50,A2256W000128
4185,-150.224,-521.621,0,0,1,3.50,A2256W000128
4186,-150.474,-521.188,0,0,1,3.50,A2256W000128
4187,-150.723,-520.755,0,0,1,3.50,A2256W000128
4188,-150.973,-520.322,0,0,1,3.50,A2256W000128
4189,-151.223,-519.889,0,0,1,3.50,A2256W000128
4190,-151.448,-519.442,0,0,1,3.50,A2256W000128
4191,-151.674,-518.996,0,0,1,3.50,A2256W000128
4192,-151.899,-518.550,0,0,1,3.50,A2256W000128
4193,-152.125,-518.104,0,0,1,3.50,A2256W000128
4194,-152.350,-517.657,0,0,1,3.50,A2256W000128
4195,-152.553,-517.200,0,0,1,3.50,A2256W000128
4196,-152.755,-516.743,0,0,1,3.50,A2256W000128
4197,-152.957,-516.286,0,0,1,3.50,A2256W000128
4198,-153.148,-515.824,0,0,1,3.50,A2256W000128
4199,-153.339,-515.362,0,0,1,3.50,A2256W000128
4200,-153.530,-514.899,0,0,1,3.50,A2256W000128
4201,-153.721,-514.437,0,0,1,3.50,A2256W000128
4202,-153.912,-513.975,0,0,1,3.50,A2256W000128
4203,-154.089,-513.508,0,0,1,3.50,A2256W000128
4204,-154.266,-513.040,0,0,1,3.50,A2256W000128
4205,-154.443,-512.572,0,0,1,3.50,A2256W000128
4206,-154.611,-512.101,0,0,1,3.50,A2256W000128
4207,-154.778,-511.630,0,0,1,3.50,A2256W000128
4208,-154.946,-511.159,0,0,1,3.50,A2256W000128
4209,-155.114,-510.688,0,0,1,3.50,A2256W000128
4210,-155.275,-510.215,0,0,1,3.50,A2256W000128
4211,-155.436,-509.742,0,0,1,3.50,A2256W000128
4212,-155.589,-509.266,0,0,1,3.50,A2256W000128
4213,-155.743,-508.790,0,0,1,3.50,A2256W000128
4214,-155.896,-508.314,0,0,1,3.50,A2256W000128
4215,-156.049,-507.838,0,0,1,3.50,A2256W000128
4216,-156.195,-507.360,0,0,1,3.50,A2256W000128
4217,-156.341,-506.882,0,0,1,3.50,A2256W000128
4218,-156.487,-506.403,0,0,1,3.50,A2256W000128
4219,-156.623,-505.922,0,0,1,3.50,A2256W000128
4220,-156.759,-505.441,0,0,1,3.50,A2256W000128
4221,-156.894,-504.960,0,0,1,3.50,A2256W000128
4222,-157.030,-504.478,0,0,1,3.50,A2256W000128
4223,-157.166,-503.997,0,0,1,3.50,A2256W000128
4224,-157.294,-503.514,0,0,1,3.50,A2256W000128
4225,-157.422,-503.031,0,0,1,3.50,A2256W000128
4226,-157.549,-502.547,0,0,1,3.50,A2256W000128
4227,-157.677,-502.064,0,0,1,3.50,A2256W000128
4228,-157.791,-501.577,0,0,1,3.50,A2256W000128
4229,-157.905,-501.090,0,0,1,3.50,A2256W000128
4230,-158.019,-500.603,0,0,1,3.50,A2256W000128
4231,-158.132,-500.116,0,0,1,3.50,A2256W000128
4232,-158.246,-499.629,0,0,1,3.50,A2256W000128
4233,-158.344,-499.139,0,0,1,3.50,A2256W000128
4234,-158.443,-498.649,0,0,1,3.50,A2256W000128
4235,-158.541,-498.159,0,0,1,3.50,A2256W000128
4236,-158.640,-497.669,0,0,1,3.50,A2256W000128
4237,-158.738,-497.178,0,0,1,3.50,A2256W000128
4238,-158.836,-496.688,0,0,1,3.50,A2256W000128
4239,-158.860,-496.573,0,0,1,3.50,A2256W000333
4240,-158.914,-496.076,0,0,1,3.50,A2256W000333
4241,-158.969,-495.579,0,0,1,3.50,A2256W000333
4242,-159.024,-495.082,0,0,1,3.50,A2256W000333
4243,-159.079,-494.585,0,0,1,3.50,A2256W000333
4244,-159.115,-494.087,0,0,1,3.50,A2256W000333
4245,-159.150,-493.588,0,0,1,3.50,A2256W000333
4246,-159.185,-493.089,0,0,1,3.50,A2256W000333
4247,-159.221,-492.590,0,0,1,3.50,A2256W000333
4248,-159.225,-492.090,0,0,1,3.50,A2256W000333
4249,-159.230,-491.591,0,0,1,3.50,A2256W000333
4250,-159.234,-491.091,0,0,1,3.50,A2256W000333
4251,-159.238,-490.591,0,0,1,3.50,A2256W000333
4252,-159.242,-490.091,0,0,1,3.50,A2256W000333
4253,-159.220,-489.591,0,0,1,3.50,A2256W000333
4254,-159.198,-489.092,0,0,1,3.50,A2256W000333
4255,-159.176,-488.592,0,0,1,3.50,A2256W000333
4256,-159.154,-488.093,0,0,1,3.50,A2256W000333
4257,-159.132,-487.593,0,0,1,3.50,A2256W000333
4258,-159.092,-487.095,0,0,1,3.50,A2256W000333
4259,-159.052,-486.596,0,0,1,3.50,A2256W000333
4260,-159.012,-486.098,0,0,1,3.50,A2256W000333
4261,-158.972,-485.600,0,0,1,3.50,A2256W000333
4262,-158.961,-485.465,0,0,2,3.50,A2256W000450
4263,-158.874,-484.973,0,0,1,3.50,A2256W000154
4264,-158.787,-484.480,0,0,1,3.50,A2256W000154
4265,-158.692,-483.990,0,0,1,3.50,A2256W000154
4266,-158.598,-483.499,0,0,1,3.50,A2256W000154
4267,-158.503,-483.008,0,0,1,3.50,A2256W000154
4268,-158.408,-482.517,0,0,1,3.50,A2256W000154
4269,-158.296,-482.030,0,0,1,3.50,A2256W000154
4270,-158.183,-481.542,0,0,1,3.50,A2256W000154
4271,-158.071,-481.055,0,0,1,3.50,A2256W000154
4272,-157.958,-480.568,0,0,1,3.50,A2256W000154
4273,-157.846,-480.081,0,0,1,3.50,A2256W000154
4274,-157.716,-479.598,0,0,1,3.50,A2256W000154
4275,-157.585,-479.115,0,0,1,3.50,A2256W000154
4276,-157.455,-478.633,0,0,1,3.50,A2256W000154
4277,-157.316,-478.152,0,0,1,3.50,A2256W000154
4278,-157.178,-477.672,0,0,1,3.50,A2256W000154
4279,-157.039,-477.192,0,0,1,3.50,A2256W000154
4280,-156.900,-476.711,0,0,1,3.50,A2256W000154
4281,-156.747,-476.235,0,0,1,3.50,A2256W000154
4282,-156.594,-475.759,0,0,1,3.50,A2256W000154
4283,-156.441,-475.283,0,0,1,3.50,A2256W000154
4284,-156.288,-474.807,0,0,1,3.50,A2256W000154
4285,-156.211,-474.570,0,0,1,3.50,A2256W000332
4286,-156.034,-474.103,0,0,1,3.50,A2256W000332
4287,-155.857,-473.635,0,0,1,3.50,A2256W000332
4288,-155.680,-473.168,0,0,1,3.50,A2256W000332
4289,-155.491,-472.705,0,0,1,3.50,A2256W000332
4290,-155.302,-472.242,0,0,1,3.50,A2256W000332
4291,-155.113,-471.779,0,0,1,3.50,A2256W000332
4292,-154.921,-471.317,0,0,1,3.50,A2256W000332
4293,-154.729,-470.856,0,0,1,3.50,A2256W000332
4294,-154.536,-470.394,0,0,1,3.50,A2256W000332
4295,-154.337,-469.936,0,0,1,3.50,A2256W000332
4296,-154.138,-469.477,0,0,1,3.50,A2256W000332
4297,-153.939,-469.018,0,0,1,3.50,A2256W000332
4298,-153.728,-468.565,0,0,1,3.50,A2256W000332
4299,-153.517,-468.112,0,0,1,3.50,A2256W000332
4300,-153.305,-467.659,0,0,1,3.50,A2256W000332
4301,-153.094,-467.205,0,0,1,3.50,A2256W000332
4302,-152.883,-466.752,0,0,1,3.50,A2256W000332
4303,-152.656,-466.307,0,0,1,3.50,A2256W000332
4304,-152.430,-465.861,0,0,1,3.50,A2256W000332
4305,-152.203,-465.415,0,0,1,3.50,A2256W000332
4306,-151.977,-464.969,0,0,1,3.50,A2256W000332
4307,-151.740,-464.529,0,0,1,3.50,A2256W000332
4308,-151.504,-464.088,0,0,1,3.50,A2256W000332
4309,-151.268,-463.648,0,0,1,3.50,A2256W000332
4310,-151.031,-463.207,0,0,1,3.50,A2256W000332
4311,-150.795,-462.766,0,0,1,3.50,A2256W000332
4312,-150.557,-462.326,0,0,1,3.50,A2256W000332
4313,-150.320,-461.886,0,0,1,3.50,A2256W000332
4314,-150.082,-461.447,0,0,1,3.50,A2256W000332
4315,-149.844,-461.007,0,0,1,3.50,A2256W000332
4316,-149.607,-460.567,0,0,1,3.50,A2256W000332
4317,-149.366,-460.128,0,0,1,3.50,A2256W000332
4318,-149.126,-459.690,0,0,1,3.50,A2256W000332
4319,-148.885,-459.252,0,0,1,3.50,A2256W000332
4320,-148.645,-458.813,0,0,1,3.50,A2256W000332
4321,-148.404,-458.375,0,0,1,3.50,A2256W000332
4322,-148.163,-457.937,0,0,1,3.50,A2256W000332
4323,-147.923,-457.499,0,0,1,3.50,A2256W000332
4324,-147.682,-457.060,0,0,1,3.50,A2256W000332
4325,-147.441,-456.622,0,0,1,3.50,A2256W000332
4326,-147.200,-456.184,0,0,1,3.50,A2256W000332
4327,-146.959,-455.746,0,0,1,3.50,A2256W000332
4328,-146.716,-455.309,0,0,1,3.50,A2256W000332
4329,-146.473,-454.872,0,0,1,3.50,A2256W000332
4330,-146.229,-454.435,0,0,1,3.50,A2256W000332
4331,-145.986,-453.999,0,0,1,3.50,A2256W000332
4332,-145.742,-453.562,0,0,1,3.50,A2256W000332
4333,-145.499,-453.126,0,0,1,3.50,A2256W000332
4334,-145.255,-452.689,0,0,1,3.50,A2256W000332
4335,-145.011,-452.252,0,0,1,3.50,A2256W000332
4336,-144.767,-451.816,0,0,1,3.50,A2256W000332
4337,-144.528,-451.377,0,0,1,3.50,A2256W000332
4338,-144.289,-450.938,0,0,1,3.50,A2256W000332
4339,-144.050,-450.499,0,0,1,3.50,A2256W000332
4340,-143.811,-450.060,0,0,1,3.50,A2256W000332
4341,-143.571,-449.620,0,0,1,3.50,A2256W000332
4342,-143.330,-449.183,0,0,1,3.50,A2256W000332
4343,-143.089,-448.745,0,0,1,3.50,A2256W000332
4344,-142.847,-448.307,0,0,1,3.50,A2256W000332
4345,-142.606,-447.869,0,0,1,3.50,A2256W000332
4346,-142.358,-447.435,0,0,1,3.50,A2256W000332
4347,-142.110,-447.000,0,0,1,3.50,A2256W000332
4348,-141.863,-446.566,0,0,1,3.50,A2256W000332
4349,-141.615,-446.132,0,0,1,3.50,A2256W000332
4350,-141.367,-445.697,0,0,1,3.50,A2256W000332
4351,-141.120,-445.263,0,0,1,3.50,A2256W000332
4352,-140.872,-444.829,0,0,1,3.50,A2256W000332
4353,-140.861,-444.809,0,0,1,3.50,A2256W000332
4354,-140.620,-444.371,0,0,1,3.50,A2256W000751
4355,-140.380,-443.932,0,0,1,3.50,A2256W000751
4356,-140.140,-443.494,0,0,1,3.50,A2256W000751
4357,-139.900,-443.055,0,0,1,3.50,A2256W000751
4358,-139.660,-442.617,0,0,1,3.50,A2256W000751
4359,-139.417,-442.179,0,0,1,3.50,A2256W000751
4360,-139.174,-441.742,0,0,1,3.50,A2256W000751
4361,-138.931,-441.305,0,0,1,3.50,A2256W000751
4362,-138.688,-440.868,0,0,1,3.50,A2256W000751
4363,-138.446,-440.431,0,0,1,3.50,A2256W000751
4364,-138.203,-439.994,0,0,1,3.50,A2256W000751
4365,-137.960,-439.557,0,0,1,3.50,A2256W000751
4366,-137.718,-439.120,0,0,1,3.50,A2256W000751
4367,-137.475,-438.682,0,0,1,3.50,A2256W000751
4368,-137.233,-438.245,0,0,1,3.50,A2256W000751
4369,-136.991,-437.807,0,0,1,3.50,A2256W000751
4370,-136.749,-437.370,0,0,1,3.50,A2256W000751
4371,-136.502,-436.935,0,0,1,3.50,A2256W000751
4372,-136.256,-436.500,0,0,1,3.50,A2256W000751
4373,-136.010,-436.064,0,0,1,3.50,A2256W000751
4374,-135.764,-435.629,0,0,1,3.50,A2256W000751
4375,-135.518,-435.194,0,0,1,3.50,A2256W000751
4376,-135.274,-434.758,0,0,1,3.50,A2256W000751
4377,-135.030,-434.321,0,0,1,3.50,A2256W000751
4378,-134.786,-433.885,0,0,1,3.50,A2256W000751
4379,-134.542,-433.448,0,0,1,3.50,A2256W000751
4380,-134.298,-433.012,0,0,1,3.50,A2256W000751
4381,-134.054,-432.576,0,0,1,3.50,A2256W000751
4382,-133.809,-432.139,0,0,1,3.50,A2256W000751
4383,-133.565,-431.703,0,0,1,3.50,A2256W000751
4384,-133.321,-431.267,0,0,1,3.50,A2256W000751
4385,-133.076,-430.831,0,0,1,3.50,A2256W000751
4386,-132.832,-430.395,0,0,1,3.50,A2256W000751
4387,-132.587,-429.958,0,0,1,3.50,A2256W000751
4388,-132.343,-429.522,0,0,1,3.50,A2256W000751
4389,-132.103,-429.084,0,0,1,3.50,A2256W000751
4390,-131.862,-428.645,0,0,1,3.50,A2256W000751
4391,-131.690,-428.331,0,0,1,3.50,A2256W000748
