waypoint_idx,wp_x,wp_y,wp_z,link_id,link_point_idx,link_x,link_y,link_z,error_m
0,-131.689797550614,-428.331022937782,28.5439602819543,A2256W000748,60347,-131.68979755061446,-428.3310229377821,28.543960281954277,4.687428401686771e-13
1,-131.449671443993,-427.892457882326,28.5443411390138,A2256W000748,60348,-131.44967144399345,-427.8924578823263,28.544341139013788,5.362597410144533e-13
2,-131.209545337372,-427.453892826871,28.5447219960733,A2256W000748,60349,-131.20954533737245,-427.4538928268705,28.5447219960733,6.844854043943255e-13
3,-130.969419230751,-427.015327771415,28.5451028531328,A2256W000748,60350,-130.96941923075144,-427.0153277714147,28.54510285313281,5.362597410144533e-13
4,-130.72929312413,-426.576762715959,28.5454837101923,A2256W000748,60351,-130.72929312413044,-426.5767627159589,28.545483710192322,4.300985082870044e-13
5,-130.489167017509,-426.138197660503,28.5458645672518,A2256W000748,60352,-130.48916701750943,-426.1381976605031,28.545864567251833,4.412235823639328e-13
6,-130.244995733689,-425.701872438079,28.5450372616741,A2256W000748,60353,-130.24499573368945,-425.7018724380793,28.545037261674103,5.362597410144533e-13
7,-130.000824449869,-425.265547215655,28.5442099560964,A2256W000748,60354,-130.00082444986947,-425.2655472156555,28.544209956096374,7.036884655428791e-13
8,-129.756653166049,-424.829221993232,28.5433826505186,A2256W000748,60355,-129.7566531660495,-424.82922199323167,28.543382650518645,5.914174621092574e-13
9,-129.51248188223,-424.392896770808,28.5425553449409,A2256W000748,60356,-129.5124818822295,-424.39289677080785,28.542555344940915,5.123796534383003e-13
10,-129.26831059841,-423.956571548384,28.5417280393632,A2256W000748,60357,-129.26831059840953,-423.95657154838403,28.541728039363186,4.865013002195067e-13
11,-129.02413931459,-423.52024632596,28.5409007337855,A2256W000748,60358,-129.02413931458955,-423.5202463259602,28.540900733785456,5.084229945850415e-13
12,-128.77996803077,-423.083921103536,28.5400734282077,A2256W000748,60359,-128.77996803076957,-423.0839211035364,28.540073428207727,5.831647208845877e-13
13,-128.53579674695,-422.647595881113,28.53924612263,A2256W000748,60360,-128.5357967469496,-422.6475958811126,28.539246122629997,5.831647208845877e-13
14,-128.291616554344,-422.211277995293,28.5409002243629,A2256W000748,60361,-128.29161655434382,-422.21127799529256,28.540900224362908,4.856703836433968e-13
15,-128.047436361738,-421.774960109473,28.5425543260958,A2256W000748,60362,-128.04743636173805,-421.77496010947254,28.542554326095818,4.582862941503293e-13
16,-127.803256169132,-421.338642223653,28.5442084278287,A2256W000748,60363,-127.8032561691323,-421.3386422236525,28.54420842782873,5.439249892164252e-13
17,-127.559075976527,-420.902324337833,28.5458625295616,A2256W000748,60364,-127.55907597652654,-420.9023243378325,28.54586252956164,6.844854043943255e-13
18,-127.314895783921,-420.466006452012,28.5475166312945,A2256W000748,60365,-127.31489578392079,-420.4660064520125,28.54751663129455,5.542233338928781e-13
19,-127.070715591315,-420.029688566192,28.5491707330275,A2256W000748,60366,-127.07071559131504,-420.0296885661925,28.54917073302746,4.567413805031093e-13
20,-126.826535398709,-419.593370680372,28.5508248347604,A2256W000748,60367,-126.82653539870928,-419.59337068037246,28.55082483476037,5.362597410144533e-13
21,-126.582355206104,-419.157052794552,28.5524789364933,A2256W000748,60368,-126.58235520610353,-419.15705279455244,28.55247893649328,6.532357550987174e-13
22,-126.339841402833,-418.71980352671,28.5528436210525,A2256W000748,60369,-126.33984140283285,-418.71980352671045,28.55284362105251,4.808647507754992e-13
23,-126.097327599562,-418.282554258868,28.5532083056117,A2256W000748,60370,-126.09732759956216,-418.28255425886846,28.55320830561174,4.808647507754992e-13
24,-125.854813796291,-417.845304991026,28.553572990171,A2256W000748,60371,-125.85481379629148,-417.84530499102647,28.55357299017097,6.635114874557503e-13
25,-125.612299993021,-417.408055723184,28.5539376747302,A2256W000748,60372,-125.6122999930208,-417.4080557231845,28.5539376747302,4.963638160851638e-13
26,-125.36978618975,-416.970806455342,28.5543023592894,A2256W000748,60373,-125.36978618975012,-416.9708064553425,28.55430235928943,5.240704272917405e-13
27,-125.127272386479,-416.5335571875,28.5546670438487,A2256W000748,60374,-125.12727238647943,-416.5335571875005,28.55466704384866,6.65941940602578e-13
28,-124.884758583209,-416.096307919658,28.5550317284079,A2256W000748,60375,-124.88475858320875,-416.0963079196585,28.55503172840789,5.719758689081717e-13
29,-124.642244779938,-415.659058651817,28.5553964129671,A2256W000748,60376,-124.64224477993807,-415.6590586518165,28.55539641296712,5.16501525151689e-13
30,-124.399305505079,-415.222045542958,28.5556231652199,A2256W000748,60377,-124.39930550507918,-415.2220455429577,28.555623165219917,3.8788084748251155e-13
31,-124.15636623022,-414.785032434099,28.5558499174727,A2256W000748,60378,-124.1563662302203,-414.78503243409887,28.555849917472713,3.1934924115609293e-13
32,-123.913426955361,-414.34801932524,28.5560766697255,A2256W000748,60379,-123.91342695536142,-414.34801932524005,28.55607666972551,4.160165522166735e-13
33,-123.670487680503,-413.911006216381,28.5563034219783,A2256W000748,60380,-123.67048768050253,-413.9110062163812,28.556303421978306,5.211723197616109e-13
34,-123.427548405644,-413.473993107522,28.5565301742311,A2256W000748,60381,-123.42754840564365,-413.4739931075224,28.556530174231103,5.334278619990147e-13
35,-123.184609130785,-413.036979998664,28.5567569264839,A2256W000748,60382,-123.18460913078476,-413.0369799986636,28.5567569264839,4.655004020764636e-13
36,-122.941669855926,-412.599966889805,28.5569836787367,A2256W000748,60383,-122.94166985592588,-412.59996688980476,28.556983678736696,2.5421149729252077e-13
37,-122.698730581067,-412.162953780946,28.5572104309895,A2256W000748,60384,-122.698730581067,-412.16295378094594,28.557210430989493,5.684341886080802e-14
38,-122.455791306208,-411.725940672087,28.5574371832423,A2256W000748,60385,-122.45579130620811,-411.7259406720871,28.55743718324229,1.6077746776921858e-13
39,-122.211934639985,-411.289438843514,28.5571543568026,A2256W000748,60386,-122.21193463998478,-411.28943884351406,28.55715435680257,2.3437142008433856e-13
40,-121.968077973761,-410.852937014941,28.5568715303629,A2256W000748,60387,-121.96807797376144,-410.852937014941,28.55687153036285,4.405364961712621e-13
41,-121.724221307538,-410.416435186368,28.5565887039231,A2256W000748,60388,-121.7242213075381,-410.41643518636795,28.556588703923133,1.1457157353758233e-13
42,-121.480364641315,-409.979933357795,28.5563058774834,A2256W000748,60389,-121.48036464131476,-409.9799333577949,28.556305877483414,2.669977196213713e-13
43,-121.236507975091,-409.543431529222,28.5560230510437,A2256W000748,60390,-121.23650797509143,-409.54343152922183,28.556023051043695,4.591667681496435e-13
44,-120.992651308868,-409.106929700649,28.555740224604,A2256W000748,60391,-120.99265130886809,-409.1069297006488,28.555740224603976,2.428351918216984e-13
45,-120.748794642645,-408.670427872076,28.5554573981643,A2256W000748,60392,-120.74879464264475,-408.6704278720757,28.555457398164258,3.730180182062295e-13
46,-120.504937976421,-408.233926043503,28.5551745717245,A2256W000748,60393,-120.50493797642142,-408.23392604350266,28.55517457172454,5.349400630825218e-13
47,-120.261081310198,-407.79742421493,28.5548917452848,A2256W000748,60394,-120.26108131019808,-407.7974242149296,28.55489174528482,4.0693694993695867e-13
48,-120.018131400264,-407.360417801979,28.5540336641321,A2256W000748,60395,-120.01813140026391,-407.3604178019793,28.554033664132078,2.9673135796061134e-13
49,-119.77518149033,-406.923411389029,28.5531755829793,A2256W000748,60396,-119.77518149032974,-406.92341138902896,28.553175582979335,2.6203521364587025e-13
50,-119.532231580396,-406.486404976079,28.5523175018266,A2256W000748,60397,-119.53223158039557,-406.48640497607863,28.552317501826593,5.45963209569281e-13
51,-119.289281670461,-406.049398563128,28.5514594206739,A2256W000748,60398,-119.2892816704614,-406.0493985631283,28.55145942067385,5.006175727489942e-13
52,-119.046331760527,-405.612392150178,28.5506013395211,A2256W000748,60399,-119.04633176052724,-405.612392150178,28.55060133952111,2.4158453015843406e-13
53,-118.803381850593,-405.175385737228,28.5497432583684,A2256W000748,60400,-118.80338185059307,-405.17538573722766,28.549743258368366,3.4838338570271113e-13
54,-118.560431940659,-404.738379324277,28.5488851772156,A2256W000748,60401,-118.5604319406589,-404.73837932427733,28.548885177215624,3.552713678800501e-13
55,-118.317482030725,-404.301372911327,28.5480270960629,A2256W000748,60402,-118.31748203072473,-404.301372911327,28.54802709606288,2.7000623958883807e-13
56,-118.073934416746,-403.86469855603,28.5477679606799,A2256W000748,60403,-118.0739344167455,-403.8646985560302,28.547767960679863,5.258016244624741e-13
57,-117.830386802766,-403.428024200733,28.5475088252968,A2256W000748,60404,-117.83038680276627,-403.4280242007334,28.547508825296845,4.808647507754992e-13
58,-117.586839188787,-402.991349845437,28.5472496899138,A2256W000748,60405,-117.58683918878704,-402.99134984543656,28.547249689913826,4.567413805031093e-13
59,-117.343291574808,-402.55467549014,28.5469905545308,A2256W000748,60406,-117.34329157480781,-402.55467549013974,28.546990554530808,3.4693117685644956e-13
60,-117.099743960829,-402.118001134843,28.5467314191478,A2256W000748,60407,-117.09974396082858,-402.1180011348429,28.54673141914779,4.300985082870044e-13
61,-116.856196346849,-401.681326779546,28.5464722837648,A2256W000748,60408,-116.85619634684934,-401.6813267795461,28.54647228376477,3.595093471822542e-13
62,-116.61264873287,-401.244652424249,28.5462131483818,A2256W000748,60409,-116.61264873287011,-401.2446524242493,28.546213148381753,3.06111178766429e-13
63,-116.369913590865,-400.807525851738,28.546110971243,A2256W000748,60410,-116.36991359086477,-400.807525851738,28.54611097124299,2.2737367544323206e-13
64,-116.127178448859,-400.370399279227,28.5460087941042,A2256W000748,60411,-116.12717844885942,-400.37039927922666,28.546008794104225,5.45963209569281e-13
65,-115.884443306854,-399.933272706715,28.5459066169655,A2256W000748,60412,-115.88444330685408,-399.93327270671534,28.54590661696546,3.515571301265078e-13
66,-115.641708164849,-399.496146134204,28.5458044398267,A2256W000748,60413,-115.64170816484874,-399.496146134204,28.545804439826696,2.7000623958883807e-13
67,-115.398973022843,-399.059019561693,28.5457022626879,A2256W000748,60414,-115.39897302284339,-399.0590195616927,28.545702262687932,4.889855783314162e-13
68,-115.156237880838,-398.621892989181,28.5456000855492,A2256W000748,60415,-115.15623788083805,-398.6218929891814,28.545600085549168,4.001813022207649e-13
69,-114.913502738833,-398.18476641667,28.5454979084104,A2256W000748,60416,-114.9135027388327,-398.1847664166701,28.545497908410404,3.037933755426813e-13
70,-114.67057230011,-397.747748411976,28.5457538678224,A2256W000748,60417,-114.67057230010965,-397.7477484119762,28.545753867822352,4.0990372275064023e-13
71,-114.427641861387,-397.310730407282,28.5460098272343,A2256W000748,60418,-114.4276418613866,-397.31073040728234,28.5460098272343,5.240704272917405e-13
72,-114.184711422664,-396.873712402588,28.5462657866462,A2256W000748,60419,-114.18471142266355,-396.87371240258847,28.54626578664625,6.331410250466394e-13
73,-113.941780983941,-396.436694397895,28.5465217460582,A2256W000748,60420,-113.9417809839405,-396.4366943978946,28.546521746058197,6.369570778308278e-13
74,-113.698850545217,-395.999676393201,28.5467777054701,A2256W000748,60421,-113.69885054521745,-395.99967639320073,28.546777705470145,5.362597410144533e-13
75,-113.455920106494,-395.562658388507,28.5470336648821,A2256W000748,60422,-113.4559201064944,-395.56265838850686,28.547033664882093,4.1382633578908315e-13
76,-113.211100791137,-395.126695846686,28.5466275159465,A2256W000748,60423,-113.21110079113706,-395.1266958466859,28.546627515946533,1.2710574864626038e-13
77,-112.96628147578,-394.690733304865,28.546221367011,A2256W000748,60424,-112.96628147577971,-394.6907333048649,28.546221367010972,2.898457019905882e-13
78,-112.721462160422,-394.254770763044,28.5458152180754,A2256W000748,60425,-112.72146216042236,-394.25477076304395,28.54581521807541,3.5979010423182454e-13
79,-112.476642845065,-393.818808221223,28.5454090691399,A2256W000748,60426,-112.47664284506502,-393.818808221223,28.54540906913985,1.4210854715202004e-14
80,-112.231823529708,-393.382845679402,28.5450029202043,A2256W000748,60427,-112.23182352970767,-393.382845679402,28.54500292020429,3.268496584496461e-13
81,-111.98700421435,-392.946883137581,28.5445967712687,A2256W000748,60428,-111.98700421435032,-392.94688313758104,28.54459677126873,3.3175574372787515e-13
82,-111.742184898993,-392.51092059576,28.5441906223332,A2256W000748,60429,-111.74218489899297,-392.51092059576007,28.54419062233317,6.355287432313019e-14
83,-111.49993991691,-392.073522418638,28.5437397276003,A2256W000748,60430,-111.49993991691014,-392.0735224186381,28.543739727600315,1.8198773652309366e-13
84,-111.257694934827,-391.636124241516,28.5432888328675,A2256W000748,60431,-111.2576949348273,-391.63612424151614,28.54328883286746,3.43714720612747e-13
85,-111.015449952744,-391.198726064394,28.5428379381346,A2256W000748,60432,-111.01544995274446,-391.1987260643942,28.542837938134607,4.856703836433968e-13
86,-110.773204970662,-390.761327887272,28.5423870434018,A2256W000748,60433,-110.77320497066162,-390.7613278872722,28.542387043401753,4.3383856571136184e-13
87,-110.530959988579,-390.32392971015,28.5419361486689,A2256W000748,60434,-110.53095998857879,-390.32392971015025,28.5419361486689,3.1166837572216805e-13
88,-110.288715006496,-389.886531533028,28.541485253936,A2256W000748,60435,-110.28871500649595,-389.8865315330283,28.541485253936045,2.898457019905882e-13
89,-110.046470024413,-389.449133355906,28.5410343592032,A2256W000748,60436,-110.04647002441311,-389.4491333559063,28.54103435920319,3.595093471822542e-13
90,-109.80422504233,-389.011735178784,28.5405834644703,A2256W000748,60437,-109.80422504233027,-389.01173517878436,28.540583464470338,4.3500073914554965e-13
91,-109.561980060247,-388.574337001662,28.5401325697375,A2256W000748,60438,-109.56198006024744,-388.5743370016624,28.540132569737484,5.936328356655571e-13
92,-109.32072252294,-388.136393365612,28.5397174368239,A2256W000748,60439,-109.32072252293992,-388.1363933656121,28.539717436823945,1.4210854715202004e-13
93,-109.079464985632,-387.698449729562,28.5393023039104,A2256W000748,60440,-109.0794649856324,-387.6984497295618,28.539302303910407,4.582862941503293e-13
94,-108.838207448325,-387.260506093511,28.5388871709969,A2256W000748,60441,-108.83820744832488,-387.2605060935115,28.53888717099687,4.687428401686771e-13
95,-108.596949911017,-386.822562457461,28.5384720380833,A2256W000748,60442,-108.59694991101736,-386.8225624574612,28.53847203808333,3.940790697885759e-13
96,-108.35569237371,-386.384618821411,28.5380569051698,A2256W000748,60443,-108.35569237370984,-386.38461882141087,28.538056905169793,1.9328852131274408e-13
97,-108.114434836402,-385.946675185361,28.5376417722563,A2256W000748,60444,-108.11443483640232,-385.94667518536056,28.537641772256254,5.600230819947578e-13
98,-107.871790050009,-385.509498439548,28.5376653778003,A2256W000748,60445,-107.87179005000898,-385.5094984395484,28.537665377800323,3.981576164199481e-13
99,-107.629145263616,-385.072321693736,28.5376889833444,A2256W000748,60446,-107.62914526361564,-385.0723216937362,28.537688983344392,4.218015328563021e-13
100,-107.386500477222,-384.635144947924,28.5377125888885,A2256W000748,60447,-107.3865004772223,-384.63514494792406,28.53771258888846,3.037933755426813e-13
101,-107.143855690829,-384.197968202112,28.5377361944325,A2256W000748,60448,-107.14385569082896,-384.1979682021119,28.53773619443253,1.214175959108492e-13
102,-106.901210904436,-383.7607914563,28.5377597999766,A2256W000748,60449,-106.90121090443562,-383.7607914562997,28.537759799976598,4.77493177197955e-13
103,-106.658566118042,-383.323614710488,28.5377834055207,A2256W000748,60450,-106.65856611804227,-383.32361471048756,28.537783405520667,5.288653160826128e-13
104,-106.415921331649,-382.886437964675,28.5378070110647,A2256W000748,60451,-106.41592133164893,-382.8864379646754,28.537807011064736,4.0419827920822775e-13
105,-106.173276545256,-382.449261218863,28.5378306166088,A2256W000748,60452,-106.17327654525559,-382.4492612188632,28.537830616608804,4.706775815088575e-13
106,-105.930631758862,-382.012084473051,28.5378542221529,A2256W000748,60453,-105.93063175886225,-382.01208447305106,28.537854222152873,2.481819080425819e-13
107,-105.689390773407,-381.574131611769,28.5381339204944,A2256W000748,60454,-105.68939077340664,-381.5741316117689,28.53813392049441,3.730180182062295e-13
108,-105.448149787951,-381.136178750487,28.5384136188359,A2256W000748,60455,-105.44814978795104,-381.13617875048675,28.538413618835946,2.31335954426011e-13
109,-105.206908802495,-380.698225889205,28.5386933171775,A2256W000748,60456,-105.20690880249543,-380.6982258892046,28.538693317177483,5.936328356655571e-13
110,-104.96566781704,-380.260273027922,28.538973015519,A2256W000748,60457,-104.96566781703983,-380.26027302792244,28.53897301551902,4.856703836433968e-13
111,-104.724426831584,-379.82232016664,28.5392527138606,A2256W000748,60458,-104.72442683158422,-379.8223201666403,28.539252713860556,3.639754730461873e-13
112,-104.483185846129,-379.384367305358,28.5395324122021,A2256W000748,60459,-104.48318584612862,-379.3843673053581,28.539532412202092,4.001813022207649e-13
113,-104.241944860673,-378.946414444076,28.5398121105436,A2256W000748,60460,-104.24194486067302,-378.94641444407597,28.53981211054363,5.859285502108464e-14
114,-104.000703875217,-378.508461582794,28.5400918088852,A2256W000748,60461,-104.00070387521741,-378.5084615827938,28.540091808885165,4.4600354915687647e-13
115,-103.755915750219,-378.072482908497,28.5389215875704,A2256W000748,60462,-103.75591575021896,-378.07248290849674,28.538921587570385,2.873967505387993e-13
116,-103.511127625221,-377.6365042342,28.5377513662556,A2256W000748,60463,-103.51112762522051,-377.63650423419966,28.537751366255605,5.914174621092574e-13
117,-103.266339500222,-377.200525559903,28.5365811449408,A2256W000748,60464,-103.26633950022206,-377.2005255599026,28.536581144940826,4.0194366942304643e-13
118,-103.021551375224,-376.764546885606,28.535410923626,A2256W000748,60465,-103.02155137522361,-376.7645468856055,28.535410923626046,6.481146926371013e-13
119,-102.776763250225,-376.328568211308,28.5342407023113,A2256W000748,60466,-102.77676325022516,-376.32856821130844,28.534240702311266,4.808647507754992e-13
120,-102.531975125227,-375.892589537011,28.5330704809965,A2256W000748,60467,-102.53197512522671,-375.89258953701136,28.533070480996486,4.531903732385551e-13
121,-102.287187000228,-375.456610862714,28.5319002596817,A2256W000748,60468,-102.28718700022826,-375.4566108627143,28.531900259681706,3.82374993451825e-13
122,-102.04239887523,-375.020632188417,28.5307300383669,A2256W000748,60469,-102.04239887522981,-375.0206321884172,28.530730038366926,3.0212691549237007e-13
123,-101.800321754073,-374.583144312369,28.5289905778483,A2256W000748,60470,-101.80032175407273,-374.58314431236874,28.528990577848262,3.529903082259756e-13
124,-101.558244632916,-374.14565643632,28.5272511173296,A2256W000748,60471,-101.55824463291565,-374.1456564363203,28.527251117329598,4.549693413077341e-13
125,-101.316167511759,-373.708168560272,28.5255116568109,A2256W000748,60472,-101.31616751175856,-373.7081685602718,28.525511656810934,4.723906993886732e-13
126,-101.074090390601,-373.270680684223,28.5237721962923,A2256W000748,60473,-101.07409039060148,-373.27068068422335,28.52377219629227,5.914174621092574e-13
127,-100.832013269444,-372.833192808175,28.5220327357736,A2256W000748,60474,-100.8320132694444,-372.8331928081749,28.522032735773607,4.1382633578908315e-13
128,-100.589936148287,-372.395704932126,28.5202932752549,A2256W000748,60475,-100.58993614828732,-372.3957049321264,28.520293275254943,5.149351787847944e-13
129,-100.34785902713,-371.958217056078,28.5185538147363,A2256W000748,60476,-100.34785902713024,-371.95821705607796,28.51855381473628,2.481819080425819e-13
130,-100.105781905973,-371.520729180029,28.5168143542176,A2256W000748,60477,-100.10578190597316,-371.5207291800295,28.516814354217615,5.349400630825218e-13
131,-99.8555024503328,-371.087878632626,28.5175874627007,A2256W000748,60478,-99.85550245033278,-371.08787863262586,28.517587462700742,1.1718571004216928e-13
132,-99.6052229946924,-370.655028085222,28.5183605711839,A2256W000748,60479,-99.6052229946924,-370.6550280852222,28.51836057118387,2.2737367544323206e-13
133,-99.354943539052,-370.222177537819,28.519133679667,A2256W000748,60480,-99.35494353905202,-370.2221775378186,28.519133679666997,3.981576164199481e-13
134,-99.1046640834116,-369.789326990415,28.5199067881501,A2256W000748,60481,-99.10466408341163,-369.78932699041496,28.519906788150124,6.355287432313019e-14
135,-98.8543846277713,-369.356476443011,28.5206798966333,A2256W000748,60482,-98.85438462777125,-369.35647644301133,28.52067989663325,3.43714720612747e-13
136,-98.6041051721309,-368.923625895608,28.5214530051164,A2256W000748,60483,-98.60410517213087,-368.9236258956077,28.521453005116378,2.8563464471519893e-13
137,-98.3538257164905,-368.490775348204,28.5222261135995,A2256W000748,60484,-98.35382571649049,-368.49077534820407,28.522226113599505,5.859285502108464e-14
138,-98.1035462608501,-368.0579248008,28.5229992220826,A2256W000748,60485,-98.10354626085011,-368.05792480080044,28.522999222082632,4.549693413077341e-13
139,-97.8608402799202,-367.620787457168,28.5251785850801,A2256W000748,60486,-97.86084027992021,-367.62078745716826,28.525178585080056,2.8457214390443806e-13
140,-97.6181342989903,-367.183650113536,28.5273579480775,A2256W000748,60487,-97.61813429899031,-367.1836501135361,28.52735794807748,1.1457157353758233e-13
141,-97.3754283180604,-366.746512769904,28.5295373110749,A2256W000748,60488,-97.37542831806041,-366.7465127699039,28.529537311074904,5.859285502108464e-14
142,-97.1327223371305,-366.309375426272,28.5317166740723,A2256W000748,60489,-97.13272233713052,-366.30937542627174,28.531716674072328,2.8457214390443806e-13
143,-96.8900163562006,-365.87223808264,28.5338960370698,A2256W000748,60490,-96.89001635620062,-365.87223808263957,28.533896037069752,4.549693413077341e-13
144,-96.6473103752707,-365.435100739007,28.5360754000672,A2256W000748,60491,-96.64731037527072,-365.4351007390074,28.536075400067176,3.981576164199481e-13
145,-96.4046043943408,-364.997963395375,28.5382547630646,A2256W000748,60492,-96.40460439434082,-364.9979633953752,28.5382547630646,2.2914314707516465e-13
146,-96.3419450275833,-364.88510771282,28.5388174088833,A2256W000338,23550,-96.34194502758328,-364.8851077128202,28.53881740888334,1.7112135109858138e-13
147,-96.1231799092392,-364.435508131705,28.5402455744412,A2256W000182,34556,-96.12317990923917,-364.4355081317049,28.540245574441233,6.355287432313019e-14
148,-95.9044147908951,-363.98590855059,28.5416737399991,A2256W000182,34557,-95.90441479089506,-363.98590855058967,28.541673739999126,3.43714720612747e-13
149,-95.685649672551,-363.536308969474,28.543101905557,A2256W000182,34558,-95.68564967255095,-363.5363089694744,28.54310190555702,4.001813022207649e-13
150,-95.4975790568398,-363.073032736492,28.5452409379116,A2256W000182,34559,-95.49757905683977,-363.07303273649177,28.545240937911572,2.2914314707516465e-13
151,-95.3095084411286,-362.609756503509,28.5473799702661,A2256W000182,34560,-95.30950844112859,-362.6097565035091,28.547379970266125,1.1457157353758233e-13
152,-95.1214378254174,-362.146480270526,28.5495190026207,A2256W000182,34561,-95.1214378254174,-362.14648027052647,28.549519002620677,4.547473508864641e-13
153,-94.9751518779868,-361.66836831007,28.5525808407287,A2256W000182,34562,-94.97515187798679,-361.6683683100698,28.552580840728666,1.7112135109858138e-13
154,-94.8288659305562,-361.190256349613,28.5556426788367,A2256W000182,34563,-94.82886593055618,-361.19025634961315,28.555642678836655,1.7288250917028504e-13
155,-94.7292147671958,-360.700294594103,28.5583117195417,A2256W000182,34564,-94.72921476719584,-360.70029459410296,28.558311719541692,7.105427357601002e-14
156,-94.6295636038355,-360.210332838593,28.5609807602467,A2256W000182,34565,-94.6295636038355,-360.21033283859276,28.56098076024673,2.2737367544323206e-13
157,-94.560030761856,-359.715196315989,28.5632185873208,A2256W000182,34566,-94.560030761856,-359.7151963159889,28.563218587320836,5.684341886080802e-14
158,-94.4904979198765,-359.220059793385,28.5654564143949,A2256W000182,34567,-94.49049791987649,-359.2200597933851,28.565456414394944,5.859285502108464e-14
159,-94.4664194254635,-358.720647256194,28.568166359597,A2256W000182,34568,-94.46641942546346,-358.72064725619384,28.56816635959702,1.757785650632539e-13
160,-94.4423409310504,-358.221234719003,28.5708763047991,A2256W000182,34569,-94.44234093105042,-358.2212347190026,28.570876304799093,3.989177016483779e-13
161,-94.4487976310841,-357.721286613116,28.5740704315194,A2256W000182,34570,-94.44879763108415,-357.72128661311643,28.574070431519353,4.567413805031093e-13
162,-94.4552543311179,-357.22133850723,28.5772645582396,A2256W000182,34571,-94.45525433111787,-357.22133850723026,28.577264558239612,2.8563464471519893e-13
163,-94.5073021212666,-356.724055771958,28.5782178372989,A2256W000182,34572,-94.50730212126658,-356.7240557719582,28.578217837298862,2.2914314707516465e-13
164,-94.5593499114153,-356.226773036686,28.5791711163581,A2256W000182,34573,-94.55934991141528,-356.22677303668615,28.57917111635811,1.7112135109858138e-13
165,-94.611397701564,-355.729490301414,28.5801243954174,A2256W000182,34574,-94.61139770156399,-355.7294903014141,28.58012439541736,1.1457157353758233e-13
166,-94.7085860608812,-355.239031927083,28.5778870172008,A2256W000182,34575,-94.70858606088122,-355.2390319270826,28.57788701720084,3.981576164199481e-13
167,-94.8057744201984,-354.748573552751,28.5756496389843,A2256W000182,34576,-94.80577442019845,-354.74857355275105,28.57564963898432,7.105427357601002e-14
168,-94.9496686416043,-354.269732705034,28.5732215525524,A2256W000182,34577,-94.94966864160428,-354.2697327050341,28.573221552552415,6.355287432313019e-14
169,-95.0935628630101,-353.790891857317,28.5707934661205,A2256W000182,34578,-95.0935628630101,-353.7908918573171,28.57079346612051,1.1368683772161603e-13
170,-95.2664216326484,-353.321727557746,28.5686241881712,A2256W000182,34579,-95.26642163264837,-353.3217275577457,28.568624188171192,2.8563464471519893e-13
171,-95.4392804022866,-352.852563258174,28.5664549102219,A2256W000182,34580,-95.43928040228664,-352.8525632581743,28.566454910221875,3.43714720612747e-13
172,-95.6542053918294,-352.401119476386,28.5640547529873,A2256W000182,34581,-95.65420539182944,-352.40111947638604,28.564054752987293,7.105427357601002e-14
173,-95.8691303813722,-351.949675694598,28.5616545957527,A2256W000182,34582,-95.86913038137223,-351.9496756945978,28.56165459575271,2.2914314707516465e-13
174,-96.1112137106118,-351.512195767521,28.5590135524722,A2256W000182,34583,-96.11121371061178,-351.51219576752146,28.559013552472226,4.556346636343676e-13
175,-96.3532970398513,-351.074715840445,28.5563725091917,A2256W000182,34584,-96.35329703985133,-351.07471584044515,28.556372509191743,1.7288250917028504e-13
176,-96.6342796314777,-350.661156787553,28.5521662074616,A2256W000182,34585,-96.63427963147774,-350.66115678755347,28.552166207461596,4.567413805031093e-13
177,-96.9152622231042,-350.247597734662,28.5479599057314,A2256W000182,34586,-96.91526222310415,-350.2475977346618,28.54795990573145,2.31335954426011e-13
178,-97.1962448147306,-349.83403868177,28.5437536040013,A2256W000182,34587,-97.19624481473056,-349.8340386817701,28.543753604001303,1.214175959108492e-13
179,-97.5139274693084,-349.447981468149,28.5376250812338,A2256W000182,34588,-97.51392746930837,-349.4479814681487,28.53762508123385,2.8563464471519893e-13
180,-97.8575519797139,-349.084794129797,28.5334834499539,A2256W000182,34589,-97.85755197971392,-349.08479412979716,28.533483449953874,1.7112135109858138e-13
181,-98.2011764901195,-348.721606791446,28.5293418186739,A2256W000182,34590,-98.20117649011947,-348.7216067914456,28.5293418186739,3.989177016483779e-13
182,-98.544801000525,-348.358419453094,28.5252001873939,A2256W000182,34591,-98.54480100052501,-348.35841945309403,28.525200187393924,5.859285502108464e-14
183,-98.9167420524375,-348.024266466484,28.5239213434992,A2256W000182,34592,-98.91674205243754,-348.0242664664839,28.52392134349922,1.214175959108492e-13
184,-99.2886831043501,-347.690113479874,28.5226424996045,A2256W000182,34593,-99.28868310435007,-347.69011347987373,28.52264249960452,2.8563464471519893e-13
185,-99.6922113626795,-347.394876634013,28.522255749619,A2256W000182,34594,-99.69221136267953,-347.3948766340126,28.522255749618967,3.989177016483779e-13
186,-100.095739621009,-347.099639788151,28.5218689996334,A2256W000182,34595,-100.09573962100899,-347.0996397881514,28.521868999633416,3.981576164199481e-13
187,-100.517537545479,-346.831150631883,28.5215793806739,A2256W000182,34596,-100.51753754547879,-346.8311506318828,28.521579380673856,3.1166837572216805e-13
188,-100.939335469949,-346.562661475614,28.5212897617143,A2256W000182,34597,-100.93933546994859,-346.56266147561416,28.521289761714296,4.4600354915687647e-13
189,-101.366966118239,-346.303563373749,28.520840036786,A2256W000182,34598,-101.36696611823903,-346.3035633737489,28.520840036786044,1.1718571004216928e-13
190,-101.794596766529,-346.044465271884,28.5203903118578,A2256W000182,34599,-101.79459676652948,-346.0444652718836,28.520390311857792,6.259232221039281e-13
191,-102.072140889009,-345.87425326556,28.5192381074147,A2256W000325,19348,-102.07214088900946,-345.8742532655597,28.519238107414708,5.684341886080801e-13
192,-102.514610662364,-345.64140626834,28.5175721082256,A2256W000329,19600,-102.51461066236405,-345.64140626833995,28.51757210822564,7.105427357601002e-14
193,-102.957209595472,-345.408804775716,28.5159198248786,A2256W000329,19601,-102.9572095954724,-345.40880477571557,28.51591982487856,6.137049377255489e-13
194,-103.399841791388,-345.176266562152,28.5142710762733,A2256W000329,19602,-103.39984179138766,-345.17626656215214,28.51427107627335,3.595093471822542e-13
195,-103.842620037708,-344.944032255156,28.5104433824637,A2256W000329,19603,-103.84262003770758,-344.94403225515606,28.51044338246374,4.300985082870044e-13
196,-104.285398284027,-344.71179794816,28.5066156886541,A2256W000329,19604,-104.2853982840275,-344.71179794816,28.506615688654133,4.973799150320701e-13
197,-104.728279645843,-344.479796635248,28.5010040789268,A2256W000329,19605,-104.72827964584303,-344.4797966352484,28.501004078926833,3.989177016483779e-13
198,-105.171161007659,-344.247795322337,28.4953924691995,A2256W000329,19606,-105.17116100765857,-344.24779532233686,28.495392469199533,4.591667681496435e-13
199,-105.614151220922,-344.016061264573,28.4877114910754,A2256W000329,19607,-105.61415122092205,-344.0160612645727,28.4877114910754,2.898457019905882e-13
200,-106.057141434186,-343.784327206809,28.4800305129513,A2256W000329,19608,-106.05714143418554,-343.7843272068086,28.48003051295127,6.042538309847401e-13
201,-106.500215825884,-343.552818352183,28.4706106588643,A2256W000329,19609,-106.50021582588383,-343.5528183521828,28.470610658864324,2.8421709430404007e-13
202,-106.943290217582,-343.321309497557,28.4611908047774,A2256W000329,19610,-106.94329021758212,-343.32130949755697,28.461190804777377,1.2710574864626038e-13
203,-107.385944394944,-343.088948457284,28.4530898031404,A2256W000329,19611,-107.38594439494385,-343.0889484572841,28.453089803140404,1.9328852131274408e-13
204,-107.828598572306,-342.856587417011,28.4449888015034,A2256W000329,19612,-107.82859857230558,-342.85658741701127,28.44498880150343,5.123796534383003e-13
205,-108.270974370321,-342.623652786927,28.4382722966348,A2256W000329,19613,-108.2709743703209,-342.62365278692664,28.438272296634803,3.552713678800501e-13
206,-108.713350168336,-342.390718156842,28.4315557917662,A2256W000329,19614,-108.71335016833622,-342.390718156842,28.431555791766176,2.1316282072803006e-13
207,-109.155382781908,-342.157089985436,28.4265511874503,A2256W000329,19615,-109.15538278190823,-342.1570899854364,28.4265511874503,4.582862941503293e-13
208,-109.59741539548,-341.923461814031,28.4215465831344,A2256W000329,19616,-109.59741539548024,-341.9234618140308,28.421546583134425,2.957087310546287e-13
209,-110.039112976544,-341.689171435678,28.4181901723191,A2256W000329,19617,-110.03911297654403,-341.68917143567774,28.418190172319136,2.8563464471519893e-13
210,-110.480810557608,-341.454881057325,28.4148337615038,A2256W000329,19618,-110.48081055760782,-341.45488105732466,28.414833761503846,3.8131724593878115e-13
211,-110.922274986922,-341.220139005528,28.4125257821491,A2256W000329,19619,-110.92227498692166,-341.2201390055276,28.412525782149075,5.240704272917405e-13
212,-111.363739416236,-340.985396953731,28.4102178027943,A2256W000329,19620,-111.3637394162355,-340.9853969537305,28.410217802794303,7.135207744473287e-13
213,-111.805171612333,-340.750593378406,28.4080048265781,A2256W000329,19621,-111.80517161233266,-340.7505933784061,28.408004826578065,3.595093471822542e-13
214,-112.24660380843,-340.515789803082,28.4057918503618,A2256W000329,19622,-112.24660380842981,-340.5157898030817,28.405791850361826,3.3898176189599563e-13
215,-112.68800435191,-340.280926146665,28.4036417086025,A2256W000329,19623,-112.68800435191025,-340.2809261466647,28.403641708602546,4.263256414560601e-13
216,-113.129404895391,-340.046062490248,28.4014915668433,A2256W000329,19624,-113.12940489539069,-340.04606249024766,28.401491566843266,4.62671908852022e-13
217,-113.569510852937,-339.808773539619,28.400654882,A2256W000329,19625,-113.56951085293748,-339.8087735396193,28.400654881999976,5.914174621092574e-13
218,-114.009616810484,-339.571484588991,28.3998181971567,A2256W000329,19626,-114.00961681048427,-339.571484588991,28.399818197156687,2.7000623958883807e-13
219,-114.448590265861,-339.332105743672,28.4000900215746,A2256W000329,19627,-114.4485902658607,-339.3321057436718,28.40009002157461,3.7517733012589603e-13
220,-114.887563721237,-339.092726898353,28.4003618459925,A2256W000329,19628,-114.88756372123713,-339.09272689835257,28.40036184599253,4.723906993886732e-13
221,-115.325214156276,-338.850942513643,28.4019136257256,A2256W000329,19629,-115.32521415627649,-338.85094251364274,28.40191362572556,5.605637319182512e-13
222,-115.762864591316,-338.609158128933,28.4034654054586,A2256W000329,19630,-115.76286459131585,-338.6091581289329,28.403465405458586,1.9328852131274408e-13
223,-116.199422992231,-338.36541642055,28.4060619772458,A2256W000329,19631,-116.19942299223118,-338.36541642055045,28.406061977245805,4.856703836433968e-13
224,-116.634388398634,-338.118837725891,28.408072592217,A2256W000329,19632,-116.63438839863419,-338.1188377258907,28.408072592217,3.3898176189599563e-13
225,-117.069353805037,-337.872259031231,28.4100832071882,A2256W000329,19633,-117.0693538050372,-337.872259031231,28.410083207188194,1.9895196601282805e-13
226,-117.502957825473,-337.623288508448,28.411193273409,A2256W000329,19634,-117.50295782547329,-337.6232885084484,28.41119327340904,4.889855783314162e-13
227,-117.936561845909,-337.374317985666,28.4123033396299,A2256W000329,19635,-117.93656184590938,-337.3743179856658,28.412303339629887,4.1988206199602467e-13
228,-118.367877443724,-337.121402007522,28.4117007770214,A2256W000329,19636,-118.3678774437239,-337.1214020075225,28.411700777021377,4.655004020764636e-13
229,-118.797260018037,-336.86522589068,28.4096026741429,A2256W000329,19637,-118.79726001803697,-336.86522589067977,28.40960267414294,2.2914314707516465e-13
230,-119.223107540142,-336.60321669268,28.4073514342942,A2256W000329,19638,-119.2231075401416,-336.60321669267995,28.407351434294213,4.0194366942304643e-13
231,-119.646933145966,-336.337944624745,28.4057433853348,A2256W000329,19639,-119.64693314596578,-336.3379446247453,28.405743385334848,4.0990372275064023e-13
232,-120.068307265958,-336.068791019664,28.4053099426585,A2256W000329,19640,-120.0683072659581,-336.0687910196643,28.4053099426585,3.011226127173514e-13
233,-120.487420113888,-335.796130551872,28.4061406068722,A2256W000329,19641,-120.48742011388815,-335.79613055187156,28.40614060687225,4.764346674119284e-13
234,-120.903145845431,-335.51833706943,28.4078427365792,A2256W000329,19642,-120.90314584543145,-335.51833706942955,28.40784273657923,6.431098710768743e-13
235,-121.317627381356,-335.238689841819,28.4094189560721,A2256W000329,19643,-121.31762738135565,-335.2386898418194,28.409418956072102,5.334278619990147e-13
236,-121.731061418487,-334.957494298144,28.4105864999373,A2256W000329,19644,-121.73106141848695,-334.95749429814447,28.410586499937327,4.582862941503293e-13
237,-122.141344637662,-334.671719270665,28.4111466183796,A2256W000329,19645,-122.14134463766176,-334.67171927066505,28.41114661837957,2.481819080425819e-13
238,-122.549346491687,-334.382696381435,28.4116531882063,A2256W000329,19646,-122.54934649168688,-334.3826963814347,28.41165318820627,3.1166837572216805e-13
239,-122.953897692255,-334.088862901723,28.4121139699155,A2256W000329,19647,-122.95389769225481,-334.0888629017234,28.412113969915517,4.3869900538405577e-13
240,-123.3491151709,-333.782594852801,28.4138537350042,A2256W000329,19648,-123.34911517090003,-333.78259485280097,28.41385373500417,6.355287432313019e-14
241,-123.739257427067,-333.469898727321,28.4170401221207,A2256W000329,19649,-123.73925742706659,-333.46989872732064,28.417040122120685,5.349400630825218e-13
242,-124.12283386292,-333.149208989722,28.4222564481527,A2256W000329,19650,-124.12283386291973,-333.14920898972224,28.42225644815274,3.529903082259756e-13
243,-124.49553958832,-332.815979528363,28.4292255467826,A2256W000329,19651,-124.49553958832034,-332.8159795283628,28.429225546782583,4.0990372275064023e-13
244,-124.863953746374,-332.478001691576,28.4357055148673,A2256W000329,19652,-124.863953746374,-332.47800169157574,28.435705514867347,2.8421709430404007e-13
245,-125.225036569725,-332.132180743233,28.4409080496753,A2256W000329,19653,-125.22503656972472,-332.13218074323305,28.440908049675297,2.898457019905882e-13
246,-125.58017176791,-331.780239165273,28.4449226122696,A2256W000329,19654,-125.5801717679103,-331.7802391652732,28.444922612269593,3.7517733012589603e-13
247,-125.914982241726,-331.408891671326,28.4466504323849,A2256W000329,19655,-125.91498224172585,-331.40889167132576,28.44665043238488,2.6812987050722663e-13
248,-126.235692135918,-331.025296887193,28.4471035916319,A2256W000329,19656,-126.23569213591809,-331.02529688719295,28.4471035916319,1.0247593068766006e-13
249,-126.541587627868,-330.629788182932,28.4462020052134,A2256W000329,19657,-126.54158762786817,-330.6297881829315,28.4462020052134,4.856703836433968e-13
250,-126.847483119818,-330.23427947867,28.4453004187949,A2256W000329,19658,-126.84748311981825,-330.2342794786701,28.4453004187949,2.799213746640164e-13
251,-127.128556735878,-329.820768227904,28.4428371191858,A2256W000329,19659,-127.12855673587761,-329.8207682279037,28.4428371191858,4.889855783314162e-13
252,-127.409630351937,-329.407256977137,28.4403738195767,A2256W000329,19660,-127.40963035193697,-329.40725697713737,28.4403738195767,3.4224270219716276e-13
253,-127.679605260625,-328.986415198361,28.4379767557308,A2256W000329,19661,-127.67960526062521,-328.98641519836093,28.43797675573083,2.206117911819664e-13
254,-127.935839050804,-328.557067996017,28.4356910150757,A2256W000329,19662,-127.93583905080419,-328.55706799601745,28.435691015075726,4.908405355527788e-13
255,-128.174111853932,-328.117498277493,28.4335617321053,A2256W000329,19663,-128.17411185393243,-328.11749827749327,28.43356173210535,5.123796534383003e-13
256,-128.367970276088,-327.656612984149,28.4316490015605,A2256W000329,19664,-128.3679702760878,-327.6566129841487,28.431649001560462,3.4693117685644956e-13
257,-128.5504803832,-327.191117090244,28.4297428118372,A2256W000329,19665,-128.5504803832005,-327.19111709024367,28.42974281183721,5.914174621092574e-13
258,-128.704199569876,-326.71533608765,28.4280548487666,A2256W000329,19666,-128.7041995698758,-326.7153360876505,28.428054848766603,5.48914383552641e-13
259,-128.846153879501,-326.235912601141,28.4266075886575,A2256W000329,19667,-128.84615387950112,-326.2359126011409,28.4266075886575,1.6077746776921858e-13
260,-128.968294919534,-325.751061493261,28.4256229428303,A2256W000329,19668,-128.96829491953443,-325.7510614932612,28.42562294283027,4.831690603168681e-13
261,-129.070626156678,-325.261646565515,28.4244625962441,A2256W000329,19669,-129.0706261566785,-325.2616465655155,28.424462596244066,7.036884655428791e-13
262,-129.150418911319,-324.768057138449,28.4228520698317,A2256W000329,19670,-129.1504189113192,-324.7680571384493,28.422852069831734,3.4693117685644956e-13
263,-129.221386206262,-324.273122470579,28.4210306449692,A2256W000329,19671,-129.22138620626245,-324.273122470579,28.421030644969168,4.547473508864641e-13
264,-129.26478628815,-323.775013562275,28.4190435966944,A2256W000329,19672,-129.2647862881502,-323.7750135622755,28.419043596694397,5.48914383552641e-13
265,-129.290870555482,-323.27569831228,28.4170707511448,A2256W000329,19673,-129.2908705554823,-323.27569831227987,28.417070751144816,3.06111178766429e-13
266,-129.298328476539,-322.775757536966,28.4151732284494,A2256W000329,19674,-129.29832847653924,-322.7757575369663,28.415173228449447,3.639754730461873e-13
267,-129.273903624556,-322.276357345776,28.4134774559172,A2256W000329,19675,-129.27390362455566,-322.2763573457758,28.413477455917185,3.8131724593878115e-13
268,-129.236735219441,-321.777743324512,28.4118751261158,A2256W000329,19676,-129.23673521944113,-321.7777433245124,28.41187512611577,4.2251908630869667e-13
269,-129.182951519544,-321.28064662182,28.4103980351377,A2256W000329,19677,-129.1829515195437,-321.2806466218201,28.410398035137682,3.06111178766429e-13
270,-129.114616765884,-320.78534015242,28.4090331860194,A2256W000329,19678,-129.11461676588362,-320.7853401524205,28.4090331860194,5.859285502108464e-13
271,-129.018286318742,-320.294709320164,28.4076798965588,A2256W000329,19679,-129.01828631874173,-320.2947093201636,28.40767989655881,4.889855783314162e-13
272,-128.900018514734,-319.808900183626,28.4061934943705,A2256W000329,19680,-128.90001851473437,-319.80890018362555,28.406193494370452,5.859285502108464e-13
273,-128.772239916835,-319.325505750842,28.4046275209727,A2256W000329,19681,-128.77223991683474,-319.325505750842,28.404627520972667,2.5579538487363607e-13
274,-128.624554021184,-318.847816888704,28.4031351351317,A2256W000329,19682,-128.62455402118425,-318.8478168887043,28.403135135131684,3.82374993451825e-13
275,-128.460343764423,-318.375552645314,28.4019202319974,A2256W000329,19683,-128.46034376442282,-318.3755526453143,28.40192023199738,3.8131724593878115e-13
276,-128.277297068948,-317.910264859441,28.4008323015467,A2256W000329,19684,-128.27729706894772,-317.91026485944093,28.400832301546725,2.898457019905882e-13
277,-128.083198417602,-317.449478281412,28.3996310297671,A2256W000329,19685,-128.08319841760166,-317.4494782814118,28.399631029767107,3.8131724593878115e-13
278,-127.87523150609,-316.994782995413,28.398230813218,A2256W000329,19686,-127.87523150608996,-316.9947829954126,28.39823081321804,4.001813022207649e-13
279,-127.650003520469,-316.548385625777,28.3969106331944,A2256W000329,19687,-127.65000352046874,-316.54838562577686,28.39691063319442,2.799213746640164e-13
280,-127.421022611562,-316.103900894573,28.3958776359834,A2256W000329,19688,-127.42102261156181,-316.1039008945735,28.39587763598342,5.439249892164252e-13
281,-127.188516908281,-315.661249062467,28.3952042306246,A2256W000329,19689,-127.18851690828085,-315.6612490624672,28.395204230624625,2.7592488775877086e-13
282,-126.956011205,-315.218597230361,28.3945308252658,A2256W000329,19690,-126.95601120499988,-315.21859723036096,28.39453082526583,1.2710574864626038e-13
283,-126.718774027405,-314.778462576214,28.3946190618761,A2256W000329,19691,-126.71877402740535,-314.77846257621377,28.3946190618761,4.0990372275064023e-13
284,-126.481536849811,-314.338327922067,28.3947072984864,A2256W000329,19692,-126.48153684981081,-314.3383279220666,28.39470729848637,4.3869900538405577e-13
285,-126.244680686261,-313.89798815097,28.3949165323259,A2256W000329,19693,-126.24468068626125,-313.8979881509695,28.394916532325936,5.149351787847944e-13
286,-126.008072816289,-313.457514953409,28.3951959928888,A2256W000329,19694,-126.00807281628913,-313.45751495340915,28.3951959928888,2.1316282072803006e-13
287,-125.771464946317,-313.017041755849,28.3954754534517,A2256W000329,19695,-125.77146494631701,-313.01704175584877,28.395475453451667,2.278173318171838e-13
288,-125.535142223242,-312.576415562307,28.3958333961051,A2256W000329,19696,-125.53514222324182,-312.5764155623067,28.395833396105118,3.3898176189599563e-13
289,-125.296531984796,-312.13702417621,28.3964366644206,A2256W000329,19697,-125.29653198479622,-312.13702417620965,28.39643666442058,4.0219480576083997e-13
290,-125.057921746351,-311.697632790113,28.397039932736,A2256W000329,19698,-125.05792174635062,-311.6976327901126,28.397039932736043,5.527638887422405e-13
291,-124.817492834165,-311.25923419083,28.3978186058765,A2256W000329,19699,-124.81749283416468,-311.25923419082966,28.397818605876513,4.62671908852022e-13
292,-124.577063921979,-310.820835591547,28.398597279017,A2256W000329,19700,-124.57706392197875,-310.8208355915467,28.398597279016982,3.82374993451825e-13
293,-124.334435887979,-310.383650659143,28.399583177847,A2256W000329,19701,-124.33443588797891,-310.383650659143,28.399583177847013,8.526512829121202e-14
294,-124.091807853979,-309.946465726739,28.400569076677,A2256W000329,19702,-124.09180785397908,-309.94646572673923,28.400569076677044,2.382173337059642e-13
295,-123.847032458769,-309.510479950913,28.4017561643399,A2256W000329,19703,-123.84703245876852,-309.51047995091346,28.401756164339865,6.532357550987174e-13
296,-123.60187740953,-309.074707257877,28.4028340496285,A2256W000329,19704,-123.60187740952972,-309.07470725787726,28.40283404962852,4.0194366942304643e-13
297,-123.356722360291,-308.638934564841,28.4039119349172,A2256W000329,19705,-123.35672236029092,-308.63893456484107,28.403911934917176,1.0247593068766006e-13
298,-123.111678616798,-308.203098974067,28.4048614558067,A2256W000329,19706,-123.11167861679841,-308.20309897406713,28.4048614558067,4.2750823912715883e-13
299,-122.866634873306,-307.767263383293,28.4058109766962,A2256W000329,19707,-122.86663487330591,-307.7672633832932,28.405810976696223,1.9065862296939058e-13
300,-122.621865280204,-307.33127341711,28.4065827801469,A2256W000329,19708,-122.62186528020428,-307.33127341711014,28.40658278014686,2.929642751054232e-13
301,-122.377095687103,-306.895283450927,28.4073545835975,A2256W000329,19709,-122.37709568710264,-306.8952834509271,28.407354583597495,3.5979010423182454e-13
302,-122.132653468129,-306.459109566061,28.4079408800605,A2256W000329,19710,-122.13265346812874,-306.45910956606053,28.4079408800605,5.288653160826128e-13
303,-121.888231720541,-306.022924325343,28.4086080278623,A2256W000329,19711,-121.88823172054136,-306.0229243253426,28.408608027862297,5.334278619990147e-13
304,-121.643809972954,-305.586739084625,28.4092751756641,A2256W000329,19712,-121.64380997295397,-305.5867390846247,28.409275175664092,2.8563464471519893e-13
305,-121.399321175965,-305.150591615724,28.4100584496897,A2256W000329,19713,-121.39932117596473,-305.1505916157239,28.410058449689743,2.929642751054232e-13
306,-121.154832378975,-304.714444146823,28.4108417237154,A2256W000329,19714,-121.15483237897548,-304.7144441468231,28.410841723715393,4.963638160851638e-13
307,-120.91022977736,-304.27836081638,28.4117883982895,A2256W000329,19715,-120.91022977736043,-304.2783608163799,28.411788398289456,4.300985082870044e-13
308,-120.665627175745,-303.842277485937,28.4127350728635,A2256W000329,19716,-120.66562717574537,-303.84227748593673,28.41273507286352,4.661506939912876e-13
309,-120.420900552471,-303.406264141573,28.4138501501463,A2256W000329,19717,-120.4209005524708,-303.406264141573,28.413850150146324,1.9895196601282805e-13
310,-120.176317631333,-302.970170999786,28.4152524247237,A2256W000329,19718,-120.17631763133292,-302.970170999786,28.415252424723672,8.526512829121202e-14
311,-119.931734710195,-302.534077857999,28.416654699301,A2256W000329,19719,-119.93173471019504,-302.53407785799897,28.41665469930102,7.105427357601002e-14
312,-119.687281309645,-302.097912696879,28.4182317804649,A2256W000329,19720,-119.68728130964536,-302.0979126968791,28.418231780464897,3.730180182062295e-13
313,-119.442827909096,-301.661747535759,28.4198088616288,A2256W000329,19721,-119.44282790909567,-301.6617475357593,28.419808861628773,4.331397648834403e-13
314,-119.198572197237,-301.225472566758,28.4216250793402,A2256W000329,19722,-119.19857219723663,-301.22547256675756,28.42162507934019,5.859285502108464e-13
315,-118.954316485378,-300.789197597756,28.4234412970516,A2256W000329,19723,-118.95431648537759,-300.78919759775584,28.423441297051603,4.4600354915687647e-13
316,-118.710060773519,-300.352922628754,28.425257514763,A2256W000329,19724,-118.71006077351855,-300.35292262875413,28.425257514763018,4.687428401686771e-13
317,-118.46595871598,-299.916562457,28.427254014679,A2256W000329,19725,-118.46595871598036,-299.91656245699954,28.42725401467898,5.859285502108464e-13
318,-118.221856658442,-299.480202285245,28.4292505145949,A2256W000329,19726,-118.22185665844218,-299.48020228524496,28.42925051459494,1.9328852131274408e-13
319,-117.977754600904,-299.04384211349,28.4312470145109,A2256W000329,19727,-117.97775460090399,-299.04384211349037,28.4312470145109,3.981576164199481e-13
320,-117.733652543366,-298.607481941736,28.4332435144269,A2256W000329,19728,-117.7336525433658,-298.6074819417358,28.433243514426863,3.0212691549237007e-13
321,-117.489550485828,-298.171121769981,28.4352400143428,A2256W000329,19729,-117.48955048582762,-298.1711217699812,28.435240014342824,4.1988206199602467e-13
322,-117.462207264034,-298.122242653277,28.4354636533427,A2256W000329,19730,-117.46220726403408,-298.12224265327677,28.435463653342698,2.382173337059642e-13
323,-117.222046513302,-297.684167524194,28.4557859338958,A2256W000236,30979,-117.22204651330165,-297.68416752419415,28.4557859338958,3.940790697885759e-13
324,-116.981885762569,-297.246092395112,28.4761082144489,A2256W000236,30980,-116.98188576256922,-297.24609239511153,28.476108214448903,5.084229945850415e-13
325,-116.741725011837,-296.808017266029,28.496430495002,A2256W000236,30981,-116.74172501183679,-296.8080172660289,28.496430495002006,2.4158453015843406e-13
326,-116.499177532732,-296.370821189585,28.5019360487542,A2256W000236,30982,-116.49917753273243,-296.37082118958494,28.501936048754224,4.300985082870044e-13
327,-116.256630053628,-295.933625113141,28.5074416025064,A2256W000236,30983,-116.25663005362807,-295.933625113141,28.507441602506443,7.105427357601002e-14
328,-116.014082574524,-295.496429036697,28.5129471562587,A2256W000236,30984,-116.01408257452371,-295.496429036697,28.51294715625866,2.8421709430404007e-13
329,-115.771535095419,-295.059232960253,28.5184527100109,A2256W000236,30985,-115.77153509541935,-295.05923296025304,28.51845271001088,3.5979010423182454e-13
330,-115.528987616315,-294.622036883809,28.5239582637631,A2256W000236,30986,-115.52898761631499,-294.6220368838091,28.5239582637631,5.859285502108464e-14
331,-115.286440137211,-294.184840807365,28.5294638175153,A2256W000236,30987,-115.28644013721063,-294.1848408073651,28.529463817515317,3.8657704262548816e-13
332,-115.043892658106,-293.747644730921,28.5349693712675,A2256W000236,30988,-115.04389265810627,-293.74764473092114,28.534969371267536,2.929642751054232e-13
333,-114.801345179002,-293.310448654477,28.5404749250198,A2256W000236,30989,-114.80134517900191,-293.31044865447717,28.540474925019755,1.9065862296939058e-13
334,-114.558797699898,-292.873252578033,28.545980478772,A2256W000236,30990,-114.55879769989755,-292.8732525780332,28.545980478771973,4.957531570685322e-13
335,-114.316250220793,-292.436056501589,28.5514860325242,A2256W000236,30991,-114.3162502207932,-292.43605650158923,28.551486032524192,3.0212691549237007e-13
336,-114.073702741689,-291.998860425145,28.5569915862764,A2256W000236,30992,-114.07370274168883,-291.99886042514527,28.55699158627641,3.314512409159136e-13
337,-113.831155262584,-291.561664348701,28.5624971400286,A2256W000236,30993,-113.83115526258447,-291.5616643487013,28.56249714002863,5.48362248240856e-13
338,-113.588456804631,-291.124534423445,28.5663555013614,A2256W000236,30994,-113.58845680463074,-291.12453442344486,28.566355501361397,3.074277920629802e-13
339,-113.345758346677,-290.687404498188,28.5702138626942,A2256W000236,30995,-113.345758346677,-290.6874044981884,28.570213862694164,3.979039320256561e-13
340,-113.103059888723,-290.250274572932,28.5740722240269,A2256W000236,30996,-113.10305988872327,-290.25027457293197,28.57407222402693,2.7592488775877086e-13
341,-112.86036143077,-289.813144647676,28.5779305853597,A2256W000236,30997,-112.86036143076953,-289.81314464767553,28.5779305853597,6.532357550987174e-13
342,-112.617662972816,-289.376014722419,28.5817889466925,A2256W000236,30998,-112.6176629728158,-289.3760147224191,28.581788946692466,2.4158453015843406e-13
343,-112.374964514862,-288.938884797163,28.5856473080252,A2256W000236,30999,-112.37496451486206,-288.93888479716264,28.585647308025234,3.457650183405701e-13
344,-112.132266056908,-288.501754871906,28.589505669358,A2256W000236,31000,-112.13226605690832,-288.5017548719062,28.589505669358,3.981576164199481e-13
345,-111.889567598955,-288.06462494665,28.5933640306908,A2256W000236,31001,-111.88956759895459,-288.06462494664976,28.59336403069077,4.706775815088575e-13
346,-111.646857644547,-287.627484455523,28.5931012587246,A2256W000236,31002,-111.64685764454747,-287.62748445552296,28.59310125872459,4.723906993886732e-13
347,-111.40414769014,-287.190343964396,28.5928384867584,A2256W000236,31003,-111.40414769014035,-287.19034396439616,28.592838486758414,3.940790697885759e-13
348,-111.161437735733,-286.753203473269,28.5925757147922,A2256W000236,31004,-111.16143773573323,-286.75320347326937,28.592575714792236,4.0990372275064023e-13
349,-110.918727781326,-286.316062982143,28.5923129428261,A2256W000236,31005,-110.91872778132611,-286.31606298214257,28.59231294282606,4.687428401686771e-13
350,-110.676017826919,-285.878922491016,28.5920501708599,A2256W000236,31006,-110.676017826919,-285.87892249101577,28.59205017085988,2.2737367544323206e-13
351,-110.433307872512,-285.441781999889,28.5917873988937,A2256W000236,31007,-110.43330787251188,-285.441781999889,28.591787398893704,1.2789769243681803e-13
352,-110.190597918105,-285.004641508762,28.5915246269275,A2256W000236,31008,-110.19059791810476,-285.0046415087622,28.591524626927526,2.957087310546287e-13
353,-109.947887963698,-284.567501017635,28.5912618549613,A2256W000236,31009,-109.94788796369764,-284.5675010176354,28.59126185496135,5.334278619990147e-13
354,-109.705180493959,-284.130365740668,28.5888465363751,A2256W000236,31010,-109.70518049395902,-284.13036574066814,28.588846536375097,1.1457157353758233e-13
355,-109.46247302422,-283.693230463701,28.5864312177888,A2256W000236,31011,-109.4624730242204,-283.6932304637009,28.586431217788846,4.1382633578908315e-13
356,-109.219765554482,-283.256095186734,28.5840158992026,A2256W000236,31012,-109.21976555448178,-283.25609518673366,28.584015899202594,4.0219480576083997e-13
357,-108.977058084743,-282.818959909766,28.5816005806163,A2256W000236,31013,-108.97705808474316,-282.8189599097664,28.581600580616342,4.2750823912715883e-13
358,-108.734350615005,-282.381824632799,28.5791852620301,A2256W000236,31014,-108.73435061500454,-282.3818246327992,28.57918526203009,4.856703836433968e-13
359,-108.491643145266,-281.944689355832,28.5767699434438,A2256W000236,31015,-108.49164314526593,-281.94468935583194,28.57676994344384,9.099386826154683e-14
360,-108.248935675527,-281.507554078865,28.5743546248576,A2256W000236,31016,-108.2489356755273,-281.5075540788647,28.574354624857587,4.2251908630869667e-13
361,-108.006228205789,-281.070418801897,28.5719393062713,A2256W000236,31017,-108.00622820578869,-281.07041880189746,28.571939306271336,5.518497755175417e-13
362,-107.763536344858,-280.633311728003,28.5657694935259,A2256W000236,31018,-107.76353634485778,-280.633311728003,28.56576949352591,2.1316282072803006e-13
363,-107.520844483927,-280.196204654108,28.5595996807805,A2256W000236,31019,-107.52084448392688,-280.1962046541085,28.559599680780483,5.240704272917405e-13
364,-107.278152622996,-279.759097580214,28.5534298680351,A2256W000236,31020,-107.27815262299598,-279.759097580214,28.553429868035057,2.842170943040401e-14
365,-107.035460762065,-279.32199050632,28.5472600552896,A2256W000236,31021,-107.03546076206507,-279.32199050631954,28.54726005528963,4.602649920770331e-13
366,-106.792768901134,-278.884883432425,28.5410902425442,A2256W000236,31022,-106.79276890113417,-278.88488343242506,28.541090242544204,1.797546735911271e-13
367,-106.550077040203,-278.447776358531,28.5349204297988,A2256W000236,31023,-106.55007704020326,-278.4477763585306,28.534920429798778,4.73031519081054e-13
368,-106.307385179272,-278.010669284636,28.5287506170534,A2256W000236,31024,-106.30738517927236,-278.0106692846361,28.52875061705335,3.730180182062295e-13
369,-106.064693318341,-277.573562210742,28.5225808043079,A2256W000236,31025,-106.06469331834145,-277.5735622107416,28.522580804307925,6.042538309847401e-13
370,-105.822001457411,-277.136455136847,28.5164109915625,A2256W000236,31026,-105.82200145741055,-277.13645513684713,28.5164109915625,4.687428401686771e-13
371,-105.57930959648,-276.699348062953,28.5102411788171,A2256W000236,31027,-105.57930959647965,-276.69934806295265,28.510241178817072,4.924835210193651e-13
372,-105.336617735549,-276.262240989058,28.5040713660716,A2256W000236,31028,-105.33661773554874,-276.26224098905817,28.504071366071646,3.074277920629802e-13
373,-105.093925874618,-275.825133915164,28.4979015533262,A2256W000236,31029,-105.09392587461784,-275.8251339151637,28.49790155332622,3.243687902600336e-13
374,-104.851234013687,-275.388026841269,28.4917317405808,A2256W000236,31030,-104.85123401368693,-275.3880268412692,28.491731740580793,2.382173337059642e-13
375,-104.715884687903,-275.144252091181,28.4882908341074,A2256W000219,27092,-104.71588468790287,-275.14425209118053,28.48829083410744,4.723906993886732e-13
376,-104.474257753803,-274.706790121319,28.4726879612311,A2256W000219,27093,-104.4742577538031,-274.70679012131853,28.472687961231077,4.655004020764636e-13
377,-104.232630819703,-274.269328151457,28.4570850883547,A2256W000219,27094,-104.23263081970333,-274.26932815145653,28.457085088354717,5.600230819947578e-13
378,-103.991003885604,-273.831866181595,28.4414822154784,A2256W000219,27095,-103.99100388560356,-273.83186618159453,28.441482215478356,6.331410250466394e-13
379,-103.74794552515,-273.394970715593,28.4347751146734,A2256W000219,27096,-103.74794552515037,-273.3949707155931,28.43477511467345,3.8657704262548816e-13
380,-103.504887164697,-272.958075249592,28.4280680138685,A2256W000219,27097,-103.50488716469718,-272.9580752495917,28.428068013868543,3.8788084748251155e-13
381,-103.261828804244,-272.52117978359,28.4213609130636,A2256W000219,27098,-103.26182880424399,-272.52117978359024,28.421360913063637,2.278173318171838e-13
382,-103.018770443791,-272.084284317589,28.4146538122587,A2256W000219,27099,-103.0187704437908,-272.0842843175888,28.41465381225873,2.6203521364587025e-13
383,-102.775712083338,-271.647388851587,28.4079467114538,A2256W000219,27100,-102.77571208333761,-271.6473888515874,28.407946711453825,5.527638887422405e-13
384,-102.532653722884,-271.210493385586,28.4012396106489,A2256W000219,27101,-102.53265372288442,-271.21049338558595,28.40123961064892,4.160165522166735e-13
385,-102.289595362431,-270.773597919585,28.394532509844,A2256W000219,27102,-102.28959536243123,-270.7735979195845,28.394532509844012,5.084229945850415e-13
386,-102.046537001978,-270.336702453583,28.3878254090391,A2256W000219,27103,-102.04653700197804,-270.3367024535831,28.387825409039106,1.214175959108492e-13
387,-101.804885478301,-269.89898448478,28.3850829846229,A2256W000219,27104,-101.80488547830114,-269.89898448478016,28.3850829846229,2.21980646867526e-13
388,-101.563233954624,-269.461266515977,28.3823405602067,A2256W000219,27105,-101.56323395462425,-269.46126651597723,28.382340560206696,3.4224270219716276e-13
389,-101.321582430947,-269.023548547174,28.3795981357905,A2256W000219,27106,-101.32158243094736,-269.0235485471743,28.37959813579049,4.549693413077341e-13
390,-101.07993090727,-268.585830578371,28.3768557113743,A2256W000219,27107,-101.07993090727047,-268.5858305783714,28.376855711374287,6.150197864480561e-13
391,-100.838279383594,-268.148112609568,28.3741132869581,A2256W000219,27108,-100.83827938359357,-268.14811260956844,28.37411328695808,6.233367514443361e-13
392,-100.596627859917,-267.710394640766,28.3713708625419,A2256W000219,27109,-100.59662785991668,-267.7103946407655,28.371370862541877,6.070879795542461e-13
393,-100.35497633624,-267.272676671963,28.3686284381257,A2256W000219,27110,-100.35497633623979,-267.2726766719626,28.368628438125672,4.5140439437627123e-13
394,-100.113919946809,-266.834623772522,28.3698426892899,A2256W000219,27111,-100.11391994680854,-266.8346237725218,28.369842689289943,4.990013697488234e-13
395,-99.8728635573773,-266.396570873081,28.3710569404542,A2256W000219,27112,-99.87286355737729,-266.39657087308103,28.371056940454213,5.859285502108464e-14
396,-99.631807167946,-265.95851797364,28.3722711916185,A2256W000219,27113,-99.63180716794604,-265.95851797364026,28.372271191618484,2.31335954426011e-13
397,-99.3907507785148,-265.520465074199,28.3734854427828,A2256W000219,27114,-99.39075077851479,-265.5204650741995,28.373485442782755,4.549693413077341e-13
398,-99.1496943890835,-265.082412174759,28.374699693947,A2256W000219,27115,-99.14969438908354,-265.0824121747587,28.374699693947026,2.8563464471519893e-13
399,-98.9086379996523,-264.644359275318,28.3759139451113,A2256W000219,27116,-98.90863799965229,-264.6443592753179,28.375913945111296,5.859285502108464e-14
400,-98.667581610221,-264.206306375877,28.3771281962756,A2256W000219,27117,-98.66758161022103,-264.20630637587715,28.377128196275567,1.7288250917028504e-13
401,-98.4265252207898,-263.768253476436,28.3783424474398,A2256W000219,27118,-98.42652522078978,-263.76825347643637,28.378342447439838,3.981576164199481e-13
402,-98.1854688313585,-263.330200576996,28.3795566986041,A2256W000219,27119,-98.18546883135853,-263.3302005769956,28.37955669860411,3.989177016483779e-13
403,-97.9444124419273,-262.892147677555,28.3807709497684,A2256W000219,27120,-97.94441244192728,-262.8921476775548,28.38077094976838,1.7112135109858138e-13
404,-97.703356052496,-262.454094778114,28.3819852009327,A2256W000219,27121,-97.70335605249603,-262.45409477811404,28.38198520093265,6.355287432313019e-14
405,-97.4594872696179,-262.017604707336,28.3840911091821,A2256W000219,27122,-97.45948726961791,-262.0176047073358,28.38409110918206,1.7112135109858138e-13
406,-97.2156184867398,-261.581114636558,28.3861970174315,A2256W000219,27123,-97.21561848673979,-261.5811146365576,28.386197017431467,4.549693413077341e-13
407,-96.9717497038617,-261.144624565779,28.3883029256809,A2256W000219,27124,-96.97174970386166,-261.14462456577934,28.388302925680875,3.43714720612747e-13
408,-96.7278809209835,-260.708134495001,28.3904088339303,A2256W000219,27125,-96.72788092098354,-260.7081344950011,28.390408833930284,1.214175959108492e-13
409,-96.4840121381054,-260.271644424223,28.3925147421797,A2256W000219,27126,-96.48401213810541,-260.27164442422287,28.392514742179692,1.1457157353758233e-13
410,-96.2401433552273,-259.835154353445,28.3946206504291,A2256W000219,27127,-96.24014335522729,-259.83515435344464,28.3946206504291,3.4135644425146874e-13
411,-95.9962745723492,-259.398664282666,28.3967265586785,A2256W000219,27128,-95.99627457234917,-259.3986642826664,28.39672655867851,3.989177016483779e-13
412,-95.752405789471,-258.962174211888,28.3988324669279,A2256W000219,27129,-95.75240578947104,-258.96217421188817,28.398832466927917,1.757785650632539e-13
413,-95.5085370065929,-258.52568414111,28.4009383751773,A2256W000219,27130,-95.50853700659292,-258.52568414110993,28.400938375177326,5.859285502108464e-14
414,-95.2658045457665,-258.088567593325,28.4041126646243,A2256W000219,27131,-95.26580454576651,-258.08856759332474,28.404112664624275,2.8457214390443806e-13
415,-95.0230720849401,-257.65145104554,28.4072869540712,A2256W000219,27132,-95.02307208494011,-257.65145104553955,28.407286954071225,4.549693413077341e-13
416,-94.7803396241137,-257.214334497754,28.4104612435182,A2256W000219,27133,-94.78033962411371,-257.21433449775435,28.410461243518174,3.4135644425146874e-13
417,-94.5376071632873,-256.777217949969,28.4136355329651,A2256W000219,27134,-94.5376071632873,-256.77721794996916,28.413635532965124,1.7053025658242404e-13
418,-94.2948747024609,-256.340101402184,28.4168098224121,A2256W000219,27135,-94.2948747024609,-256.34010140218396,28.416809822412073,5.684341886080802e-14
419,-94.0521422416345,-255.902984854399,28.419984111859,A2256W000219,27136,-94.0521422416345,-255.90298485439874,28.419984111859023,2.5579538487363607e-13
420,-93.9674418873619,-255.750455084257,28.4210917652804,A2256W000219,27137,-93.96744188736193,-255.75045508425683,28.42109176528042,1.7288250917028504e-13
421,-93.7258104905738,-255.312802257798,28.4297098612979,A2256W000215,31715,-93.7258104905738,-255.31280225779818,28.429709861297937,1.7053025658242404e-13
422,-93.4841790937857,-254.87514943134,28.4383279573155,A2256W000215,31716,-93.48417909378568,-254.87514943133954,28.438327957315455,4.549693413077341e-13
423,-93.2425476969976,-254.437496604881,28.446946053333,A2256W000215,31717,-93.24254769699756,-254.4374966048809,28.446946053332972,1.214175959108492e-13
424,-93.0009163002094,-253.999843778422,28.4555641493505,A2256W000215,31718,-93.00091630020944,-253.99984377842225,28.45556414935049,2.593237637554276e-13
425,-92.7592849034213,-253.562190951964,28.464182245368,A2256W000215,31719,-92.75928490342132,-253.5621909519636,28.464182245368008,3.981576164199481e-13
426,-92.5176535066332,-253.124538125505,28.4728003413855,A2256W000215,31720,-92.5176535066332,-253.12453812550496,28.472800341385526,5.684341886080802e-14
427,-92.2760221098451,-252.686885299046,28.481418437403,A2256W000215,31721,-92.27602210984507,-252.6868852990463,28.481418437403043,3.13928041384408e-13
428,-92.034390713057,-252.249232472588,28.4900365334206,A2256W000215,31722,-92.03439071305695,-252.24923247258766,28.49003653342056,3.43714720612747e-13
429,-91.7927593162688,-251.811579646129,28.4986546294381,A2256W000215,31723,-91.79275931626883,-251.81157964612902,28.49865462943808,4.0194366942304644e-14
430,-91.5511279194807,-251.37392681967,28.5072727254556,A2256W000215,31724,-91.5511279194807,-251.37392681967037,28.507272725455596,3.694822225952521e-13
431,-91.3094699280632,-250.936210243573,28.5049032965672,A2256W000215,31725,-91.3094699280632,-250.93621024357256,28.504903296567193,4.263256414560601e-13
432,-91.0678119366457,-250.498493667475,28.5025338676788,A2256W000215,31726,-91.06781193664568,-250.49849366747475,28.50253386767879,2.5618982671915015e-13
433,-90.8261539452282,-250.060777091377,28.5001644387904,A2256W000215,31727,-90.82615394522817,-250.06077709137693,28.500164438790385,6.355287432313019e-14
434,-90.5844959538107,-249.623060515279,28.497795009902,A2256W000215,31728,-90.58449595381066,-249.62306051527912,28.49779500990198,1.214175959108492e-13
435,-90.3428379623931,-249.185343939181,28.4954255810136,A2256W000215,31729,-90.34283796239315,-249.1853439391813,28.495425581013578,3.1553218080907923e-13
436,-90.1011799709756,-248.747627363083,28.4930561521252,A2256W000215,31730,-90.10117997097564,-248.7476273630835,28.493056152125174,4.850462620958073e-13
437,-89.8595219795581,-248.309910786986,28.4906867232368,A2256W000215,31731,-89.85952197955812,-248.30991078698568,28.49068672323677,3.13928041384408e-13
438,-89.6178639881406,-247.872194210888,28.4883172943484,A2256W000215,31732,-89.61786398814061,-247.87219421088787,28.488317294348366,1.4281732235759946e-13
439,-89.3762059967231,-247.43447763479,28.48594786546,A2256W000215,31733,-89.3762059967231,-247.43447763479006,28.485947865459963,5.684341886080802e-14
440,-89.1345480053056,-246.996761058692,28.4835784365716,A2256W000215,31734,-89.13454800530559,-246.99676105869224,28.48357843657156,2.5618982671915015e-13
441,-88.8928900138881,-246.559044482594,28.4812090076832,A2256W000215,31735,-88.89289001388808,-246.55904448259443,28.481209007683155,4.272719814472597e-13
442,-88.6512320224706,-246.121327906497,28.4788395787948,A2256W000215,31736,-88.65123202247057,-246.12132790649662,28.47883957879475,3.7057375295732124e-13
443,-88.4095740310531,-245.683611330399,28.4764701499063,A2256W000215,31737,-88.40957403105305,-245.6836113303988,28.476470149906348,2.0346847496847933e-13
444,-88.1679160396355,-245.245894754301,28.4741007210179,A2256W000215,31738,-88.16791603963554,-245.245894754301,28.474100721017944,4.263256414560601e-14
445,-87.926259497716,-244.808180172665,28.471261571319,A2256W000215,31739,-87.92625949771602,-244.80818017266535,28.471261571319022,3.4135644425146874e-13
446,-87.6846029557965,-244.37046559103,28.4684224216201,A2256W000215,31740,-87.68460295579649,-244.3704655910297,28.4684224216201,3.1296161105196403e-13
447,-87.442946413877,-243.932751009394,28.4655832719212,A2256W000215,31741,-87.44294641387697,-243.93275100939405,28.46558327192118,6.355287432313019e-14
448,-87.2012898719574,-243.495036427758,28.4627441222223,A2256W000215,31742,-87.20128987195744,-243.4950364277584,28.462744122222258,4.001813022207649e-13
449,-86.9596333300379,-243.057321846123,28.4599049725233,A2256W000215,31743,-86.95963333003792,-243.05732184612276,28.459904972523336,2.278173318171838e-13
450,-86.7179767881184,-242.619607264487,28.4570658228244,A2256W000215,31744,-86.71797678811839,-242.61960726448712,28.457065822824415,1.1457157353758233e-13
451,-86.4763202461989,-242.181892682851,28.4542266731255,A2256W000215,31745,-86.47632024619887,-242.18189268285147,28.454226673125493,4.840042710704439e-13
452,-86.2346637042793,-241.744178101216,28.4513875234266,A2256W000215,31746,-86.23466370427934,-241.74417810121582,28.451387523426572,1.757785650632539e-13
453,-85.9930071623598,-241.30646351958,28.4485483737277,A2256W000215,31747,-85.99300716235982,-241.30646351958018,28.44854837372765,1.7112135109858138e-13
454,-85.7513506204403,-240.868748937945,28.4457092240287,A2256W000215,31748,-85.75135062044029,-240.86874893794453,28.44570922402873,4.833779982986627e-13
455,-85.5096940785208,-240.431034356309,28.4428700743298,A2256W000215,31749,-85.50969407852077,-240.43103435630888,28.442870074329807,1.1718571004216928e-13
456,-85.2680375366012,-239.993319774673,28.4400309246309,A2256W000215,31750,-85.26803753660124,-239.99331977467324,28.440030924630886,2.31335954426011e-13
457,-85.0263771769319,-239.5555982761,28.4404312384289,A2256W000215,31751,-85.0263771769319,-239.55559827609983,28.440431238428946,1.7053025658242404e-13
458,-84.7847168172626,-239.117876777526,28.440831552227,A2256W000215,31752,-84.78471681726256,-239.11787677752642,28.440831552227007,4.284519670727984e-13
459,-84.5430564575932,-238.680155278953,28.4412318660251,A2256W000215,31753,-84.54305645759322,-238.680155278953,28.441231866025067,2.842170943040401e-14
460,-84.3013960979239,-238.24243378038,28.4416321798231,A2256W000215,31754,-84.30139609792388,-238.2424337803796,28.441632179823127,3.981576164199481e-13
461,-84.0597357382545,-237.804712281806,28.4420324936212,A2256W000215,31755,-84.05973573825455,-237.8047122818062,28.442032493621188,2.0346847496847933e-13
462,-83.8180753785852,-237.366990783233,28.4424328074192,A2256W000215,31756,-83.8180753785852,-237.36699078323278,28.442432807419248,2.2737367544323206e-13
463,-83.5764150189159,-236.929269284659,28.4428331212173,A2256W000215,31757,-83.57641501891587,-236.92926928465937,28.44283312121731,3.7057375295732124e-13
464,-83.3347546592465,-236.491547786086,28.4432334350154,A2256W000215,31758,-83.33475465924653,-236.49154778608596,28.44323343501537,4.0194366942304644e-14
465,-83.0930942995772,-236.053826287513,28.4436337488134,A2256W000215,31759,-83.09309429957719,-236.05382628751255,28.44363374881343,4.549693413077341e-13
466,-82.8514391098356,-235.616114150019,28.4403392137033,A2256W000215,31760,-82.85143910983561,-235.61611415001877,28.440339213703293,2.278173318171838e-13
467,-82.609783920094,-235.178402012525,28.4370446785932,A2256W000215,31761,-82.60978392009403,-235.178402012525,28.437044678593157,2.842170943040401e-14
468,-82.3681287303525,-234.740689875031,28.433750143483,A2256W000215,31762,-82.36812873035245,-234.74068987503122,28.43375014348302,2.31335954426011e-13
469,-82.1264735406109,-234.302977737537,28.4304556083729,A2256W000215,31763,-82.12647354061087,-234.30297773753745,28.430455608372885,4.556346636343676e-13
470,-81.8848183508693,-233.865265600044,28.4271610732627,A2256W000215,31764,-81.8848183508693,-233.86526560004367,28.42716107326275,3.410605131648481e-13
471,-81.6431631611277,-233.42755346255,28.4238665381526,A2256W000215,31765,-81.64316316112772,-233.4275534625499,28.423866538152613,1.1457157353758233e-13
472,-81.4015079713861,-232.989841325056,28.4205720030425,A2256W000215,31766,-81.40150797138614,-232.98984132505612,28.420572003042476,1.214175959108492e-13
473,-81.1598527816446,-232.552129187562,28.4172774679323,A2256W000215,31767,-81.15985278164456,-232.55212918756234,28.41727746793234,3.43714720612747e-13
474,-80.918197591903,-232.114417050069,28.4139829328222,A2256W000215,31768,-80.91819759190298,-232.11441705006857,28.413982932822204,4.2656242328017795e-13
475,-80.6765424021614,-231.676704912575,28.4106883977121,A2256W000215,31769,-80.6765424021614,-231.6767049125748,28.410688397712068,1.9895196601282805e-13
476,-80.4348872124198,-231.238992775081,28.4073938626019,A2256W000215,31770,-80.43488721241982,-231.23899277508102,28.407393862601932,4.0194366942304644e-14
477,-80.1932320226782,-230.801280637587,28.4040993274918,A2256W000215,31771,-80.19323202267825,-230.80128063758724,28.404099327491796,2.31335954426011e-13
478,-79.9685367429629,-230.394288131967,28.4010360103377,A2256W000213,31509,-79.9685367429629,-230.3942881319672,28.401036010337744,1.9895196601282805e-13
479,-79.7268824835312,-229.95657768894,28.397460123963,A2256W000213,31510,-79.72688248353123,-229.9565776889399,28.39746012396298,1.1718571004216928e-13
480,-79.4852282240996,-229.518867245913,28.3938842375882,A2256W000213,31511,-79.48522822409956,-229.5188672459126,28.393884237588214,4.001813022207649e-13
481,-79.2435739646679,-229.081156802885,28.3903083512134,A2256W000213,31512,-79.24357396466789,-229.0811568028853,28.39030835121345,2.8457214390443806e-13
482,-79.0019197052362,-228.643446359858,28.3867324648387,A2256W000213,31513,-79.00191970523622,-228.643446359858,28.386732464838683,1.4210854715202004e-14
483,-78.7602654458045,-228.205735916831,28.3831565784639,A2256W000213,31514,-78.76026544580455,-228.2057359168307,28.383156578463918,3.1553218080907923e-13
484,-78.5239754465861,-227.765094477393,28.3846256324964,A2256W000213,31515,-78.52397544658614,-227.76509447739312,28.38462563249643,1.1718571004216928e-13
485,-78.2876854473677,-227.324453037956,28.3860946865289,A2256W000213,31516,-78.28768544736772,-227.32445303795555,28.386094686528942,4.549693413077341e-13
486,-78.0513954481493,-226.883811598518,28.3875637405615,A2256W000213,31517,-78.05139544814931,-226.88381159851798,28.387563740561454,3.1776437161565096e-14
487,-77.8151054489309,-226.44317015908,28.389032794594,A2256W000213,31518,-77.8151054489309,-226.4431701590804,28.389032794593966,3.979039320256561e-13
488,-77.5788154497125,-226.002528719643,28.3905018486265,A2256W000213,31519,-77.57881544971248,-226.00252871964284,28.390501848626478,1.7112135109858138e-13
489,-77.3425254504941,-225.561887280205,28.391970902659,A2256W000213,31520,-77.34252545049407,-225.56188728020527,28.39197090265899,2.5736952517654053e-13
490,-77.1062354512757,-225.121245840768,28.3934399566915,A2256W000213,31521,-77.10623545127565,-225.1212458407677,28.393439956691502,3.1553218080907923e-13
491,-76.8699454520572,-224.68060440133,28.394909010724,A2256W000213,31522,-76.86994545205724,-224.68060440133013,28.394909010724014,1.4836567898030567e-13
492,-76.6422394992009,-224.235464026425,28.3951226999272,A2256W000213,31523,-76.64223949920085,-224.23546402642498,28.39512269992716,5.123796534383003e-14
493,-76.4145335463445,-223.79032365152,28.3953363891303,A2256W000213,31524,-76.41453354634447,-223.79032365151983,28.395336389130307,1.7288250917028504e-13
494,-76.1868275934881,-223.345183276615,28.3955500783335,A2256W000213,31525,-76.18682759348809,-223.34518327661468,28.395550078333454,3.1296161105196403e-13
495,-75.9591216406317,-222.90004290171,28.3957637675366,A2256W000213,31526,-75.95912164063171,-222.90004290170953,28.3957637675366,4.833779982986627e-13
496,-75.7350662808137,-222.453054735501,28.3966441118103,A2256W000213,31527,-75.7350662808137,-222.45305473550064,28.396644111810332,3.694822225952521e-13
497,-75.5110109209957,-222.006066569292,28.3975244560841,A2256W000213,31528,-75.51101092099569,-222.00606656929176,28.397524456084064,2.278173318171838e-13
498,-75.2869555611777,-221.559078403083,28.3984048003578,A2256W000213,31529,-75.28695556117768,-221.55907840308288,28.398404800357795,1.1718571004216928e-13
499,-75.0629002013597,-221.112090236874,28.3992851446315,A2256W000213,31530,-75.06290020135967,-221.112090236874,28.399285144631527,2.842170943040401e-14
500,-74.8481303572135,-220.66056664076,28.3998819679536,A2256W000213,31531,-74.84813035721352,-220.6605666407604,28.399881967953586,3.981576164199481e-13
501,-74.6333605130674,-220.209043044647,28.4004787912756,A2256W000213,31532,-74.63336051306737,-220.20904304464682,28.400478791275646,1.7288250917028504e-13
502,-74.4185906689212,-219.757519448533,28.4010756145977,A2256W000213,31533,-74.41859066892123,-219.75751944853323,28.401075614597705,2.2914314707516465e-13
503,-74.2072522238903,-219.304379507871,28.4015814096626,A2256W000213,31534,-74.20725222389032,-219.30437950787112,28.401581409662576,1.1718571004216928e-13
504,-73.9959137788594,-218.851239567209,28.4020872047274,A2256W000213,31535,-73.99591377885942,-218.851239567209,28.402087204727447,1.4210854715202004e-14
505,-73.7845753338285,-218.398099626547,28.4025929997923,A2256W000213,31536,-73.78457533382851,-218.3980996265469,28.40259299979232,1.1457157353758233e-13
506,-73.5732368887976,-217.944959685885,28.4030987948572,A2256W000213,31537,-73.57323688879761,-217.94495968588478,28.40309879485719,2.278173318171838e-13
507,-73.3686945890525,-217.48871222444,28.4039363746747,A2256W000213,31538,-73.3686945890525,-217.48871222443975,28.40393637467473,2.5579538487363607e-13
508,-73.1641522893074,-217.032464762995,28.4047739544923,A2256W000213,31539,-73.16415228930738,-217.03246476299472,28.404773954492267,2.8457214390443806e-13
509,-72.9596099895623,-216.57621730155,28.4056115343098,A2256W000213,31540,-72.95960998956227,-216.5762173015497,28.405611534309806,3.13928041384408e-13
510,-72.7550676898172,-216.119969840105,28.4064491141273,A2256W000213,31541,-72.75506768981715,-216.11996984010466,28.406449114127344,3.43714720612747e-13
511,-72.5610112134216,-215.659164616733,28.4072428914025,A2256W000213,31542,-72.56101121342161,-215.65916461673302,28.407242891402458,3.1776437161565096e-14
512,-72.3669547370261,-215.198359393361,28.4080366686776,A2256W000213,31543,-72.36695473702606,-215.1983593933614,28.40803666867757,4.001813022207649e-13
513,-72.1728982606305,-214.73755416999,28.4088304459527,A2256W000213,31544,-72.17289826063052,-214.73755416998975,28.408830445952685,2.5618982671915015e-13
514,-71.978841784235,-214.276748946618,28.4096242232278,A2256W000213,31545,-71.97884178423497,-214.2767489466181,28.409624223227798,1.1718571004216928e-13
515,-71.7847853078394,-213.815943723246,28.4104180005029,A2256W000213,31546,-71.78478530783943,-213.81594372324648,28.41041800050291,4.840042710704439e-13
516,-71.59827962304,-213.352030347585,28.4105150570146,A2256W000213,31547,-71.59827962304003,-213.3520303475851,28.41051505701461,8.987733679556355e-14
517,-71.4117739382406,-212.888116971924,28.4106121135263,A2256W000213,31548,-71.41177393824063,-212.88811697192372,28.41061211352631,2.8563464471519893e-13
518,-71.2252682534412,-212.424203596262,28.410709170038,A2256W000213,31549,-71.22526825344123,-212.42420359626234,28.410709170038007,3.4224270219716276e-13
519,-71.0387625686418,-211.960290220601,28.4108062265497,A2256W000213,31550,-71.03876256864183,-211.96029022060097,28.410806226549706,4.0194366942304644e-14
520,-70.8522568838424,-211.49637684494,28.4109032830614,A2256W000213,31551,-70.85225688384243,-211.4963768449396,28.410903283061405,3.989177016483779e-13
521,-70.6704202683945,-211.030613617309,28.4106561599409,A2256W000213,31552,-70.6704202683945,-211.03061361730929,28.410656159940906,2.8421709430404007e-13
522,-70.4885836529466,-210.564850389679,28.4104090368204,A2256W000213,31553,-70.48858365294656,-210.56485038967898,28.410409036820408,5.123796534383003e-14
523,-70.3067470374986,-210.099087162049,28.4101619136999,A2256W000213,31554,-70.30674703749862,-210.09908716204868,28.41016191369991,3.13928041384408e-13
524,-70.1249104220507,-209.633323934418,28.4099147905794,A2256W000213,31555,-70.12491042205069,-209.63332393441837,28.40991479057941,3.697554072703522e-13
525,-69.9430738066028,-209.167560706788,28.4096676674589,A2256W000213,31556,-69.94307380660275,-209.16756070678807,28.409667667458912,7.105427357601002e-14
526,-69.7736282826217,-208.697147997426,28.4099795542251,A2256W000213,31557,-69.77362828262174,-208.6971479974259,28.40997955422507,9.532931148469529e-14
527,-69.6041827586407,-208.226735288064,28.4102914409912,A2256W000213,31558,-69.60418275864073,-208.22673528806374,28.41029144099123,2.5736952517654053e-13
528,-69.4347372346597,-207.756322578702,28.4106033277574,A2256W000213,31559,-69.43473723465972,-207.75632257870157,28.41060332775739,4.2656242328017795e-13
529,-69.2652917106787,-207.285909869339,28.4109152145235,A2256W000213,31560,-69.26529171067871,-207.2859098693394,28.41091521452355,3.981576164199481e-13
530,-69.0958461866977,-206.815497159977,28.4112271012897,A2256W000213,31561,-69.0958461866977,-206.81549715997724,28.411227101289708,2.2737367544323206e-13
531,-68.9264006627167,-206.345084450615,28.4115389880559,A2256W000213,31562,-68.92640066271669,-206.34508445061508,28.411538988055867,8.644125458514252e-14
532,-68.7569551387357,-205.874671741253,28.411850874822,A2256W000213,31563,-68.75695513873568,-205.8746717412529,28.411850874822026,8.987733679556355e-14
533,-68.5955549608552,-205.40143876147,28.4125784914906,A2256W000213,31564,-68.59555496085521,-205.40143876147008,28.412578491490624,8.644125458514252e-14
534,-68.4341547829747,-204.928205781687,28.4133061081592,A2256W000213,31565,-68.43415478297474,-204.92820578168724,28.413306108159222,2.31335954426011e-13
535,-68.2727546050943,-204.454972801904,28.4140337248278,A2256W000213,31566,-68.27275460509428,-204.4549728019044,28.41403372482782,3.989177016483779e-13
536,-68.1113544272138,-203.981739822122,28.4147613414964,A2256W000213,31567,-68.11135442721381,-203.98173982212157,28.41476134149642,4.2656242328017795e-13
537,-67.9499542493333,-203.508506842339,28.415488958165,A2256W000213,31568,-67.94995424933335,-203.50850684233873,28.415488958165017,2.593237637554276e-13
538,-67.7885540714529,-203.035273862556,28.4162165748336,A2256W000213,31569,-67.78855407145288,-203.0352738625559,28.416216574833616,1.1457157353758233e-13
539,-67.6339627214863,-202.559772658032,28.4165615558688,A2256W000213,31570,-67.63396272148627,-202.5597726580321,28.41656155586884,1.1718571004216928e-13
540,-67.4793713715197,-202.084271453508,28.4169065369041,A2256W000213,31571,-67.47937137151966,-202.0842714535083,28.41690653690406,3.1553218080907923e-13
541,-67.3247800215531,-201.608770248985,28.4172515179393,A2256W000213,31572,-67.32478002155305,-201.6087702489845,28.417251517939285,4.850462620958073e-13
542,-67.1701886715864,-201.133269044461,28.4175964989745,A2256W000213,31573,-67.17018867158644,-201.13326904446072,28.417596498974508,2.873967505387993e-13
543,-67.0155973216198,-200.657767839937,28.4179414800097,A2256W000213,31574,-67.01559732161984,-200.65776783993692,28.41794148000973,9.532931148469529e-14
544,-66.8693775064699,-200.179625847189,28.4179621728552,A2256W000213,31575,-66.86937750646993,-200.1796258471886,28.4179621728552,3.989177016483779e-13
545,-66.72315769132,-199.70148385444,28.4179828657007,A2256W000213,31576,-66.72315769132003,-199.70148385444026,28.417982865700672,2.5736952517654053e-13
546,-66.5769378761701,-199.223341861692,28.4180035585461,A2256W000213,31577,-66.57693787617012,-199.22334186169192,28.418003558546143,8.644125458514252e-14
547,-66.4307180610202,-198.745199868944,28.4180242513916,A2256W000213,31578,-66.43071806102022,-198.7451998689436,28.418024251391614,4.2656242328017795e-13
548,-66.2844982458703,-198.267057876195,28.4180449442371,A2256W000213,31579,-66.28449824587031,-198.26705787619525,28.418044944237085,2.5618982671915015e-13
549,-66.1382784307204,-197.788915883447,28.4180656370826,A2256W000213,31580,-66.1382784307204,-197.78891588344692,28.418065637082556,8.526512829121202e-14
550,-66.002779391139,-197.307625993571,28.4182940577281,A2256W000213,31581,-66.00277939113901,-197.30762599357126,28.418294057728126,2.5618982671915015e-13
551,-65.8672803515576,-196.826336103696,28.4185224783737,A2256W000213,31582,-65.86728035155762,-196.8263361036956,28.418522478373696,3.989177016483779e-13
552,-65.7317813119762,-196.34504621382,28.4187508990193,A2256W000213,31583,-65.73178131197623,-196.34504621381996,28.418750899019265,6.355287432313019e-14
553,-65.5962822723948,-195.863756323944,28.4189793196648,A2256W000213,31584,-65.59628227239484,-195.8637563239443,28.418979319664835,3.1553218080907923e-13
554,-65.4607832328135,-195.382466434069,28.4192077403104,A2256W000213,31585,-65.46078323281345,-195.38246643406865,28.419207740310405,3.43714720612747e-13
555,-65.3320060344301,-194.899336143211,28.4179606507934,A2256W000213,31586,-65.33200603443012,-194.89933614321092,28.41796065079335,8.987733679556355e-14
556,-65.2032288360468,-194.416205852353,28.4167135612763,A2256W000213,31587,-65.20322883604679,-194.4162058523532,28.416713561276296,1.9945885082418896e-13
557,-65.0744516376635,-193.933075561495,28.4154664717592,A2256W000213,31588,-65.07445163766346,-193.93307556149546,28.415466471759242,4.567413805031093e-13
558,-64.9456744392801,-193.449945270638,28.4142193822422,A2256W000213,31589,-64.94567443928013,-193.44994527063773,28.414219382242187,2.8563464471519893e-13
559,-64.8168972408968,-192.96681497978,28.4129722927251,A2256W000213,31590,-64.8168972408968,-192.96681497978,28.412972292725133,0.0
560,-64.6949408630603,-192.481919299754,28.4112925911282,A2256W000213,31591,-64.69494086306034,-192.48191929975434,28.411292591128177,3.43714720612747e-13
561,-64.5729844852239,-191.997023619729,28.4096128895312,A2256W000213,31592,-64.57298448522388,-191.99702361972868,28.40961288953122,3.1296161105196403e-13
562,-64.4510281073874,-191.512127939703,28.4079331879343,A2256W000213,31593,-64.45102810738743,-191.51212793970302,28.407933187934265,4.0194366942304644e-14
563,-64.329071729551,-191.027232259677,28.4062534863373,A2256W000213,31594,-64.32907172955098,-191.02723225967736,28.40625348633731,3.7057375295732124e-13
564,-64.2091869353416,-190.541818373009,28.4052561165225,A2256W000213,31595,-64.20918693534156,-190.54181837300865,28.405256116522477,3.43714720612747e-13
565,-64.0893021411322,-190.05640448634,28.4042587467076,A2256W000213,31596,-64.08930214113215,-190.05640448633994,28.404258746707644,7.105427357601002e-14
566,-63.9694173469227,-189.570990599671,28.4032613768928,A2256W000213,31597,-63.96941734692274,-189.57099059967123,28.40326137689281,2.31335954426011e-13
567,-63.8495325527133,-189.085576713003,28.402264007078,A2256W000213,31598,-63.84953255271333,-189.08557671300252,28.402264007077978,4.840042710704439e-13
568,-63.7406633947247,-188.597573745999,28.4014825759767,A2256W000213,31599,-63.74066339472473,-188.59757374599894,28.40148257597669,6.355287432313019e-14
569,-63.6317942367361,-188.109570778995,28.4007011448754,A2256W000213,31600,-63.63179423673613,-188.10957077899536,28.400701144875402,3.7057375295732124e-13
570,-63.5229250787475,-187.621567811992,28.3999197137741,A2256W000213,31601,-63.52292507874753,-187.62156781199178,28.399919713774114,2.2914314707516465e-13
571,-63.4140559207589,-187.133564844988,28.3991382826728,A2256W000213,31602,-63.414055920758926,-187.1335648449882,28.399138282672826,2.0097183471152322e-13
572,-63.3126120601909,-186.643965497893,28.3978645176764,A2256W000213,31603,-63.31261206019092,-186.64396549789325,28.39786451767645,2.5668202664787205e-13
573,-63.2111681996229,-186.154366150798,28.3965907526801,A2256W000213,31604,-63.21116819962292,-186.1543661507983,28.396590752680073,2.850153339314201e-13
574,-63.1097243390549,-185.664766803703,28.3953169876837,A2256W000213,31605,-63.109724339054914,-185.66476680370334,28.395316987683696,3.4135644425146874e-13
575,-63.0082804784869,-185.175167456608,28.3940432226873,A2256W000213,31606,-63.00828047848691,-185.1751674566084,28.39404322268732,3.979673682846523e-13
576,-62.9068366179189,-184.685568109513,28.3927694576909,A2256W000213,31607,-62.906836617918906,-184.68556810951344,28.392769457690942,4.2638484923934065e-13
577,-62.8053927573509,-184.195968762418,28.3914956926946,A2256W000213,31608,-62.8053927573509,-184.1959687624185,28.391495692694566,4.831690603168681e-13
578,-62.7161300317685,-183.70400462143,28.389638328172,A2256W000213,31609,-62.716130031768536,-183.7040046214299,28.38963832817199,9.237055564881302e-14
579,-62.6268673061862,-183.212040480441,28.3877809636494,A2256W000213,31610,-62.62686730618617,-183.21204048044132,28.387780963649416,3.13928041384408e-13
580,-62.5376045806038,-182.720076339453,28.3859235991268,A2256W000213,31611,-62.537604580603805,-182.72007633945273,28.38592359912684,2.558940523353088e-13
581,-62.4483418550214,-182.228112198464,28.3840662346043,A2256W000213,31612,-62.44834185502144,-182.22811219846415,28.384066234604266,1.4836567898030567e-13
582,-62.3590791294391,-181.736148057476,28.3822088700817,A2256W000213,31613,-62.359079129439074,-181.73614805747556,28.38220887008169,4.272719814472597e-13
583,-62.2765327665925,-181.2430090609,28.3820414259478,A2256W000213,31614,-62.276532766592496,-181.2430090609003,28.382041425947808,3.1271953680324865e-13
584,-62.1939864037459,-180.749870064325,28.3818739818139,A2256W000213,31615,-62.19398640374592,-180.74987006432505,28.381873981813925,5.859285502108464e-14
585,-62.1114400408993,-180.25673106775,28.38170653768,A2256W000213,31616,-62.11144004089934,-180.2567310677498,28.381706537680042,2.0209913960411387e-13
586,-62.0288936780528,-179.763592071175,28.3815390935462,A2256W000213,31617,-62.02889367805276,-179.76359207117454,28.38153909354616,4.567413805031093e-13
587,-61.9463473152062,-179.270453074599,28.3813716494123,A2256W000213,31618,-61.94634731520618,-179.2704530745993,28.381371649412277,2.8457214390443806e-13
588,-61.874020528379,-178.775712205743,28.381927158723,A2256W000213,31619,-61.874020528378956,-178.77571220574302,28.381927158722995,5.123796534383003e-14
589,-61.8016937415517,-178.280971336887,28.3824826680337,A2256W000213,31620,-61.80169374155173,-178.28097133688675,28.382482668033713,2.5736952517654053e-13
590,-61.7293669547245,-177.78623046803,28.3830381773444,A2256W000213,31621,-61.729366954724505,-177.78623046803048,28.38303817734443,4.832213032818602e-13
591,-61.6570401678973,-177.291489599174,28.3835936866551,A2256W000213,31622,-61.65704016789728,-177.2914895991742,28.38359368665515,2.0009065111038244e-13
592,-61.5923815009934,-176.795689398114,28.3824031309284,A2256W000213,31623,-61.59238150099341,-176.79568939811406,28.382403130928353,5.859285502108464e-14
593,-61.5277228340895,-176.299889197054,28.3812125752016,A2256W000213,31624,-61.527722834089545,-176.29988919705391,28.381212575201555,9.532931148469529e-14
594,-61.4630641671857,-175.804088995994,28.3800220194748,A2256W000213,31625,-61.46306416718568,-175.80408899599377,28.380022019474758,2.2837069025155467e-13
595,-61.3984055002818,-175.308288794934,28.378831463748,A2256W000213,31626,-61.39840550028181,-175.30828879493362,28.37883146374796,3.697554072703522e-13
596,-61.3352946224875,-174.812287792312,28.3786814555336,A2256W000213,31627,-61.33529462248746,-174.81228779231208,28.378681455533584,9.532931148469529e-14
597,-61.2721837446931,-174.316286789691,28.3785314473192,A2256W000213,31628,-61.27218374469311,-174.31628678969054,28.378531447319208,4.548028586499771e-13
598,-61.2090728668988,-173.820285787069,28.3783814391048,A2256W000213,31629,-61.20907286689876,-173.820285787069,28.37838143910483,4.263256414560601e-14
599,-61.1509733258601,-173.323674698493,28.3797489311136,A2256W000213,31630,-61.150973325860136,-173.32367469849294,28.37974893111365,6.703246762680666e-14
600,-61.0928737848215,-172.827063609917,28.3811164231225,A2256W000213,31631,-61.09287378482151,-172.82706360991688,28.381116423122467,1.1457157353758233e-13
601,-61.0347742437829,-172.330452521341,28.3824839151313,A2256W000213,31632,-61.03477424378289,-172.33045252134082,28.382483915131285,1.7067822212573437e-13
602,-60.9822664548154,-171.833219255065,28.3839020147039,A2256W000213,31633,-60.98226645481543,-171.83321925506496,28.38390201470395,4.0194366942304644e-14
603,-60.929758665848,-171.335985988789,28.3853201142766,A2256W000213,31634,-60.92975866584797,-171.3359859887891,28.385320114276613,1.1718571004216928e-13
604,-60.8772508768805,-170.838752722513,28.3867382138493,A2256W000213,31635,-60.87725087688051,-170.83875272251325,28.386738213849277,2.558940523353088e-13
605,-60.824743087913,-170.341519456237,28.3881563134219,A2256W000213,31636,-60.82474308791305,-170.3415194562374,28.38815631342194,4.010005073815382e-13
606,-60.7722352989456,-169.844286189962,28.3895744129946,A2256W000213,31637,-60.77223529894559,-169.84428618996154,28.389574412994605,4.549693413077341e-13
607,-60.7303239039754,-169.346046678236,28.390482117214,A2256W000213,31638,-60.73032390397535,-169.3460466782358,28.39048211721401,2.0507499257379623e-13
608,-60.6884125090051,-168.84780716651,28.3913898214334,A2256W000213,31639,-60.68841250900512,-168.84780716651008,28.391389821433414,8.788928253162695e-14
609,-60.6465011140349,-168.349567654784,28.3922975256528,A2256W000213,31640,-60.64650111403488,-168.34956765478435,28.39229752565282,3.4135644425146874e-13
610,-60.6045897190646,-167.851328143059,28.3932052298722,A2256W000213,31641,-60.60458971906465,-167.85132814305862,28.393205229872223,3.728149415094579e-13
611,-60.5626783240944,-167.353088631333,28.3941129340916,A2256W000213,31642,-60.56267832409441,-167.3530886313329,28.394112934091627,1.1457157353758233e-13
612,-60.5182371369007,-166.855068393871,28.3950206562633,A2256W000213,31643,-60.51823713690068,-166.85506839387133,28.395020656263277,3.4172599772577567e-13
613,-60.4737959497069,-166.35704815641,28.3959283784349,A2256W000213,31644,-60.47379594970695,-166.35704815640977,28.395928378434927,2.327502010382318e-13
614,-60.4293547625132,-165.859027918948,28.3968361006066,A2256W000213,31645,-60.42935476251321,-165.85902791894821,28.396836100606578,2.278173318171838e-13
615,-60.3925256633693,-165.360386161875,28.396711366104,A2256W000213,31646,-60.39252566336926,-165.36038616187452,28.396711366103986,4.844734443659827e-13
616,-60.3556965642253,-164.861744404801,28.3965866316014,A2256W000213,31647,-60.35569656422531,-164.86174440480082,28.396586631601394,1.7112135109858138e-13
617,-60.3188674650814,-164.363102647727,28.3964618970988,A2256W000213,31648,-60.31886746508136,-164.36310264772712,28.396461897098803,1.191086668529821e-13
618,-60.2820383659374,-163.864460890653,28.3963371625962,A2256W000213,31649,-60.28203836593741,-163.86446089065342,28.39633716259621,4.2638484923934065e-13
619,-60.2483038394729,-163.365602316476,28.3977879187604,A2256W000213,31650,-60.24830383947291,-163.36560231647556,28.397787918760397,4.2656242328017795e-13
620,-60.2145693130084,-162.866743742298,28.3992386749246,A2256W000213,31651,-60.21456931300841,-162.8667437422977,28.399238674924582,3.1296161105196403e-13
621,-60.1808347865439,-162.36788516812,28.4006894310888,A2256W000213,31652,-60.18083478654391,-162.36788516811984,28.400689431088768,1.7112135109858138e-13
622,-60.1471002600794,-161.869026593942,28.402140187253,A2256W000213,31653,-60.14710026007941,-161.86902659394198,28.402140187252954,3.1776437161565096e-14
623,-60.1215621259176,-161.369681862617,28.4037659182478,A2256W000213,31654,-60.1215621259176,-161.36968186261674,28.40376591824777,2.5579538487363607e-13
624,-60.0960239917558,-160.870337131292,28.4053916492426,A2256W000213,31655,-60.096023991755786,-160.8703371312915,28.40539164924259,4.833779982986627e-13
625,-60.070485857594,-160.370992399966,28.4070173802374,A2256W000213,31656,-60.07048585759397,-160.37099239996627,28.407017380237406,2.5736952517654053e-13
626,-60.0449477234322,-159.871647668641,28.4086431112322,A2256W000213,31657,-60.04494772343216,-159.87164766864103,28.408643111232223,5.123796534383003e-14
627,-60.0194095892703,-159.372302937316,28.410268842227,A2256W000213,31658,-60.019409589270346,-159.3723029373158,28.41026884222704,2.0346847496847933e-13
628,-59.9938714551085,-158.872958205991,28.4118945732219,A2256W000213,31659,-59.99387145510853,-158.87295820599056,28.411894573221858,4.561330185226789e-13
629,-59.9697679012396,-158.373539525248,28.4118905886944,A2256W000213,31660,-59.9697679012396,-158.37353952524762,28.411890588694412,3.694822225952521e-13
630,-59.9456643473707,-157.874120844505,28.411886604167,A2256W000213,31661,-59.945664347370666,-157.8741208445047,28.411886604166966,3.1465091617355555e-13
631,-59.9215607935017,-157.374702163762,28.4118826196395,A2256W000213,31662,-59.92156079350173,-157.37470216376175,28.41188261963952,2.582507625758445e-13
632,-59.8974572396328,-156.875283483019,28.4118786351121,A2256W000213,31663,-59.8974572396328,-156.87528348301882,28.411878635112075,1.7053025658242404e-13
633,-59.8733536857639,-156.375864802276,28.4118746505846,A2256W000213,31664,-59.87335368576387,-156.37586480227588,28.41187465058463,1.191086668529821e-13
634,-59.8492501318949,-155.876446121533,28.4118706660572,A2256W000213,31665,-59.849250131894934,-155.87644612153295,28.411870666057183,6.703246762680666e-14
635,-59.8329370133579,-155.393209683709,28.4114299800144,A2256W000222,27295,-59.83293701335788,-155.39320968370885,28.411429980014447,1.4369837526939964e-13
636,-59.833775794552,-154.89321282134,28.4098698303332,A2256W000222,27296,-59.83377579455198,-154.8932128213396,28.40986983033325,3.981576164199481e-13
637,-59.8346145757461,-154.39321595897,28.4083096806521,A2256W000222,27297,-59.83461457574609,-154.39321595897036,28.408309680652053,3.697554072703522e-13
638,-59.8354533569402,-153.893219096601,28.4067495309709,A2256W000222,27298,-59.83545335694019,-153.89321909660111,28.406749530970856,1.139086659085919e-13
639,-59.8362921381343,-153.393222234232,28.4051893812897,A2256W000222,27299,-59.8362921381343,-153.39322223423187,28.40518938128966,1.4210854715202004e-13
640,-59.8371309193284,-152.893225371863,28.4036292316085,A2256W000222,27300,-59.8371309193284,-152.89322537186263,28.403629231608463,3.694822225952521e-13
641,-59.8379697005225,-152.393228509493,28.4020690819273,A2256W000222,27301,-59.83796970052251,-152.39322850949338,28.402069081927266,3.695505376966208e-13
642,-59.8388084817166,-151.893231647124,28.4005089322461,A2256W000222,27302,-59.83880848171661,-151.89323164712414,28.40050893224607,1.4281732235759946e-13
643,-59.8396472629107,-151.393234784755,28.3989487825649,A2256W000222,27303,-59.83964726291072,-151.3932347847549,28.398948782564872,1.1457157353758233e-13
644,-59.8404860441048,-150.893237922386,28.3973886328837,A2256W000222,27304,-59.84048604410482,-150.89323792238565,28.397388632883676,3.4172599772577567e-13
645,-59.8413248252989,-150.393241060016,28.3958284832025,A2256W000222,27305,-59.841324825298926,-150.3932410600164,28.39582848320248,3.989177016483779e-13
646,-59.8421635985251,-149.893247690614,28.3933939374482,A2256W000222,27306,-59.84216359852514,-149.89324769061392,28.393393937448174,9.532931148469529e-14
647,-59.8430023717514,-149.393254321211,28.3909593916939,A2256W000222,27307,-59.84300237175135,-149.39325432121143,28.39095939169387,4.292172181561385e-13
648,-59.8438411449776,-148.893260951809,28.3885248459396,A2256W000222,27308,-59.84384114497757,-148.89326095180894,28.388524845939564,6.703246762680666e-14
649,-59.8446799182038,-148.393267582406,28.3860903001853,A2256W000222,27309,-59.84467991820378,-148.39326758240645,28.38609030018526,4.552466771099645e-13
650,-59.84551869143,-147.893274213004,28.383655754431,A2256W000222,27310,-59.845518691429994,-147.89327421300396,28.383655754430954,2.929642751054232e-14
651,-59.8463574646562,-147.393280843601,28.3812212086766,A2256W000222,27311,-59.84635746465621,-147.39328084360147,28.38122120867665,4.832213032818602e-13
652,-59.8471962378824,-146.893287474199,28.3787866629223,A2256W000222,27312,-59.84719623788242,-146.89328747419898,28.378786662922344,3.552713678800501e-14
653,-59.8480350111086,-146.393294104796,28.376352117168,A2256W000222,27313,-59.848035011108635,-146.3932941047965,28.37635211716804,4.844734443659827e-13
654,-59.8488737843348,-145.893300735394,28.3739175714137,A2256W000222,27314,-59.84887378433485,-145.893300735394,28.373917571413735,4.973799150320701e-14
655,-59.8497125575611,-145.393307365992,28.3714830256594,A2256W000222,27315,-59.84971255756106,-145.39330736599152,28.37148302565943,4.844734443659827e-13
656,-59.8505513405351,-144.893308305191,28.3709975964684,A2256W000222,27316,-59.850551340535084,-144.89330830519077,28.370997596468445,2.278173318171838e-13
657,-59.8513901235091,-144.39330924439,28.3705121672775,A2256W000222,27317,-59.851390123509105,-144.39330924439003,28.37051216727746,2.929642751054232e-14
658,-59.8522289064831,-143.893310183589,28.3700267380865,A2256W000222,27318,-59.85222890648313,-143.89331018358928,28.370026738086477,2.8563464471519893e-13
659,-59.8530676894571,-143.393311122789,28.3695413088955,A2256W000222,27319,-59.85306768945715,-143.39331112278853,28.369541308895492,4.574593106900657e-13
660,-59.8539064724312,-142.893312061988,28.3690558797045,A2256W000222,27320,-59.85390647243117,-142.89331206198779,28.369055879704508,2.2914314707516465e-13
661,-59.8547452554052,-142.393313001187,28.3685704505135,A2256W000222,27321,-59.85474525540519,-142.39331300118704,28.368570450513523,2.929642751054232e-14
662,-59.8555840383792,-141.893313940386,28.3680850213225,A2256W000222,27322,-59.85558403837921,-141.8933139403863,28.36808502132254,2.8457214390443806e-13
663,-59.8564228213532,-141.393314879586,28.3675995921316,A2256W000222,27323,-59.856422821353235,-141.39331487958555,28.367599592131555,4.561330185226789e-13
664,-59.8572616043273,-140.893315818785,28.3671141629406,A2256W000222,27324,-59.857261604327256,-140.8933158187848,28.36711416294057,2.0346847496847933e-13
665,-59.8581003873013,-140.393316757984,28.3666287337496,A2256W000222,27325,-59.85810038730128,-140.39331675798405,28.366628733749586,6.07087979554246e-14
666,-59.8589391702753,-139.893317697183,28.3661433045586,A2256W000222,27326,-59.8589391702753,-139.8933176971833,28.3661433045586,3.126388037344441e-13
667,-59.859777943218,-139.39332453672,28.3686203894136,A2256W000222,27327,-59.859777943218,-139.39332453671952,28.3686203894136,4.831690603168681e-13
668,-59.8606167161607,-138.893331376256,28.3710974742686,A2256W000222,27328,-59.8606167161607,-138.89333137625573,28.3710974742686,2.5579538487363607e-13
669,-59.8614554891034,-138.393338215792,28.3735745591236,A2256W000222,27329,-59.8614554891034,-138.39333821579194,28.373574559123597,5.684341886080802e-14
670,-59.8622942620461,-137.893345055328,28.3760516439786,A2256W000222,27330,-59.8622942620461,-137.89334505532815,28.376051643978595,1.4210854715202004e-13
671,-59.8631330349888,-137.393351894864,28.3785287288336,A2256W000222,27331,-59.8631330349888,-137.39335189486437,28.378528728833594,3.694822225952521e-13
672,-59.8639718079315,-136.893358734401,28.3810058136886,A2256W000222,27332,-59.8639718079315,-136.89335873440058,28.381005813688592,4.263256414560601e-13
673,-59.8648105808742,-136.393365573937,28.3834828985436,A2256W000222,27333,-59.8648105808742,-136.3933655739368,28.38348289854359,1.9895196601282805e-13
674,-59.8656493538169,-135.893372413473,28.3859599833986,A2256W000222,27334,-59.8656493538169,-135.893372413473,28.38595998339859,0.0
675,-59.8664881267596,-135.393379253009,28.3884370682536,A2256W000222,27335,-59.8664881267596,-135.39337925300921,28.388437068253587,2.2737367544323206e-13
676,-59.8673268997023,-134.893386092545,28.3909141531086,A2256W000222,27336,-59.8673268997023,-134.89338609254543,28.390914153108586,4.263256414560601e-13
677,-59.868165672645,-134.393392932082,28.3933912379636,A2256W000222,27337,-59.868165672645,-134.39339293208164,28.393391237963584,3.694822225952521e-13
678,-59.8690044455877,-133.893399771618,28.3958683228186,A2256W000222,27338,-59.8690044455877,-133.89339977161785,28.395868322818583,1.4210854715202004e-13
679,-59.8698432276445,-133.39340111694,28.3950672201638,A2256W000222,27339,-59.869843227644544,-133.39340111694045,28.395067220163817,4.567413805031093e-13
680,-59.8706820097014,-132.893402462263,28.3942661175091,A2256W000222,27340,-59.87068200970139,-132.89340246226305,28.39426611750905,5.728578676879116e-14
681,-59.8715207917582,-132.393403807586,28.3934650148543,A2256W000222,27341,-59.871520791758236,-132.39340380758566,28.393465014854286,3.429058924670487e-13
682,-59.8723595738151,-131.893405152908,28.3926639121995,A2256W000222,27342,-59.87235957381508,-131.89340515290826,28.39266391219952,2.5668202664787205e-13
683,-59.8731983558719,-131.393406498231,28.3918628095448,A2256W000222,27343,-59.87319835587193,-131.39340649823086,28.391862809544754,1.449228509952941e-13
684,-59.8740371379288,-130.893407843553,28.39106170689,A2256W000222,27344,-59.874037137928774,-130.89340784355346,28.39106170688999,4.556346636343676e-13
685,-59.8748759199856,-130.393409188876,28.3902606042352,A2256W000222,27345,-59.87487591998562,-130.39340918887606,28.390260604235223,6.07087979554246e-14
686,-59.8757147020425,-129.893410534199,28.3894595015805,A2256W000222,27346,-59.875714702042465,-129.89341053419867,28.389459501580458,3.429058924670487e-13
687,-59.8765534840993,-129.393411879521,28.3886583989257,A2256W000222,27347,-59.87655348409931,-129.39341187952127,28.388658398925692,2.5618982671915015e-13
688,-59.8773922661562,-128.893413224844,28.3878572962709,A2256W000222,27348,-59.87739226615616,-128.89341322484387,28.387857296270926,1.4836567898030567e-13
689,-59.878231048213,-128.393414570166,28.3870561936162,A2256W000222,27349,-59.878231048213,-128.39341457016647,28.38705619361616,4.831690603168681e-13
690,-59.8790698302698,-127.893415915489,28.3862550909614,A2256W000222,27350,-59.87906983026985,-127.89341591548909,28.386255090961395,9.871175158657624e-14
691,-59.8799086123267,-127.393417260812,28.3854539883066,A2256W000222,27351,-59.879908612326695,-127.3934172608117,28.38545398830663,2.985125254554078e-13
692,-59.8807473943835,-126.893418606134,28.3846528856519,A2256W000222,27352,-59.88074739438354,-126.89341860613432,28.384652885651864,3.1553218080907923e-13
693,-59.8815861764404,-126.393419951457,28.3838517829971,A2256W000222,27353,-59.881586176440386,-126.39341995145693,28.383851782997098,7.246142549764705e-14
694,-59.8824249584972,-125.89342129678,28.3830506803423,A2256W000222,27354,-59.88242495849723,-125.89342129677955,28.383050680342333,4.561330185226789e-13
695,-59.8832637405541,-125.393422642102,28.3822495776876,A2256W000222,27355,-59.88326374055408,-125.39342264210217,28.382249577687567,1.718573603063735e-13
696,-59.8841025226109,-124.893423987425,28.3814484750328,A2256W000222,27356,-59.884102522610924,-124.89342398742478,28.3814484750328,2.142259835363992e-13
697,-59.8846660117269,-124.557527674828,28.3809102987292,A2256W000222,27357,-59.88466601172695,-124.55752767482772,28.380910298729233,2.745491526406121e-13
698,-59.9090908037971,-124.058126430755,28.3822619460889,A2256W000220,27359,-59.90909080379712,-124.05812643075464,28.382261946088864,3.5591028183626447e-13
699,-59.9335155958673,-123.558725186682,28.3836135934485,A2256W000220,27360,-59.93351559586729,-123.55872518668156,28.383613593448494,4.405937942785697e-13
700,-59.9579403879375,-123.059323942608,28.3849652408081,A2256W000220,27361,-59.95794038793746,-123.05932394260847,28.384965240808125,4.703020051514645e-13
701,-59.9823651800076,-122.559922698535,28.3863168881678,A2256W000220,27362,-59.98236518000763,-122.55992269853539,28.386316888167755,3.8533434186991396e-13
702,-60.0067899720778,-122.060521454462,28.3876685355274,A2256W000220,27363,-60.006789972077804,-122.0605214544623,28.387668535527386,2.985125254554078e-13
703,-60.031214764148,-121.561120210389,28.389020182887,A2256W000220,27364,-60.031214764147975,-121.56112021038922,28.389020182887016,2.142259835363992e-13
704,-60.0333712142789,-121.061125105613,28.3885252864953,A2256W000220,27365,-60.0333712142789,-121.06112510561279,28.388525286495305,2.1316282072803006e-13
705,-60.0355276644098,-120.561130000836,28.3880303901036,A2256W000220,27366,-60.03552766440983,-120.56113000083636,28.388030390103594,3.5640642306544957e-13
706,-60.0376841145408,-120.06113489606,28.3875354937119,A2256W000220,27367,-60.03768411454075,-120.06113489605993,28.387535493711884,8.673279421411239e-14
707,-60.0398405646717,-119.561139791283,28.3870405973202,A2256W000220,27368,-60.03984056467168,-119.5611397912835,28.387040597320173,4.978364829527026e-13
708,-60.0419970148026,-119.061144686507,28.3865457009285,A2256W000220,27369,-60.041997014802604,-119.06114468650706,28.386545700928462,5.728578676879116e-14
709,-60.0441534649335,-118.561149581731,28.3860508045368,A2256W000220,27370,-60.04415346493353,-118.56114958173063,28.38605080453675,3.7057375295732124e-13
710,-60.0463099150645,-118.061154476954,28.385555908145,A2256W000220,27371,-60.046309915064455,-118.0611544769542,28.38555590814504,2.0346847496847933e-13
711,-60.0484663651954,-117.561159372178,28.3850610117533,A2256W000220,27372,-60.04846636519538,-117.56115937217777,28.38506101175333,2.2837069025155467e-13
712,-60.0487553679481,-117.061160408819,28.3840847342309,A2256W000220,27373,-60.04875536794812,-117.06116040881923,28.38408473423087,2.2837069025155467e-13
713,-60.0490443707009,-116.561161445461,28.3831084567084,A2256W000220,27374,-60.049044370700855,-116.5611614454607,28.383108456708413,3.014577520672848e-13
714,-60.0493333734536,-116.061162482102,28.382132179186,A2256W000220,27375,-60.04933337345359,-116.06116248210216,28.382132179185955,1.5648080552598201e-13
715,-60.0496223762063,-115.561163518744,28.3811559016635,A2256W000220,27376,-60.04962237620633,-115.56116351874363,28.381155901663497,3.7057375295732124e-13
716,-60.0499113789591,-115.061164555385,28.380179624141,A2256W000220,27377,-60.04991137895907,-115.06116455538509,28.38017962414104,9.237055564881302e-14
717,-60.0502003817118,-114.561165592027,28.3792033466186,A2256W000220,27378,-60.050200381711804,-114.56116559202655,28.37920334661858,4.405937942785697e-13
718,-60.0504893844645,-114.061166628668,28.3782270690961,A2256W000220,27379,-60.05048938446454,-114.06116662866802,28.378227069096123,4.4938668397781776e-14
719,-60.0507783872173,-113.561167665309,28.3772507915737,A2256W000220,27380,-60.05077838721728,-113.56116766530948,28.377250791573665,4.836390438425052e-13
720,-60.05106738997,-113.061168701951,28.3762745140512,A2256W000220,27381,-60.051067389970015,-113.06116870195095,28.376274514051207,5.859285502108464e-14
721,-60.0440576921893,-112.561218387564,28.3755347290842,A2256W000220,27382,-60.04405769218927,-112.56121838756438,28.375534729084197,3.847442931908314e-13
722,-60.0370479944085,-112.061268073178,28.3747949441172,A2256W000220,27383,-60.037047994408525,-112.06126807317781,28.374794944117188,1.8596683060397937e-13
723,-60.0300382966278,-111.561317758791,28.3740551591502,A2256W000220,27384,-60.03003829662778,-111.56131775879125,28.374055159150178,2.4252313104790363e-13
724,-60.023028598847,-111.061367444405,28.3733153741832,A2256W000220,27385,-60.023028598847034,-111.06136744440468,28.373315374183168,3.1465091617355555e-13
725,-60.0160189010663,-110.561417130018,28.3725755892162,A2256W000220,27386,-60.01601890106629,-110.56141713001811,28.372575589216158,1.1457157353758233e-13
726,-60.0090092032855,-110.061466815632,28.3718358042491,A2256W000220,27387,-60.009009203285544,-110.06146681563155,28.371835804249148,4.567413805031093e-13
727,-60.0019995055048,-109.561516501245,28.3710960192821,A2256W000220,27388,-60.0019995055048,-109.56151650124498,28.371096019282138,1.4210854715202004e-14
728,-59.9949898077241,-109.061566186858,28.3703562343151,A2256W000220,27389,-59.99498980772405,-109.06156618685841,28.37035623431513,4.1510536644234803e-13
729,-59.9827426562471,-108.561717178984,28.3693679997653,A2256W000220,27390,-59.98274265624706,-108.56171717898386,28.369367999765338,1.464821375527116e-13
730,-59.9704955047701,-108.061868171109,28.3683797652155,A2256W000220,27391,-59.97049550477007,-108.0618681711093,28.368379765215547,2.997783086261874e-13
731,-59.9582483532931,-107.562019163235,28.3673915306658,A2256W000220,27392,-59.95824835329308,-107.56201916323474,28.367391530665756,2.5668202664787205e-13
732,-59.9460012018161,-107.06217015536,28.366403296116,A2256W000220,27393,-59.94600120181609,-107.06217015536018,28.366403296115966,1.8528687647866062e-13
733,-59.9337540503391,-106.562321147486,28.3654150615662,A2256W000220,27394,-59.9337540503391,-106.56232114748562,28.365415061566175,3.836930773104541e-13
734,-59.9215068988621,-106.062472139611,28.3644268270164,A2256W000220,27395,-59.921506898862106,-106.06247213961106,28.364426827016384,5.728578676879116e-14
735,-59.9083240747036,-105.56264650117,28.3636890570884,A2256W000220,27396,-59.9083240747036,-105.56264650117028,28.363689057088422,2.8421709430404007e-13
736,-59.9074289784767,-105.528709005099,28.3636389634916,A2256W000220,27397,-59.90742897847667,-105.52870900509879,28.363638963491564,2.150492541435022e-13
737,-59.8912064239975,-105.028972251451,28.3637149910898,A2256W000202,27956,-59.891206423997524,-105.02897225145146,28.36371499108976,4.69442416577946e-13
738,-59.8749838695184,-104.529235497804,28.363791018688,A2256W000202,27957,-59.874983869518374,-104.52923549780414,28.36379101868796,1.449228509952941e-13
739,-59.8587613150392,-104.029498744157,28.3638670462862,A2256W000202,27958,-59.858761315039224,-104.02949874415681,28.363867046286156,1.8596683060397937e-13
740,-59.8425387605601,-103.529761990509,28.3639430738844,A2256W000202,27959,-59.842538760560075,-103.52976199050948,28.363943073884354,4.840042710704439e-13
741,-59.8263162060809,-103.030025236862,28.3640191014826,A2256W000202,27960,-59.826316206080925,-103.03002523686216,28.36401910148255,1.5888218580782548e-13
742,-59.8100936516018,-102.530288483215,28.3640951290807,A2256W000202,27961,-59.810093651601775,-102.53028848321483,28.36409512908075,1.718573603063735e-13
743,-59.7938710971226,-102.030551729568,28.3641711566789,A2256W000202,27962,-59.793871097122626,-102.0305517295675,28.364171156678946,4.98191302056003e-13
744,-59.7776485426435,-101.53081497592,28.3642471842771,A2256W000202,27963,-59.777648542643476,-101.53081497592018,28.364247184277144,1.8596683060397937e-13
745,-59.7806012125752,-101.030823717943,28.3644010880192,A2256W000202,27964,-59.78060121257523,-101.0308237179427,28.364401088019243,2.997783086261874e-13
746,-59.783553882507,-100.530832459965,28.3645549917613,A2256W000202,27965,-59.78355388250698,-100.53083245996521,28.36455499176134,2.142259835363992e-13
747,-59.7865065524387,-100.030841201988,28.3647088955034,A2256W000202,27966,-59.78650655243873,-100.03084120198773,28.36470889550344,2.7149799812125933e-13
748,-59.7894592223705,-99.5308499440102,28.3648627992455,A2256W000202,27967,-59.78945922237048,-99.53084994401024,28.36486279924554,4.7664655742347644e-14
749,-59.7924118923022,-99.0308586860328,28.3650167029876,A2256W000202,27968,-59.79241189230223,-99.03085868603276,28.36501670298764,5.54951617168815e-14
750,-59.795364562234,-98.5308674280553,28.3651706067297,A2256W000202,27969,-59.795364562233985,-98.53086742805527,28.365170606729738,3.1776437161565096e-14
751,-59.7983172321657,-98.0308761700778,28.3653245104718,A2256W000202,27970,-59.798317232165736,-98.03087617007779,28.365324510471837,3.8263897345803626e-14
752,-59.8012699020975,-97.5308849121003,28.3654784142139,A2256W000202,27971,-59.80126990209749,-97.5308849121003,28.365478414213936,1.4210854715202004e-14
753,-59.8042225720292,-97.0308936541228,28.365632317956,A2256W000202,27972,-59.80422257202924,-97.03089365412282,28.365632317956035,4.4938668397781776e-14
754,-59.8064238908175,-96.5308992546865,28.3665010687084,A2256W000202,27973,-59.80642389081754,-96.53089925468646,28.366501068708406,6.029155041345696e-14
755,-59.8086252096058,-96.0309048552501,28.3673698194608,A2256W000202,27974,-59.80862520960584,-96.0309048552501,28.367369819460777,4.263256414560601e-14
756,-59.8108265283941,-95.5309104558137,28.3682385702131,A2256W000202,27975,-59.810826528394145,-95.53091045581374,28.368238570213148,6.029155041345696e-14
757,-59.8130278471824,-95.0309160563774,28.3691073209655,A2256W000202,27976,-59.81302784718245,-95.03091605637738,28.36910732096552,5.1728291973635394e-14
758,-59.8152291659707,-94.530921656941,28.3699760717179,A2256W000202,27977,-59.81522916597075,-94.53092165694102,28.36997607171789,5.1728291973635394e-14
759,-59.8174304847591,-94.0309272575047,28.3708448224703,A2256W000202,27978,-59.81743048475905,-94.03092725750466,28.37084482247026,6.550880341146756e-14
760,-59.8196318035474,-93.5309328580683,28.3717135732226,A2256W000202,27979,-59.81963180354735,-93.5309328580683,28.37171357322263,4.973799150320701e-14
761,-59.8218331223357,-93.0309384586319,28.372582323975,A2256W000202,27980,-59.821833122335654,-93.03093845863194,28.372582323975003,6.029155041345696e-14
762,-59.8252670410751,-92.5309505701868,28.3731476647844,A2256W000202,27981,-59.82526704107508,-92.53095057018676,28.373147664784387,4.7664655742347644e-14
763,-59.8287009598145,-92.0309626817416,28.3737130055938,A2256W000202,27982,-59.828700959814505,-92.03096268174158,28.37371300559377,1.5888218580782548e-14
764,-59.8321348785539,-91.5309747932964,28.3742783464032,A2256W000202,27983,-59.83213487855393,-91.53097479329641,28.374278346403155,3.1776437161565096e-14
765,-59.8355687972934,-91.0309869048512,28.3748436872125,A2256W000202,27984,-59.835568797293355,-91.03098690485123,28.37484368721254,5.123796534383003e-14
766,-59.8390027160328,-90.5309990164061,28.3754090280219,A2256W000202,27985,-59.83900271603278,-90.53099901640606,28.375409028021924,4.7664655742347644e-14
767,-59.8424366347722,-90.0310111279609,28.3759743688313,A2256W000202,27986,-59.842436634772206,-90.03101112796088,28.375974368831308,1.5888218580782548e-14
768,-59.8458705535116,-89.5310232395157,28.3765397096407,A2256W000202,27987,-59.84587055351163,-89.5310232395157,28.376539709640692,2.842170943040401e-14
769,-59.8493044722511,-89.0310353510705,28.3771050504501,A2256W000202,27988,-59.849304472251056,-89.03103535107053,28.377105050450076,5.123796534383003e-14
770,-59.8504480187258,-88.5310368411373,28.3775320937572,A2256W000202,27989,-59.85044801872583,-88.53103684113728,28.37753209375719,3.1776437161565096e-14
771,-59.8515915652006,-88.031038331204,28.3779591370643,A2256W000202,27990,-59.8515915652006,-88.03103833120403,28.377959137064302,2.842170943040401e-14
772,-59.8527351116754,-87.5310398212708,28.3783861803714,A2256W000202,27991,-59.85273511167537,-87.53103982127078,28.378386180371415,3.1776437161565096e-14
773,-59.8538786581501,-87.0310413113375,28.3788132236785,A2256W000202,27992,-59.853878658150144,-87.03104131133753,28.378813223678527,5.123796534383003e-14
774,-59.8550222046249,-86.5310428014043,28.3792402669856,A2256W000202,27993,-59.855022204624916,-86.53104280140428,28.37924026698564,2.0097183471152322e-14
775,-59.8561657510997,-86.031044291471,28.3796673102928,A2256W000202,27994,-59.85616575109969,-86.03104429147103,28.379667310292753,3.1776437161565096e-14
776,-59.8573092975745,-85.5310457815378,28.3800943535999,A2256W000202,27995,-59.85730929757446,-85.53104578153778,28.380094353599866,4.4938668397781776e-14
777,-59.8584528440492,-85.0310472716045,28.380521396907,A2256W000202,27996,-59.85845284404923,-85.03104727160454,28.38052139690698,4.5496934130773415e-14
778,-59.859596390524,-84.5310487616713,28.3809484402141,A2256W000202,27997,-59.859596390524004,-84.53104876167129,28.38094844021409,1.5888218580782548e-14
779,-59.8637284776683,-84.03106625637,28.3815967059898,A2256W000202,27998,-59.863728477668296,-84.03106625637004,28.381596705989836,4.322062729257126e-14
780,-59.8678605648126,-83.5310837510688,28.3822449717656,A2256W000202,27999,-59.86786056481259,-83.53108375106879,28.38224497176558,2.0097183471152322e-14
781,-59.8719926519569,-83.0311012457675,28.3828932375413,A2256W000202,28000,-59.87199265195688,-83.03110124576754,28.382893237541325,4.7664655742347644e-14
782,-59.8761247391012,-82.5311187404663,28.3835415033171,A2256W000202,28001,-59.87612473910117,-82.5311187404663,28.38354150331707,2.842170943040401e-14
783,-59.8802568262455,-82.0311362351651,28.3841897690928,A2256W000202,28002,-59.880256826245464,-82.03113623516505,28.384189769092814,6.703246762680666e-14
784,-59.8843889133898,-81.5311537298638,28.3848380348686,A2256W000202,28003,-59.884388913389756,-81.5311537298638,28.384838034868558,4.263256414560601e-14
785,-59.888521000534,-81.0311712245626,28.3854863006443,A2256W000202,28004,-59.88852100053405,-81.03117122456256,28.385486300644303,6.550880341146756e-14
786,-59.8926530876783,-80.5311887192613,28.38613456642,A2256W000202,28005,-59.89265308767834,-80.53118871926131,28.386134566420047,4.4938668397781776e-14
787,-59.8963432083995,-80.0312036343176,28.3849953373283,A2256W000202,28006,-59.896343208399514,-80.03120363431763,28.38499533732828,3.1776437161565096e-14
788,-59.9000333291207,-79.531218549374,28.3838561082365,A2256W000202,28007,-59.90003332912069,-79.53121854937396,28.383856108236515,4.4938668397781776e-14
789,-59.9037234498419,-79.0312334644303,28.3827168791447,A2256W000202,28008,-59.90372344984186,-79.03123346443029,28.38271687914475,3.8263897345803626e-14
790,-59.907413570563,-78.5312483794866,28.381577650053,A2256W000202,28009,-59.90741357056304,-78.53124837948661,28.381577650052982,3.8263897345803626e-14
791,-59.9111036912842,-78.0312632945429,28.3804384209612,A2256W000202,28010,-59.91110369128421,-78.03126329454294,28.380438420961216,4.4938668397781776e-14
792,-59.9147938120054,-77.5312782095993,28.3792991918694,A2256W000202,28011,-59.914793812005385,-77.53127820959926,28.37929919186945,3.1776437161565096e-14
793,-59.9184839327266,-77.0312931246556,28.3781599627777,A2256W000202,28012,-59.91848393272656,-77.03129312465559,28.378159962777683,4.4938668397781776e-14
794,-59.9203390930628,-76.5312965840643,28.378293292789,A2256W000202,28013,-59.92033909306284,-76.53129658406432,28.378293292789,5.123796534383003e-14
795,-59.9221942533991,-76.0313000434731,28.3784266228003,A2256W000202,28014,-59.92219425339913,-76.03130004347305,28.378426622800315,5.123796534383003e-14
796,-59.9240494137354,-75.5313035028818,28.3785599528116,A2256W000202,28015,-59.92404941373541,-75.53130350288178,28.37855995281163,1.5888218580782548e-14
797,-59.9259045740717,-75.0313069622905,28.3786932828229,A2256W000202,28016,-59.925904574071694,-75.03130696229051,28.378693282822947,1.5888218580782548e-14
798,-59.927759734408,-74.5313104216992,28.3788266128343,A2256W000202,28017,-59.92775973440798,-74.53131042169925,28.378826612834263,4.7664655742347644e-14
799,-59.9296148947443,-74.031313881108,28.3789599428456,A2256W000202,28018,-59.92961489474426,-74.03131388110798,28.37895994284558,4.5496934130773415e-14
800,-59.9314700550805,-73.5313173405167,28.3790932728569,A2256W000202,28019,-59.931470055080545,-73.53131734051671,28.379093272856895,4.4938668397781776e-14
801,-59.9359911523497,-73.0313378908595,28.3794243316694,A2256W000202,28020,-59.93599115234969,-73.03133789085948,28.379424331669412,2.929642751054232e-14
802,-59.9405122496188,-72.5313584412022,28.3797553904819,A2256W000202,28021,-59.94051224961884,-72.53135844120224,28.37975539048193,6.029155041345696e-14
803,-59.945033346888,-72.031378991545,28.3800864492944,A2256W000202,28022,-59.94503334688799,-72.03137899154501,28.380086449294446,2.0097183471152322e-14
804,-59.9495544441571,-71.5313995418878,28.380417508107,A2256W000202,28023,-59.94955444415714,-71.53139954188778,28.380417508106962,3.8263897345803626e-14
805,-59.9540755414263,-71.0314200922305,28.3807485669195,A2256W000202,28024,-59.954075541426285,-71.03142009223055,28.38074856691948,4.4938668397781776e-14
806,-59.9585966386954,-70.5314406425733,28.381079625732,A2256W000202,28025,-59.95859663869543,-70.53144064257332,28.381079625731996,3.8263897345803626e-14
807,-59.9631177359646,-70.0314611929161,28.3814106845445,A2256W000202,28026,-59.96311773596458,-70.03146119291608,28.381410684544512,2.5618982671915014e-14
808,-59.9662577124787,-69.5314712294853,28.3818314171647,A2256W000202,28027,-59.966257712478736,-69.53147122948526,28.38183141716466,5.54951617168815e-14
809,-59.9693976889929,-69.0314812660544,28.3822521497848,A2256W000202,28028,-59.96939768899289,-69.03148126605444,28.382252149784804,4.322062729257126e-14
810,-59.972537665507,-68.5314913026236,28.382672882405,A2256W000202,28029,-59.97253766550705,-68.53149130262362,28.38267288240495,5.1728291973635394e-14
811,-59.9756776420212,-68.0315013391928,28.3830936150251,A2256W000202,28030,-59.9756776420212,-68.0315013391928,28.383093615025096,0.0
812,-59.9788176185354,-67.531511375762,28.3835143476452,A2256W000202,28031,-59.97881761853536,-67.53151137576198,28.383514347645242,4.4938668397781776e-14
813,-59.9819575950495,-67.0315214123312,28.3839350802654,A2256W000202,28032,-59.981957595049515,-67.03152141233116,28.38393508026539,4.4938668397781776e-14
814,-59.9850975715637,-66.5315314489003,28.3843558128855,A2256W000202,28033,-59.98509757156367,-66.53153144890034,28.384355812885534,5.123796534383003e-14
815,-59.9878756179964,-66.0315391681235,28.3843960814881,A2256W000202,28034,-59.98787561799635,-66.03153916812347,28.38439608148807,5.728578676879116e-14
816,-59.990653664429,-65.5315468873466,28.3844363500906,A2256W000202,28035,-59.99065366442903,-65.53154688734661,28.384436350090606,3.8263897345803626e-14
817,-59.9934317108617,-65.0315546065697,28.3844766186931,A2256W000202,28036,-59.993431710861714,-65.03155460656974,28.384476618693142,4.4938668397781776e-14
818,-59.9962097572944,-64.5315623257929,28.3845168872957,A2256W000202,28037,-59.996209757294395,-64.53156232579288,28.38451688729568,2.929642751054232e-14
819,-59.9989878037271,-64.031570045016,28.3845571558982,A2256W000202,28038,-59.998987803727076,-64.03157004501601,28.384557155898214,2.5618982671915014e-14
820,-60.0017658501598,-63.5315777642391,28.3845974245008,A2256W000202,28039,-60.00176585015976,-63.53157776423914,28.38459742450075,5.54951617168815e-14
821,-60.0045438965924,-63.0315854834623,28.3846376931033,A2256W000202,28040,-60.00454389659244,-63.031585483462266,28.384637693103286,5.0242958677880804e-14
822,-60.0062659226757,-62.5315885759083,28.3849941515418,A2256W000202,28041,-60.0062659226757,-62.53158857590828,28.38499415154181,2.1316282072803006e-14
823,-60.007987948759,-62.0315916683543,28.3853506099803,A2256W000202,28042,-60.00798794875897,-62.031591668354295,28.385350609980335,3.6230712748823524e-14
824,-60.0097099748422,-61.5315947608003,28.3857070684189,A2256W000202,28043,-60.00970997484223,-61.53159476080031,28.38570706841886,2.929642751054232e-14
825,-60.0114320009255,-61.0315978532463,28.3860635268574,A2256W000202,28044,-60.011432000925495,-61.031597853246325,28.386063526857384,2.2469334198890888e-14
826,-60.0131540270088,-60.5316009456923,28.3864199852959,A2256W000202,28045,-60.01315402700876,-60.53160094569234,28.38641998529591,6.029155041345696e-14
827,-60.014876053092,-60.0316040381384,28.3867764437344,A2256W000202,28046,-60.014876053092024,-60.031604038138354,28.386776443734433,4.7664655742347644e-14
828,-60.0165980791753,-59.5316071305844,28.387132902173,A2256W000202,28047,-60.01659807917529,-59.53160713058437,28.387132902172958,3.1776437161565096e-14
829,-60.0212439998962,-59.031629023878,28.3865777130399,A2256W000202,28048,-60.02124399989623,-59.031629023878004,28.38657771303989,2.929642751054232e-14
830,-60.0258899206172,-58.5316509171716,28.3860225239068,A2256W000202,28049,-60.02588992061717,-58.53165091717164,28.386022523906824,5.0242958677880804e-14
831,-60.0305358413381,-58.0316728104653,28.3854673347738,A2256W000202,28050,-60.03053584133811,-58.031672810465274,28.385467334773757,2.929642751054232e-14
832,-60.035181762059,-57.5316947037589,28.3849121456407,A2256W000202,28051,-60.03518176205905,-57.53169470375891,28.38491214564069,5.0242958677880804e-14
833,-60.03982768278,-57.0317165970525,28.3843569565076,A2256W000202,28052,-60.039827682779986,-57.031716597052544,28.384356956507624,4.4938668397781776e-14
834,-60.0444736035009,-56.5317384903462,28.3838017673746,A2256W000202,28053,-60.044473603500926,-56.53173849034618,28.383801767374557,3.552713678800501e-14
835,-60.0491195242219,-56.0317603836398,28.3832465782415,A2256W000202,28054,-60.049119524221865,-56.03176038363981,28.38324657824149,3.8263897345803626e-14
836,-60.0513303776099,-55.5317654192047,28.3836308526361,A2256W000202,28055,-60.051330377609915,-55.53176541920468,28.383630852636127,2.5618982671915014e-14
837,-60.053541230998,-55.0317704547695,28.3840151270308,A2256W000202,28056,-60.053541230997965,-55.03177045476955,28.384015127030764,6.112319729142702e-14
838,-60.055752084386,-54.5317754903344,28.3843994014254,A2256W000202,28057,-60.055752084386015,-54.53177549033442,28.3843994014254,2.5618982671915014e-14
839,-60.0579629377741,-54.0317805258993,28.38478367582,A2256W000202,28058,-60.057962937774064,-54.031780525899286,28.38478367582004,3.8263897345803626e-14
840,-60.0601737911621,-53.5317855614642,28.3851679502147,A2256W000202,28059,-60.060173791162114,-53.531785561464154,28.385167950214676,4.4938668397781776e-14
841,-60.0623846445502,-53.031790597029,28.3855522246093,A2256W000202,28060,-60.062384644550164,-53.03179059702902,28.385552224609313,4.14314051144892e-14
842,-60.0645954979382,-52.5317956325939,28.385936499004,A2256W000202,28061,-60.064595497938214,-52.53179563259389,28.38593649900395,1.5888218580782548e-14
843,-60.0668063513263,-52.0318006681588,28.3863207733986,A2256W000202,28062,-60.066806351326264,-52.03180066815876,28.386320773398587,5.54951617168815e-14
844,-60.0683452125518,-51.5318031502626,28.3866584178269,A2256W000202,28063,-60.068345212551755,-51.531803150262554,28.386658417826933,6.029155041345696e-14
845,-60.0698840737772,-51.0318056323663,28.3869960622553,A2256W000202,28064,-60.069884073777246,-51.03180563236635,28.386996062255278,6.550880341146756e-14
846,-60.0714229350027,-50.5318081144701,28.3873337066836,A2256W000202,28065,-60.07142293500274,-50.531808114470145,28.387333706683624,5.54951617168815e-14
847,-60.0729617962282,-50.0318105965739,28.387671351112,A2256W000202,28066,-60.07296179622823,-50.03181059657394,28.38767135111197,5.123796534383003e-14
848,-60.0745006574537,-49.5318130786777,28.3880089955403,A2256W000202,28067,-60.07450065745372,-49.531813078677736,28.388008995540314,4.14314051144892e-14
849,-60.0760395186792,-49.0318155607815,28.3883466399687,A2256W000202,28068,-60.07603951867921,-49.03181556078153,28.38834663996866,2.929642751054232e-14
850,-60.0775783799047,-48.5318180428853,28.388684284397,A2256W000202,28069,-60.0775783799047,-48.53181804288533,28.388684284397005,2.842170943040401e-14
851,-60.0803509869715,-48.0318258839592,28.3890762824164,A2256W000202,28070,-60.08035098697154,-48.0318258839592,28.389076282416422,3.552713678800501e-14
852,-60.0831235940384,-47.5318337250331,28.3894682804358,A2256W000202,28071,-60.083123594038376,-47.531833725033074,28.38946828043584,3.552713678800501e-14
853,-60.0858962011052,-47.0318415661069,28.3898602784553,A2256W000202,28072,-60.085896201105214,-47.03184156610695,28.389860278455256,5.1728291973635394e-14
854,-60.0886688081721,-46.5318494071808,28.3902522764747,A2256W000202,28073,-60.08866880817205,-46.53184940718082,28.390252276474673,5.411332257568737e-14
855,-60.0914414152389,-46.0318572482547,28.3906442744941,A2256W000202,28074,-60.09144141523889,-46.031857248254695,28.39064427449409,1.0048591735576161e-14
856,-60.0942140223057,-45.5318650893286,28.3910362725135,A2256W000202,28075,-60.09421402230573,-45.53186508932857,28.391036272513507,4.0194366942304644e-14
857,-60.0969866293726,-45.0318729304024,28.3914282705329,A2256W000202,28076,-60.096986629372566,-45.03187293040244,28.391428270532924,5.54951617168815e-14
858,-60.0997869515737,-44.5318811472757,28.3920406440693,A2256W000202,28077,-60.099786951573655,-44.53188114727574,28.392040644069326,6.029155041345696e-14
859,-60.1025872737747,-44.031889364149,28.3926530176057,A2256W000202,28078,-60.102587273774745,-44.03188936414904,28.392653017605728,5.54951617168815e-14
860,-60.1053875959758,-43.5318975810223,28.3932653911421,A2256W000202,28079,-60.105387595975834,-43.531897581022335,28.39326539114213,5.0242958677880804e-14
861,-60.105814003502,-43.4557633921504,28.3933586377995,A2256W000202,28080,-60.10581400350202,-43.4557633921504,28.393358637799484,2.1316282072803006e-14
862,-60.1086215241992,-42.9557717227791,28.3940282547556,A2256W000728,58866,-60.10862152419917,-42.95577172277913,28.39402825475556,4.5496934130773415e-14
863,-60.1114290448963,-42.4557800534079,28.3946978717116,A2256W000728,58867,-60.111429044896326,-42.455780053407864,28.39469787171164,4.5496934130773415e-14
864,-60.1142365655935,-41.9557883840366,28.3953674886677,A2256W000728,58868,-60.11423656559348,-41.955788384036595,28.395367488667716,2.2469334198890888e-14
865,-60.1170440862906,-41.4557967146653,28.3960371056238,A2256W000728,58869,-60.11704408629063,-41.455796714665325,28.396037105623794,4.5496934130773415e-14
866,-60.1198516069878,-40.9558050452941,28.3967067225799,A2256W000728,58870,-60.11985160698779,-40.955805045294056,28.39670672257987,4.4938668397781776e-14
867,-60.1226591276849,-40.4558133759228,28.3973763395359,A2256W000728,58871,-60.12265912768494,-40.45581337592279,28.39737633953595,4.4938668397781776e-14
868,-60.1254666483821,-39.9558217065515,28.398045956492,A2256W000728,58872,-60.125466648382094,-39.95582170655152,28.398045956492027,2.2469334198890888e-14
869,-60.1282741690792,-39.4558300371802,28.3987155734481,A2256W000728,58873,-60.12827416907925,-39.45583003718025,28.398715573448104,7.034014214903312e-14
870,-60.1310816897764,-38.955838367809,28.3993851904042,A2256W000728,58874,-60.1310816897764,-38.95583836780898,28.399385190404182,2.1316282072803006e-14
871,-60.1338891959588,-38.4558492531694,28.4011181505733,A2256W000728,58875,-60.133889195958794,-38.45584925316938,28.40111815057332,1.5888218580782548e-14
872,-60.1366967021412,-37.9558601385298,28.4028511107425,A2256W000728,58876,-60.13669670214119,-37.955860138529786,28.40285111074246,2.0097183471152322e-14
873,-60.1395042083236,-37.4558710238902,28.4045840709116,A2256W000728,58877,-60.13950420832358,-37.45587102389019,28.4045840709116,2.2469334198890888e-14
874,-60.142311714506,-36.9558819092506,28.4063170310807,A2256W000728,58878,-60.14231171450597,-36.95588190925059,28.40631703108074,2.929642751054232e-14
875,-60.1451192206884,-36.455892794611,28.4080499912499,A2256W000728,58879,-60.145119220688365,-36.455892794610996,28.40804999124988,3.6230712748823524e-14
876,-60.1479267268708,-35.9559036799714,28.409782951419,A2256W000728,58880,-60.14792672687076,-35.9559036799714,28.409782951419018,4.263256414560601e-14
877,-60.1507342330532,-35.4559145653318,28.4115159115882,A2256W000728,58881,-60.15073423305315,-35.4559145653318,28.411515911588157,4.973799150320701e-14
878,-60.1535417392355,-34.9559254506922,28.4132488717573,A2256W000728,58882,-60.15354173923554,-34.955925450692206,28.413248871757297,4.322062729257126e-14
879,-60.1560446509393,-34.5101816034876,28.4147938180576,A2256W001125,43961,-60.15604465093929,-34.51018160348758,28.41479381805757,2.2469334198890888e-14
880,-60.1588521548414,-34.010192928226,28.4166492242223,A2256W000599,62971,-60.15885215484144,-34.010192928226026,28.416649224222304,5.123796534383003e-14
881,-60.1616596587436,-33.5102042529645,28.418504630387,A2256W000599,62972,-60.16165965874359,-33.51020425296447,28.418504630387037,3.1776437161565096e-14
882,-60.1644671626457,-33.0102155777029,28.4203600365518,A2256W000599,62973,-60.164467162645735,-33.010215577702915,28.42036003655177,3.8263897345803626e-14
883,-60.1672746811472,-32.5102243009921,28.4212771259491,A2256W000599,62974,-60.16727468114723,-32.51022430099211,28.4212771259491,2.929642751054232e-14
884,-60.1700821996487,-32.0102330242813,28.4221942153464,A2256W000599,62975,-60.17008219964872,-32.0102330242813,28.42219421534643,2.1316282072803006e-14
885,-60.1728897181502,-31.5102417475705,28.4231113047438,A2256W000599,62976,-60.17288971815021,-31.510241747570493,28.42311130474376,1.0048591735576161e-14
886,-60.1756972366517,-31.0102504708597,28.4240283941411,A2256W000599,62977,-60.1756972366517,-31.010250470859688,28.42402839414109,1.0658141036401503e-14
887,-60.1785047551532,-30.5102591941489,28.4249454835384,A2256W000599,62978,-60.17850475515319,-30.510259194148883,28.42494548353842,1.9131948672901813e-14
888,-60.1813122736547,-30.0102679174381,28.4258625729357,A2256W000599,62979,-60.18131227365468,-30.010267917438078,28.42586257293575,2.5618982671915014e-14
889,-60.1841197921562,-29.5102766407273,28.4267796623331,A2256W000599,62980,-60.184119792156174,-29.510276640727273,28.42677966233308,4.0194366942304644e-14
890,-60.1869273106577,-29.0102853640165,28.4276967517304,A2256W000599,62981,-60.186927310657666,-29.010285364016468,28.42769675173041,4.7796874181478123e-14
891,-60.1897348291592,-28.5102940873057,28.4286138411277,A2256W000599,62982,-60.18973482915916,-28.510294087305663,28.42861384112774,5.54951617168815e-14
892,-60.1925423476606,-28.0103028105949,28.4295309305251,A2256W000599,62983,-60.19254234766065,-28.010302810594858,28.42953093052507,6.550880341146756e-14
893,-60.1953498661621,-27.5103115338841,28.4304480199224,A2256W000599,62984,-60.19534986616214,-27.510311533884053,28.430448019922398,6.28539212249071e-14
894,-60.1981573846636,-27.0103202571732,28.4313651093197,A2256W000599,62985,-60.19815738466363,-27.010320257173248,28.431365109319728,5.728578676879116e-14
895,-60.2009649071892,-26.510328268413,28.4317242650814,A2256W000599,62986,-60.20096490718921,-26.51032826841302,28.431724265081414,1.9131948672901813e-14
896,-60.2037724297148,-26.0103362796528,28.4320834208431,A2256W000599,62987,-60.20377242971479,-26.01033627965279,28.4320834208431,1.7763568394002505e-14
897,-60.2065799522404,-25.5103442908926,28.4324425766048,A2256W000599,62988,-60.20657995224037,-25.51034429089256,28.432442576604785,5.2814885788587084e-14
898,-60.2093874747659,-25.0103523021323,28.4328017323665,A2256W000599,62989,-60.20938747476595,-25.010352302132333,28.43280173236647,5.912893988513175e-14
899,-60.2121949972915,-24.5103603133721,28.4331608881282,A2256W000599,62990,-60.212194997291526,-24.510360313372104,28.433160888128157,2.864289338439558e-14
900,-60.2150025198171,-24.0103683246119,28.4335200438898,A2256W000599,62991,-60.215002519817105,-24.010368324611875,28.433520043889843,2.5864145986817697e-14
901,-60.2178100423427,-23.5103763358516,28.4338791996515,A2256W000599,62992,-60.217810042342684,-23.510376335851646,28.43387919965153,4.832213032818602e-14
902,-60.2206175648683,-23.0103843470914,28.4342383554132,A2256W000599,62993,-60.22061756486826,-23.010384347091417,28.434238355413214,3.972054645195637e-14
903,-60.2234250873938,-22.5103923583312,28.4345975111749,A2256W000599,62994,-60.22342508739384,-22.51039235833119,28.4345975111749,4.3944641265813476e-14
904,-60.2262326099194,-22.010400369571,28.4349566669366,A2256W000599,62995,-60.22623260991942,-22.01040036957096,28.434956666936586,4.451537480371452e-14
905,-60.229040132445,-21.5104083808107,28.4353158226983,A2256W000599,62996,-60.229040132445,-21.51040838081073,28.43531582269827,3.197442310920451e-14
906,-60.2318476549706,-21.0104163920505,28.43567497846,A2256W000599,62997,-60.23184765497058,-21.0104163920505,28.435674978459957,2.1316282072803006e-14
907,-60.2346551768213,-20.5104245361029,28.4351633075486,A2256W000599,62998,-60.23465517682135,-20.510424536102892,28.43516330754857,5.0242958677880804e-14
908,-60.2374626986721,-20.0104326801553,28.4346516366372,A2256W000599,62999,-60.23746269867212,-20.010432680155283,28.434651636637184,2.774758085844075e-14
909,-60.2402702205229,-19.5104408242077,28.4341399657258,A2256W000599,63000,-60.24027022052289,-19.510440824207674,28.434139965725798,2.864289338439558e-14
910,-60.2430777423737,-19.0104489682601,28.4336282948144,A2256W000599,63001,-60.24307774237366,-19.010448968260064,28.43362829481441,5.54951617168815e-14
911,-60.2458852642244,-18.5104571123125,28.433116623903,A2256W000599,63002,-60.24588526422443,-18.510457112312455,28.433116623903025,5.422982071392023e-14
912,-60.2486927860752,-18.0104652563648,28.4326049529916,A2256W000599,63003,-60.248692786075196,-18.010465256364846,28.43260495299164,4.6728652726691796e-14
913,-60.251500307926,-17.5104734004172,28.4320932820803,A2256W000599,63004,-60.251500307925966,-17.510473400417236,28.432093282080253,5.0242958677880804e-14
914,-60.2543078297767,-17.0104815444696,28.4315816111689,A2256W000599,63005,-60.254307829776735,-17.010481544469627,28.431581611168866,4.5496934130773415e-14
915,-60.2571153509343,-16.510489813063,28.430960040606,A2256W000599,63006,-60.25711535093428,-16.51048981306301,28.430960040605978,2.3832327871173822e-14
916,-60.2599228720918,-16.0104980816564,28.4303384700431,A2256W000599,63007,-60.25992287209182,-16.010498081656394,28.43033847004309,2.2469334198890888e-14
917,-60.2627303932494,-15.5105063502498,28.4297168994802,A2256W000599,63008,-60.26273039324936,-15.510506350249779,28.4297168994802,4.14314051144892e-14
918,-60.2655379144069,-15.0105146188432,28.4290953289173,A2256W000599,63009,-60.265537914406906,-15.010514618843164,28.429095328917313,3.6230712748823524e-14
919,-60.2683454174257,-14.5105258402556,28.427267977477,A2256W000599,63010,-60.26834541742572,-14.510525840255571,28.427267977477,3.552713678800501e-14
920,-60.2711529204445,-14.010537061668,28.4254406260367,A2256W000599,63011,-60.271152920444536,-14.010537061667979,28.42544062603669,4.14314051144892e-14
921,-60.2739604234634,-13.5105482830804,28.4236132745964,A2256W000599,63012,-60.27396042346335,-13.510548283080386,28.423613274596377,5.1728291973635394e-14
922,-60.2767679264822,-13.0105595044928,28.4217859231561,A2256W000599,63013,-60.276767926482165,-13.010559504492793,28.421785923156065,3.6230712748823524e-14
923,-60.279575429501,-12.5105707259052,28.4199585717158,A2256W000599,63014,-60.27957542950098,-12.5105707259052,28.419958571715753,2.1316282072803006e-14
924,-60.2823829325198,-12.0105819473176,28.4181312202754,A2256W000599,63015,-60.282382932519795,-12.010581947317608,28.41813122027544,1.0048591735576161e-14
925,-60.2851904355386,-11.51059316873,28.4163038688351,A2256W000599,63016,-60.28519043553861,-11.510593168730015,28.41630386883513,1.5888218580782548e-14
926,-60.2879979385574,-11.0106043901424,28.4144765173948,A2256W000599,63017,-60.287997938557425,-11.010604390142422,28.414476517394817,3.014577520672848e-14
927,-60.2908054415762,-10.5106156115548,28.4126491659545,A2256W000599,63018,-60.29080544157624,-10.51061561155483,28.412649165954505,5.224422199693188e-14
928,-60.2936129445951,-10.0106268329672,28.4108218145142,A2256W000599,63019,-60.293612944595054,-10.010626832967237,28.410821814514193,5.664879665481939e-14
929,-60.2964204476139,-9.51063805437964,28.4089944630739,A2256W000599,63020,-60.29642044761387,-9.510638054379644,28.40899446307388,2.864289338439558e-14
930,-60.2992279506327,-9.01064927579205,28.4071671116336,A2256W000599,63021,-60.299227950632684,-9.010649275792051,28.40716711163357,1.432144669219779e-14
931,-60.3020354536515,-8.51066049720446,28.4053397601933,A2256W000599,63022,-60.3020354536515,-8.510660497204459,28.405339760193257,1.7763568394002505e-15
932,-60.3028446661774,-8.36654767533764,28.4048130588274,A2256W000207,28192,-60.30284466617741,-8.366547675337642,28.404813058827386,7.32410687763558e-15
933,-60.3056521804071,-7.86655734198054,28.4034772394896,A2256W000207,28193,-60.305652180407066,-7.866557341980539,28.403477239489593,3.553823728406967e-14
934,-60.3084596946367,-7.36656700862344,28.4021414201518,A2256W000207,28194,-60.308459694636724,-7.366567008623436,28.4021414201518,2.161031364628563e-14
935,-60.3112672088664,-6.86657667526633,28.400805600814,A2256W000207,28195,-60.31126720886638,-6.866576675266333,28.400805600814007,1.4458497151625688e-14
936,-60.314074723096,-6.36658634190923,28.3994697814762,A2256W000207,28196,-60.31407472309604,-6.36658634190923,28.399469781476213,4.263256414560601e-14
937,-60.3168822373257,-5.86659600855213,28.3981339621384,A2256W000207,28197,-60.3168822373257,-5.8665960085521265,28.39813396213842,3.552713678800501e-15
938,-60.3196897515554,-5.36660567519502,28.3967981428006,A2256W000207,28198,-60.31968975155536,-5.366605675195023,28.396798142800627,4.2780337774645346e-14
939,-60.322497265785,-4.86661534183792,28.3954623234628,A2256W000207,28199,-60.32249726578502,-4.86661534183792,28.395462323462834,1.4210854715202004e-14
940,-60.3253047800147,-4.36662500848082,28.394126504125,A2256W000207,28200,-60.325304780014676,-4.366625008480817,28.39412650412504,2.1482170038296686e-14
941,-60.3281122942443,-3.86663467512371,28.3927906847872,A2256W000207,28201,-60.328112294244335,-3.8666346751237137,28.392790684787247,3.5704330589399866e-14
942,-60.330919808474,-3.36664434176661,28.3914548654495,A2256W000207,28202,-60.33091980847399,-3.3666443417666105,28.391454865449454,7.119291619286993e-15
943,-60.3337273227037,-2.86665400840951,28.3901190461117,A2256W000207,28203,-60.33372732270365,-2.8666540084095073,28.39011904611166,4.980931184949339e-14
944,-60.3365348369333,-2.3666636750524,28.3887832267739,A2256W000207,28204,-60.33653483693331,-2.366663675052404,28.388783226773867,8.152394204457378e-15
945,-60.339342351163,-1.8666733416953,28.3874474074361,A2256W000207,28205,-60.33934235116297,-1.8666733416953012,28.387447407436074,2.8443385208352465e-14
946,-60.3421498653926,-1.3666830083382,28.3861115880983,A2256W000207,28206,-60.34214986539263,-1.3666830083381982,28.38611158809828,2.847716647714797e-14
947,-60.3449573796223,-0.866692674981095,28.3847757687605,A2256W000207,28207,-60.34495737962229,-0.8666926749810953,28.384775768760488,1.4212589332811784e-14
948,-60.3477648938519,-0.366702341623992,28.3834399494227,A2256W000207,28208,-60.347764893851945,-0.36670234162399223,28.383439949422694,4.263314238284327e-14
949,-60.3486072374508,-0.216689332854003,28.3830391611181,A2256W000205,28117,-60.34860723745078,-0.21668933285400271,28.383039161118077,2.131808899983951e-14
950,-60.351414751147,0.283301086292387,28.3817358466269,A2256W000205,28118,-60.351414751146955,0.2833010862923873,28.38173584662686,4.2633865168361265e-14
951,-60.3542222648431,0.783291505438777,28.3804325321356,A2256W000205,28119,-60.35422226484313,0.7832915054387773,28.380432532135643,2.842366092731745e-14
952,-60.3570297785393,1.28328192458517,28.3791292176444,A2256W000205,28120,-60.35702977853931,1.2832819245851674,28.379129217644426,7.588599744428075e-15
953,-60.3598372922355,1.78327234373156,28.3778259031532,A2256W000205,28121,-60.35983729223548,1.7832723437315574,28.37782590315321,1.4458497151625688e-14
954,-60.363242815132,2.28326058496495,28.3782272037114,A2256W000205,28122,-60.363242815131976,2.2832605849649523,28.378227203711422,2.1431618279190542e-14
955,-60.3666483380285,2.78324882619835,28.3786285042696,A2256W000205,28123,-60.36664833802847,2.783248826198347,28.378628504269635,2.8591206918129104e-14
956,-60.370053860925,3.28323706743174,28.3790298048278,A2256W000205,28124,-60.37005386092496,3.2832370674317417,28.379029804827848,3.557151798805476e-14
957,-60.3734593838215,3.78322530866514,28.3794311053861,A2256W000205,28125,-60.373459383821455,3.7832253086651364,28.37943110538606,4.2780337774645346e-14
958,-60.3768649067179,4.28321354989853,28.3798324059443,A2256W000205,28126,-60.37686490671795,4.283213549898531,28.379832405944274,4.974592103558154e-14
959,-60.3802704296144,4.78320179113193,28.3802337065025,A2256W000205,28127,-60.38027042961444,4.783201791131926,28.380233706502487,4.2780337774645346e-14
960,-60.3836759525109,5.28319003236532,28.3806350070607,A2256W000205,28128,-60.383675952510934,5.283190032365321,28.3806350070607,3.557151798805476e-14
961,-60.3870814754074,5.78317827359872,28.3810363076189,A2256W000205,28129,-60.38708147540743,5.7831782735987165,28.381036307618913,2.864289338439558e-14
962,-60.3904869983039,6.28316651483211,28.3814376081771,A2256W000205,28130,-60.39048699830392,6.283166514832112,28.381437608177126,2.1390168887322673e-14
963,-60.3947366682828,6.78314841225696,28.3816438908043,A2256W000205,28131,-60.39473666828281,6.783148412256956,28.381643890804316,7.944109290391274e-15
964,-60.3989863382617,7.2831303096818,28.3818501734315,A2256W000205,28132,-60.3989863382617,7.283130309681801,28.381850173431506,8.881784197001252e-16
965,-60.3991805506863,7.78313018535769,28.3815558850929,A2256W000205,28133,-60.39918055068634,7.7831301853576935,28.381555885092936,3.5704330589399866e-14
966,-60.399374763111,8.28313006103359,28.3812615967544,A2256W000205,28134,-60.39937476311098,8.283130061033585,28.381261596754367,2.1972320632906738e-14
967,-60.3995689755356,8.78312993670948,28.3809673084158,A2256W000205,28135,-60.399568975535615,8.783129936709477,28.380967308415798,1.464821375527116e-14
968,-60.3997631879603,9.28312981238537,28.3806730200772,A2256W000205,28136,-60.399763187960254,9.283129812385368,28.38067302007723,4.9769702052493514e-14
969,-60.4017765022135,9.78312560436794,28.3810661681863,A2256W000205,28137,-60.40177650221347,9.783125604367942,28.381066168186262,2.847716647714797e-14
970,-60.4037898164667,10.2831213963505,28.3814593162953,A2256W000205,28138,-60.40378981646669,10.283121396350516,28.381459316295295,1.7495085916501026e-14
971,-60.4058031307199,10.7831171883331,28.3818524644043,A2256W000205,28139,-60.40580313071991,10.78311718833309,28.38185246440433,1.1374233532693354e-14
972,-60.4078164449731,11.2831129803157,28.3822456125134,A2256W000205,28140,-60.40781644497313,11.283112980315664,28.382245612513362,4.5496934130773415e-14
973,-60.4087663296377,11.5107061658055,28.3824148666049,A2256W000315,25538,-60.40876632963773,11.510706165805459,28.382414866604904,4.9769702052493514e-14
974,-60.4125079035381,12.0106921545038,28.3823065612913,A2256W000315,25539,-60.41250790353812,12.010692154503849,28.382306561291255,5.248525774950308e-14
975,-60.4162494774385,12.5106781432022,28.3821982559776,A2256W000315,25540,-60.41624947743851,12.510678143202238,28.382198255977606,3.9918655144511616e-14
976,-60.4199910513389,13.0106641319006,28.382089950664,A2256W000315,25541,-60.419991051338904,13.010664131900628,28.382089950663957,2.929642751054232e-14
977,-60.4214484427696,13.5106607267614,28.3832218242471,A2256W000315,25542,-60.421448442769616,13.510660726761442,28.383221824247133,4.4938668397781776e-14
978,-60.4229058342003,14.0106573216223,28.3843536978303,A2256W000315,25543,-60.42290583420033,14.010657321622256,28.38435369783031,5.2725191607037763e-14
979,-60.424363225631,14.5106539164831,28.3854855714135,A2256W000315,25544,-60.42436322563104,14.51065391648307,28.385485571413486,5.224422199693188e-14
980,-60.4258206170618,15.0106505113439,28.3866174449967,A2256W000315,25545,-60.42582061706175,15.010650511343885,28.386617444996663,5.224422199693188e-14
981,-60.4276095622181,15.5106469503438,28.3872179969661,A2256W000315,25546,-60.427609562218066,15.510646950343764,28.38721799696608,5.0242958677880804e-14
982,-60.4293985073744,16.0106433893436,28.3878185489355,A2256W000315,25547,-60.42939850737438,16.01064338934364,28.387818548935495,4.7664655742347644e-14
983,-60.4311874525307,16.5106398283435,28.3884191009049,A2256W000315,25548,-60.43118745253069,16.51063982834352,28.388419100904912,2.2469334198890888e-14
984,-60.432976397687,17.0106362673434,28.3890196528743,A2256W000315,25549,-60.43297639768701,17.0106362673434,28.389019652874328,7.105427357601002e-15
985,-60.4347653428433,17.5106327063433,28.3896202048437,A2256W000315,25550,-60.43476534284332,17.51063270634328,28.389620204843744,3.014577520672848e-14
986,-60.4365542879996,18.0106291453432,28.3902207568132,A2256W000315,25551,-60.436554287999634,18.01062914534316,28.39022075681316,5.2814885788587084e-14
987,-60.4383432331559,18.510625584343,28.3908213087826,A2256W000315,25552,-60.43834323315595,18.51062558434304,28.390821308782577,6.325426871983402e-14
988,-60.4401321783123,19.0106220233429,28.391421860752,A2256W000315,25553,-60.44013217831226,19.01062202334292,28.391421860751993,3.972054645195637e-14
989,-60.4419211234686,19.5106184623428,28.3920224127214,A2256W000315,25554,-60.441921123468575,19.510618462342798,28.39202241272141,2.864289338439558e-14
990,-60.4437100686249,20.0106149013427,28.3926229646908,A2256W000315,25555,-60.44371006862489,20.010614901342677,28.392622964690826,2.5618982671915014e-14
991,-60.4454990137812,20.5106113403426,28.3932235166602,A2256W000315,25556,-60.4454990137812,20.510611340342557,28.393223516660242,4.263256414560601e-14
992,-60.4472879589375,21.0106077793424,28.3938240686297,A2256W000315,25557,-60.447287958937515,21.010607779342436,28.39382406862966,3.8263897345803626e-14
993,-60.4490769040938,21.5106042183423,28.3944246205991,A2256W000315,25558,-60.44907690409383,21.510604218342316,28.394424620599075,3.1776437161565096e-14
994,-60.4508658492501,22.0106006573422,28.3950251725685,A2256W000315,25559,-60.45086584925014,22.010600657342195,28.39502517256849,4.2780337774645346e-14
995,-60.4526547944065,22.5105970963421,28.3956257245379,A2256W000315,25560,-60.452654794406456,22.510597096342075,28.395625724537908,4.935587579328812e-14
996,-60.4571805885842,23.0105766120088,28.3955925478574,A2256W000315,25561,-60.45718058858419,23.010576612008837,28.39559254785737,3.8263897345803626e-14
997,-60.4617063827619,23.5105561276756,28.3955593711768,A2256W000315,25562,-60.46170638276192,23.5105561276756,28.39555937117683,1.4210854715202004e-14
998,-60.4662321769396,24.0105356433424,28.3955261944963,A2256W000315,25563,-60.46623217693965,24.01053564334236,28.39552619449629,6.325426871983402e-14
999,-60.4707579711174,24.5105151590091,28.3954930178158,A2256W000315,25564,-60.47075797111738,24.510515159009124,28.395493017815753,3.275440170573378e-14
1000,-60.4752837652951,25.0104946746759,28.3954598411352,A2256W000315,25565,-60.47528376529511,25.010494674675886,28.395459841135214,1.5888218580782548e-14
1001,-60.4798095594728,25.5104741903426,28.3954266644547,A2256W000315,25566,-60.47980955947284,25.51047419034265,28.395426664454675,6.550880341146756e-14
1002,-60.4843353536506,26.0104537060094,28.3953934877741,A2256W000315,25567,-60.48433535365057,26.01045370600941,28.395393487774136,3.03543989777123e-14
1003,-60.4888611478283,26.5104332216762,28.3953603110936,A2256W000315,25568,-60.4888611478283,26.510433221676173,28.395360311093597,2.842170943040401e-14
1004,-60.493386942006,27.0104127373429,28.3953271344131,A2256W000315,25569,-60.49338694200603,27.010412737342936,28.39532713441306,5.0242958677880804e-14
1005,-60.4979127361838,27.5103922530097,28.3952939577325,A2256W000315,25570,-60.497912736183764,27.510392253009698,28.39529395773252,3.5704330589399866e-14
1006,-60.5024385303615,28.0103717686765,28.395260781052,A2256W000315,25571,-60.502438530361495,28.01037176867646,28.39526078105198,3.972054645195637e-14
1007,-60.5069643245392,28.5103512843432,28.3952276043714,A2256W000315,25572,-60.506964324539226,28.510351284343223,28.395227604371442,3.552713678800501e-14
1008,-60.511490118717,29.01033080001,28.3951944276909,A2256W000315,25573,-60.51149011871696,29.010330800009985,28.395194427690903,4.4938668397781776e-14
1009,-60.5160159128947,29.5103103156767,28.3951612510104,A2256W000315,25574,-60.51601591289469,29.510310315676747,28.395161251010364,4.832213032818602e-14
1010,-60.5205417070724,30.0102898313435,28.3951280743298,A2256W000315,25575,-60.52054170707242,30.01028983134351,28.395128074329826,2.3832327871173822e-14
1011,-60.5250675012501,30.5102693470103,28.3950948976493,A2256W000315,25576,-60.52506750125015,30.510269347010272,28.395094897649287,5.728578676879116e-14
1012,-60.5295932954279,31.010248862677,28.3950617209687,A2256W000315,25577,-60.52959329542788,31.010248862677035,28.395061720968748,4.14314051144892e-14
1013,-60.5341190896056,31.5102283783438,28.3950285442882,A2256W000315,25578,-60.53411908960561,31.510228378343797,28.39502854428821,7.944109290391274e-15
1014,-60.5386448837833,32.0102078940106,28.3949953676077,A2256W000315,25579,-60.53864488378334,32.010207894010556,28.39499536760767,6.029155041345696e-14
1015,-60.5390408664558,32.5102075777424,28.3945960359521,A2256W000315,25580,-60.53904086645578,32.510207577742406,28.39459603595211,2.2469334198890888e-14
1016,-60.5394368491282,33.0102072614743,28.3941967042965,A2256W000315,25581,-60.539436849128215,33.01020726147426,28.394196704296547,4.4938668397781776e-14
1017,-60.5398328318007,33.5102069452061,28.393797372641,A2256W000315,25582,-60.53983283180065,33.51020694520611,28.393797372640986,5.0242958677880804e-14
1018,-60.5402288144731,34.010206628938,28.3933980409854,A2256W000315,25583,-60.54022881447309,34.01020662893796,28.393398040985424,4.4938668397781776e-14
1019,-60.5406247971455,34.5102063126698,28.3929987093299,A2256W000315,25584,-60.540624797145526,34.51020631266981,28.392998709329863,2.929642751054232e-14
1020,-60.541020779818,35.0102059964017,28.3925993776743,A2256W000315,25585,-60.54102077981796,35.01020599640166,28.3925993776743,5.54951617168815e-14
1021,-60.5414167624904,35.5102056801335,28.3922000460187,A2256W000315,25586,-60.5414167624904,35.51020568013351,28.39220004601874,7.105427357601002e-15
1022,-60.5418127451628,36.0102053638654,28.3918007143632,A2256W000315,25587,-60.54181274516284,36.01020536386536,28.39180071436318,5.54951617168815e-14
1023,-60.5438695066316,36.5102009534839,28.3913763391897,A2256W000315,25588,-60.5438695066316,36.51020095348388,28.391376339189666,2.1316282072803006e-14
1024,-60.5459262681004,37.0101965431024,28.3909519640162,A2256W000315,25589,-60.54592626810037,37.0101965431024,28.390951964016153,3.552713678800501e-14
1025,-60.5479830295691,37.5101921327209,28.3905275888426,A2256W000315,25590,-60.54798302956913,37.510192132720924,28.39052758884264,3.552713678800501e-14
1026,-60.5500397910379,38.0101877223394,28.3901032136691,A2256W000315,25591,-60.5500397910379,38.010187722339445,28.39010321366913,4.263256414560601e-14
1027,-60.5520965525067,38.510183311958,28.3896788384956,A2256W000315,25592,-60.55209655250666,38.51018331195797,28.389678838495616,5.0242958677880804e-14
1028,-60.5541533139754,39.0101789015765,28.3892544633221,A2256W000315,25593,-60.554153313975426,39.01017890157649,28.389254463322104,3.1776437161565096e-14
1029,-60.5605584287499,39.5101369123035,28.388273639887,A2256W000315,25594,-60.560558428749886,39.5101369123035,28.388273639887004,1.4210854715202004e-14
1030,-60.5669635435243,40.0100949230305,28.3872928164519,A2256W000315,25595,-60.566963543524345,40.010094923030515,28.387292816451904,4.4938668397781776e-14
1031,-60.5733686582988,40.5100529337575,28.3863119930168,A2256W000315,25596,-60.573368658298804,40.51005293375753,28.386311993016804,2.929642751054232e-14
1032,-60.5797737730733,41.0100109444845,28.3853311695817,A2256W000315,25597,-60.57977377307326,41.01001094448454,28.385331169581704,5.54951617168815e-14
1033,-60.5861788878477,41.5099689552116,28.3843503461466,A2256W000315,25598,-60.58617888784772,41.509968955211555,28.384350346146604,4.7664655742347644e-14
1034,-60.5925840026222,42.0099269659386,28.3833695227115,A2256W000315,25599,-60.59258400262218,42.00992696593857,28.383369522711504,3.552713678800501e-14
1035,-60.5989891173966,42.5098849766656,28.3823886992764,A2256W000315,25600,-60.59898911739664,42.50988497666558,28.382388699276405,4.7664655742347644e-14
1036,-60.6053942321711,43.0098429873926,28.3814078758413,A2256W000315,25601,-60.6053942321711,43.009842987392595,28.381407875841305,7.105427357601002e-15
1037,-60.6106432939371,43.5098125497533,28.3797096228034,A2256W000315,25602,-60.610643293937144,43.50981254975334,28.37970962280337,6.029155041345696e-14
1038,-60.6158923557032,44.0097821121141,28.3780113697654,A2256W000315,25603,-60.61589235570319,44.00978211211409,28.37801136976544,2.0097183471152322e-14
1039,-60.6211414174692,44.5097516744748,28.3763131167275,A2256W000315,25604,-60.62114141746923,44.509751674474835,28.376313116727506,5.0242958677880804e-14
1040,-60.6263904792353,45.0097212368356,28.3746148636896,A2256W000315,25605,-60.626390479235276,45.00972123683558,28.374614863689573,3.014577520672848e-14
1041,-60.6316395410013,45.5096907991963,28.3729166106516,A2256W000315,25606,-60.63163954100132,45.50969079919633,28.37291661065164,3.552713678800501e-14
1042,-60.6368886027674,46.0096603615571,28.3712183576137,A2256W000315,25607,-60.636888602767364,46.009660361557074,28.371218357613706,4.5496934130773415e-14
1043,-60.6421376645334,46.5096299239178,28.3695201045758,A2256W000315,25608,-60.64213766453341,46.50962992391782,28.369520104575773,2.2469334198890888e-14
1044,-60.6473867262995,47.0095994862786,28.3678218515378,A2256W000315,25609,-60.64738672629945,47.00959948627857,28.36782185153784,6.112319729142702e-14
1045,-60.6487287744457,47.509597520378,28.3674158915811,A2256W000315,25610,-60.6487287744457,47.50959752037799,28.367415891581054,1.4210854715202004e-14
1046,-60.6500708225919,48.0095955544774,28.3670099316243,A2256W000315,25611,-60.65007082259195,48.00959555447741,28.367009931624267,5.0242958677880804e-14
1047,-60.6514128707382,48.5095935885768,28.3666039716675,A2256W000315,25612,-60.6514128707382,48.50959358857683,28.36660397166748,2.842170943040401e-14
1048,-60.6527549188844,49.0095916226762,28.3661980117107,A2256W000315,25613,-60.65275491888445,49.00959162267625,28.366198011710694,7.034014214903312e-14
1049,-60.6540969670307,49.5095896567757,28.3657920517539,A2256W000315,25614,-60.654096967030696,49.50958965677567,28.365792051753907,3.6230712748823524e-14
1050,-60.6554390151769,50.0095876908751,28.3653860917971,A2256W000315,25615,-60.655439015176945,50.00958769087509,28.36538609179712,4.4938668397781776e-14
1051,-60.6632184508305,50.5095271032581,28.3656397194752,A2256W000315,25616,-60.66321845083052,50.509527103258144,28.365639719475165,4.7664655742347644e-14
1052,-60.6709978864841,51.0094665156412,28.3658933471532,A2256W000315,25617,-60.670997886484095,51.0094665156412,28.36589334715321,7.105427357601002e-15
1053,-60.6787773221377,51.5094059280243,28.3661469748313,A2256W000315,25618,-60.67877732213767,51.50940592802426,28.366146974831256,5.123796534383003e-14
1054,-60.6865567577912,52.0093453404073,28.3664006025093,A2256W000315,25619,-60.686556757791244,52.009345340407314,28.3664006025093,4.4938668397781776e-14
1055,-60.6943361934448,52.5092847527904,28.3666542301873,A2256W000315,25620,-60.69433619344482,52.50928475279037,28.366654230187347,3.552713678800501e-14
1056,-60.7021156290984,53.0092241651734,28.3669078578654,A2256W000315,25621,-60.702115629098394,53.00922416517343,28.366907857865392,2.929642751054232e-14
1057,-60.709895064752,53.5091635775565,28.3671614855434,A2256W000315,25622,-60.70989506475197,53.509163577556485,28.367161485543438,3.1776437161565096e-14
1058,-60.7176745004055,54.0091029899395,28.3674151132215,A2256W000315,25623,-60.71767450040554,54.00910298993954,28.367415113221483,6.029155041345696e-14
1059,-60.7260554334278,54.5090326766321,28.3671537224228,A2256W000315,25624,-60.72605543342781,54.50903267663211,28.36715372242276,1.0048591735576161e-14
1060,-60.7344363664501,55.0089623633247,28.366892331624,A2256W000315,25625,-60.734436366450076,55.00896236332468,28.366892331624037,3.014577520672848e-14
1061,-60.7428172994723,55.5088920500172,28.3666309408253,A2256W000315,25626,-60.74281729947234,55.508892050017245,28.366630940825313,6.029155041345696e-14
1062,-60.7511982324946,56.0088217367098,28.3663695500266,A2256W000315,25627,-60.75119823249461,56.00882173670981,28.36636955002659,1.5888218580782548e-14
1063,-60.7595791655169,56.5087514234024,28.3661081592279,A2256W000315,25628,-60.759579165516875,56.50875142340238,28.366108159227867,3.014577520672848e-14
1064,-60.7679600985391,57.0086811100949,28.3658467684291,A2256W000315,25629,-60.76796009853914,57.00868111009495,28.365846768429144,6.550880341146756e-14
1065,-60.7763410315614,57.5086107967875,28.3655853776304,A2256W000315,25630,-60.77634103156141,57.508610796787515,28.36558537763042,1.5888218580782548e-14
1066,-60.7847219645837,58.0085404834801,28.3653239868317,A2256W000315,25631,-60.784721964583674,58.00854048348008,28.365323986831697,3.1776437161565096e-14
1067,-60.7898121517473,58.508514570932,28.3652807284048,A2256W000315,25632,-60.78981215174727,58.50851457093197,28.36528072840477,4.0194366942304644e-14
1068,-60.7949023389109,59.0084886583839,28.3652374699778,A2256W000315,25633,-60.794902338910866,59.00848865838386,28.365237469977842,5.0242958677880804e-14
1069,-60.7999925260745,59.5084627458358,28.3651942115509,A2256W000315,25634,-60.79999252607446,59.50846274583575,28.365194211550914,6.112319729142702e-14
1070,-60.8050827132381,60.0084368332876,28.365150953124,A2256W000315,25635,-60.80508271323806,60.00843683328764,28.365150953123987,6.029155041345696e-14
1071,-60.8101729004017,60.5084109207395,28.3651076946971,A2256W000315,25636,-60.81017290040165,60.50841092073953,28.36510769469706,5.728578676879116e-14
1072,-60.8152630875652,61.0083850081914,28.3650644362701,A2256W000315,25637,-60.81526308756525,61.00838500819142,28.36506443627013,5.411332257568737e-14
1073,-60.8203532747288,61.5083590956433,28.3650211778432,A2256W000315,25638,-60.820353274728845,61.50835909564331,28.365021177843204,4.322062729257126e-14
1074,-60.8254434618924,62.0083331830952,28.3649779194163,A2256W000315,25639,-60.82544346189244,62.008333183095196,28.364977919416276,4.322062729257126e-14
1075,-60.8335637113875,62.5082670829302,28.3653745854099,A2256W000315,25640,-60.83356371138747,62.50826708293019,28.365374585409917,3.1776437161565096e-14
1076,-60.8416839608825,63.0082009827652,28.3657712514036,A2256W000315,25641,-60.8416839608825,63.00820098276518,28.365771251403558,2.1316282072803006e-14
1077,-60.8498042103775,63.5081348826002,28.3661679173972,A2256W000315,25642,-60.84980421037753,63.508134882600174,28.3661679173972,4.0194366942304644e-14
1078,-60.8579244598726,64.0080687824352,28.3665645833908,A2256W000315,25643,-60.85792445987256,64.00806878243517,28.36656458339084,5.123796534383003e-14
1079,-60.8660447093676,64.5080026822702,28.3669612493845,A2256W000315,25644,-60.866044709367586,64.50800268227017,28.36696124938448,3.1776437161565096e-14
1080,-60.8741649588626,65.0079365821052,28.3673579153781,A2256W000315,25645,-60.874164958862615,65.00793658210517,28.367357915378122,3.1776437161565096e-14
1081,-60.8822852083576,65.5078704819402,28.3677545813718,A2256W000315,25646,-60.882285208357644,65.50787048194017,28.367754581371763,5.123796534383003e-14
1082,-60.8904054578527,66.0078043817752,28.3681512473654,A2256W000315,25647,-60.89040545785267,66.00780438177517,28.368151247365404,4.0194366942304644e-14
1083,-60.8991318458169,66.5077281558054,28.3684164124421,A2256W000315,25648,-60.8991318458169,66.50772815580535,28.368416412442052,4.263256414560601e-14
1084,-60.9078582337811,67.0076519298355,28.3686815775187,A2256W000315,25649,-60.907858233781134,67.00765192983553,28.3686815775187,4.5496934130773415e-14
1085,-60.9165846217454,67.5075757038657,28.3689467425953,A2256W000315,25650,-60.916584621745365,67.50757570386571,28.368946742595348,3.8263897345803626e-14
1086,-60.9253110097096,68.0074994778959,28.369211907672,A2256W000315,25651,-60.925311009709596,68.00749947789589,28.369211907671996,1.5888218580782548e-14
1087,-60.9340373976738,68.5074232519261,28.3694770727486,A2256W000315,25652,-60.934037397673826,68.50742325192607,28.369477072748644,4.0194366942304644e-14
1088,-60.9427637856381,69.0073470259562,28.3697422378253,A2256W000315,25653,-60.94276378563806,69.00734702595625,28.369742237825292,7.105427357601002e-14
1089,-60.9514901736023,69.5072707999864,28.3700074029019,A2256W000315,25654,-60.95149017360229,69.50727079998643,28.37000740290194,3.1776437161565096e-14
1090,-60.9602165615665,70.0071945740166,28.3702725679786,A2256W000315,25655,-60.96021656156652,70.00719457401661,28.37027256797859,2.5618982671915014e-14
1091,-60.9557131338383,70.5071742671111,28.3701124685973,A2256W000315,25656,-60.95571313383831,70.50717426711113,28.370112468597295,2.929642751054232e-14
1092,-60.9512097061101,71.0071539602056,28.369952369216,A2256W000315,25657,-60.9512097061101,71.00715396020564,28.369952369216,4.263256414560601e-14
1093,-60.9467062783819,71.5071336533002,28.3697922698347,A2256W000315,25658,-60.94670627838189,71.50713365330016,28.369792269834708,4.4938668397781776e-14
1094,-60.9422028506537,72.0071133463947,28.3696321704534,A2256W000315,25659,-60.94220285065368,72.00711334639468,28.369632170453414,3.552713678800501e-14
1095,-60.9376994229255,72.5070930394892,28.3694720710721,A2256W000315,25660,-60.93769942292547,72.50709303948919,28.36947207107212,3.1776437161565096e-14
1096,-60.9331959951973,73.0070727325837,28.3693119716908,A2256W000315,25661,-60.93319599519726,73.00707273258371,28.369311971690827,4.4938668397781776e-14
1097,-60.928692567469,73.5070524256782,28.3691518723095,A2256W000315,25662,-60.92869256746905,73.50705242567822,28.369151872309534,5.728578676879116e-14
1098,-60.9241891397408,74.0070321187727,28.3689917729282,A2256W000315,25663,-60.92418913974084,74.00703211877274,28.36899177292824,6.029155041345696e-14
1099,-60.9196857120126,74.5070118118673,28.3688316735469,A2256W000315,25664,-60.91968571201263,74.50701181186726,28.368831673546946,5.123796534383003e-14
1100,-60.9151822842844,75.0069915049618,28.3686715741657,A2256W000315,25665,-60.91518228428442,75.00699150496177,28.368671574165653,3.552713678800501e-14
1101,-60.9106788565562,75.5069711980563,28.3685114747844,A2256W000315,25666,-60.91067885655621,75.50697119805629,28.36851147478436,1.5888218580782548e-14
1102,-60.906175428828,76.0069508911508,28.3683513754031,A2256W000315,25667,-60.906175428828,76.00695089115081,28.368351375403066,1.4210854715202004e-14
1103,-60.9016720010998,76.5069305842453,28.3681912760218,A2256W000315,25668,-60.90167200109979,76.50693058424532,28.368191276021772,2.929642751054232e-14
1104,-60.8971685733716,77.0069102773398,28.3680311766405,A2256W000315,25669,-60.89716857337158,77.00691027733984,28.36803117664048,4.7664655742347644e-14
1105,-60.8926651456434,77.5068899704344,28.3678710772592,A2256W000315,25670,-60.89266514564337,77.50688997043436,28.367871077259185,5.123796534383003e-14
1106,-60.8881617179152,78.0068696635289,28.3677109778779,A2256W000315,25671,-60.88816171791516,78.00686966352887,28.36771097787789,5.123796534383003e-14
1107,-60.883658290187,78.5068493566234,28.3675508784966,A2256W000315,25672,-60.88365829018695,78.50684935662339,28.367550878496598,5.1728291973635394e-14
1108,-60.8791548624587,79.0068290497179,28.3673907791153,A2256W000315,25673,-60.87915486245874,79.00682904971791,28.367390779115304,4.4938668397781776e-14
1109,-60.8764564244193,79.3064151215367,28.3672948481297,A2256W000315,25674,-60.8764564244193,79.3064151215367,28.367294848129728,0.0
1110,-60.8633336223162,79.8062428015524,28.3670078724103,A2256W000318,25765,-60.86333362231623,79.80624280155243,28.36700787241032,4.5496934130773415e-14
1111,-60.8502108202132,80.3060704815682,28.3667208966909,A2256W000318,25766,-60.850210820213164,80.30607048156816,28.36672089669091,5.54951617168815e-14
1112,-60.8370880181101,80.8058981615839,28.3664339209715,A2256W000318,25767,-60.837088018110094,80.80589816158388,28.366433920971502,1.5888218580782548e-14
1113,-60.7943428477269,81.3040675166645,28.3660543587704,A2256W000318,25768,-60.79434284772694,81.30406751666452,28.366054358770427,3.8263897345803626e-14
1114,-60.7515976773438,81.8022368717452,28.3656747965694,A2256W000318,25769,-60.75159767734378,81.80223687174515,28.36567479656935,4.7664655742347644e-14
1115,-60.7088525069606,82.3004062268258,28.3652952343683,A2256W000318,25770,-60.708852506960625,82.30040622682579,28.365295234368276,2.5618982671915014e-14
1116,-60.626002618165,82.7934940916084,28.364791716023,A2256W000318,25771,-60.626002618164996,82.79349409160835,28.364791716023014,4.322062729257126e-14
1117,-60.5196791971538,83.2820583376587,28.364237075865,A2256W000318,25772,-60.51967919715384,83.28205833765874,28.364237075865006,6.029155041345696e-14
1118,-60.4133557761427,83.7706225837091,28.363682435707,A2256W000318,25773,-60.41335577614269,83.77062258370913,28.363682435707,3.1776437161565096e-14
1119,-60.3070323551315,84.2591868297595,28.363127795549,A2256W000318,25774,-60.30703235513153,84.25918682975951,28.36312779554899,3.8263897345803626e-14
1120,-60.173784409893,84.741104472973,28.3625193144551,A2256W000318,25775,-60.17378440989295,84.74110447297302,28.362519314455064,5.1728291973635394e-14
1121,-60.0405364646544,85.2230221161865,28.3619108333611,A2256W000318,25776,-60.04053646465437,85.22302211618653,28.361910833361136,4.0194366942304644e-14
1122,-59.8704447271843,85.6932006396531,28.3609326129295,A2256W000318,25777,-59.870444727184335,85.6932006396531,28.360932612929492,3.552713678800501e-14
1123,-59.7003529897143,86.1633791631197,28.3599543924978,A2256W000318,25778,-59.7003529897143,86.16337916311967,28.359954392497848,2.842170943040401e-14
1124,-59.5049234759773,86.6236026588104,28.3586740898878,A2256W000318,25779,-59.50492347597731,86.62360265881036,28.358674089887796,4.322062729257126e-14
1125,-59.3094939622403,87.083826154501,28.3573937872777,A2256W000318,25780,-59.30949396224032,87.08382615450104,28.357393787277744,4.4938668397781776e-14
1126,-59.0816917471308,87.5289173210373,28.3573284987117,A2256W000318,25781,-59.08169174713083,87.52891732103731,28.3573284987117,3.8263897345803626e-14
1127,-58.8538895320213,87.9740084875736,28.3572632101457,A2256W000318,25782,-58.85388953202135,87.97400848757358,28.357263210145653,5.1728291973635394e-14
1128,-58.6083464995917,88.4095630205194,28.3581949051851,A2256W000318,25783,-58.60834649959173,88.40956302051937,28.35819490518505,4.5496934130773415e-14
1129,-58.3628034671621,88.8451175534652,28.3591266002244,A2256W000318,25784,-58.36280346716212,88.84511755346516,28.35912660022445,4.4938668397781776e-14
1130,-58.0930854362224,89.2661297718899,28.3600730267087,A2256W000318,25785,-58.09308543622237,89.26612977188987,28.36007302670873,4.5496934130773415e-14
1131,-57.8233674052826,89.6871419903146,28.361019453193,A2256W000318,25786,-57.82336740528262,89.68714199031457,28.36101945319301,3.1776437161565096e-14
1132,-57.5536493743429,90.1081542087393,28.3619658796773,A2256W000318,25787,-57.55364937434287,90.10815420873928,28.36196587967729,3.8263897345803626e-14
1133,-57.2618769890109,90.5141942850362,28.3625417255419,A2256W000318,25788,-57.261876989010915,90.51419428503624,28.362541725541913,4.4938668397781776e-14
1134,-56.970104603679,90.9202343613332,28.3631175714065,A2256W000318,25789,-56.97010460367896,90.9202343613332,28.363117571406537,3.552713678800501e-14
1135,-56.6579839815528,91.3108489590222,28.3640939503812,A2256W000318,25790,-56.65798398155283,91.31084895902215,28.36409395038123,5.123796534383003e-14
1136,-56.3458633594267,91.7014635567111,28.3650703293559,A2256W000318,25791,-56.3458633594267,91.7014635567111,28.36507032935592,0.0
1137,-56.0207046691878,92.0812924851817,28.3664161595672,A2256W000318,25792,-56.02070466918779,92.08129248518175,28.36641615956724,4.322062729257126e-14
1138,-55.6955459789489,92.4611214136524,28.3677619897786,A2256W000318,25793,-55.695545978948886,92.46112141365239,28.36776198977856,2.0097183471152322e-14
1139,-55.3463897375257,92.8190165212507,28.3687674908399,A2256W000318,25794,-55.34638973752568,92.81901652125075,28.368767490839918,4.4938668397781776e-14
1140,-54.9972334961025,93.1769116288491,28.3697729919013,A2256W000318,25795,-54.99723349610248,93.1769116288491,28.369772991901275,2.1316282072803006e-14
1141,-54.6480772546793,93.5348067364475,28.3707784929626,A2256W000318,25796,-54.64807725467928,93.53480673644745,28.370778492962632,6.07087979554246e-14
1142,-54.2724038377983,93.8647603251163,28.3711149056848,A2256W000318,25797,-54.27240383779828,93.86476032511626,28.3711149056848,3.552713678800501e-14
1143,-53.8758843218392,94.1693456652597,28.3713247467237,A2256W000318,25798,-53.87588432183918,94.16934566525971,28.37132474672374,2.5618982671915014e-14
1144,-53.4793648058801,94.4739310054032,28.3715345877627,A2256W000318,25799,-53.47936480588008,94.47393100540316,28.37153458776268,4.7664655742347644e-14
1145,-53.082845289921,94.7785163455466,28.3717444288016,A2256W000318,25800,-53.08284528992098,94.7785163455466,28.371744428801623,2.1316282072803006e-14
1146,-52.6681284563609,95.0578189379272,28.3718436830811,A2256W000318,25801,-52.66812845636093,95.05781893792718,28.371843683081057,3.8263897345803626e-14
1147,-52.2534116228009,95.3371215303078,28.3719429373605,A2256W000318,25802,-52.25341162280088,95.33712153030775,28.37194293736049,4.4938668397781776e-14
1148,-51.8295292703872,95.6023076058267,28.372253844302,A2256W000318,25803,-51.82952927038725,95.60230760582674,28.372253844302016,6.550880341146756e-14
1149,-51.4056469179736,95.8674936813457,28.3725647512435,A2256W000318,25804,-51.40564691797361,95.86749368134572,28.37256475124354,2.0097183471152322e-14
1150,-50.9729448558966,96.1180300953545,28.3732210514211,A2256W000318,25805,-50.972944855896586,96.11803009535447,28.37322105142105,3.1776437161565096e-14
1151,-50.5402427938196,96.3685665093632,28.3738773515986,A2256W000318,25806,-50.54024279381956,96.36856650936322,28.373877351598562,4.4938668397781776e-14
1152,-50.0942735398862,96.5946434233315,28.3746857553877,A2256W000318,25807,-50.0942735398862,96.59464342333155,28.374685755387695,4.263256414560601e-14
1153,-49.6379018728175,96.7989101643756,28.3746853385465,A2256W000318,25808,-49.637901872817494,96.7989101643756,28.37468533854655,7.105427357601002e-15
1154,-49.1815302057488,97.0031769054197,28.3746849217054,A2256W000318,25809,-49.181530205748786,97.00317690541965,28.374684921705402,5.859285502108464e-14
1155,-48.7233818874367,97.203426603248,28.3742642704236,A2256W000318,25810,-48.723381887436744,97.203426603248,28.374264270423577,4.263256414560601e-14
1156,-48.2635491309147,97.3997771235783,28.3737082170903,A2256W000318,25811,-48.26354913091466,97.39977712357833,28.37370821709032,4.5496934130773415e-14
1157,-47.8037163743926,97.5961276439087,28.3731521637571,A2256W000318,25812,-47.80371637439258,97.59612764390866,28.373152163757066,4.7664655742347644e-14
1158,-47.3348754855028,97.7698700846203,28.3718160497651,A2256W000318,25813,-47.33487548550279,97.7698700846203,28.371816049765094,7.105427357601002e-15
1159,-46.866034596613,97.9436125253319,28.3704799357731,A2256W000318,25814,-46.866034596613005,97.94361252533193,28.370479935773123,2.929642751054232e-14
1160,-46.3910334784704,98.0997215491417,28.3685024503865,A2256W000318,25815,-46.39103347847041,98.09972154914166,28.368502450386526,4.4938668397781776e-14
1161,-45.9124973065721,98.2446157799647,28.3655369725016,A2256W000318,25816,-45.91249730657208,98.2446157799647,28.365536972501587,2.1316282072803006e-14
1162,-45.4305673648242,98.3777605694356,28.3615374370731,A2256W000318,25817,-45.430567364824206,98.37776056943561,28.361537437073114,1.5888218580782548e-14
1163,-44.9389375855308,98.4688106898469,28.3583695221481,A2256W000318,25818,-44.93893758553077,98.46881068984693,28.35836952214811,4.0194366942304644e-14
1164,-44.4431386198581,98.5334516530101,28.3561488197329,A2256W000318,25819,-44.443138619858075,98.53345165301015,28.356148819732947,4.7664655742347644e-14
1165,-43.9448734106175,98.5750661359884,28.3560220646493,A2256W000318,25820,-43.944873410617454,98.57506613598841,28.356022064649302,4.4938668397781776e-14
1166,-43.4466082013768,98.6166806189667,28.3558953095657,A2256W000318,25821,-43.44660820137683,98.61668061896667,28.355895309565657,4.5496934130773415e-14
1167,-42.9477083488195,98.6498207576199,28.3567128230521,A2256W000318,25822,-42.94770834881948,98.64982075761986,28.356712823052092,4.7664655742347644e-14
1168,-42.4488084962621,98.6829608962731,28.3575303365385,A2256W000318,25823,-42.44880849626213,98.68296089627306,28.357530336538527,5.123796534383003e-14
1169,-41.9499086437048,98.7161010349263,28.358347850025,A2256W000318,25824,-41.94990864370478,98.71610103492625,28.358347850024963,4.7664655742347644e-14
1170,-41.7006943348097,98.73265545303,28.3587562206779,A2256W000323,19163,-41.70069433480967,98.73265545303002,28.358756220677893,3.1776437161565096e-14
1171,-41.2007115749607,98.7366414298322,28.3599189084176,A2256W000308,29210,-41.20071157496074,98.73664142983222,28.35991890841756,4.4938668397781776e-14
1172,-40.7007288151118,98.7406274066344,28.3610815961572,A2256W000308,29211,-40.700728815111816,98.74062740663442,28.361081596157224,2.0097183471152322e-14
1173,-40.2007460552629,98.7446133834366,28.3622442838969,A2256W000308,29212,-40.20074605526289,98.74461338343662,28.36224428389689,1.5888218580782548e-14
1174,-39.700763295414,98.7485993602388,28.3634069716366,A2256W000308,29213,-39.700763295413964,98.74859936023881,28.363406971636554,3.8263897345803626e-14
1175,-39.200780535565,98.752585337041,28.3645696593762,A2256W000308,29214,-39.20078053556504,98.75258533704101,28.36456965937622,3.8263897345803626e-14
1176,-38.7007977757161,98.7565713138432,28.3657323471159,A2256W000308,29215,-38.70079777571611,98.75657131384321,28.365732347115884,2.0097183471152322e-14
1177,-38.2008150158672,98.7605572906454,28.3668950348555,A2256W000308,29216,-38.200815015867185,98.76055729064541,28.36689503485555,2.0097183471152322e-14
1178,-37.7008635232192,98.7674199016936,28.3680822874076,A2256W000308,29217,-37.70086352321917,98.76741990169363,28.368082287407624,4.0194366942304644e-14
1179,-37.2009120305712,98.7742825127418,28.3692695399597,A2256W000308,29218,-37.20091203057115,98.77428251274185,28.3692695399597,6.550880341146756e-14
1180,-36.7009605379231,98.7811451237901,28.3704567925118,A2256W000308,29219,-36.70096053792314,98.78114512379007,28.370456792511774,4.5496934130773415e-14
1181,-36.2010090452751,98.7880077348383,28.3716440450638,A2256W000308,29220,-36.20100904527512,98.78800773483829,28.37164404506385,2.5618982671915014e-14
1182,-35.7010575526271,98.7948703458865,28.3728312976159,A2256W000308,29221,-35.701057552627105,98.79487034588651,28.372831297615924,1.5888218580782548e-14
1183,-35.2011060599791,98.8017329569347,28.374018550168,A2256W000308,29222,-35.20110605997909,98.80173295693473,28.374018550168,2.929642751054232e-14
1184,-34.7011545673311,98.8085955679829,28.3752058027201,A2256W000308,29223,-34.70115456733107,98.80859556798295,28.375205802720075,5.123796534383003e-14
1185,-34.2012030746831,98.8154581790312,28.3763930552721,A2256W000308,29224,-34.20120307468306,98.81545817903117,28.37639305527215,5.123796534383003e-14
1186,-33.701251582035,98.8223207900794,28.3775803078242,A2256W000308,29225,-33.70125158203504,98.82232079007939,28.377580307824225,4.4938668397781776e-14
1187,-33.201300089387,98.8291834011276,28.3787675603763,A2256W000308,29226,-33.201300089387026,98.82918340112761,28.3787675603763,3.1776437161565096e-14
1188,-32.7013011954683,98.8298375620797,28.3779440596444,A2256W000308,29227,-32.701301195468254,98.82983756207972,28.37794405964439,4.4938668397781776e-14
1189,-32.2013023015495,98.8304917230318,28.3771205589125,A2256W000308,29228,-32.20130230154948,98.83049172303183,28.377120558912477,3.1776437161565096e-14
1190,-31.7013034076307,98.8311458839839,28.3762970581806,A2256W000308,29229,-31.70130340763071,98.83114588398394,28.376297058180565,4.3944641265813476e-14
1191,-31.2013045137119,98.831800044936,28.3754735574487,A2256W000308,29230,-31.20130451371194,98.83180004493605,28.375473557448654,5.783398860650275e-14
1192,-30.7013056197932,98.8324542058882,28.3746500567167,A2256W000308,29231,-30.701305619793168,98.83245420588815,28.374650056716742,5.3290705182007514e-14
1193,-30.2013067258744,98.8331083668403,28.3738265559848,A2256W000308,29232,-30.201306725874396,98.83310836684026,28.37382655598483,4.2780337774645346e-14
1194,-29.7013078319556,98.8337625277924,28.3730030552529,A2256W000308,29233,-29.701307831955624,98.83376252779237,28.37300305525292,3.776586443654626e-14
1195,-29.2013089380369,98.8344166887445,28.372179554521,A2256W000308,29234,-29.201308938036853,98.83441668874448,28.372179554521008,4.832213032818602e-14
1196,-28.7013100441181,98.8350708496966,28.3713560537891,A2256W000308,29235,-28.70131004411808,98.83507084969659,28.371356053789096,2.2748467065386707e-14
1197,-28.2013111501993,98.8357250106487,28.3705325530572,A2256W000308,29236,-28.20131115019931,98.8357250106487,28.370532553057185,1.0658141036401503e-14
1198,-27.701315047749,98.8376894193706,28.3703360005222,A2256W000308,29237,-27.701315047749027,98.83768941937063,28.37033600052223,4.0194366942304644e-14
1199,-27.2013189452987,98.8396538280926,28.3701394479873,A2256W000308,29238,-27.201318945298745,98.83965382809257,28.370139447987274,5.422982071392023e-14
1200,-26.7013228428485,98.8416182368145,28.3699428954523,A2256W000308,29239,-26.701322842848462,98.8416182368145,28.36994289545232,3.907985046680551e-14
1201,-26.2013267403982,98.8435826455364,28.3697463429174,A2256W000308,29240,-26.20132674039818,98.84358264553643,28.369746342917363,3.552713678800501e-14
1202,-25.7013306379479,98.8455470542584,28.3695497903824,A2256W000308,29241,-25.701330637947898,98.84554705425836,28.369549790382408,4.2780337774645346e-14
1203,-25.2013345354976,98.8475114629803,28.3693532378475,A2256W000308,29242,-25.201334535497615,98.8475114629803,28.369353237847452,1.4210854715202004e-14
1204,-24.7013384330473,98.8494758717022,28.3691566853125,A2256W000308,29243,-24.701338433047333,98.84947587170223,28.369156685312497,4.2780337774645346e-14
1205,-24.2013423305971,98.8514402804242,28.3689601327775,A2256W000308,29244,-24.20134233059705,98.85144028042416,28.36896013277754,6.550880341146756e-14
1206,-23.7013462281468,98.8534046891461,28.3687635802426,A2256W000308,29245,-23.701346228146768,98.85340468914609,28.368763580242586,3.499017183300205e-14
1207,-23.2013501256965,98.855369097868,28.3685670277076,A2256W000308,29246,-23.201350125696486,98.85536909786802,28.36856702770763,2.0097183471152322e-14
1208,-22.7013665896976,98.8594142552527,28.3688839373797,A2256W000308,29247,-22.701366589697557,98.85941425525269,28.36888393737974,4.4938668397781776e-14
1209,-22.2013830536986,98.8634594126374,28.3692008470518,A2256W000308,29248,-22.201383053698628,98.86345941263735,28.369200847051847,5.123796534383003e-14
1210,-21.7013995176997,98.867504570022,28.369517756724,A2256W000308,29249,-21.7013995176997,98.86750457002202,28.369517756723955,1.4210854715202004e-14
1211,-21.2014159817008,98.8715497274067,28.3698346663961,A2256W000308,29250,-21.20141598170077,98.87154972740669,28.369834666396063,3.499017183300205e-14
1212,-20.7014324457018,98.8755948847914,28.3701515760682,A2256W000308,29251,-20.70143244570184,98.87559488479135,28.37015157606817,5.783398860650275e-14
1213,-20.2014489097029,98.879640042176,28.3704684857403,A2256W000308,29252,-20.20144890970291,98.87964004217602,28.37046848574028,1.7763568394002505e-14
1214,-19.701465373704,98.8836851995607,28.3707853954124,A2256W000308,29253,-19.701465373703982,98.88368519956069,28.370785395412387,2.2748467065386707e-14
1215,-19.2014922596895,98.8888619479352,28.37107957044,A2256W000308,29254,-19.20149225968952,98.8888619479352,28.37107957044004,2.1316282072803006e-14
1216,-18.7015191456751,98.8940386963097,28.3713737454677,A2256W000308,29255,-18.701519145675057,98.8940386963097,28.37137374546769,4.263256414560601e-14
1217,-18.2015460316606,98.8992154446842,28.3716679204953,A2256W000308,29256,-18.201546031660595,98.89921544468422,28.37166792049534,1.5888218580782548e-14
1218,-17.7015729176461,98.9043921930587,28.371962095523,A2256W000308,29257,-17.701572917646132,98.90439219305873,28.371962095522992,4.2780337774645346e-14
1219,-17.2015998036317,98.9095689414332,28.3722562705506,A2256W000308,29258,-17.20159980363167,98.90956894143324,28.372256270550643,4.2780337774645346e-14
1220,-16.7016266896172,98.9147456898077,28.3725504455783,A2256W000308,29259,-16.701626689617207,98.91474568980775,28.372550445578295,4.322062729257126e-14
1221,-16.2016320316138,98.9169780015836,28.3731494047937,A2256W000308,29260,-16.20163203161375,98.9169780015836,28.373149404793693,4.973799150320701e-14
1222,-15.7016373736103,98.9192103133595,28.3737483640091,A2256W000308,29261,-15.701637373610295,98.91921031335946,28.373748364009092,4.296434007659337e-14
1223,-15.2016427156068,98.9214426251353,28.3743473232245,A2256W000308,29262,-15.201642715606837,98.92144262513531,28.37434732322449,3.9918655144511616e-14
1224,-14.7016480576034,98.9236749369112,28.3749462824399,A2256W000308,29263,-14.70164805760338,98.92367493691117,28.37494628243989,3.449061096984636e-14
1225,-14.2016533995999,98.925907248687,28.3755452416553,A2256W000308,29264,-14.201653399599923,98.92590724868703,28.37554524165529,3.66205343881779e-14
1226,-13.7016587415965,98.9281395604629,28.3761442008707,A2256W000308,29265,-13.701658741596466,98.92813956046288,28.376144200870687,3.66205343881779e-14
1227,-13.201664083593,98.9303718722387,28.3767431600861,A2256W000308,29266,-13.201664083593009,98.93037187223874,28.376743160086086,4.354792321283889e-14
1228,-12.7016693258992,98.9325810937441,28.3773445077944,A2256W000308,29267,-12.701669325899218,98.9325810937441,28.37734450779437,1.7763568394002505e-14
1229,-12.6932215605048,98.9326184201054,28.3773546679896,A2256W000297,26202,-12.693221560504753,98.93261842010543,28.377354667989614,5.422982071392023e-14
1230,-12.1935108021396,98.9496097187557,28.378028273463,A2256W000083,40255,-12.193510802139633,98.94960971875568,28.37802827346305,3.499017183300205e-14
1231,-11.6938000437745,98.9666010174059,28.3787018789365,A2256W000083,40256,-11.693800043774512,98.96660101740594,28.378701878936482,3.102273850532274e-14
1232,-11.1940892854094,98.9835923160562,28.3793754844099,A2256W000083,40257,-11.194089285409392,98.98359231605619,28.379375484409916,1.5888218580782548e-14
1233,-10.696459084371,99.0322095660117,28.3801144169332,A2256W000083,40258,-10.696459084371018,99.03220956601167,28.380114416933157,3.351623381340333e-14
1234,-10.1988288833326,99.0808268159672,28.3808533494564,A2256W000083,40259,-10.198828883332643,99.08082681596716,28.380853349456398,6.029155041345696e-14
1235,-9.70119868229427,99.1294440659226,28.3815922819796,A2256W000083,40260,-9.701198682294269,99.12944406592264,28.38159228197964,4.266955553143359e-14
1236,-9.20854320400124,99.2148251000638,28.3824038957183,A2256W000083,40261,-9.208543204001243,99.21482510006378,28.382403895718294,2.864289338439558e-14
1237,-8.71588772570822,99.3002061342049,28.3832155094569,A2256W000083,40262,-8.715887725708217,99.30020613420491,28.38321550945695,1.432144669219779e-14
1238,-8.23283064321647,99.4292499399283,28.3850999878954,A2256W000083,40263,-8.23283064321647,99.42924993992831,28.38509998789535,1.4210854715202004e-14
1239,-7.74977356072472,99.5582937456517,28.3869844663338,A2256W000083,40264,-7.749773560724724,99.55829374565171,28.386984466333754,1.464821375527116e-14
1240,-7.26671647823298,99.6873375513751,28.3888689447722,A2256W000083,40265,-7.266716478232977,99.68733755137511,28.388868944772156,1.4458497151625688e-14
1241,-6.79565057145941,99.8549304280753,28.3919574970136,A2256W000083,40266,-6.795650571459413,99.85493042807532,28.39195749701359,1.464821375527116e-14
1242,-6.32458466468585,100.022523304776,28.395046049255,A2256W000083,40267,-6.324584664685849,100.02252330477553,28.395046049255022,4.689590466789608e-13
1243,-5.8703103607964,100.231381379739,28.3986739065381,A2256W000083,40268,-5.870310360796399,100.23138137973862,28.39867390653805,3.836941052933591e-13
1244,-5.41603605690695,100.440239454702,28.4023017638211,A2256W000083,40269,-5.416036056906949,100.44023945470171,28.40230176382108,2.8422264536495416e-13
1245,-4.9617617530175,100.649097529665,28.4059296211041,A2256W000083,40270,-4.961761753017498,100.6490975296648,28.405929621104107,1.98959896019249e-13
1246,-4.52640646752507,100.894963637343,28.4098834153306,A2256W000083,40271,-4.526406467525072,100.8949636373434,28.409883415330615,3.9790789708813125e-13
1247,-4.09105118203265,101.140829745022,28.4138372095571,A2256W000083,40272,-4.091051182032645,101.14082974502199,28.413837209557123,1.4888583356622763e-14
1248,-3.67861360399983,101.423475401261,28.4164212443658,A2256W000083,40273,-3.6786136039998336,101.42347540126056,28.416421244365793,4.4055082139673284e-13
1249,-3.26617602596702,101.706121057499,28.4190052791745,A2256W000083,40274,-3.266176025967022,101.70612105749913,28.419005279174463,1.2791696568993705e-13
1250,-2.87024146557705,102.011462454643,28.4205721484109,A2256W000083,40275,-2.870241465577052,102.01146245464273,28.420572148410912,2.700153695580358e-13
1251,-2.47430690518708,102.316803851786,28.4221390176474,A2256W000083,40276,-2.474306905187082,102.31680385178632,28.42213901764736,3.1264668874171987e-13
1252,-2.10534543782724,102.654245794769,28.4227478852488,A2256W000083,40277,-2.1053454378272374,102.65424579476898,28.42274788524875,1.4458497151625688e-14
1253,-1.73638397046739,102.991687737752,28.4233567528501,A2256W000083,40278,-1.7363839704673925,102.99168773775165,28.42335675285014,3.552797638424649e-13
1254,-1.36742250310755,103.329129680734,28.4239656204515,A2256W000083,40279,-1.3674225031075475,103.32912968073431,28.42396562045153,3.126483445679826e-13
1255,-1.02570922477327,103.694139291396,28.4238258534645,A2256W000083,40280,-1.025709224773268,103.69413929139577,28.42382585346446,2.273824573112379e-13
1256,-0.683995946438988,104.059148902057,28.4236860864774,A2256W000083,40281,-0.6839959464389884,104.05914890205723,28.423686086477392,2.2737410912368746e-13
1257,-0.37665899510376,104.453539466346,28.4234012281407,A2256W000083,40282,-0.37665899510376044,104.4535394663456,28.423401228140705,3.9790417984321836e-13
1258,-0.0693220437685325,104.847930030634,28.423116369804,A2256W000083,40283,-0.06932204376853246,104.84793003063398,28.423116369804017,2.842173992357375e-14
1259,0.238014907566696,105.242320594922,28.4228315114673,A2256W000083,40284,0.23801490756669552,105.24232059492235,28.42283151146733,3.410608395547209e-13
1260,0.512456493192723,105.66027007223,28.4226067944718,A2256W000083,40285,0.5124564931927229,105.66027007222952,28.422606794471758,4.831690730721876e-13
1261,0.78689807881875,106.078219549537,28.4223820774762,A2256W000083,40286,0.7868980788187503,106.0782195495367,28.422382077476186,2.9842813488241377e-13
1262,1.02302771202068,106.51894910499,28.4218768314512,A2256W000083,40287,1.0230277120206774,106.51894910499036,28.42187683145124,3.5528135974676306e-13
1263,1.2591573452226,106.959678660444,28.4213715854263,A2256W000083,40288,1.2591573452226048,106.95967866044401,28.421371585426293,1.502702346173435e-14
1264,1.49528697842453,107.400408215898,28.4208663394013,A2256W000083,40289,1.4952869784245322,107.40040821589767,28.420866339401346,3.2685720063860906e-13
1265,1.69399167883816,107.85922816899,28.4200340666225,A2256W000083,40290,1.693991678838163,107.8592281689899,28.420034066622534,9.952454341106685e-14
1266,1.89269637925179,108.318048122082,28.4192017938437,A2256W000083,40291,1.892696379251794,108.31804812208213,28.419201793843722,1.2796012724280023e-13
1267,2.05092346626078,108.792352006465,28.419320939721,A2256W000083,40292,2.050923466260783,108.79235200646525,28.41932093972101,2.558142733874335e-13
1268,2.20915055326977,109.266655890848,28.4194400855983,A2256W000083,40293,2.209150553269772,109.26665589084837,28.4194400855983,3.6948649265913403e-13
1269,2.34051885514958,109.749088980804,28.4202665096388,A2256W000083,40294,2.340518855149582,109.7490889808044,28.42026650963884,3.979101274184104e-13
1270,2.47188715702939,110.23152207076,28.4210929336794,A2256W000083,40295,2.4718871570293923,110.23152207076043,28.42109293367938,4.405420920179025e-13
1271,2.54559127602335,110.726058897869,28.4221075650728,A2256W000083,40296,2.54559127602335,110.72605889786885,28.42210756507277,1.4210854715202004e-13
1272,2.61929539501731,111.220595724977,28.4231221964662,A2256W000083,40297,2.6192953950173075,111.22059572497727,28.423122196466164,2.700193866466851e-13
1273,2.69299951401127,111.715132552086,28.4241368278596,A2256W000083,40298,2.692999514011265,111.71513255208569,28.424136827859556,3.1267696532185926e-13
1274,2.76670363300522,112.209669379194,28.4251514592529,A2256W000083,40299,2.7667036330052226,112.20966937919411,28.425151459252948,1.1371805845725668e-13
1275,2.79157389540156,112.709049521609,28.4261227523543,A2256W000083,40300,2.7915738954015583,112.70904952160873,28.426122752354335,2.700120828046884e-13
1276,2.81644415779789,113.208429664023,28.4270940454557,A2256W000083,40301,2.816444157797894,113.20842966402336,28.42709404545572,3.5529384918499874e-13
1277,2.84131442019423,113.707809806438,28.4280653385571,A2256W000083,40302,2.8413144201942298,113.70780980643798,28.428065338557108,1.4217791915866692e-14
1278,2.86618468259057,114.207189948853,28.4290366316585,A2256W000083,40303,2.8661846825905655,114.2071899488526,28.429036631658494,3.97928713017933e-13
1279,2.8910549449869,114.706570091267,28.4300079247599,A2256W000083,40304,2.891054944986901,114.70657009126722,28.43000792475988,2.2737757853755275e-13
1280,2.90278904745355,114.942183920648,28.4304661930562,A2256W000300,26337,2.9027890474535525,114.94218392064795,28.430466193056173,5.690583463874556e-14
1281,2.89021305125117,115.442025556032,28.4308949776,A2256W000304,28211,2.890213051251172,115.44202555603194,28.430894977600037,5.687116766346677e-14
1282,2.87763705504879,115.941867191416,28.4313237621439,A2256W000304,28212,2.8776370550487913,115.94186719141592,28.4313237621439,7.106676248747528e-14
1283,2.86506105884641,116.4417088268,28.4317525466878,A2256W000304,28213,2.8650610588464107,116.44170882679991,28.431752546687765,8.526975409500174e-14
1284,2.85248506264403,116.941550462184,28.4321813312316,A2256W000304,28214,2.85248506264403,116.9415504621839,28.43218133123163,9.947598300641403e-14
1285,2.83990906644165,117.441392097568,28.4326101157755,A2256W000304,28215,2.8399090664416495,117.44139209756788,28.432610115775493,1.1368770508004532e-13
1286,2.80491028148032,117.940161370463,28.4346831490224,A2256W000304,28216,2.8049102814803244,117.94016137046307,28.434683149022405,7.119291619286993e-14
1287,2.769911496519,118.438930643358,28.4367561822693,A2256W000304,28217,2.7699114965189993,118.43893064335826,28.436756182269317,2.5579692684541155e-13
1288,2.73491271155767,118.937699916253,28.4388292155162,A2256W000304,28218,2.734912711557674,118.93769991625345,28.43882921551623,4.547649146224758e-13
1289,2.69991392659635,119.436469189149,28.4409022487631,A2256W000304,28219,2.699913926596349,119.43646918914864,28.44090224876314,3.5527247810134e-13
1290,2.66491514163502,119.935238462044,28.4429752820101,A2256W000304,28220,2.664915141635024,119.93523846204383,28.442975282010053,1.7057708768588501e-13
1291,2.6299163566737,120.434007734939,28.445048315257,A2256W000304,28221,2.6299163566736987,120.43400773493902,28.445048315256965,1.4273168140722167e-14
1292,2.58668802642495,120.932130541487,28.4472801442229,A2256W000304,28222,2.586688026424948,120.93213054148713,28.44728014422287,1.2791002765336182e-13
1293,2.5434596961762,121.430253348035,28.4495119731888,A2256W000304,28223,2.5434596961761975,121.43025334803524,28.449511973188773,2.4159922383985077e-13
1294,2.50023136592745,121.928376154583,28.4517438021547,A2256W000304,28224,2.500231365927447,121.92837615458335,28.451743802154677,3.4107467977901625e-13
1295,2.4570030356787,122.426498961131,28.4539756311206,A2256W000304,28225,2.4570030356786963,122.42649896113146,28.45397563112058,4.547612284625202e-13
1296,2.41377470542995,122.92462176768,28.4562074600865,A2256W000304,28226,2.4137747054299457,122.92462176767957,28.456207460086485,4.2634877047500867e-13
1297,2.35604445891843,123.421277691475,28.45654211964,A2256W000304,28227,2.356044458918434,123.4212776914746,28.456542119640044,3.9792400474815376e-13
1298,2.29831421240692,123.91793361527,28.4568767791936,A2256W000304,28228,2.2983142124069227,123.91793361526963,28.456876779193603,3.6949183016959173e-13
1299,2.24058396589541,124.414589539065,28.4572114387472,A2256W000304,28229,2.240583965895411,124.41458953906466,28.457211438747162,3.4106311524013594e-13
1300,2.1828537193839,124.91124546286,28.4575460983007,A2256W000304,28230,2.1828537193838997,124.9112454628597,28.45754609830072,2.984282794425784e-13
1301,2.11982395578261,125.40725500728,28.4562116529658,A2256W000304,28231,2.1198239557826124,125.40725500727997,28.45621165296582,2.8508313657667433e-14
1302,2.05679419218133,125.9032645517,28.4548772076309,A2256W000304,28232,2.056794192181325,125.90326455170025,28.45487720763092,2.416339137088465e-13
1303,1.99376442858004,126.399274096121,28.453542762296,A2256W000304,28233,1.9937644285800378,126.39927409612052,28.453542762296017,4.831741624178005e-13
1304,1.93073466497875,126.895283640541,28.4522083169611,A2256W000304,28234,1.9307346649787505,126.8952836405408,28.452208316961116,1.9895246164748954e-13
1305,1.85369687522789,127.389311396266,28.4508833551836,A2256W000304,28235,1.853696875227889,127.38931139626571,28.450883355183578,2.8421848207943275e-13
1306,1.77665908547703,127.883339151991,28.449558393406,A2256W000304,28236,1.7766590854770277,127.88333915199063,28.44955839340604,3.6949029564323224e-13
1307,1.69962129572617,128.377366907716,28.4482334316285,A2256W000304,28237,1.6996212957261663,128.37736690771553,28.448233431628502,4.831838052414277e-13
1308,1.6225835059753,128.87139466344,28.446908469851,A2256W000304,28238,1.6225835059753049,128.87139466344044,28.446908469850964,4.547735878221599e-13
1309,1.54554571622444,129.365422419165,28.4455835080734,A2256W000304,28239,1.5455457162244435,129.36542241916536,28.445583508073426,3.6949930255470167e-13
1310,1.44428756237565,129.855061728491,28.4452187580287,A2256W000304,28240,1.4442875623756517,129.85506172849063,28.44521875802871,3.6948649265913403e-13
1311,1.34302940852686,130.344701037816,28.444854007984,A2256W000304,28241,1.34302940852686,130.3447010378159,28.44485400798399,1.1368683772161603e-13
1312,1.24177125467807,130.834340347141,28.4444892579393,A2256W000304,28242,1.2417712546780681,130.83434034714116,28.444489257939274,1.7053950819000348e-13
1313,1.14051310082928,131.323979656466,28.4441245078946,A2256W000304,28243,1.1405131008292764,131.32397965646643,28.444124507894557,4.263404441727346e-13
1314,1.0257895930956,131.810640162864,28.4443858245423,A2256W000304,28244,1.025789593095599,131.81064016286376,28.44438582454232,2.273763859325076e-13
1315,0.911066085361922,132.297300669261,28.4446471411901,A2256W000304,28245,0.9110660853619216,132.2973006692611,28.44464714119008,8.526628476568654e-14
1316,0.796342577628244,132.783961175658,28.4449084578378,A2256W000304,28246,0.7963425776282442,132.78396117565842,28.444908457837844,4.263256992801721e-13
1317,0.681619069894567,133.270621682056,28.4451697744856,A2256W000304,28247,0.6816190698945669,133.27062168205575,28.445169774485606,2.5579540896701654e-13
1318,0.558697962798588,133.755276041507,28.4459136124138,A2256W000304,28248,0.5586979627985883,133.75527604150733,28.445913612413772,3.410606757951352e-13
1319,0.43577685570261,134.239930400959,28.4466574503419,A2256W000304,28249,0.4357768557026097,134.2399304009589,28.446657450341938,8.52655800409205e-14
1320,0.312855748606631,134.72458476041,28.4474012882701,A2256W000304,28250,0.3128557486066311,134.7245847604105,28.447401288270104,4.831690730721876e-13
1321,0.189934641510653,135.209239119862,28.4481451261983,A2256W000304,28251,0.18993464151065254,135.20923911986208,28.44814512619827,8.5266433841333e-14
1322,0.067013534414674,135.693893479314,28.4488889641264,A2256W000304,28252,0.06701353441467396,135.69389347931366,28.448888964126436,3.4106051570594693e-13
1323,-0.0559075726813046,136.178547838765,28.4496328020546,A2256W000304,28253,-0.05590757268130461,136.17854783876524,28.4496328020546,2.2737367586674853e-13
1324,-0.201319804822349,136.656934422489,28.4508815042916,A2256W000304,28254,-0.2013198048223489,136.65693442248858,28.450881504291644,4.263256559120888e-13
1325,-0.346732036963393,137.135321006212,28.4521302065287,A2256W000304,28255,-0.34673203696339316,137.1353210062119,28.452130206528686,8.52652909213828e-14
1326,-0.492144269104437,137.613707589935,28.4533789087657,A2256W000304,28256,-0.4921442691044374,137.61370758993525,28.45337890876573,2.557957703674514e-13
1327,-0.637556501245482,138.092094173659,28.4546276110028,A2256W000304,28257,-0.6375565012454817,138.09209417365858,28.45462761100277,4.2632577156030094e-13
1328,-0.782968733386526,138.570480757382,28.4558763132398,A2256W000304,28258,-0.782968733386526,138.57048075738192,28.455876313239813,8.526512829121202e-14
1329,-0.92838096552757,139.048867341105,28.4571250154769,A2256W000304,28259,-0.9283809655275702,139.04886734110525,28.457125015476855,2.5579548124714435e-13
1330,-1.0994553030436,139.518687391651,28.4554845432769,A2256W000304,28260,-1.0994553030436016,139.5186873916506,28.45548454327689,4.263284748283222e-13
1331,-1.27052964055963,139.988507442196,28.4538440710769,A2256W000304,28261,-1.270529640559633,139.98850744219592,28.453844071076922,8.531397567707322e-14
1332,-1.44160397807566,140.458327492741,28.452203598877,A2256W000304,28262,-1.4416039780756642,140.45832749274126,28.452203598876956,2.558301733510448e-13
1333,-1.6126783155917,140.928147543287,28.450563126677,A2256W000304,28263,-1.6126783155916955,140.9281475432866,28.45056312667699,3.97928713017933e-13
1334,-1.79945291267413,141.391946457884,28.4529749108791,A2256W000304,28264,-1.7994529126741254,141.39194645788393,28.452974910879078,5.703435146019826e-14
1335,-1.98622750975656,141.855745372481,28.4553866950812,A2256W000304,28265,-1.9862275097565554,141.85574537248127,28.455386695081167,2.558378820686095e-13
1336,-2.17300210683899,142.319544287079,28.4577984792833,A2256W000304,28266,-2.1730021068389855,142.3195442870786,28.457798479283255,3.97928713017933e-13
1337,-2.35977670392142,142.783343201676,28.4602102634853,A2256W000304,28267,-2.3597767039214155,142.78334320167593,28.460210263485344,5.701662731533487e-14
1338,-2.54655130100385,143.247142116273,28.4626220476874,A2256W000304,28268,-2.5465513010038454,143.24714211627327,28.462622047687432,2.558339313798741e-13
1339,-2.73332589808628,143.710941030871,28.4650338318895,A2256W000304,28269,-2.7333258980862754,143.7109410308706,28.46503383188952,3.97928713017933e-13
1340,-2.93862061170734,144.166851181294,28.4651575246947,A2256W000304,28270,-2.938620611707339,144.16685118129428,28.46515752469474,2.8422021678914463e-13
1341,-3.1439153253284,144.622761331718,28.4652812175,A2256W000304,28271,-3.1439153253284022,144.62276133171795,28.465281217499957,5.688677041670493e-14
1342,-3.34921003894947,145.078671482142,28.4654049103052,A2256W000304,28272,-3.3492100389494657,145.07867148214163,28.465404910305175,3.695089096849465e-13
1343,-3.55889117664143,145.532580812478,28.4650303042066,A2256W000304,28273,-3.558891176641432,145.53258081247807,28.46503030420664,8.529403544899535e-14
1344,-3.7685723143334,145.986490142815,28.4646556981081,A2256W000304,28274,-3.7685723143333987,145.98649014281452,28.464655698108103,4.831708970794103e-13
1345,-3.97825345202537,146.440399473151,28.4642810920096,A2256W000304,28275,-3.978253452025365,146.44039947315096,28.464281092009568,2.8838457124632236e-14
1346,-4.18793458971733,146.894308803487,28.463906485911,A2256W000304,28276,-4.187934589717331,146.8943088034874,28.463906485911032,3.979049232949791e-13
1347,-4.3976157274093,147.348218133824,28.4635318798125,A2256W000304,28277,-4.397615727409297,147.34821813382385,28.463531879812496,1.4213352497495056e-13
1348,-4.62529245045873,147.793372801064,28.4627368857135,A2256W000304,28278,-4.625292450458729,147.79337280106418,28.462736885713532,1.705325695313731e-13
1349,-4.85296917350816,148.238527468305,28.4619418916146,A2256W000304,28279,-4.852969173508161,148.2385274683045,28.46194189161457,4.831698766566378e-13
1350,-5.08064589655759,148.683682135545,28.4611468975156,A2256W000304,28280,-5.080645896557592,148.68368213554484,28.461146897515604,1.7055107199374142e-13
1351,-5.30832261960702,149.128836802785,28.4603519034166,A2256W000304,28281,-5.308322619607024,149.12883680278517,28.46035190341664,1.705672600018858e-13
1352,-5.54924376866471,149.566965626803,28.4599865252774,A2256W000304,28282,-5.5492437686647085,149.56696562680335,28.45998652527744,3.410651390627462e-13
1353,-5.79016491772239,150.005094450822,28.4596211471382,A2256W000304,28283,-5.790164917722393,150.00509445082153,28.45962114713824,4.831764073251429e-13
1354,-6.03108606678008,150.44322327484,28.459255768999,A2256W000304,28284,-6.031086066780078,150.4432232748397,28.45925576899904,2.8422958403864047e-13
1355,-6.27200721583776,150.881352098858,28.4588903908598,A2256W000304,28285,-6.272007215837762,150.8813520988579,28.45889039085984,1.1370071466249427e-13
1356,-6.51292836489545,151.319480922876,28.4585250127206,A2256W000304,28286,-6.512928364895447,151.31948092287607,28.45852501272064,5.695433295429594e-14
1357,-6.76242123513791,151.752785784079,28.4580722920135,A2256W000304,28287,-6.762421235137912,151.75278578407907,28.45807229201349,5.687116766346677e-14
1358,-7.01191410538038,152.186090645282,28.4576195713063,A2256W000304,28288,-7.011914105380376,152.18609064528206,28.457619571306342,5.695433295429594e-14
1359,-7.26140697562284,152.619395506485,28.4571668505992,A2256W000304,28289,-7.261406975622841,152.61939550648506,28.457166850599194,5.685035733124713e-14
1360,-7.51089984586531,153.052700367688,28.456714129892,A2256W000304,28290,-7.510899845865306,153.05270036768806,28.456714129892045,5.695433295429594e-14
1361,-7.76039271610777,153.486005228891,28.4562614091849,A2256W000304,28291,-7.760392716107771,153.48600522889106,28.456261409184897,5.685035733124713e-14
1362,-8.00988558635024,153.919310090094,28.4558086884777,A2256W000304,28292,-8.009885586350237,153.91931009009406,28.45580868847775,5.695433295429594e-14
1363,-8.27413115493164,154.343779224467,28.4553255221377,A2256W000304,28293,-8.274131154931643,154.34377922446708,28.455325522137723,8.533911106286719e-14
1364,-8.53837672351305,154.76824835884,28.4548423557977,A2256W000304,28294,-8.53837672351305,154.7682483588401,28.454842355797698,1.1368683772161603e-13
1365,-8.80262229209446,155.192717493213,28.4543591894577,A2256W000304,28295,-8.802622292094457,155.19271749321314,28.454359189457673,1.4215294913627869e-13
1366,-9.06686786067586,155.617186627586,28.4538760231176,A2256W000304,28296,-9.066867860675863,155.61718662758616,28.453876023117648,1.705672600018858e-13
1367,-9.33111342925727,156.041655761959,28.4533928567776,A2256W000304,28297,-9.33111342925727,156.0416557619592,28.453392856777622,1.9895196601282805e-13
1368,-9.59535899783868,156.466124896332,28.4529096904376,A2256W000304,28298,-9.595358997838677,156.46612489633222,28.452909690437597,2.2740142932498854e-13
1369,-9.87568120249541,156.880153187091,28.4527198805491,A2256W000304,28299,-9.87568120249541,156.88015318709094,28.452719880549072,5.684341886080802e-14
1370,-10.1560034071521,157.29418147785,28.4525300706605,A2256W000304,28300,-10.156003407152145,157.29418147784966,28.452530070660547,3.4393956722558403e-13
1371,-10.4363256118089,157.708209768608,28.452340260772,A2256W000304,28301,-10.43632561180888,157.70820976860838,28.452340260772022,3.984744947959471e-13
1372,-10.7166478164656,158.122238059367,28.4521504508835,A2256W000304,28302,-10.716647816465613,158.1222380593671,28.452150450883497,1.1457157353758233e-13
1373,-10.9969700211223,158.536266350126,28.451960640995,A2256W000304,28303,-10.996970021122348,158.53626635012583,28.451960640994972,1.7714651227075247e-13
1374,-11.2772922257791,158.950294640885,28.4517708311064,A2256W000304,28304,-11.277292225779082,158.95029464088455,28.451770831106447,4.550941633336394e-13
1375,-11.5576144304358,159.364322931643,28.4515810212179,A2256W000304,28305,-11.557614430435816,159.36432293164327,28.451581021217923,2.8466637951806537e-13
1376,-11.8483771491878,159.771087040781,28.4516110433831,A2256W000304,28306,-11.848377149187817,159.771087040781,28.45161104338311,1.7763568394002505e-14
1377,-12.1391398679398,160.177851149919,28.4516410655483,A2256W000304,28307,-12.139139867939818,160.17785114991872,28.451641065548298,2.847716647714797e-13
1378,-12.4299025866918,160.584615259056,28.4516710877135,A2256W000304,28308,-12.429902586691819,160.58461525905645,28.451671087713486,4.551669603743047e-13
1379,-12.7206653054438,160.991379368194,28.4517011098787,A2256W000304,28309,-12.72066530544382,160.99137936819417,28.451701109878673,1.7164608089960676e-13
1380,-13.0114280241958,161.398143477332,28.4517311320439,A2256W000304,28310,-13.011428024195821,161.3981434773319,28.45173113204386,1.156679772130055e-13
1381,-13.3021907429478,161.80490758647,28.451761154209,A2256W000304,28311,-13.302190742947822,161.80490758646962,28.45176115420905,3.70096604544455e-13
1382,-13.5929534616998,162.211671695607,28.4517911763742,A2256W000304,28312,-13.592953461699823,162.21167169560735,28.451791176374236,3.418414012553174e-13
1383,-13.9026114788953,162.604240581774,28.4505334003464,A2256W000304,28313,-13.902611478895313,162.60424058177387,28.450533400346433,1.426515191334506e-13
1384,-14.2122694960908,162.99680946794,28.4492756243186,A2256W000304,28314,-14.212269496090803,162.99680946794038,28.44927562431863,3.6949930255470167e-13
1385,-14.5219275132863,163.389378354107,28.4480178482908,A2256W000304,28315,-14.521927513286293,163.3893783541069,28.448017848290828,1.139086659085919e-13
1386,-14.8315855304818,163.781947240273,28.446760072263,A2256W000304,28316,-14.831585530481783,163.7819472402734,28.446760072263025,3.9822497417260203e-13
1387,-15.1412435476773,164.17451612644,28.4455022962352,A2256W000304,28317,-15.141243547677274,164.17451612643993,28.445502296235222,8.933150013973658e-14
1388,-15.4664758711025,164.554282793411,28.4444002719654,A2256W000304,28318,-15.466475871102487,164.55428279341052,28.44440027196539,4.833290365629905e-13
1389,-15.7917081945277,164.934049460381,28.4432982476956,A2256W000304,28319,-15.7917081945277,164.93404946038112,28.443298247695555,1.1368683772161603e-13
1390,-16.1169405179529,165.313816127352,28.4421962234257,A2256W000304,28320,-16.116940517952916,165.3138161273517,28.44219622342572,2.8457214390443806e-13
1391,-16.4421728413781,165.693582794322,28.4410941991559,A2256W000304,28321,-16.44217284137813,165.6935827943223,28.441094199155888,3.142696061245355e-13
1392,-16.7674051648033,166.073349461293,28.4399921748861,A2256W000304,28322,-16.767405164803346,166.0733494612929,28.439992174886054,9.697021187062789e-14
1393,-17.1006168613661,166.446135989302,28.4395800963519,A2256W000304,28323,-17.100616861366124,166.44613598930195,28.43958009635185,6.204547701064548e-14
1394,-17.4338285579289,166.818922517311,28.4391680178176,A2256W000304,28324,-17.4338285579289,166.818922517311,28.439168017817646,0.0
1395,-17.7670402544917,167.19170904532,28.4387559392834,A2256W000304,28325,-17.76704025449168,167.19170904532004,28.438755939283443,3.552713678800501e-14
1396,-18.1002519510545,167.564495573329,28.4383438607492,A2256W000304,28326,-18.100251951054457,167.56449557332908,28.43834386074924,9.532931148469529e-14
1397,-18.4334636476172,167.937282101338,28.437931782215,A2256W000304,28327,-18.433463647617234,167.93728210133813,28.437931782215035,1.191086668529821e-13
1398,-18.7812400784293,168.296519557963,28.4378691007905,A2256W000304,28328,-18.78124007842932,168.29651955796348,28.43786910079047,4.836390438425052e-13
1399,-19.1290165092414,168.655757014589,28.4378064193659,A2256W000304,28329,-19.129016509241406,168.65575701458883,28.437806419365902,1.7067822212573437e-13
1400,-19.4767929400535,169.014994471214,28.4377437379413,A2256W000304,28330,-19.476792940053492,169.01499447121418,28.437743737941336,1.7067822212573437e-13
1401,-19.8245693708656,169.37423192784,28.4376810565168,A2256W000304,28331,-19.82456937086558,169.37423192783953,28.43768105651677,4.552466771099645e-13
1402,-20.1723458016777,169.733469384465,28.4376183750922,A2256W000304,28332,-20.172345801677665,169.73346938446488,28.437618375092203,1.191086668529821e-13
1403,-20.5201222324898,170.09270684109,28.4375556936676,A2256W000304,28333,-20.52012223248975,170.09270684109023,28.437555693667637,2.327502010382318e-13
1404,-20.8844471028222,170.435148007114,28.4387543050562,A2256W000304,28334,-20.88444710282219,170.4351480071144,28.438754305056154,3.9804664939153777e-13
1405,-21.2487719731546,170.777589173139,28.4399529164447,A2256W000304,28335,-21.24877197315463,170.77758917313858,28.43995291644467,4.272719814472597e-13
1406,-21.6130968434871,171.120030339163,28.4411515278332,A2256W000304,28336,-21.613096843487067,171.12003033916275,28.44115152783319,2.5778604045956023e-13
1407,-21.9774217138195,171.462471505187,28.4423501392217,A2256W000304,28337,-21.977421713819506,171.46247150518693,28.442350139221706,8.556067554929069e-14
1408,-22.3417465841519,171.804912671211,28.4435487506102,A2256W000304,28338,-22.341746584151945,171.8049126712111,28.443548750610223,9.697021187062789e-14
1409,-22.7060714544844,172.147353837235,28.4447473619987,A2256W000304,28339,-22.706071454484384,172.14735383723527,28.44474736199874,2.8457214390443806e-13
1410,-23.0703963248168,172.489795003259,28.4459459733873,A2256W000304,28340,-23.070396324816823,172.48979500325945,28.445945973387257,4.552466771099645e-13
1411,-23.4347211951493,172.832236169284,28.4471445847758,A2256W000304,28341,-23.43472119514926,172.83223616928362,28.447144584775774,3.7154319738953005e-13
1412,-23.7990460654817,173.174677335308,28.4483431961643,A2256W000304,28342,-23.7990460654817,173.1746773353078,28.44834319616429,1.9895196601282805e-13
1413,-24.1754496975095,173.503795933606,28.4494630402114,A2256W000304,28343,-24.175449697509507,173.50379593360572,28.449463040211356,2.8430589827255737e-13
1414,-24.5518533295373,173.832914531904,28.4505828842584,A2256W000304,28344,-24.551853329537312,173.83291453190364,28.45058288425842,3.697554072703522e-13
1415,-24.9282569615651,174.162033130202,28.4517027283055,A2256W000304,28345,-24.92825696156512,174.16203313020156,28.451702728305484,4.2669555531433594e-13
1416,-25.3046605935929,174.491151728499,28.4528225723525,A2256W000304,28346,-25.304660593592924,174.4911517284995,28.45282257235255,4.838086479148327e-13
1417,-25.6810642256207,174.820270326797,28.4539424163996,A2256W000304,28347,-25.68106422562073,174.8202703267974,28.453942416399613,4.275230008971302e-13
1418,-26.0574678576485,175.149388925095,28.4550622604467,A2256W000304,28348,-26.057467857648536,175.14938892509534,28.455062260446677,3.429058924670487e-13
1419,-26.4477478769624,175.461926933078,28.4562870422826,A2256W000304,28349,-26.447747876962353,175.46192693307813,28.456287042282614,1.4942529592199414e-13
1420,-26.8380278962762,175.774464941061,28.4575118241186,A2256W000304,28350,-26.83802789627617,175.77446494106093,28.45751182411855,8.987733679556355e-14
1421,-27.22830791559,176.087002949044,28.4587366059545,A2256W000304,28351,-27.228307915589987,176.08700294904372,28.45873660595449,2.8457214390443806e-13
1422,-27.6185879349038,176.399540957027,28.4599613877904,A2256W000304,28352,-27.618587934903804,176.39954095702652,28.459961387790425,4.831821215876772e-13
1423,-28.0088679542176,176.712078965009,28.4611861696264,A2256W000304,28353,-28.00886795421762,176.7120789650093,28.461186169626362,3.1336465257254453e-13
1424,-28.3991479735314,177.024616972992,28.4624109514623,A2256W000304,28354,-28.399147973531438,177.0246169729921,28.4624109514623,1.202161876938748e-13
1425,-28.7995952642909,177.324019554348,28.462659146587,A2256W000304,28355,-28.799595264290893,177.32401955434804,28.462659146586986,2.929642751054232e-14
1426,-29.2000425550503,177.623422135704,28.4629073417117,A2256W000304,28356,-29.20004255505035,177.62342213570398,28.462907341711674,5.728578676879116e-14
1427,-29.6004898458098,177.92282471706,28.4631555368364,A2256W000304,28357,-29.600489845809804,177.9228247170599,28.46315553683636,8.533911106286719e-14
1428,-30.0009371365693,178.222227298416,28.463403731961,A2256W000304,28358,-30.00093713656926,178.22222729841585,28.463403731961048,1.4738410323425584e-13
1429,-30.4013844273287,178.521629879772,28.4636519270857,A2256W000304,28359,-30.401384427328715,178.52162987977178,28.463651927085735,2.278173318171838e-13
1430,-30.8018317180882,178.821032461128,28.4639001222104,A2256W000304,28360,-30.80183171808817,178.82103246112771,28.463900122210422,2.8563464471519893e-13
1431,-31.2148076074752,179.102902517015,28.4643318386848,A2256W000304,28361,-31.214807607475183,179.102902517015,28.4643318386848,1.7763568394002505e-14
1432,-31.6277834968622,179.384772572902,28.4647635551592,A2256W000304,28362,-31.627783496862197,179.38477257290228,28.464763555159177,2.842392978972386e-13
1433,-32.0407593862492,179.66664262879,28.4651952716336,A2256W000304,28363,-32.040759386249206,179.66664262878956,28.465195271633554,4.2638484923934065e-13
1434,-32.4537352756362,179.948512684677,28.4656269881079,A2256W000304,28364,-32.45373527563622,179.94851268467684,28.465626988107932,1.718573603063735e-13
1435,-32.8667111650232,180.230382740564,28.4660587045823,A2256W000304,28365,-32.86671116502323,180.23038274056412,28.46605870458231,1.191086668529821e-13
1436,-33.2796870544102,180.512252796451,28.4664904210567,A2256W000304,28366,-33.279687054410246,180.5122527964514,28.466490421056687,4.001813022207649e-13
1437,-33.6926629437973,180.794122852339,28.4669221375311,A2256W000304,28367,-33.69266294379726,180.7941228523387,28.466922137531064,3.1553218080907923e-13
1438,-34.1056388331843,181.075992908226,28.4673538540054,A2256W000304,28368,-34.10563883318427,181.07599290822597,28.46735385400544,4.0194366942304644e-14
1439,-34.5317456030622,181.337589843322,28.4676072563911,A2256W000304,28369,-34.53174560306224,181.33758984332155,28.46760725639105,4.567413805031093e-13
1440,-34.9578523729402,181.599186778417,28.4678606587767,A2256W000304,28370,-34.95785237294021,181.59918677841713,28.46786065877666,1.4228607195221903e-13
1441,-35.3839591428182,181.860783713513,28.4681140611623,A2256W000304,28371,-35.38395914281818,181.86078371351272,28.46811406116227,2.850153339314201e-13
1442,-35.8100659126961,182.122380648608,28.4683674635479,A2256W000304,28372,-35.810065912696146,182.1223806486083,28.46836746354788,3.1553218080907923e-13
1443,-36.2361726825741,182.383977583704,28.4686208659335,A2256W000304,28373,-36.236172682574114,182.38397758370388,28.46862086593349,1.1457157353758233e-13
1444,-36.6622794524521,182.645574518799,28.4688742683191,A2256W000304,28374,-36.66227945245208,182.64557451879946,28.4688742683191,4.549693413077341e-13
1445,-37.0935552273614,182.898558963656,28.4691511022695,A2256W000304,28375,-37.09355522736137,182.89855896365597,28.469151102269496,4.0194366942304644e-14
1446,-37.5248310022707,183.151543408512,28.4694279362199,A2256W000304,28376,-37.52483100227066,183.15154340851248,28.46942793621989,4.850462620958073e-13
1447,-37.9561067771799,183.404527853369,28.4697047701703,A2256W000304,28377,-37.95610677717995,183.404527853369,28.469704770170285,4.973799150320701e-14
1448,-38.3873825520892,183.657512298225,28.4699816041207,A2256W000304,28378,-38.387382552089235,183.6575122982255,28.46998160412068,5.128228672153378e-13
1449,-38.8186583269985,183.910496743082,28.4702584380711,A2256W000304,28379,-38.81865832699852,183.910496743082,28.470258438071074,2.1316282072803006e-14
1450,-39.2499341019078,184.163481187939,28.4705352720215,A2256W000304,28380,-39.24993410190781,184.16348118793852,28.47053527202147,4.833779982986627e-13
1451,-39.6812098768171,184.416465632795,28.4708121059719,A2256W000304,28381,-39.6812098768171,184.41646563279502,28.470812105971863,2.842170943040401e-14
1452,-40.1255672269077,184.64569596193,28.4708524154558,A2256W000304,28382,-40.12556722690775,184.6456959619305,28.470852415455834,5.140029022188294e-13
1453,-40.5699245769984,184.874926291066,28.4708927249398,A2256W000304,28383,-40.569924576998396,184.87492629106598,28.470892724939805,2.929642751054232e-14
1454,-41.014281927089,185.104156620201,28.4709330344238,A2256W000304,28384,-41.014281927089044,185.10415662020145,28.470933034423776,4.567413805031093e-13
1455,-41.4586392771797,185.333386949337,28.4709733439077,A2256W000304,28385,-41.45863927717969,185.33338694933693,28.470973343907747,8.556067554929069e-14
1456,-41.9029966272703,185.562617278472,28.4710136533917,A2256W000304,28386,-41.90299662727034,185.5626172784724,28.47101365339172,4.001813022207649e-13
1457,-42.347353977361,185.791847607608,28.4710539628757,A2256W000304,28387,-42.34735397736099,185.79184760760788,28.47105396287569,1.1457157353758233e-13
1458,-42.7917113274516,186.021077936743,28.4710942723597,A2256W000304,28388,-42.79171132745164,186.02107793674335,28.47109427235966,3.429058924670487e-13
1459,-43.2469241501021,186.227914281958,28.4709829497343,A2256W000304,28389,-43.2469241501021,186.22791428195828,28.470982949734257,2.8421709430404007e-13
1460,-43.7021369727526,186.434750627173,28.4708716271089,A2256W000304,28390,-43.70213697275257,186.4347506271732,28.470871627108853,2.0097183471152322e-13
1461,-44.157349795403,186.641586972388,28.4707603044834,A2256W000304,28391,-44.157349795403036,186.64158697238813,28.47076030448345,1.191086668529821e-13
1462,-44.6125626180535,186.848423317603,28.470648981858,A2256W000304,28392,-44.6125626180535,186.84842331760305,28.470648981858044,5.684341886080802e-14
1463,-45.067775440704,187.055259662818,28.4705376592326,A2256W000304,28393,-45.06777544070397,187.05525966281797,28.47053765923264,4.0194366942304644e-14
1464,-45.5229882633544,187.262096008033,28.4704263366072,A2256W000304,28394,-45.522988263354435,187.2620960080329,28.470426336607236,1.191086668529821e-13
1465,-45.9872261000435,187.447791495191,28.4710721192932,A2256W000304,28395,-45.98722610004349,187.44779149519127,28.47107211929319,2.558940523353088e-13
1466,-46.4514639367326,187.63348698235,28.4717179019791,A2256W000304,28396,-46.45146393673255,187.63348698234964,28.471717901979144,3.728149415094579e-13
1467,-46.9157017734216,187.819182469508,28.4723636846651,A2256W000304,28397,-46.91570177342161,187.819182469508,28.472363684665098,7.105427357601002e-15
1468,-47.3799396101107,188.004877956666,28.4730094673511,A2256W000304,28398,-47.37993961011067,188.00487795666638,28.47300946735105,3.7118632822651356e-13
1469,-47.8441774467997,188.190573443825,28.473655250037,A2256W000304,28399,-47.844177446799726,188.19057344382475,28.473655250037005,2.5736952517654053e-13
1470,-48.3084152834888,188.376268930983,28.474301032723,A2256W000304,28400,-48.308415283488785,188.37626893098312,28.47430103272296,1.1457157353758233e-13
1471,-48.7726531201778,188.561964418141,28.4749468154089,A2256W000304,28401,-48.77265312017784,188.56196441814149,28.474946815408913,4.850462620958073e-13
1472,-49.2430152919878,188.731550272529,28.4746912341051,A2256W000304,28402,-49.24301529198784,188.73155027252912,28.474691234105105,1.191086668529821e-13
1473,-49.7133774637978,188.901136126917,28.4744356528013,A2256W000304,28403,-49.71337746379783,188.90113612691675,28.474435652801297,2.582507625758445e-13
1474,-50.1837396356078,189.070721981304,28.4741800714975,A2256W000304,28404,-50.18373963560783,189.0707219813044,28.47418007149749,3.989177016483779e-13
1475,-50.6541018074178,189.240307835692,28.4739244901937,A2256W000304,28405,-50.654101807417824,189.24030783569202,28.47392449019368,3.552713678800501e-14
1476,-51.1244639792278,189.40989369008,28.4736689088899,A2256W000304,28406,-51.12446397922782,189.40989369007966,28.473668908889874,3.4172599772577567e-13
1477,-51.5948261510378,189.579479544467,28.4734133275861,A2256W000304,28407,-51.594826151037815,189.5794795444673,28.473413327586066,2.8457214390443806e-13
1478,-52.0651883228478,189.749065398855,28.4731577462823,A2256W000304,28408,-52.06518832284781,189.74906539885492,28.473157746282258,8.556067554929069e-14
1479,-52.53775694392,189.912399943596,28.4723063520784,A2256W000304,28409,-52.53775694391999,189.91239994359623,28.472306352078427,2.278173318171838e-13
1480,-53.0103255649922,190.075734488338,28.4714549578746,A2256W000304,28410,-53.010325564992165,190.07573448833753,28.471454957874595,4.561330185226789e-13
1481,-53.4828941860643,190.239069033079,28.4706035636708,A2256W000304,28411,-53.48289418606434,190.23906903307883,28.470603563670764,1.757785650632539e-13
1482,-53.9554628071365,190.40240357782,28.4697521694669,A2256W000304,28412,-53.95546280713652,190.40240357782014,28.469752169466933,1.4369837526939964e-13
1483,-54.4280314282087,190.565738122561,28.4689007752631,A2256W000304,28413,-54.4280314282087,190.56573812256144,28.4689007752631,4.547473508864641e-13
1484,-54.9006000492809,190.729072667303,28.4680493810593,A2256W000304,28414,-54.900600049280875,190.72907266730275,28.46804938105927,2.5668202664787205e-13
1485,-55.3738512404265,190.89041714321,28.4669223612944,A2256W000304,28415,-55.373851240426504,190.8904171432097,28.466922361294433,2.8430589827255737e-13
1486,-55.8471024315721,191.051761619117,28.4657953415296,A2256W000304,28416,-55.84710243157213,191.05176161911666,28.465795341529596,3.429058924670487e-13
1487,-56.3203536227178,191.213106095024,28.4646683217648,A2256W000304,28417,-56.32035362271776,191.21310609502362,28.46466832176476,3.7193366120795873e-13
1488,-56.7936048138634,191.374450570931,28.4635413019999,A2256W000304,28418,-56.79360481386339,191.37445057093058,28.46354130199992,4.2656242328017795e-13
1489,-57.266856005009,191.535795046838,28.4624142822351,A2256W000304,28419,-57.26685600500902,191.53579504683753,28.462414282235084,4.552466771099645e-13
1490,-57.7401071961546,191.697139522744,28.4612872624702,A2256W000304,28420,-57.740107196154646,191.6971395227445,28.461287262470247,4.857223575729847e-13
1491,-58.2121999568927,191.861840287055,28.4598438310608,A2256W000304,28421,-58.21219995689271,191.86184028705503,28.459843831060773,3.1776437161565096e-14
1492,-58.6842927176308,192.026541051366,28.4584003996513,A2256W000304,28422,-58.684292717630775,192.02654105136557,28.4584003996513,4.2685821585665706e-13
1493,-59.1563854783688,192.191241815676,28.4569569682418,A2256W000304,28423,-59.15638547836884,192.1912418156761,28.456956968241826,1.214175959108492e-13
1494,-59.6284782391069,192.355942579987,28.4555135368324,A2256W000304,28424,-59.628478239106904,192.35594257998665,28.455513536832353,3.411345200037716e-13
1495,-60.100570999845,192.520643344297,28.4540701054229,A2256W000304,28425,-60.10057099984497,192.52064334429718,28.45407010542288,1.7288250917028504e-13
1496,-60.572663760583,192.685344108608,28.4526266740134,A2256W000304,28426,-60.57266376058303,192.68534410860772,28.452626674013406,2.864289338439558e-13
1497,-61.0447565213211,192.850044872918,28.4511832426039,A2256W000304,28427,-61.0447565213211,192.85004487291826,28.451183242603932,2.5579538487363607e-13
1498,-61.5168492820592,193.014745637229,28.4497398111945,A2256W000304,28428,-61.51684928205916,193.0147456372288,28.44973981119446,2.0209913960411387e-13
1499,-61.9889420427972,193.179446401539,28.448296379785,A2256W000304,28429,-61.98894204279723,193.17944640153934,28.448296379784985,3.4224270219716276e-13
1500,-62.4578616621649,193.352976949624,28.4470556326052,A2256W000304,28430,-62.45786166216494,193.35297694962375,28.447055632605185,2.582507625758445e-13
1501,-62.9267812815326,193.526507497708,28.4458148854254,A2256W000304,28431,-62.92678128153265,193.52650749770817,28.445814885425385,1.7763568394002505e-13
1502,-63.3957009009004,193.700038045793,28.4445741382456,A2256W000304,28432,-63.39570090090036,193.70003804579258,28.444574138245585,4.284519670727984e-13
1503,-63.8646205202681,193.873568593877,28.4433333910658,A2256W000304,28433,-63.86462052026807,193.873568593877,28.443333391065785,2.842170943040401e-14
1504,-64.3335401396358,194.047099141961,28.442092643886,A2256W000304,28434,-64.33354013963579,194.0470991419614,28.442092643885985,3.981576164199481e-13
1505,-64.8024597590035,194.220629690046,28.4408518967062,A2256W000304,28435,-64.8024597590035,194.22062969004583,28.440851896706185,1.7053025658242404e-13
1506,-65.2626904017415,194.416042068513,28.4395260660587,A2256W000304,28436,-65.26269040174148,194.41604206851267,28.439526066058722,3.4135644425146874e-13
1507,-65.7229210444795,194.61145444698,28.4382002354113,A2256W000304,28437,-65.72292104447946,194.6114544469795,28.43820023541126,4.850462620958073e-13
1508,-66.1831516872174,194.806866825446,28.4368744047638,A2256W000304,28438,-66.18315168721745,194.80686682544635,28.436874404763795,3.43714720612747e-13
1509,-66.6353323851901,195.020247033684,28.4356483894468,A2256W000304,28439,-66.63533238519007,195.02024703368375,28.43564838944676,2.5736952517654053e-13
1510,-67.0875130831627,195.233627241921,28.4344223741297,A2256W000304,28440,-67.08751308316269,195.23362724192114,28.434422374129728,1.4281732235759946e-13
1511,-67.5396937811353,195.447007450159,28.4331963588127,A2256W000304,28441,-67.53969378113531,195.44700745015854,28.433196358812694,4.549693413077341e-13
1512,-67.9918744791079,195.660387658396,28.4319703434957,A2256W000304,28442,-67.99187447910793,195.66038765839593,28.43197034349566,6.355287432313019e-14
1513,-68.4352411804148,195.891526370185,28.4310407817912,A2256W000304,28443,-68.43524118041476,195.89152637018464,28.431040781791193,3.7193366120795873e-13
1514,-68.8786078817216,196.122665081973,28.4301112200867,A2256W000304,28444,-68.87860788172159,196.12266508197334,28.430111220086726,3.4135644425146874e-13
1515,-69.3219745830284,196.353803793762,28.4291816583823,A2256W000304,28445,-69.32197458302842,196.35380379376204,28.42918165838226,3.1776437161565096e-14
1516,-69.7653412843352,196.584942505551,28.4282520966778,A2256W000304,28446,-69.76534128433525,196.58494250555074,28.42825209667779,2.6203521364587025e-13
1517,-70.2087079856421,196.816081217339,28.4273225349733,A2256W000304,28447,-70.20870798564208,196.81608121733944,28.427322534973325,4.556346636343676e-13
1518,-70.6354234708924,197.076684103455,28.427148191347,A2256W000304,28448,-70.63542347089242,197.0766841034552,28.42714819134695,1.9945885082418896e-13
1519,-71.0621389561428,197.337286989571,28.4269738477206,A2256W000304,28449,-71.06213895614276,197.33728698957094,28.42697384772058,7.105427357601002e-14
1520,-71.4888544413931,197.597889875687,28.4267995040942,A2256W000304,28450,-71.4888544413931,197.5978898756867,28.426799504094205,3.126388037344441e-13
1521,-71.9155699266434,197.858492761802,28.4266251604678,A2256W000304,28451,-71.91556992664344,197.85849276180244,28.426625160467832,4.284519670727984e-13
1522,-72.3422854118938,198.119095647918,28.4264508168415,A2256W000304,28452,-72.34228541189378,198.1190956479182,28.42645081684146,1.9945885082418896e-13
1523,-72.7607882712448,198.392692408699,28.426039471445,A2256W000304,28453,-72.76078827124476,198.39269240869947,28.426039471444977,4.850462620958073e-13
1524,-73.1792911305957,198.666289169481,28.4256281260485,A2256W000304,28454,-73.17929113059574,198.66628916948076,28.425628126048494,2.31335954426011e-13
1525,-73.5977939899467,198.939885930262,28.425216780652,A2256W000304,28455,-73.59779398994672,198.93988593026205,28.42521678065201,6.355287432313019e-14
1526,-74.0162968492977,199.213482691043,28.4248054352555,A2256W000304,28456,-74.0162968492977,199.21348269104334,28.42480543525553,3.410605131648481e-13
1527,-74.4184559966632,199.510581945545,28.4245748600985,A2256W000304,28457,-74.41845599666318,199.51058194554486,28.424574860098502,1.4281732235759946e-13
1528,-74.8206151440287,199.807681200046,28.4243442849415,A2256W000304,28458,-74.82061514402866,199.80768120004637,28.424344284941476,3.7057375295732124e-13
1529,-75.2227742913941,200.104780454548,28.4241137097845,A2256W000304,28459,-75.22277429139415,200.1047804545479,28.42411370978445,1.214175959108492e-13
1530,-75.6249334387596,200.401879709049,28.4238831346274,A2256W000304,28460,-75.62493343875963,200.4018797090494,28.423883134627424,3.989177016483779e-13
1531,-76.0270925861251,200.698978963551,28.4236525594704,A2256W000304,28461,-76.02709258612511,200.69897896355093,28.423652559470398,8.644125458514252e-14
1532,-76.4230849731311,201.004246643169,28.4223590318039,A2256W000304,28462,-76.42308497313113,201.0042466431691,28.422359031803865,8.987733679556355e-14
1533,-76.8190773601371,201.309514322787,28.4210655041373,A2256W000304,28463,-76.81907736013714,201.30951432278727,28.42106550413733,2.593237637554276e-13
1534,-77.2150697471432,201.614782002405,28.4197719764708,A2256W000304,28464,-77.21506974714316,201.61478200240543,28.4197719764708,4.284519670727984e-13
1535,-77.6110621341492,201.920049682024,28.4184784488043,A2256W000304,28465,-77.61106213414918,201.9200496820236,28.418478448804265,3.981576164199481e-13
1536,-78.0070545211552,202.225317361642,28.4171849211377,A2256W000304,28466,-78.0070545211552,202.22531736164177,28.417184921137732,2.2737367544323206e-13
1537,-78.3872278730854,202.550075312129,28.4164805934576,A2256W000304,28467,-78.38722787308538,202.55007531212905,28.416480593457624,5.859285502108464e-14
1538,-78.7674012250156,202.874833262616,28.4157762657775,A2256W000304,28468,-78.76740122501556,202.87483326261633,28.415776265777517,3.43714720612747e-13
1539,-79.1475745769457,203.199591213104,28.4150719380974,A2256W000304,28469,-79.14757457694574,203.19959121310362,28.41507193809741,3.7193366120795873e-13
1540,-79.5277479288759,203.524349163591,28.4143676104173,A2256W000304,28470,-79.52774792887593,203.5243491635909,28.4143676104173,1.1718571004216928e-13
1541,-79.9079212808061,203.849107114078,28.4136632827372,A2256W000304,28471,-79.90792128080611,203.84910711407818,28.413663282737193,1.7112135109858138e-13
1542,-80.270541792616,204.193353032118,28.4126086133866,A2256W000304,28472,-80.27054179261603,204.1933530321183,28.412608613386574,2.8563464471519893e-13
1543,-80.633162304426,204.537598950158,28.411553944036,A2256W000304,28473,-80.63316230442595,204.5375989501584,28.411553944035955,4.001813022207649e-13
1544,-80.9957828162359,204.881844868199,28.4104992746853,A2256W000304,28474,-80.99578281623587,204.88184486819853,28.410499274685336,4.840042710704439e-13
1545,-81.3584033280458,205.226090786239,28.4094446053347,A2256W000304,28475,-81.3584033280458,205.22609078623864,28.409444605334716,3.694822225952521e-13
1546,-81.7127810248427,205.578817918401,28.4095796962736,A2256W000304,28476,-81.71278102484268,205.57881791840083,28.409579696273592,1.7112135109858138e-13
1547,-82.0671587216396,205.931545050563,28.4097147872125,A2256W000304,28477,-82.06715872163957,205.93154505056302,28.40971478721247,4.0194366942304644e-14
1548,-82.4215364184365,206.284272182725,28.4098498781513,A2256W000304,28478,-82.42153641843646,206.2842721827252,28.409849878151345,2.0346847496847933e-13
1549,-82.7759141152333,206.636999314887,28.4099849690902,A2256W000304,28479,-82.77591411523335,206.6369993148874,28.40998496909022,4.001813022207649e-13
1550,-83.1234029925887,206.996514776285,28.409648620293,A2256W000304,28480,-83.12340299258865,206.99651477628487,28.40964862029303,1.4836567898030567e-13
1551,-83.470891869944,207.356030237682,28.4093122714958,A2256W000304,28481,-83.47089186994396,207.35603023768235,28.40931227149584,3.43714720612747e-13
1552,-83.8183807472993,207.71554569908,28.4089759226986,A2256W000304,28482,-83.81838074729926,207.71554569907983,28.408975922698648,1.757785650632539e-13
1553,-84.1658696246546,208.075061160477,28.4086395739015,A2256W000304,28483,-84.16586962465456,208.0750611604773,28.408639573901457,3.1553218080907923e-13
1554,-84.4929944823821,208.453200447323,28.4087244305405,A2256W000304,28484,-84.4929944823821,208.4532004473229,28.408724430540524,1.1368683772161603e-13
1555,-84.8201193401096,208.831339734168,28.4088092871796,A2256W000304,28485,-84.82011934010964,208.8313397341685,28.40880928717959,4.850462620958073e-13
1556,-85.1472441978372,209.209479021014,28.4088941438187,A2256W000304,28486,-85.14724419783718,209.2094790210141,28.408894143818657,8.644125458514252e-14
1557,-85.4743690555647,209.58761830786,28.4089790004577,A2256W000304,28487,-85.47436905556472,209.58761830785969,28.408979000457723,3.13928041384408e-13
1558,-85.7905507843795,209.974953578205,28.4096880212585,A2256W000304,28488,-85.79055078437953,209.97495357820463,28.409688021258543,3.7057375295732124e-13
1559,-86.1067325131943,210.36228884855,28.4103970420594,A2256W000304,28489,-86.10673251319434,210.36228884854958,28.410397042059362,4.284519670727984e-13
1560,-86.4229142420092,210.749624118895,28.4111060628602,A2256W000304,28490,-86.42291424200916,210.74962411889453,28.41110606286018,4.850462620958073e-13
1561,-86.739095970824,211.136959389239,28.411815083661,A2256W000304,28491,-86.73909597082397,211.13695938923948,28.411815083661,4.840042710704439e-13
1562,-87.0418808848821,211.53485521916,28.411363032078,A2256W000304,28492,-87.04188088488213,211.53485521916002,28.41136303207801,4.0194366942304644e-14
1563,-87.3446657989403,211.932751049081,28.410910980495,A2256W000304,28493,-87.3446657989403,211.93275104908057,28.41091098049502,4.263256414560601e-13
1564,-87.6474507129985,212.330646879001,28.410458928912,A2256W000304,28494,-87.64745071299846,212.3306468790011,28.410458928912032,1.214175959108492e-13
1565,-87.9502356270566,212.728542708922,28.410006877329,A2256W000304,28495,-87.95023562705663,212.72854270892165,28.410006877329042,3.4224270219716276e-13
1566,-88.2530205411148,213.126438538842,28.4095548257461,A2256W000304,28496,-88.2530205411148,213.1264385388422,28.409554825746053,1.9895196601282805e-13
1567,-88.5437824970235,213.533202848648,28.4100851697252,A2256W000304,28497,-88.54378249702353,213.5332028486475,28.410085169725193,4.840042710704439e-13
1568,-88.8345444529323,213.939967158453,28.4106155137043,A2256W000304,28498,-88.83454445293226,213.93996715845282,28.410615513704332,1.757785650632539e-13
1569,-89.125306408841,214.346731468258,28.4111458576835,A2256W000304,28499,-89.125306408841,214.34673146825813,28.411145857683472,1.1368683772161603e-13
1570,-89.4015748286363,214.763475235505,28.4105192124023,A2256W000304,28500,-89.40157482863633,214.76347523550544,28.410519212402257,4.272719814472597e-13
1571,-89.6778432484317,215.180219002753,28.409892567121,A2256W000304,28501,-89.67784324843166,215.18021900275275,28.40989256712104,2.593237637554276e-13
1572,-89.954111668227,215.59696277,28.4092659218398,A2256W000304,28502,-89.95411166822699,215.59696277000006,28.409265921839825,5.859285502108464e-14
1573,-90.2303800880223,216.013706537247,28.4086392765586,A2256W000304,28503,-90.23038008802232,216.01370653724737,28.40863927655861,3.697554072703522e-13
1574,-90.48394459552,216.44463902068,28.4071441980519,A2256W000304,28504,-90.48394459552001,216.44463902068034,28.40714419805194,3.4135644425146874e-13
1575,-90.7375091030177,216.875571504113,28.4056491195453,A2256W000304,28505,-90.73750910301771,216.8755715041133,28.405649119545274,3.1296161105196403e-13
1576,-90.9910736105154,217.306503987546,28.4041540410386,A2256W000304,28506,-90.99107361051541,217.30650398754628,28.404154041038606,2.8457214390443806e-13
1577,-91.2446381180131,217.737436470979,28.4026589625319,A2256W000304,28507,-91.24463811801311,217.73743647097925,28.402658962531937,2.5618982671915015e-13
1578,-91.4982026255108,218.168368954412,28.4011638840253,A2256W000304,28508,-91.49820262551081,218.16836895441222,28.40116388402527,2.278173318171838e-13
1579,-91.7517671330085,218.599301437845,28.3996688055186,A2256W000304,28509,-91.75176713300851,218.59930143784518,28.3996688055186,1.7112135109858138e-13
1580,-92.0053316405062,219.030233921278,28.3981737270119,A2256W000304,28510,-92.00533164050621,219.03023392127815,28.398173727011933,1.4281732235759946e-13
1581,-92.2317574595332,219.476020992011,28.3958854863822,A2256W000304,28511,-92.23175745953317,219.47602099201126,28.395885486382152,2.5736952517654053e-13
1582,-92.4581832785601,219.921808062744,28.3935972457524,A2256W000304,28512,-92.45818327856013,219.92180806274436,28.39359724575237,3.7057375295732124e-13
1583,-92.6846090975871,220.367595133477,28.3913090051226,A2256W000304,28513,-92.68460909758709,220.36759513347747,28.39130900512259,4.549693413077341e-13
1584,-92.9130020509439,220.812378263932,28.3891582564118,A2256W000304,28514,-92.91300205094394,220.81237826393198,28.389158256411836,5.123796534383003e-14
1585,-93.1413950043008,221.257161394386,28.3870075077011,A2256W000304,28515,-93.1413950043008,221.2571613943865,28.38700750770108,4.831690603168681e-13
1586,-93.3697879576577,221.701944524841,28.3848567589903,A2256W000304,28516,-93.36978795765766,221.701944524841,28.384856758990328,4.263256414560601e-14
1587,-93.5893763885953,222.151141830714,28.3832131669108,A2256W000304,28517,-93.58937638859531,222.15114183071384,28.383213166910792,1.7112135109858138e-13
1588,-93.808964819533,222.600339136587,28.3815695748313,A2256W000304,28518,-93.80896481953296,222.60033913658668,28.381569574831257,3.1553218080907923e-13
1589,-94.0285532504706,223.04953644246,28.3799259827517,A2256W000304,28519,-94.02855325047061,223.04953644245953,28.379925982751722,4.833779982986627e-13
1590,-94.2272175847893,223.508371296884,28.3781770872679,A2256W000304,28520,-94.22721758478927,223.50837129688355,28.378177087267897,4.556346636343676e-13
1591,-94.4258819191079,223.967206151308,28.3764281917841,A2256W000304,28521,-94.42588191910794,223.96720615130758,28.376428191784072,4.284519670727984e-13
1592,-94.6176613660097,224.428959435347,28.3742954882286,A2256W000304,28522,-94.61766136600967,224.42895943534745,28.374295488228615,4.556346636343676e-13
1593,-94.8094408129114,224.890712719387,28.3721627846732,A2256W000304,28523,-94.8094408129114,224.89071271938732,28.372162784673158,3.126388037344441e-13
1594,-95.0012202598131,225.352466003427,28.3700300811177,A2256W000304,28524,-95.00122025981314,225.3524660034272,28.3700300811177,2.0346847496847933e-13
1595,-95.1812837877334,225.818912468712,28.3678344180448,A2256W000304,28525,-95.18128378773338,225.8189124687119,28.367834418044783,1.1718571004216928e-13
1596,-95.3613473156536,226.285358933997,28.3656387549719,A2256W000304,28526,-95.36134731565362,226.28535893399658,28.365638754971865,4.2656242328017795e-13
1597,-95.5414108435739,226.751805399281,28.3634430918989,A2256W000304,28527,-95.54141084357386,226.75180539928127,28.363443091898947,2.593237637554276e-13
1598,-95.6920398033354,227.228576708775,28.3636299745311,A2256W000304,28528,-95.69203980333536,227.22857670877465,28.36362997453106,3.43714720612747e-13
1599,-95.8426687630969,227.705348018268,28.3638168571632,A2256W000304,28529,-95.84266876309687,227.70534801826804,28.363816857163176,4.0194366942304644e-14
1600,-95.9932977228584,228.182119327761,28.3640037397953,A2256W000304,28530,-95.99329772285837,228.18211932776143,28.36400373979529,4.272719814472597e-13
1601,-96.1452935810103,228.658456423962,28.363524273699,A2256W000304,28531,-96.14529358101025,228.65845642396215,28.363524273699007,1.530555893832145e-13
1602,-96.2972894391621,229.134793520163,28.3630448076027,A2256W000304,28532,-96.29728943916213,229.13479352016287,28.363044807602723,1.1718571004216928e-13
1603,-96.449285297314,229.611130616364,28.3625653415064,A2256W000304,28533,-96.449285297314,229.6111306163636,28.36256534150644,3.979039320256561e-13
1604,-96.6012811554659,230.087467712564,28.3620858754102,A2256W000304,28534,-96.60128115546588,230.08746771256432,28.362085875410155,3.1296161105196403e-13
1605,-96.7454355179513,230.566236318726,28.3617096700784,A2256W000304,28535,-96.74543551795132,230.56623631872597,28.361709670078415,4.0194366942304644e-14
1606,-96.8895898804368,231.045004924888,28.3613334647467,A2256W000304,28536,-96.88958988043676,231.04500492488762,28.361333464746675,3.7193366120795873e-13
1607,-97.0337442429222,231.523773531049,28.3609572594149,A2256W000304,28537,-97.0337442429222,231.52377353104927,28.360957259414935,2.8421709430404007e-13
1608,-97.1778986054076,232.002542137211,28.3605810540832,A2256W000304,28538,-97.17789860540763,232.00254213721092,28.360581054083195,8.987733679556355e-14
1609,-97.2979719264496,232.48791038747,28.3608243946289,A2256W000304,28539,-97.29797192644962,232.48791038746975,28.360824394628864,2.5618982671915015e-13
1610,-97.4180452474916,232.973278637729,28.3610677351745,A2256W000304,28540,-97.4180452474916,232.97327863772858,28.361067735174533,4.263256414560601e-13
1611,-97.5381185685336,233.458646887987,28.3613110757202,A2256W000304,28541,-97.53811856853359,233.4586468879874,28.361311075720202,4.2656242328017795e-13
1612,-97.6581918895756,233.944015138246,28.3615544162659,A2256W000304,28542,-97.65819188957558,233.94401513824624,28.36155441626587,2.5736952517654053e-13
1613,-97.7782652106176,234.429383388505,28.3617977568115,A2256W000304,28543,-97.77826521061756,234.42938338850507,28.36179775681154,9.532931148469529e-14
1614,-97.8847828912206,234.917904954797,28.3626119966205,A2256W000304,28544,-97.88478289122055,234.91790495479717,28.36261199662047,1.757785650632539e-13
1615,-97.9913005718235,235.406426521089,28.3634262364294,A2256W000304,28545,-97.99130057182354,235.40642652108926,28.363426236429397,2.593237637554276e-13
1616,-98.0978182524265,235.894948087381,28.3642404762383,A2256W000304,28546,-98.09781825242653,235.89494808738135,28.364240476238326,3.4224270219716276e-13
1617,-98.2043359330295,236.383469653673,28.3650547160473,A2256W000304,28547,-98.20433593302953,236.38346965367344,28.365054716047254,4.556346636343676e-13
1618,-98.2919413526198,236.875734815967,28.3656028498798,A2256W000304,28548,-98.29194135261979,236.8757348159668,28.365602849879824,1.9945885082418896e-13
1619,-98.37954677221,237.36799997826,28.3661509837124,A2256W000304,28549,-98.37954677221005,237.36799997826017,28.366150983712394,1.757785650632539e-13
1620,-98.4671521918003,237.860265140554,28.366699117545,A2256W000304,28550,-98.46715219180031,237.86026514055354,28.366699117544965,4.549693413077341e-13
1621,-98.5547576113906,238.352530302847,28.3672472513775,A2256W000304,28551,-98.55475761139057,238.3525303028469,28.367247251377535,8.987733679556355e-14
1622,-98.6423630309808,238.84479546514,28.3677953852101,A2256W000304,28552,-98.64236303098083,238.84479546514027,28.367795385210105,2.5736952517654053e-13
1623,-98.7049270181257,239.340865713406,28.367558112275,A2256W000304,28553,-98.70492701812572,239.34086571340566,28.36755811227504,3.4135644425146874e-13
1624,-98.7674910052706,239.836935961671,28.36732083934,A2256W000304,28554,-98.7674910052706,239.83693596167106,28.36732083933998,5.684341886080802e-14
1625,-98.8300549924155,240.333006209936,28.3670835664049,A2256W000304,28555,-98.83005499241548,240.33300620993646,28.367083566404915,4.549693413077341e-13
1626,-98.8926189795604,240.829076458202,28.3668462934699,A2256W000304,28556,-98.89261897956037,240.82907645820185,28.36684629346985,1.449228509952941e-13
1627,-98.9551829667053,241.325146706467,28.3666090205348,A2256W000304,28557,-98.95518296670525,241.32514670646725,28.36660902053479,2.593237637554276e-13
1628,-98.9919985650127,241.823787247666,28.3651182508364,A2256W000304,28558,-98.9919985650127,241.823787247666,28.365118250836385,0.0
1629,-99.0288141633201,242.322427788865,28.363627481138,A2256W000304,28559,-99.02881416332013,242.32242778886473,28.363627481137982,2.8563464471519893e-13
1630,-99.0656297616276,242.821068330063,28.3621367114396,A2256W000304,28560,-99.06562976162758,242.82106833006347,28.36213671143958,4.556346636343676e-13
1631,-99.102445359935,243.319708871262,28.3606459417412,A2256W000304,28561,-99.10244535993502,243.3197088712622,28.360645941741176,1.9945885082418896e-13
1632,-99.1392609582425,243.818349412461,28.3591551720428,A2256W000304,28562,-99.13926095824246,243.81834941246095,28.359155172042772,7.105427357601002e-14
1633,-99.1584560854079,244.317980534332,28.3586174444885,A2256W000304,28563,-99.15845608540792,244.31798053433207,28.35861744448847,5.859285502108464e-14
1634,-99.1776512125734,244.817611656203,28.3580797169342,A2256W000304,28564,-99.17765121257338,244.81761165620318,28.358079716934167,1.7112135109858138e-13
1635,-99.1968463397388,245.317242778074,28.3575419893799,A2256W000304,28565,-99.19684633973884,245.3172427780743,28.357541989379865,3.1553218080907923e-13
1636,-99.2160414669043,245.816873899945,28.3570042618256,A2256W000304,28566,-99.2160414669043,245.81687389994542,28.357004261825562,4.263256414560601e-13
1637,-99.2352365940698,246.316505021817,28.3564665342713,A2256W000304,28567,-99.23523659406976,246.31650502181654,28.35646653427126,4.567413805031093e-13
1638,-99.2424298969385,246.816453203204,28.3561976084401,A2256W000304,28568,-99.24242989693848,246.8164532032041,28.356197608440084,1.1718571004216928e-13
1639,-99.2496231998072,247.316401384592,28.3559286826089,A2256W000304,28569,-99.24962319980719,247.31640138459167,28.35592868260891,3.4135644425146874e-13
1640,-99.2568165026759,247.816349565979,28.3556597567777,A2256W000304,28570,-99.2568165026759,247.81634956597924,28.355659756777733,2.2737367544323206e-13
1641,-99.2640098055446,248.316297747367,28.3553908309466,A2256W000304,28571,-99.26400980554462,248.3162977473668,28.355390830946558,1.9945885082418896e-13
1642,-99.2712031084133,248.816245928754,28.3551219051154,A2256W000304,28572,-99.27120310841333,248.81624592875437,28.355121905115382,3.7057375295732124e-13
1643,-99.2713685382202,249.316245368864,28.3558516468829,A2256W000304,28573,-99.2713685382202,249.31624536886397,28.35585164688285,2.842170943040401e-14
1644,-99.2715339680271,249.816244808974,28.3565813886503,A2256W000304,28574,-99.27153396802707,249.81624480897358,28.35658138865032,4.272719814472597e-13
1645,-99.2716993978339,250.316244249083,28.3573111304178,A2256W000304,28575,-99.27169939783394,250.31624424908318,28.357311130417788,1.757785650632539e-13
1646,-99.2718648276408,250.816243689193,28.3580408721853,A2256W000304,28576,-99.27186482764081,250.8162436891928,28.358040872185256,1.9945885082418896e-13
1647,-99.2720302574477,251.316243129302,28.3587706139527,A2256W000304,28577,-99.27203025744768,251.3162431293024,28.358770613952725,3.981576164199481e-13
1648,-99.273790597646,251.816239906098,28.359123313157,A2256W000304,28578,-99.27379059764601,251.81623990609765,28.359123313157035,3.4135644425146874e-13
1649,-99.2755509378443,252.316236682893,28.3594760123613,A2256W000304,28579,-99.27555093784434,252.3162366828929,28.359476012361345,9.532931148469529e-14
1650,-99.2773112780427,252.816233459688,28.3598287115657,A2256W000304,28580,-99.27731127804267,252.81623345968816,28.359828711565655,1.7288250917028504e-13
1651,-99.279071618241,253.316230236483,28.36018141077,A2256W000304,28581,-99.279071618241,253.31623023648342,28.360181410769965,4.263256414560601e-13
1652,-99.2808319584393,253.816227013279,28.3605341099743,A2256W000304,28582,-99.28083195843934,253.81622701327868,28.360534109974274,3.1553218080907923e-13
1653,-99.2840633872478,254.316216391046,28.3609583595498,A2256W000304,28583,-99.28406338724778,254.316216391046,28.360958359549812,1.4210854715202004e-14
1654,-99.2872948160562,254.816205768813,28.3613826091254,A2256W000304,28584,-99.28729481605623,254.81620576881332,28.36138260912535,3.13928041384408e-13
1655,-99.2905262448647,255.316195146581,28.3618068587009,A2256W000304,28585,-99.29052624486468,255.31619514658064,28.361806858700888,3.697554072703522e-13
1656,-99.2937576736731,255.816184524348,28.3622311082764,A2256W000304,28586,-99.29375767367313,255.81618452434796,28.362231108276426,4.0194366942304644e-14
1657,-99.2969891024816,256.316173902115,28.362655357852,A2256W000304,28587,-99.29698910248158,256.3161739021153,28.362655357851963,2.8563464471519893e-13
1658,-99.295459905019,256.816171527905,28.3624662549438,A2256W000304,28588,-99.29545990501902,256.8161715279048,28.362466254943783,1.7112135109858138e-13
1659,-99.2939307075565,257.316169153694,28.3622771520356,A2256W000304,28589,-99.29393070755646,257.3161691536944,28.362277152035603,4.001813022207649e-13
1660,-99.2924015100939,257.816166779484,28.3620880491274,A2256W000304,28590,-99.2924015100939,257.8161667794839,28.362088049127422,5.684341886080802e-14
1661,-99.2908723126313,258.316164405273,28.3618989462192,A2256W000304,28591,-99.29087231263134,258.31616440527347,28.36189894621924,4.567413805031093e-13
1662,-99.2893431151688,258.816162031063,28.3617098433111,A2256W000304,28592,-99.28934311516878,258.816162031063,28.36170984331106,2.842170943040401e-14
1663,-99.2940793029311,259.316139470607,28.3620682732377,A2256W000304,28593,-99.29407930293108,259.3161394706075,28.362068273237657,4.549693413077341e-13
1664,-99.2988154906934,259.816116910152,28.3624267031643,A2256W000304,28594,-99.29881549069339,259.81611691015195,28.362426703164253,5.859285502108464e-14
1665,-99.3035516784557,260.316094349696,28.3627851330908,A2256W000304,28595,-99.30355167845569,260.3160943496964,28.36278513309085,3.981576164199481e-13
1666,-99.308287866218,260.816071789241,28.3631435630174,A2256W000304,28596,-99.308287866218,260.8160717892409,28.363143563017445,1.1368683772161603e-13
1667,-99.3130240539803,261.316049228785,28.363501992944,A2256W000304,28597,-99.3130240539803,261.31604922878535,28.36350199294404,3.410605131648481e-13
1668,-99.3143526973194,261.816047328154,28.3638698721154,A2256W000304,28598,-99.31435269731936,261.8160473281535,28.363869872115387,5.133640532957441e-13
1669,-99.3156813406584,262.316045427522,28.3642377512867,A2256W000304,28599,-99.31568134065843,262.31604542752166,28.364237751286733,3.4224270219716276e-13
1670,-99.3170099839975,262.81604352689,28.3646056304581,A2256W000304,28600,-99.3170099839975,262.8160435268898,28.36460563045808,1.7053025658242404e-13
1671,-99.3183386273366,263.316041626258,28.3649735096294,A2256W000304,28601,-99.31833862733656,263.31604162625797,28.364973509629426,7.105427357601002e-14
1672,-99.3196672706756,263.816039725626,28.3653413888008,A2256W000304,28602,-99.31966727067562,263.8160397256261,28.365341388800772,1.1718571004216928e-13
1673,-99.3209959140147,264.316037824994,28.3657092679721,A2256W000304,28603,-99.32099591401469,264.3160378249943,28.365709267972118,2.8457214390443806e-13
1674,-99.3236158792647,264.816030954628,28.3657873783286,A2256W000304,28604,-99.32361587926472,264.81603095462793,28.36578737832864,6.355287432313019e-14
1675,-99.3262358445148,265.316024084262,28.3658654886852,A2256W000304,28605,-99.32623584451476,265.3160240842616,28.365865488685163,4.001813022207649e-13
1676,-99.3288558097648,265.816017213895,28.3659435990417,A2256W000304,28606,-99.32885580976479,265.81601721389524,28.365943599041685,2.278173318171838e-13
1677,-99.3314757750148,266.316010343529,28.3660217093982,A2256W000304,28607,-99.33147577501482,266.3160103435289,28.366021709398208,1.1718571004216928e-13
1678,-99.3340957402649,266.816003473163,28.3660998197547,A2256W000304,28608,-99.33409574026486,266.81600347316254,28.36609981975473,4.567413805031093e-13
1679,-99.3367157055149,267.315996602796,28.3661779301113,A2256W000304,28609,-99.33671570551489,267.3159966027962,28.366177930111252,1.7112135109858138e-13
1680,-99.3375810107873,267.815995837402,28.3660489309557,A2256W000304,28610,-99.3375810107873,267.8159958374016,28.366048930955674,3.979039320256561e-13
1681,-99.3384463160597,268.315995072007,28.3659199318001,A2256W000304,28611,-99.33844631605972,268.315995072007,28.365919931800097,1.4210854715202004e-14
1682,-99.3393116213321,268.815994306612,28.3657909326445,A2256W000304,28612,-99.33931162133213,268.8159943066124,28.36579093264452,3.989177016483779e-13
1683,-99.3401769266045,269.315993541218,28.3656619334889,A2256W000304,28613,-99.34017692660454,269.31599354121784,28.36566193348894,1.757785650632539e-13
1684,-99.341042231877,269.815992775823,28.3655329343334,A2256W000304,28614,-99.34104223187695,269.81599277582325,28.365532934333363,2.31335954426011e-13
1685,-99.3419075371494,270.315992010429,28.3654039351778,A2256W000304,28615,-99.34190753714937,270.31599201042866,28.365403935177785,3.4224270219716276e-13
1686,-99.3427728424218,270.815991245034,28.3652749360222,A2256W000304,28616,-99.34277284242178,270.81599124503407,28.365274936022207,5.859285502108464e-14
1687,-99.3472446384711,271.315971246615,28.3653074861223,A2256W000304,28617,-99.34724463847105,271.3159712466147,28.36530748612228,2.873967505387993e-13
1688,-99.3517164345203,271.815951248195,28.3653400362224,A2256W000304,28618,-99.35171643452033,271.81595124819535,28.365340036222353,3.4224270219716276e-13
1689,-99.3561882305696,272.315931249776,28.3653725863224,A2256W000304,28619,-99.3561882305696,272.315931249776,28.365372586322426,0.0
1690,-99.3606600266189,272.815911251357,28.3654051364225,A2256W000304,28620,-99.36066002661887,272.8159112513566,28.3654051364225,3.989177016483779e-13
1691,-99.3651318226681,273.315891252937,28.3654376865226,A2256W000304,28621,-99.36513182266815,273.31589125293726,28.365437686522572,2.873967505387993e-13
1692,-99.3696036187174,273.815871254518,28.3654702366226,A2256W000304,28622,-99.36960361871742,273.8158712545179,28.365470236622645,1.1457157353758233e-13
1693,-99.3710621292902,274.315869123045,28.3654053103861,A2256W000304,28623,-99.37106212929022,274.3158691230449,28.365405310386087,1.1718571004216928e-13
1694,-99.372520639863,274.815866991572,28.3653403841495,A2256W000304,28624,-99.37252063986303,274.81586699157185,28.36534038414953,1.7288250917028504e-13
1695,-99.3739791504358,275.315864860099,28.365275457913,A2256W000304,28625,-99.37397915043583,275.3158648600988,28.365275457912972,1.7288250917028504e-13
1696,-99.3754376610086,275.815862728626,28.3652105316764,A2256W000304,28626,-99.37543766100863,275.8158627286258,28.365210531676414,1.7288250917028504e-13
1697,-99.3768961715814,276.315860597153,28.3651456054399,A2256W000304,28627,-99.37689617158144,276.3158605971528,28.365145605439857,2.31335954426011e-13
1698,-99.3783546821542,276.81585846568,28.3650806792033,A2256W000304,28628,-99.37835468215424,276.81585846567975,28.3650806792033,2.31335954426011e-13
1699,-99.379813192727,277.315856334207,28.3650157529667,A2256W000304,28629,-99.37981319272704,277.3158563342067,28.36501575296674,2.873967505387993e-13
1700,-99.3828060421312,277.815847376515,28.3650372820992,A2256W000304,28630,-99.38280604213115,277.8158473765154,28.365037282099173,4.001813022207649e-13
1701,-99.3857988915353,278.315838418824,28.3650588112316,A2256W000304,28631,-99.38579889153526,278.3158384188241,28.365058811231606,1.214175959108492e-13
1702,-99.3887917409394,278.815829461133,28.365080340364,A2256W000304,28632,-99.38879174093937,278.8158294611328,28.365080340364038,1.7288250917028504e-13
1703,-99.3917845903435,279.315820503442,28.3651018694965,A2256W000304,28633,-99.39178459034348,279.3158205034415,28.36510186949647,5.123796534383003e-13
1704,-99.3947774397476,279.81581154575,28.3651233986289,A2256W000304,28634,-99.39477743974759,279.8158115457502,28.365123398628903,1.7112135109858138e-13
1705,-99.3977702891517,280.315802588059,28.3651449277613,A2256W000304,28635,-99.3977702891517,280.3158025880589,28.365144927761335,1.1368683772161603e-13
1706,-99.4007631385558,280.815793630368,28.3651664568938,A2256W000304,28636,-99.4007631385558,280.8157936303676,28.365166456893768,3.979039320256561e-13
1707,-99.4043187553209,281.315780802968,28.3655963690633,A2256W000304,28637,-99.40431875532089,281.315780802968,28.365596369063287,1.4210854715202004e-14
1708,-99.407874372086,281.815767975568,28.3660262812328,A2256W000304,28638,-99.40787437208597,281.8157679755684,28.366026281232806,3.989177016483779e-13
1709,-99.4114299888511,282.315755148169,28.3664561934023,A2256W000304,28639,-99.41142998885105,282.3157551481688,28.366456193402325,1.757785650632539e-13
1710,-99.4149856056161,282.815742320769,28.3668861055718,A2256W000304,28640,-99.41498560561614,282.81574232076923,28.366886105571844,2.31335954426011e-13
1711,-99.4185412223812,283.31572949337,28.3673160177414,A2256W000304,28641,-99.41854122238122,283.31572949336964,28.367316017741363,3.4224270219716276e-13
1712,-99.4220968391463,283.81571666597,28.3677459299109,A2256W000304,28642,-99.4220968391463,283.81571666597006,28.367745929910882,5.684341886080802e-14
1713,-99.4221059282478,284.315715939127,28.3685984321642,A2256W000304,28643,-99.42210592824784,284.31571593912685,28.368598432164212,1.757785650632539e-13
1714,-99.4221150173494,284.815715212284,28.3694509344175,A2256W000304,28644,-99.42211501734938,284.81571521228364,28.369450934417543,3.4135644425146874e-13
1715,-99.4221241064509,285.31571448544,28.3703034366709,A2256W000304,28645,-99.42212410645092,285.3157144854404,28.370303436670874,3.989177016483779e-13
1716,-99.4221331955525,285.815713758597,28.3711559389242,A2256W000304,28646,-99.42213319555246,285.8157137585972,28.371155938924204,2.31335954426011e-13
1717,-99.422142284654,286.315713031754,28.3720084411775,A2256W000304,28647,-99.422142284654,286.315713031754,28.372008441177535,0.0
1718,-99.4221513737555,286.815712304911,28.3728609434309,A2256W000304,28648,-99.42215137375554,286.8157123049108,28.372860943430865,2.31335954426011e-13
1719,-99.4221604628571,287.315711578068,28.3737134456842,A2256W000304,28649,-99.42216046285708,287.3157115780676,28.373713445684196,3.981576164199481e-13
1720,-99.4247741076105,287.81570461607,28.374075123073,A2256W000304,28650,-99.42477410761046,287.8157046160697,28.374075123072988,2.873967505387993e-13
1721,-99.4273877523638,288.315697654072,28.3744368004618,A2256W000304,28651,-99.42738775236384,288.3156976540718,28.37443680046178,1.757785650632539e-13
1722,-99.4300013971172,288.815690692074,28.3747984778506,A2256W000304,28652,-99.43000139711722,288.81569069207393,28.37479847785057,6.355287432313019e-14
1723,-99.4326150418706,289.315683730076,28.3751601552394,A2256W000304,28653,-99.4326150418706,289.31568373007605,28.375160155239364,5.684341886080802e-14
1724,-99.435228686624,289.815676768078,28.3755218326282,A2256W000304,28654,-99.43522868662399,289.81567676807816,28.375521832628156,1.7112135109858138e-13
1725,-99.4378423313774,290.31566980608,28.3758835100169,A2256W000304,28655,-99.43784233137737,290.3156698060803,28.375883510016948,2.8563464471519893e-13
1726,-99.4400024636088,290.815660391272,28.3780626264262,A2256W000304,28656,-99.44000246360883,290.81566039127205,28.378062626426164,6.355287432313019e-14
1727,-99.4416881434154,291.205832817126,28.379763120717,A2256W000304,28657,-99.44168814341538,291.20583281712607,28.379763120717023,6.355287432313019e-14
1728,-99.4437481309906,291.705827859573,28.3789181476534,A2256W000148,63376,-99.44374813099056,291.7058278595732,28.378918147653373,2.31335954426011e-13
1729,-99.4458081185657,292.20582290202,28.3780731745897,A2256W000148,63377,-99.44580811856574,292.2058229020204,28.378073174589723,4.001813022207649e-13
1730,-99.4478681061409,292.705817944468,28.3772282015261,A2256W000148,63378,-99.44786810614092,292.7058179444675,28.377228201526073,4.549693413077341e-13
1731,-99.4430007595093,293.205794250513,28.3771799351081,A2256W000148,63379,-99.44300075950929,293.20579425051324,28.37717993510812,2.278173318171838e-13
1732,-99.4381334128777,293.705770556559,28.3771316686902,A2256W000148,63380,-99.43813341287766,293.70577055655895,28.37713166869017,7.105427357601002e-14
1733,-99.433266066246,294.205746862605,28.3770834022722,A2256W000148,63381,-99.43326606624603,294.20574686260466,28.377083402272216,3.4224270219716276e-13
1734,-99.4283987196144,294.70572316865,28.3770351358543,A2256W000148,63382,-99.4283987196144,294.70572316865037,28.377035135854264,3.410605131648481e-13
1735,-99.4235313729828,295.205699474696,28.3769868694363,A2256W000148,63383,-99.42353137298278,295.2056994746961,28.376986869436312,5.859285502108464e-14
1736,-99.4195894119798,295.705683884162,28.3767605199983,A2256W000148,63384,-99.41958941197979,295.7056838841624,28.376760519998292,3.981576164199481e-13
1737,-99.4156474509768,296.205668293629,28.3765341705603,A2256W000148,63385,-99.41564745097679,296.2056682936287,28.376534170560273,2.8457214390443806e-13
1738,-99.4117054899738,296.705652703095,28.3763078211223,A2256W000148,63386,-99.4117054899738,296.70565270309504,28.376307821122253,5.684341886080802e-14
1739,-99.4077635289708,297.205637112561,28.3760814716842,A2256W000148,63387,-99.4077635289708,297.20563711256136,28.376081471684234,3.410605131648481e-13
1740,-99.4038215679678,297.705621522028,28.3758551222462,A2256W000148,63388,-99.40382156796781,297.7056215220277,28.375855122246215,3.4135644425146874e-13
1741,-99.3998796069648,298.205605931494,28.3756287728082,A2256W000148,63389,-99.39987960696482,298.205605931494,28.375628772808195,1.4210854715202004e-14
1742,-99.3976852949936,298.70560060927,28.3749165997661,A2256W000148,63390,-99.3976852949936,298.7056006092702,28.374916599766124,2.2737367544323206e-13
1743,-99.3954909830224,299.205595287046,28.3742044267241,A2256W000148,63391,-99.39549098302237,299.20559528704644,28.374204426724052,4.556346636343676e-13
1744,-99.3932966710511,299.705589964823,28.373492253682,A2256W000148,63392,-99.39329667105115,299.70558996482265,28.37349225368198,3.43714720612747e-13
1745,-99.3911023590799,300.205584642599,28.3727800806399,A2256W000148,63393,-99.39110235907992,300.20558464259886,28.37278008063991,1.1718571004216928e-13
1746,-99.3889080471087,300.705579320375,28.3720679075978,A2256W000148,63394,-99.3889080471087,300.7055793203751,28.372067907597838,5.684341886080802e-14
1747,-99.3867137351375,301.205573998151,28.3713557345558,A2256W000148,63395,-99.38671373513748,301.2055739981513,28.371355734555767,2.8563464471519893e-13
1748,-99.3845194231663,301.705568675928,28.3706435615137,A2256W000148,63396,-99.38451942316625,301.7055686759275,28.370643561513695,5.133640532957441e-13
1749,-99.3993413442338,302.205347828312,28.3695902344695,A2256W000148,63397,-99.39934134423379,302.20534782831186,28.3695902344695,1.1457157353758233e-13
1750,-99.4141632653013,302.705126980696,28.3685369074253,A2256W000148,63398,-99.41416326530133,302.7051269806962,28.3685369074253,2.2914314707516465e-13
1751,-99.4289851863689,303.204906133081,28.3674835803811,A2256W000148,63399,-99.42898518636886,303.20490613308056,28.367483580381105,4.567413805031093e-13
1752,-99.4438071074364,303.704685285465,28.3664302533369,A2256W000148,63400,-99.4438071074364,303.7046852854649,28.366430253336908,1.1368683772161603e-13
1753,-99.4586290285039,304.204464437849,28.3653769262927,A2256W000148,63401,-99.45862902850394,304.20446443784925,28.36537692629271,2.2914314707516465e-13
1754,-99.4734509495715,304.704243590234,28.3643235992485,A2256W000148,63402,-99.47345094957147,304.7042435902336,28.364323599248515,3.989177016483779e-13
1755,-99.488272870639,305.204022742618,28.3632702722043,A2256W000148,63403,-99.48827287063901,305.20402274261795,28.363270272204318,5.859285502108464e-14
1756,-99.4927709254432,305.704001770382,28.3624104471171,A2256W000148,63404,-99.49277092544324,305.7040017703819,28.362410447117114,7.105427357601002e-14
1757,-99.4972689802475,306.203980798146,28.3615506220299,A2256W000148,63405,-99.49726898024747,306.2039807981459,28.36155062202991,1.1718571004216928e-13
1758,-99.5017670350517,306.70395982591,28.3606907969427,A2256W000148,63406,-99.5017670350517,306.70395982590986,28.360690796942706,1.1368683772161603e-13
1759,-99.5062650898559,307.203938853674,28.3598309718555,A2256W000148,63407,-99.50626508985593,307.20393885367383,28.3598309718555,1.7288250917028504e-13
1760,-99.5107631446602,307.703917881438,28.3589711467683,A2256W000148,63408,-99.51076314466016,307.7039178814378,28.358971146768297,1.757785650632539e-13
1761,-99.5152611994644,308.203896909202,28.3581113216811,A2256W000148,63409,-99.51526119946439,308.2038969092018,28.358111321681093,2.278173318171838e-13
1762,-99.5197592542686,308.703875936966,28.3572514965939,A2256W000148,63410,-99.51975925426862,308.70387593696574,28.35725149659389,2.8457214390443806e-13
1763,-99.5153826849609,309.203855749817,28.3562354342284,A2256W000148,63411,-99.51538268496093,309.20385574981657,28.356235434228445,4.556346636343676e-13
1764,-99.5110061156532,309.703835562667,28.355219371863,A2256W000148,63412,-99.51100611565323,309.7038355626674,28.355219371863,3.989177016483779e-13
1765,-99.5066295463455,310.203815375518,28.3542033094976,A2256W000148,63413,-99.50662954634554,310.2038153755182,28.354203309497557,2.31335954426011e-13
1766,-99.5022529770378,310.703795188369,28.3531872471321,A2256W000148,63414,-99.50225297703784,310.70379518836904,28.353187247132112,7.105427357601002e-14
1767,-99.4978764077301,311.20377500122,28.3521711847667,A2256W000148,63415,-99.49787640773015,311.20377500121987,28.352171184766668,1.214175959108492e-13
1768,-99.4934998384225,311.703754814071,28.3511551224012,A2256W000148,63416,-99.49349983842245,311.7037548140707,28.351155122401224,2.873967505387993e-13
1769,-99.4891232691148,312.203734626922,28.3501390600358,A2256W000148,63417,-99.48912326911476,312.2037346269215,28.35013906003578,5.133640532957441e-13
1770,-99.4847466998071,312.703714439772,28.3491229976703,A2256W000148,63418,-99.48474669980706,312.70371443977234,28.349122997670335,3.43714720612747e-13
1771,-99.4803701304994,313.203694252623,28.3481069353049,A2256W000148,63419,-99.48037013049937,313.20369425262317,28.34810693530489,1.7288250917028504e-13
1772,-99.4621354930516,313.703360599776,28.3470873668449,A2256W000148,63420,-99.46213549305156,313.70336059977626,28.34708736684492,2.873967505387993e-13
1773,-99.4439008556038,314.203026946929,28.346067798385,A2256W000148,63421,-99.44390085560376,314.20302694692936,28.34606779838495,3.43714720612747e-13
1774,-99.425666218156,314.702693294082,28.345048229925,A2256W000148,63422,-99.42566621815595,314.70269329408245,28.34504822992498,4.567413805031093e-13
1775,-99.4074315807081,315.202359641236,28.344028661465,A2256W000148,63423,-99.40743158070815,315.20235964123555,28.34402866146501,4.567413805031093e-13
1776,-99.3891969432603,315.702025988389,28.343009093005,A2256W000148,63424,-99.38919694326034,315.70202598838864,28.34300909300504,3.43714720612747e-13
1777,-99.3709623058125,316.201692335542,28.3419895245451,A2256W000148,63425,-99.37096230581254,316.20169233554174,28.34198952454507,2.873967505387993e-13
1778,-99.3527276683647,316.701358682695,28.3409699560851,A2256W000148,63426,-99.35272766836474,316.70135868269483,28.3409699560851,1.757785650632539e-13
1779,-99.3344930309169,317.201025029848,28.3399503876251,A2256W000148,63427,-99.33449303091693,317.2010250298479,28.33995038762513,6.355287432313019e-14
1780,-99.3162583934691,317.700691377001,28.3389308191652,A2256W000148,63428,-99.31625839346913,317.700691377001,28.33893081916516,2.842170943040401e-14
1781,-99.312672408123,317.798954707105,28.338730312982,A2256W000148,63429,-99.31267240812303,317.7989547071047,28.33873031298195,2.8563464471519893e-13
1782,-99.1979944479383,318.285608105605,28.3429058580165,A2256W000146,68711,-99.19799444793826,318.28560810560464,28.342905858016454,3.43714720612747e-13
1783,-99.0833164877535,318.772261504105,28.347081403051,A2256W000146,68712,-99.08331648775348,318.77226150410456,28.347081403050957,4.556346636343676e-13
1784,-98.9532359001637,319.255029277546,28.3508652712056,A2256W000146,68713,-98.95323590016368,319.2550292775465,28.350865271205574,5.123796534383003e-13
1785,-98.8231553125739,319.737797050988,28.3546491393602,A2256W000146,68714,-98.82315531257387,319.73779705098843,28.35464913936019,4.556346636343676e-13
1786,-98.6930747249841,320.22056482443,28.3584330075148,A2256W000146,68715,-98.69307472498407,320.22056482443037,28.358433007514808,3.4224270219716276e-13
1787,-98.5354483494045,320.695058797425,28.3614981851057,A2256W000146,68716,-98.53544834940452,320.69505879742474,28.361498185105653,2.8457214390443806e-13
1788,-98.3640723792171,321.164763959728,28.3642069391259,A2256W000146,68717,-98.36407237921713,321.1647639597276,28.364206939125918,3.989177016483779e-13
1789,-98.1926964090298,321.634469122031,28.3669156931462,A2256W000146,68718,-98.19269640902975,321.6344691220305,28.366915693146183,5.133640532957441e-13
1790,-97.9997778509438,322.095747622716,28.369054559966,A2256W000146,68719,-97.99977785094376,322.0957476227161,28.369054559965992,1.214175959108492e-13
1791,-97.7748699881384,322.54230825033,28.3692976931943,A2256W000146,68720,-97.77486998813838,322.5423082503296,28.369297693194294,3.989177016483779e-13
1792,-97.5320595958223,322.979393039623,28.3692789361266,A2256W000146,68721,-97.53205959582226,322.9793930396228,28.369278936126584,2.31335954426011e-13
1793,-97.2715009185501,323.406135546243,28.3691854388932,A2256W000146,68722,-97.27150091855007,323.4061355462429,28.369185438893172,6.355287432313019e-14
1794,-96.9847040902035,323.815705374891,28.368818407925,A2256W000146,68723,-96.98470409020345,323.81570537489074,28.368818407925044,2.873967505387993e-13
1795,-96.6862338099093,324.216847750314,28.3682832245828,A2256W000146,68724,-96.68623380990931,324.21684775031366,28.36828322458281,3.4135644425146874e-13
1796,-96.3777551237006,324.610345264128,28.3675042659132,A2256W000146,68725,-96.37775512370064,324.6103452641284,28.367504265913205,4.001813022207649e-13
1797,-96.060305869651,324.996641587617,28.366445227477,A2256W000146,68726,-96.06030586965096,324.9966415876171,28.366445227477026,1.214175959108492e-13
1798,-95.7188097692043,325.361853871578,28.3658119630703,A2256W000146,68727,-95.7188097692043,325.361853871578,28.365811963070257,0.0
1799,-95.366063927449,325.716212952093,28.365697154349,A2256W000146,68728,-95.36606392744903,325.7162129520928,28.365697154349036,1.7288250917028504e-13
1800,-95.0287803164344,326.077794832035,28.3659169590167,A2256W000146,68729,-95.00318878403903,326.060191721961,28.36618313284783,0.031061165699647154
1801,-94.6914967054199,326.439376711976,28.3661367636844,A2256W000146,68730,-94.6265446787349,326.38903699318547,28.366257516783392,0.0821757449519011
1802,-94.3542130944053,326.800958591918,28.3663565683521,A2256W000146,68731,-94.24990057343078,326.7178822644099,28.366331900718954,0.13335208368934112
1803,-94.0169294833908,327.162540471859,28.3665763730198,A2256W000146,68732,-93.8691280431318,327.0419370846644,28.365463776571154,0.190762791826509
1804,-93.6796458723762,327.524122351801,28.3667961776875,A2256W000146,68733,-93.4863408416432,327.36360781643157,28.36408584299496,0.2512603251043631
1805,-93.3423622613616,327.885704231742,28.3670159823552,A2256W000134,68695,-93.3969715457122,327.97419933095534,28.36133054037859,0.10398825184636373
1806,-93.0050786503471,328.247286111684,28.3672357870229,A2256W000134,68696,-92.96134356855205,328.2196040183016,28.35913852216537,0.051759594991182836
1807,-92.6677950393325,328.608867991626,28.3674555916906,A2256W000134,68697,-92.5355653339506,328.48172738945107,28.35708103902028,0.18343780337432244
1808,-92.3305114283179,328.970449871567,28.3676753963584,A2256W000134,68698,-92.12216404149258,328.76296859950367,28.355421773457977,0.29403590232139004
1809,-91.9932278173034,329.332031751509,28.3678952010261,A2256W000134,68699,-91.70876274903456,329.04420980955626,28.353762507895674,0.4046749872856662
1810,-91.6559442062888,329.69361363145,28.3681150056938,A2256W000134,68700,-91.30566342771107,329.34002960067806,28.352502218567423,0.4977130605659561
1811,-91.3186605952742,330.055195511392,28.3683348103615,A2256W000134,68701,-90.91137953324036,329.6475022055297,28.351603426718963,0.5762739757583681
1812,-90.9813769842597,330.416777391333,28.3685546150292,A2256W000134,68702,-90.51709563876966,329.9549748103813,28.350704634870503,0.6548425700454278
1813,-90.6440933732451,330.778359271275,28.3687744196969,A2256W000134,68703,-90.14932598499709,330.29371582189003,28.350610368960563,0.6925850427965665
1814,-90.3068097622305,331.139941151217,28.3689942243646,A2256W000134,68704,-89.78155633122452,330.63245683339875,28.350516103050623,0.7303639501063808
1815,-89.969526151216,331.501523031158,28.3692140290323,A2256W000134,68705,-89.4250231582948,330.98300511067544,28.35047252520284,0.7518938376936627
1816,-89.6322425402014,331.8631049111,28.3694338337,A2256W000134,68706,-89.08004874467478,331.344934182081,28.35043761058594,0.7572442751385983
1817,-89.2949589291869,332.224686791041,28.3696536383677,A2256W000134,68707,-88.74334395875859,331.7145689829014,28.350403499886784,0.7513316536535326
1818,-88.9576753181723,332.586268670983,28.3698734430354,A2256W000134,68708,-88.40663917284239,332.0842037837219,28.35036938918763,0.7454595793740619
1819,-88.6203917071577,332.947850550924,28.3700932477031,A2256W000134,68709,-88.09874615911394,332.42220899648964,28.350338197335294,0.7405492026476148
1820,-88.2831080961432,333.309432430866,28.3703130523708,A2256W000135,68783,-87.8083543966553,332.82923488941793,28.351934061398754,0.6752634700546382
1821,-87.9458244851286,333.671014310808,28.3705328570385,A2256W000135,68784,-87.52115699860559,333.23852099759637,28.35352660829233,0.606129474685522
1822,-87.608540874114,334.032596190749,28.3707526617062,A2256W000135,68785,-87.23395960055588,333.6478071057748,28.355119155185907,0.5370044417094874
1823,-87.2712572630995,334.394178070691,28.3709724663739,A2256W000135,68786,-86.9566111634376,334.0638303530128,28.356700985016133,0.4562146234039829
1824,-86.9339736520849,334.755759950632,28.3711922710417,A2256W000135,68787,-86.68285176971038,334.4822240731673,28.35827873069219,0.3713274512714061
1825,-86.5966900410703,335.117341830574,28.3714120757094,A2256W000135,68788,-86.41979909159724,334.9074304874091,28.359950204627108,0.27450533691491275
1826,-86.2594064300558,335.478923710516,28.3716318803771,A2256W000135,68789,-86.16380999834477,335.3369261112175,28.361708972725104,0.1711782578554435
1827,-85.9221228190412,335.840505590457,28.3718516850448,A2256W000135,68790,-85.9159478685001,335.7711620606312,28.36358109068637,0.0696179225694568
1828,-85.5848392080267,336.202087470399,28.3720714897125,A2256W000135,68791,-85.68179700442523,336.21294181219065,28.365587072999688,0.09756347174117223
1829,-85.2475555970121,336.56366935034,28.3722912943802,A2256W000151,68846,-85.13706024876214,336.44963980599215,28.363064665719435,0.15878274140804
1830,-84.9102719859975,336.925251230282,28.3725110990479,A2256W000151,68847,-84.84032453469312,336.85205822662545,28.36577219798289,0.10124160077877194
1831,-84.572988374983,337.286833110223,28.3727309037156,A2256W000151,68848,-84.54358882062411,337.25447664725874,28.368479730246342,0.04371812544079291
1832,-84.2357047639684,337.648414990165,28.3729507083833,A2256W000151,68849,-84.23570476396841,337.648414990165,28.37295070838328,1.4210854715202004e-14
1833,-83.9038058044771,338.022314578517,28.3794452075293,A2256W000151,68850,-83.90380580447706,338.0223145785165,28.379445207529315,5.133640532957441e-13
1834,-83.5582791770767,338.383662858265,28.3856718021275,A2256W000151,68851,-83.55827917707671,338.3836628582648,28.385671802127455,1.7112135109858138e-13
1835,-83.1963864561903,338.728673953121,28.3866732987757,A2256W000151,68852,-83.19638645619028,338.728673953121,28.386673298775708,1.4210854715202004e-14
1836,-82.8163403561114,339.053537340077,28.3813121766659,A2256W000151,68853,-82.81634035611143,339.05353734007707,28.381312176665876,6.355287432313019e-14
1837,-82.4261220292652,339.366100874758,28.3755075077747,A2256W000151,68854,-82.42612202926517,339.3661008747582,28.375507507774692,2.2914314707516465e-13
1838,-82.0205887943587,339.658520489847,28.3697140547954,A2256W000151,68855,-82.02058879435866,339.65852048984726,28.369714054795413,2.873967505387993e-13
1839,-81.6028234198283,339.933206943306,28.3653045049804,A2256W000151,68856,-81.60282341982833,339.9332069433064,28.365304504980415,3.989177016483779e-13
1840,-81.1820020599453,340.203208364125,28.3623692329243,A2256W000151,68857,-81.18200205994528,340.20320836412515,28.362369232924262,1.7288250917028504e-13
1841,-80.8999035450397,340.380930363201,28.3628905975576,A2256W000866,68749,-80.8999035450397,340.3809303632006,28.36289059755757,3.979039320256561e-13
1842,-80.4461037382483,340.590807113157,28.3670721264508,A2256W000866,68750,-80.44610373824828,340.5908071131568,28.36707212645079,1.7112135109858138e-13
1843,-79.9809794372922,340.7742631468,28.3688799925777,A2256W000866,68751,-79.98097943729223,340.77426314680037,28.36887999257769,3.4224270219716276e-13
1844,-79.5045318374213,340.925909806207,28.3678924360655,A2256W000866,68752,-79.50453183742127,340.92590980620747,28.367892436065464,4.556346636343676e-13
1845,-79.0250668823434,341.067719449931,28.3660534691987,A2256W000866,68753,-79.02506688234337,341.067719449931,28.366053469198693,2.842170943040401e-14
1846,-78.5380664912673,341.180973964377,28.364044974906,A2256W000866,68754,-78.53806649126729,341.18097396437713,28.364044974905998,1.1457157353758233e-13
1847,-78.0481610147504,341.280921661483,28.3622894345342,A2256W000866,68755,-78.04816101475045,341.2809216614832,28.362289434534155,2.31335954426011e-13
1848,-77.5557882845745,341.367910817656,28.3608818523698,A2256W000866,68756,-77.55578828457453,341.3679108176555,28.360881852369765,5.123796534383003e-13
1849,-77.0634155543986,341.454899973828,28.3594742702054,A2256W000866,68757,-77.06341555439862,341.4548999738278,28.359474270205375,1.7112135109858138e-13
1850,-76.5670964748339,341.515455895932,28.3588813467748,A2256W000866,68758,-76.56709647483393,341.51545589593184,28.35888134677484,1.7288250917028504e-13
1851,-76.0707773952692,341.576011818036,28.3582884233443,A2256W000866,68759,-76.07077739526925,341.57601181803585,28.358288423344305,1.757785650632539e-13
1852,-75.57345314762,341.62766935827,28.3579863684959,A2256W000866,68760,-75.57345314762003,341.6276693582696,28.357986368495936,3.989177016483779e-13
1853,-75.0751237354746,341.668507994049,28.3580394578986,A2256W000866,68761,-75.0751237354746,341.66850799404887,28.35803945789856,1.1368683772161603e-13
1854,-74.5767943233292,341.709346629828,28.3580925473012,A2256W000866,68762,-74.57679432332918,341.70934662982813,28.358092547301183,1.1457157353758233e-13
1855,-74.0776420631025,341.738446957222,28.3585307894569,A2256W000866,68763,-74.07764206310252,341.738446957222,28.35853078945692,1.4210854715202004e-14
1856,-73.5784898028759,341.767547284616,28.3589690316127,A2256W000866,68764,-73.57848980287585,341.76754728461583,28.35896903161266,1.757785650632539e-13
1857,-73.0792186750823,341.794530302631,28.3594766639454,A2256W000866,68765,-73.07921867508232,341.7945303026306,28.359476663945443,3.981576164199481e-13
1858,-72.5799475472888,341.821513320645,28.3599842962782,A2256W000866,68766,-72.57994754728878,341.8215133206454,28.359984296278228,3.981576164199481e-13
1859,-72.0806764194952,341.84849633866,28.360491928611,A2256W000866,68767,-72.08067641949525,341.8484963386602,28.36049192861101,1.757785650632539e-13
1860,-71.5816533821432,341.876515574477,28.3743096931248,A2256W000866,68768,-71.5816533821432,341.87651557447737,28.374309693124797,3.410605131648481e-13
1861,-71.0826303447912,341.904534810295,28.3881274576386,A2256W000866,68769,-71.08263034479116,341.90453481029454,28.388127457638582,4.567413805031093e-13
1862,-70.5836073074391,341.932554046112,28.4019452221524,A2256W000866,68770,-70.58360730743911,341.9325540461117,28.401945222152367,2.8457214390443806e-13
1863,-70.0845842700871,341.960573281929,28.4157629866662,A2256W000866,68771,-70.08458427008706,341.9605732819289,28.415762986666152,1.214175959108492e-13
1864,-69.585561232735,341.988592517746,28.4295807511799,A2256W000866,68772,-69.58556123273502,341.98859251774604,28.429580751179937,5.859285502108464e-14
1865,-69.086538195383,342.016611753563,28.4433985156937,A2256W000866,68773,-69.08653819538297,342.0166117535632,28.443398515693723,2.2914314707516465e-13
1866,-68.5875151580309,342.04463098938,28.4572162802075,A2256W000866,68774,-68.58751515803093,342.0446309893804,28.457216280207508,3.989177016483779e-13
1867,-68.0884921206789,342.072650225198,28.4710340447213,A2256W000866,68775,-68.08849212067888,342.07265022519755,28.471034044721293,4.549693413077341e-13
1868,-67.5894690833268,342.100669461015,28.4848518092351,A2256W000866,68776,-67.58946908332683,342.1006694610147,28.484851809235078,2.8563464471519893e-13
1869,-67.0906001786957,342.134281671239,28.4846638838898,A2256W000866,68777,-67.0906001786957,342.1342816712395,28.48466388388983,4.547473508864641e-13
1870,-66.5917312740646,342.167893881464,28.4844759585446,A2256W000866,68778,-66.59173127406456,342.16789388146424,28.484475958544582,2.31335954426011e-13
1871,-66.0928623694334,342.201506091689,28.4842880331993,A2256W000866,68779,-66.09286236943342,342.201506091689,28.484288033199334,1.4210854715202004e-14
1872,-65.5939934648023,342.235118301914,28.4841001078541,A2256W000866,68780,-65.59399346480228,342.23511830191376,28.484100107854086,2.278173318171838e-13
1873,-65.3282459391048,342.253023530357,28.484,A2256W000055,43160,-65.32824593910482,342.2530235303566,28.484,3.981576164199481e-13
1874,-64.8299698470685,342.293820912167,28.4764827037802,A2256W000054,68241,-64.82996984706851,342.29382091216684,28.476482703780235,1.7112135109858138e-13
1875,-64.3316937550322,342.334618293977,28.4689654075605,A2256W000054,68242,-64.3316937550322,342.3346182939771,28.468965407560468,1.1368683772161603e-13
1876,-63.8334176629959,342.375415675787,28.4614481113407,A2256W000054,68243,-63.8334176629959,342.37541567578734,28.4614481113407,3.410605131648481e-13
1877,-63.3351415709596,342.416213057598,28.4539308151209,A2256W000054,68244,-63.33514157095959,342.4162130575976,28.453930815120934,3.979673682846523e-13
1878,-62.8368654789233,342.457010439408,28.4464135189012,A2256W000054,68245,-62.836865478923286,342.45701043940784,28.446413518901167,1.7112135109858138e-13
1879,-62.338589386887,342.497807821218,28.4388962226814,A2256W000054,68246,-62.33858938688698,342.4978078212181,28.4388962226814,1.156679772130055e-13
1880,-61.8403132948507,342.538605203028,28.4313789264616,A2256W000054,68247,-61.840313294850674,342.53860520302834,28.431378926461633,3.4224270219716276e-13
1881,-61.3420372028144,342.579402584839,28.4238616302419,A2256W000054,68248,-61.34203720281437,342.5794025848386,28.423861630241866,3.994868165156787e-13
1882,-60.8437611107781,342.620199966649,28.4163443340221,A2256W000054,68249,-60.84376111077806,342.62019996664884,28.4163443340221,1.7419169285135556e-13
1883,-60.3454850187418,342.660997348459,28.4088270378023,A2256W000054,68250,-60.345485018741755,342.6609973484591,28.408827037802332,1.214175959108492e-13
1884,-59.8472089267054,342.701794730269,28.4013097415826,A2256W000054,68251,-59.84720892670545,342.70179473026934,28.401309741582565,3.4466816133644055e-13
1885,-59.3489328346691,342.74259211208,28.3937924453628,A2256W000054,68252,-59.34893283466914,342.7425921120796,28.3937924453628,4.001813022207649e-13
1886,-58.8506567426328,342.78338949389,28.386275149143,A2256W000054,68253,-58.850656742632836,342.78338949388984,28.38627514914303,1.7419169285135556e-13
1887,-58.3523806505965,342.8241868757,28.3787578529233,A2256W000054,68254,-58.35238065059653,342.8241868757001,28.378757852923265,1.1718571004216928e-13
1888,-57.8541045585602,342.86498425751,28.3712405567035,A2256W000054,68255,-57.85410455856022,342.86498425751034,28.371240556703498,3.4172599772577567e-13
1889,-57.3558284665239,342.905781639321,28.3637232604837,A2256W000054,68256,-57.35582846652392,342.9057816393206,28.36372326048373,3.981576164199481e-13
1890,-56.8575523744876,342.946579021131,28.356205964264,A2256W000054,68257,-56.85755237448761,342.94657902113084,28.356205964263964,1.7112135109858138e-13
1891,-56.3592762824513,342.987376402941,28.3486886680442,A2256W000054,68258,-56.359276282451304,342.9873764029411,28.348688668044197,1.139086659085919e-13
1892,-55.861000190415,343.028173784751,28.3411713718244,A2256W000054,68259,-55.861000190415,343.02817378475135,28.34117137182443,3.410605131648481e-13
1893,-55.3627240983787,343.068971166562,28.3336540756047,A2256W000054,68260,-55.36272409837869,343.0689711665616,28.333654075604663,3.979673682846523e-13
1894,-54.8644480063424,343.109768548372,28.3261367793849,A2256W000054,68261,-54.864448006342386,343.10976854837185,28.326136779384896,1.7112135109858138e-13
1895,-54.3661719143061,343.150565930182,28.3186194831651,A2256W000054,68262,-54.36617191430608,343.1505659301821,28.31861948316513,1.156679772130055e-13
1896,-53.8678958222698,343.191363311992,28.3111021869454,A2256W000054,68263,-53.86789582226977,343.19136331199235,28.311102186945362,3.4224270219716276e-13
1897,-53.3696197302335,343.232160693803,28.3035848907256,A2256W000054,68264,-53.36961973023347,343.2321606938026,28.303584890725595,3.994868165156787e-13
1898,-52.8710218719173,343.269574387666,28.3042103457361,A2256W000054,68265,-52.87102187191728,343.26957438766647,28.304210345736085,4.552466771099645e-13
1899,-52.3724240136011,343.30698808153,28.3048358007466,A2256W000054,68266,-52.37242401360109,343.30698808153033,28.304835800746574,3.411345200037716e-13
1900,-51.8738261552849,343.344401775394,28.3054612557571,A2256W000054,68267,-51.8738261552849,343.3444017753942,28.305461255757063,2.2737367544323206e-13
1901,-51.3752282969687,343.381815469258,28.3060867107676,A2256W000054,68268,-51.375228296968714,343.3818154692581,28.306086710767552,5.859285502108464e-14
1902,-50.8766304386525,343.419229163122,28.306712165778,A2256W000054,68269,-50.876630438652526,343.41922916312194,28.30671216577804,6.355287432313019e-14
1903,-50.3780325803363,343.456642856986,28.3073376207885,A2256W000054,68270,-50.37803258033634,343.4566428569858,28.30733762078853,1.7419169285135556e-13
1904,-49.8794347220202,343.49405655085,28.307963075799,A2256W000054,68271,-49.87943472202015,343.4940565508497,28.30796307579902,3.4466816133644055e-13
1905,-49.380836863704,343.531470244714,28.3085885308095,A2256W000054,68272,-49.38083686370396,343.53147024471355,28.30858853080951,4.561330185226789e-13
1906,-48.8822390053878,343.568883938577,28.30921398582,A2256W000054,68273,-48.882239005387774,343.5688839385774,28.309213985819998,3.989177016483779e-13
1907,-48.3836411470716,343.606297632441,28.3098394408305,A2256W000054,68274,-48.383641147071586,343.6062976324413,28.309839440830487,2.8457214390443806e-13
1908,-47.8850432887554,343.643711326305,28.310464895841,A2256W000054,68275,-47.8850432887554,343.64371132630515,28.310464895840976,1.7053025658242404e-13
1909,-47.3864454304392,343.681125020169,28.3110903508515,A2256W000054,68276,-47.38644543043921,343.681125020169,28.311090350851465,7.105427357601002e-15
1910,-46.887847572123,343.718538714033,28.311715805862,A2256W000054,68277,-46.88784757212302,343.7185387140329,28.311715805861954,1.156679772130055e-13
1911,-46.3892497138068,343.755952407897,28.3123412608724,A2256W000054,68278,-46.389249713806834,343.75595240789676,28.312341260872444,2.3013249603851656e-13
1912,-45.8906518554906,343.793366101761,28.3129667158829,A2256W000054,68279,-45.890651855490646,343.7933661017606,28.312966715882933,4.001813022207649e-13
1913,-45.3920539971745,343.830779795624,28.3135921708934,A2256W000054,68280,-45.39205399717446,343.8307797956245,28.313592170893422,5.133640532957441e-13
1914,-44.8934561388583,343.868193489488,28.3142176259039,A2256W000054,68281,-44.89345613885827,343.86819348948836,28.31421762590391,3.4224270219716276e-13
1915,-44.3948582805421,343.905607183352,28.3148430809144,A2256W000054,68282,-44.39485828054208,343.90560718335223,28.3148430809144,2.2837069025155467e-13
1916,-43.8962604222259,343.943020877216,28.3154685359249,A2256W000054,68283,-43.89626042222589,343.9430208772161,28.31546853592489,1.139086659085919e-13
1917,-43.3976625639097,343.98043457108,28.3160939909354,A2256W000054,68284,-43.397662563909705,343.98043457107997,28.31609399093538,5.728578676879116e-14
1918,-42.8990647055935,344.017848264944,28.3167194459459,A2256W000054,68285,-42.89906470559352,344.01784826494384,28.316719445945868,1.7112135109858138e-13
1919,-42.4004668472773,344.055261958808,28.3173449009564,A2256W000054,68286,-42.40046684727733,344.0552619588077,28.317344900956357,2.8563464471519893e-13
1920,-41.9018689889611,344.092675652672,28.3179703559668,A2256W000054,68287,-41.90186898896114,344.0926756526716,28.317970355966846,4.567413805031093e-13
1921,-41.403271130645,344.130089346535,28.3185958109773,A2256W000054,68288,-41.40327113064495,344.13008934653544,28.318595810977335,4.574593106900657e-13
1922,-40.9046732723288,344.167503040399,28.3192212659878,A2256W000054,68289,-40.904673272328765,344.1675030403993,28.319221265987824,2.864289338439558e-13
1923,-40.4060754140126,344.204916734263,28.3198467209983,A2256W000054,68290,-40.40607541401258,344.2049167342632,28.319846720998314,1.718573603063735e-13
1924,-39.9074775556964,344.242330428127,28.3204721760088,A2256W000054,68291,-39.90747755569639,344.24233042812705,28.320472176008803,5.859285502108464e-14
1925,-39.4088796973802,344.279744121991,28.3210976310193,A2256W000054,68292,-39.4088796973802,344.2797441219909,28.321097631019292,5.684341886080802e-14
1926,-38.910281839064,344.317157815855,28.3217230860298,A2256W000054,68293,-38.91028183906401,344.3171578158548,28.32172308602978,2.278173318171838e-13
1927,-38.4116839807478,344.354571509719,28.3223485410403,A2256W000054,68294,-38.411683980747824,344.35457150971865,28.32234854104027,3.4172599772577567e-13
1928,-37.9130861224316,344.391985203583,28.3229739960508,A2256W000054,68295,-37.913086122431636,344.3919852035825,28.32297399605076,4.561330185226789e-13
1929,-37.4144882641154,344.429398897446,28.3235994510612,A2256W000054,68296,-37.41448826411545,344.4293988974464,28.32359945106125,4.010005073815382e-13
1930,-36.9158904057993,344.46681259131,28.3242249060717,A2256W000054,68297,-36.91589040579926,344.46681259131026,28.324224906071738,2.873967505387993e-13
1931,-36.4172925474831,344.504226285174,28.3248503610822,A2256W000054,68298,-36.41729254748307,344.5042262851741,28.324850361082227,1.1718571004216928e-13
1932,-35.9181731099949,344.533882951841,28.325369248037,A2256W000054,68299,-35.91817310999488,344.5338829518411,28.325369248036957,1.156679772130055e-13
1933,-35.4190536725067,344.563539618508,28.3258881349917,A2256W000054,68300,-35.41905367250669,344.5635396185081,28.325888134991686,1.139086659085919e-13
1934,-34.9199342350185,344.593196285175,28.3264070219464,A2256W000054,68301,-34.9199342350185,344.5931962851751,28.326407021946416,1.1368683772161603e-13
1935,-34.4208147975303,344.622852951842,28.3269259089011,A2256W000054,68302,-34.42081479753031,344.6228529518421,28.326925908901146,1.1457157353758233e-13
1936,-33.9216953600421,344.652509618509,28.3274447958559,A2256W000054,68303,-33.92169536004212,344.6525096185091,28.327444795855875,1.156679772130055e-13
1937,-33.4225759225539,344.682166285176,28.3279636828106,A2256W000054,68304,-33.42257592255393,344.6821662851761,28.327963682810605,1.191086668529821e-13
1938,-32.9234564850657,344.711822951843,28.3284825697653,A2256W000054,68305,-32.92345648506574,344.7118229518431,28.328482569765335,1.214175959108492e-13
1939,-32.4243370475776,344.74147961851,28.3290014567201,A2256W000054,68306,-32.42433704757755,344.7414796185101,28.329001456720064,7.553172887309252e-14
1940,-31.9252176100894,344.771136285177,28.3295203436748,A2256W000054,68307,-31.92521761008936,344.7711362851771,28.329520343674794,7.105427357601002e-14
1941,-31.4260981726012,344.800792951844,28.3300392306295,A2256W000054,68308,-31.426098172601165,344.8007929518441,28.330039230629524,6.703246762680666e-14
1942,-30.926978735113,344.830449618511,28.3305581175843,A2256W000054,68309,-30.92697873511297,344.83044961851107,28.330558117584253,6.355287432313019e-14
1943,-30.4278592976248,344.860106285178,28.331077004539,A2256W000054,68310,-30.427859297624778,344.86010628517806,28.331077004538983,6.07087979554246e-14
1944,-29.9287398601366,344.889762951845,28.3315958914937,A2256W000054,68311,-29.928739860136584,344.88976295184506,28.331595891493713,5.859285502108464e-14
1945,-29.4296204226484,344.919419618512,28.3321147784484,A2256W000054,68312,-29.42962042264839,344.91941961851205,28.332114778448442,5.783398860650275e-14
1946,-28.9305009851602,344.949076285179,28.3326336654032,A2256W000054,68313,-28.930500985160197,344.94907628517905,28.332633665403172,5.695433295429594e-14
1947,-28.431381547672,344.978732951846,28.3331525523579,A2256W000054,68314,-28.431381547672004,344.97873295184604,28.3331525523579,5.695433295429594e-14
1948,-27.9322621101838,345.008389618513,28.3336714393126,A2256W000054,68315,-27.93226211018381,345.00838961851304,28.33367143931263,5.783398860650275e-14
1949,-27.4331426726956,345.03804628518,28.3341903262674,A2256W000054,68316,-27.433142672695617,345.03804628518003,28.33419032626736,5.955433342649105e-14
1950,-26.9340232352074,345.067702951847,28.3347092132221,A2256W000054,68317,-26.934023235207423,345.067702951847,28.33470921322209,2.4868995751603507e-14
1951,-26.4349037977192,345.097359618514,28.3352281001768,A2256W000054,68318,-26.43490379771923,345.097359618514,28.33522810017682,2.842170943040401e-14
1952,-25.935784360231,345.127016285181,28.3357469871316,A2256W000054,68319,-25.935784360231036,345.127016285181,28.33574698713155,3.552713678800501e-14
1953,-25.4366649227428,345.156672951848,28.3362658740863,A2256W000054,68320,-25.436664922742843,345.156672951848,28.33626587408628,4.263256414560601e-14
1954,-24.9375454852546,345.186329618515,28.336784761041,A2256W000054,68321,-24.93754548525465,345.186329618515,28.33678476104101,4.973799150320701e-14
1955,-24.4384260477665,345.215986285182,28.3373036479957,A2256W000054,68322,-24.438426047766455,345.215986285182,28.33730364799574,4.618527782440651e-14
1956,-23.9393066102783,345.245642951849,28.3378225349505,A2256W000054,68323,-23.939306610278262,345.245642951849,28.33782253495047,3.907985046680551e-14
1957,-23.4401871727901,345.275299618516,28.3383414219052,A2256W000054,68324,-23.44018717279007,345.275299618516,28.3383414219052,3.197442310920451e-14
1958,-22.9410677353019,345.304956285183,28.3388603088599,A2256W000054,68325,-22.941067735301875,345.304956285183,28.33886030885993,2.4868995751603507e-14
1959,-22.4419482978137,345.33461295185,28.3393791958147,A2256W000054,68326,-22.44194829781368,345.33461295185,28.339379195814658,1.7763568394002505e-14
1960,-21.9428288603255,345.364269618517,28.3398980827694,A2256W000054,68327,-21.942828860325488,345.36426961851697,28.339898082769388,5.783398860650275e-14
1961,-21.4437094228373,345.393926285184,28.3404169697241,A2256W000054,68328,-21.443709422837294,345.39392628518397,28.340416969724117,5.728578676879116e-14
1962,-20.9445899853491,345.423582951851,28.3409358566788,A2256W000054,68329,-20.9445899853491,345.42358295185096,28.340935856678847,5.684341886080802e-14
1963,-20.4454705478609,345.453239618518,28.3414547436336,A2256W000054,68330,-20.445470547860907,345.45323961851796,28.341454743633577,5.728578676879116e-14
1964,-19.9463511103727,345.482896285185,28.3419736305883,A2256W000054,68331,-19.946351110372714,345.48289628518495,28.341973630588306,5.859285502108464e-14
1965,-19.446567527814,345.497605824541,28.3419661034631,A2256W000054,68332,-19.44656752781395,345.4976058245411,28.34196610346309,1.2409095402129096e-13
1966,-18.9467839452552,345.512315363897,28.3419585763379,A2256W000054,68333,-18.946783945255188,345.51231536389724,28.341958576337873,2.2762333855498224e-13
1967,-18.4470003626964,345.527024903253,28.3419510492127,A2256W000054,68334,-18.447000362696425,345.5270249032534,28.341951049212657,3.9868033068007156e-13
1968,-17.9472167801377,345.54173444261,28.3419435220874,A2256W000054,68335,-17.947216780137662,345.54173444260954,28.34194352208744,4.564234742547372e-13
1969,-17.4474331975789,345.556443981966,28.3419359949622,A2256W000054,68336,-17.4474331975789,345.5564439819657,28.341935994962224,3.410605131648481e-13
1970,-16.9476496150201,345.571153521322,28.341928467837,A2256W000054,68337,-16.947649615020136,345.57115352132183,28.341928467837008,1.7419169285135556e-13
1971,-16.4478660324614,345.585863060678,28.3419209407118,A2256W000054,68338,-16.447866032461373,345.585863060678,28.34192094071179,2.4868995751603507e-14
1972,-15.9480824499026,345.600572600034,28.3419134135866,A2256W000054,68339,-15.94808244990261,345.6005726000341,28.341913413586575,1.1418534512577734e-13
1973,-15.4482988673438,345.61528213939,28.3419058864614,A2256W000054,68340,-15.448298867343848,345.6152821393903,28.341905886461358,2.88235450793715e-13
1974,-14.9485152847851,345.629991678746,28.3418983593361,A2256W000054,68341,-14.948515284785085,345.6299916787464,28.34189835933614,3.9822497417260203e-13
1975,-14.4487317022263,345.644701218103,28.3418908322109,A2256W000054,68342,-14.448731702226322,345.64470121810257,28.341890832210925,4.552466771099645e-13
1976,-13.9489481196676,345.659410757459,28.3418833050857,A2256W000054,68343,-13.948948119667559,345.6594107574587,28.34188330508571,2.8713861873680326e-13
1977,-13.4491645371088,345.674120296815,28.3418757779605,A2256W000054,68344,-13.449164537108796,345.67412029681486,28.341875777960492,1.1374233532693354e-13
1978,-12.94938095455,345.688829836171,28.3418682508353,A2256W000054,68345,-12.949380954550033,345.688829836171,28.341868250835276,3.375077994860476e-14
1979,-12.4495973719913,345.703539375527,28.3418607237101,A2256W000054,68346,-12.44959737199127,345.70353937552716,28.34186072371006,1.7318340456436022e-13
1980,-11.9498137894325,345.718248914883,28.3418531965848,A2256W000054,68347,-11.949813789432508,345.7182489148833,28.341853196584843,2.8430589827255737e-13
1981,-11.4500302068737,345.732958454239,28.3418456694596,A2256W000054,68348,-11.450030206873745,345.73295845423945,28.341845669459627,4.569106098585471e-13
1982,-11.3388250266435,345.736231424846,28.3418439946241,A2256W000846,67970,-11.338825026643462,345.73623142484576,28.34184399462407,2.3041340872738743e-13
1983,-10.839067602598,345.751803059277,28.3416407395581,A2256W000846,67971,-10.83906760259803,345.75180305927677,28.341640739558088,2.293702497949543e-13
1984,-10.339152228122,345.760983046278,28.3422291281931,A2256W000846,67972,-10.339152228122039,345.76098304627806,28.342229128193146,6.898122193969271e-14
1985,-9.83923685364605,345.770163033279,28.3428175168282,A2256W000846,67973,-9.839236853646048,345.77016303327935,28.342817516828205,3.410651390627462e-13
1986,-9.33926152824298,345.775095083422,28.3434081685718,A2256W000846,67974,-9.33926152824298,345.77509508342246,28.343408168571823,4.547473508864641e-13
1987,-8.83928620283991,345.780027133566,28.3439988203154,A2256W000846,67975,-8.839286202839913,345.78002713356557,28.34399882031544,4.547612284625202e-13
1988,-8.33931087743685,345.784959183709,28.3445894720591,A2256W000846,67976,-8.339310877436846,345.7849591837087,28.34458947205906,3.4107901638000697e-13
1989,-7.83933555203378,345.789891233852,28.3451801238027,A2256W000846,67977,-7.839335552033778,345.7898912338518,28.345180123802677,2.273806142312601e-13
1990,-7.3393356401588,345.79004050441,28.345436723323,A2256W000846,67978,-7.339335640158799,345.7900405044102,28.34543672332298,1.705325695313731e-13
1991,-6.83933572828382,345.790189774969,28.3456933228433,A2256W000846,67979,-6.83933572828382,345.79018977496855,28.34569332284328,4.547473508864641e-13
1992,-6.33933581640884,345.790339045527,28.3459499223636,A2256W000846,67980,-6.339335816408841,345.79033904552693,28.345949922363584,5.685035733124713e-14
1993,-5.83933590453386,345.790488316085,28.3462065218839,A2256W000846,67981,-5.839335904533862,345.7904883160853,28.346206521883886,3.410651390627462e-13
1994,-5.33935068673406,345.78689061542,28.3448505972551,A2256W000846,67982,-5.339350686734056,345.7868906154195,28.344850597255054,5.116100440894774e-13
1995,-4.83936546893425,345.783292914754,28.3434946726262,A2256W000846,67983,-4.83936546893425,345.7832929147537,28.34349467262622,2.8421709430404007e-13
1996,-4.33938025113444,345.779695214088,28.3421387479974,A2256W000846,67984,-4.339380251134443,345.7796952140879,28.34213874799739,1.1374233532693354e-13
1997,-3.83939503333464,345.776097513422,28.3407828233686,A2256W000846,67985,-3.8393950333346365,345.7760975134221,28.340782823368556,1.1374233532693354e-13
1998,-3.33941550632368,345.771624855879,28.3400987879864,A2256W000846,67986,-3.339415506323678,345.77162485587945,28.340098787986417,4.547527718650152e-13
1999,-2.83943597931272,345.767152198337,28.3394147526043,A2256W000846,67987,-2.839435979312719,345.7671521983368,28.339414752604277,1.7053546067344506e-13
2000,-2.33945645230176,345.762679540794,28.3387307172221,A2256W000846,67988,-2.33945645230176,345.7626795407942,28.338730717222138,1.7053025658242404e-13
2001,-1.8394769252908,345.758206883252,28.33804668184,A2256W000846,67989,-1.839476925290801,345.75820688325155,28.338046681839998,4.547482182473749e-13
2002,-1.33949739827984,345.753734225709,28.3373626464579,A2256W000846,67990,-1.3394973982798422,345.7537342257089,28.33736264645786,1.1370851969750854e-13
2003,-0.839517871268883,345.749261568166,28.3366786110757,A2256W000846,67991,-0.8395178712688833,345.7492615681663,28.33667861107572,2.842172894603641e-13
2004,-0.339538344257925,345.744788910624,28.3359945756936,A2256W000846,67992,-0.3395383442579245,345.74478891062364,28.33599457569358,3.41060879082885e-13
2005,0.160374635371652,345.735469166764,28.335600656568,A2256W000846,67993,0.1603746353716523,345.73546916676446,28.335600656567987,4.547474533774392e-13
2006,0.660287615001229,345.726149422905,28.3352067374424,A2256W000846,67994,0.6602876150012291,345.7261494229053,28.335206737442395,2.842171159880827e-13
2007,1.16020059463081,345.716829679046,28.3348128183168,A2256W000846,67995,1.160200594630806,345.7168296790461,28.334812818316802,1.137570723272702e-13
2008,1.66011357426038,345.707509935187,28.3344188991912,A2256W000846,67996,1.6601135742603828,345.7075099351869,28.33441889919121,5.690583463874556e-14
2009,2.16002655388996,345.698190191328,28.3340249800656,A2256W000846,67997,2.1600265538899595,345.69819019132774,28.334024980065617,2.842174412485235e-13
2010,2.65993953351954,345.688870447469,28.33363106094,A2256W000846,67998,2.659939533519536,345.68887044746856,28.333631060940025,4.547649146224758e-13
2011,3.15942948782457,345.666293637593,28.3339016236862,A2256W000846,67999,3.159429487824567,345.66629363759296,28.33390162368623,5.692835685204889e-14
2012,3.6589194421296,345.643716827717,28.3341721864324,A2256W000846,68000,3.6589194421295974,345.64371682771736,28.334172186432436,3.410709213468901e-13
2013,4.15840939643463,345.621140017842,28.3344427491786,A2256W000846,68001,4.158409396434628,345.62114001784175,28.334442749178642,2.273806142312601e-13
2014,4.65789935073966,345.598563207966,28.3347133119248,A2256W000846,68002,4.657899350739659,345.59856320796615,28.334713311924848,1.705325695313731e-13
2015,5.15682423741855,345.565794527001,28.3342997901797,A2256W000846,68003,5.15682423741855,345.5657945270006,28.334299790179717,3.979039320256561e-13
2016,5.65574912409744,345.533025846035,28.3338862684346,A2256W000846,68004,5.655749124097441,345.53302584603506,28.333886268434586,5.685035733124713e-14
2017,6.15467401077633,345.50025716507,28.3334727466895,A2256W000846,68005,6.154674010776332,345.5002571650695,28.333472746689456,5.115938536908231e-13
2018,6.65359889745522,345.467488484104,28.3330592249443,A2256W000846,68006,6.653598897455223,345.46748848410397,28.333059224944325,5.690583463874556e-14
2019,7.15133397749124,345.41995166524,28.3328568543882,A2256W000846,68007,7.151333977491239,345.4199516652401,28.332856854388158,1.1369030711563004e-13
2020,7.64906905752726,345.372414846376,28.332654483832,A2256W000846,68008,7.649069057527256,345.3724148463762,28.33265448383199,2.274170393950171e-13
2021,8.14680413756327,345.324878027512,28.3324521132758,A2256W000846,68009,8.146804137563272,345.32487802751234,28.332452113275824,3.410651390627462e-13
2022,8.64331373289114,345.265901586089,28.3324188802916,A2256W000846,68010,8.643313732891142,345.26590158608934,28.332418880291556,3.410651390627462e-13
2023,9.13982332821901,345.206925144666,28.3323856473073,A2256W000846,68011,9.139823328219013,345.20692514466634,28.332385647307287,3.4107901638000697e-13
2024,9.63633292354688,345.147948703243,28.332352414323,A2256W000846,68012,9.636332923546883,345.14794870324334,28.33235241432302,3.4107901638000697e-13
2025,10.1310986534799,345.075790227387,28.3321885670401,A2256W000846,68013,10.131098653479928,345.07579022738713,28.332188567040067,1.1718571004216928e-13
2026,10.625864383413,345.003631751531,28.3320247197571,A2256W000846,68014,10.625864383412972,345.0036317515309,28.332024719757115,6.355287432313019e-14
2027,11.120630113346,344.931473275675,28.3318608724742,A2256W000846,68015,11.120630113346017,344.9314732756747,28.331860872474163,2.847716647714797e-13
2028,11.6130000011682,344.844459451031,28.3325593614027,A2256W000846,68016,11.613000001168182,344.84445945103056,28.33255936140269,4.550941633336394e-13
2029,12.1053698889903,344.757445626386,28.3332578503312,A2256W000846,68017,12.105369888990346,344.7574456263864,28.33325785033122,4.005753599626362e-13
2030,12.5977397768125,344.670431801742,28.3339563392597,A2256W000846,68018,12.59773977681251,344.67043180174227,28.333956339259746,2.844168642415274e-13
2031,13.0873331224292,344.568951001044,28.33401127201,A2256W000846,68019,13.087333122429163,344.56895100104435,28.334011272010006,3.4309448301754923e-13
2032,13.5769264680458,344.467470200346,28.3340662047603,A2256W000846,68020,13.576926468045816,344.46747020034644,28.334066204760266,4.550282893090808e-13
2033,14.0665198136625,344.365989399649,28.3341211375105,A2256W000846,68021,14.066519813662469,344.3659893996485,28.334121137510525,4.558700657768871e-13
2034,14.5519953497277,344.246350345639,28.3340958810027,A2256W000846,68022,14.551995349727656,344.24635034563886,28.334095881002725,1.2205264984503034e-13
2035,15.0374708857928,344.126711291629,28.3340706244949,A2256W000846,68023,15.037470885792844,344.1267112916292,28.334070624494924,1.7621782166716258e-13
2036,15.522946421858,344.00707223762,28.3340453679871,A2256W000846,68024,15.522946421858032,344.0070722376195,28.334045367987123,4.558700657768871e-13
2037,16.0046986233787,343.873226933203,28.3345461829597,A2256W000846,68025,16.004698623378733,343.8732269332031,28.33454618295975,1.180976748471683e-13
2038,16.4864508248994,343.739381628787,28.3350469979324,A2256W000846,68026,16.486450824899435,343.7393816287867,28.335046997932373,2.864289338439558e-13
2039,16.9682030264201,343.60553632437,28.335547812905,A2256W000846,68027,16.968203026420138,343.6055363243703,28.335547812905,2.8689125362607255e-13
2040,17.4499552279408,343.471691019954,28.3360486278776,A2256W000846,68028,17.44995522794084,343.4716910199539,28.336048627877624,1.202161876938748e-13
2041,17.9255909440955,343.317518555512,28.33728018216,A2256W000846,68029,17.925590944095504,343.317518555512,28.337280182159997,3.552713678800501e-15
2042,18.4012266602502,343.16334609107,28.3385117364424,A2256W000846,68030,18.401226660250167,343.1633460910701,28.33851173644237,6.521915363565902e-14
2043,18.8768623764048,343.009173626628,28.3397432907247,A2256W000846,68031,18.87686237640483,343.0091736266282,28.339743290724744,1.7288250917028504e-13
2044,19.3478065277857,342.841214502641,28.3409004206102,A2256W000846,68032,19.347806527785657,342.84121450264075,28.34090042061015,2.31335954426011e-13
2045,19.8187506791665,342.673255378653,28.3420575504956,A2256W000846,68033,19.818750679166484,342.6732553786533,28.342057550495557,3.4135644425146874e-13
2046,20.2896948305473,342.505296254666,28.343214680381,A2256W000846,68034,20.28969483054731,342.5052962546659,28.343214680380964,1.1418534512577734e-13
2047,20.7606389819281,342.337337130678,28.3443718102664,A2256W000846,68035,20.76063898192814,342.33733713067846,28.34437181026637,4.564234742547372e-13
2048,21.2248658488167,342.151617268447,28.3456163308478,A2256W000846,68036,21.2248658488167,342.1516172684468,28.345616330847818,2.2737367544323206e-13
2049,21.6890927157053,341.965897406215,28.3468608514293,A2256W000846,68037,21.689092715705264,341.9658974062151,28.346860851429266,1.191086668529821e-13
2050,22.1533195825938,341.780177543983,28.3481053720107,A2256W000846,68038,22.153319582593827,341.7801775439834,28.348105372010714,4.556346636343676e-13
2051,22.6175464494824,341.594457681752,28.3493498925922,A2256W000846,68039,22.61754644948239,341.59445768175175,28.349349892592162,2.2762333855498224e-13
2052,23.073276744173,341.388772155955,28.3511837352295,A2256W000846,68040,23.07327674417297,341.38877215595465,28.35118373522953,3.42556035377332e-13
2053,23.5290070388635,341.183086630158,28.3530175778669,A2256W000846,68041,23.529007038863547,341.18308663015756,28.353017577866897,4.570866799918529e-13
2054,23.9847373335541,340.97740110436,28.3548514205043,A2256W000846,68042,23.984737333554126,340.97740110436047,28.354851420504264,4.554268548163911e-13
2055,24.4317101986415,340.753317701605,28.3562249142023,A2256W000846,68043,24.43171019864148,340.75331770160454,28.356224914202265,4.552466771099645e-13
2056,24.8786830637288,340.529234298849,28.3575984079003,A2256W000846,68044,24.878683063728833,340.5292342988486,28.357598407900266,3.991865514451162e-13
2057,25.3256559288162,340.305150896093,28.3589719015983,A2256W000846,68045,25.325655928816186,340.3051508960927,28.358971901598267,2.8457214390443806e-13
2058,25.7726287939035,340.081067493337,28.3603453952963,A2256W000846,68046,25.77262879390354,340.0810674933368,28.360345395296267,2.307076569970579e-13
2059,26.2117061890329,339.841885280683,28.3620513368859,A2256W000846,68047,26.211706189032885,339.84188528068347,28.362051336885933,4.549693413077341e-13
2060,26.6507835841622,339.60270306803,28.3637572784756,A2256W000846,68048,26.65078358416223,339.60270306803017,28.3637572784756,1.7350196581950825e-13
2061,27.0898609792916,339.363520855377,28.3654632200653,A2256W000846,68049,27.089860979291576,339.36352085537686,28.365463220065266,1.163751005191159e-13
2062,27.5289383744209,339.124338642724,28.3671691616549,A2256W000846,68050,27.52893837442092,339.12433864272356,28.36716916165493,4.552466771099645e-13
2063,27.9599248110325,338.870862112156,28.3677521781328,A2256W000846,68051,27.95992481103251,338.87086211215586,28.367752178132847,1.1418534512577734e-13
2064,28.3909112476441,338.617385581588,28.3683351946108,A2256W000846,68052,28.3909112476441,338.61738558158817,28.36833519461076,1.7053025658242404e-13
2065,28.8218976842557,338.36390905102,28.3689182110887,A2256W000846,68053,28.821897684255692,338.36390905102047,28.368918211088676,4.548028586499771e-13
2066,29.2528841208673,338.110432520453,28.3695012275666,A2256W000846,68054,29.252884120867282,338.1104325204528,28.36950122756659,2.2806650926133947e-13
2067,29.6783330420205,337.847769594783,28.3706856971379,A2256W000846,68055,29.678333042020537,337.8477695947831,28.370685697137873,6.703246762680666e-14
2068,30.1037819631738,337.585106669113,28.3718701667092,A2256W000846,68056,30.10378196317379,337.5851066691134,28.371870166709154,3.9804664939153777e-13
2069,30.529230884327,337.322443743444,28.3730546362804,A2256W000846,68057,30.529230884327045,337.32244374344367,28.373054636280436,3.441734352444813e-13
2070,30.9459033834161,337.046068797955,28.3740127642143,A2256W000846,68058,30.945903383416073,337.0460687979552,28.374012764214314,1.7233408066822027e-13
2071,31.3625758825051,336.769693852467,28.3749708921482,A2256W000846,68059,31.3625758825051,336.7696938524667,28.37497089214819,3.410605131648481e-13
2072,31.7792483815941,336.493318906978,28.3759290200821,A2256W000846,68060,31.77924838159413,336.4933189069782,28.37592902008207,1.7288250917028504e-13
2073,32.1959208806832,336.21694396149,28.3768871480159,A2256W000846,68061,32.19592088068316,336.2169439614897,28.376887148015946,3.429058924670487e-13
2074,32.6020788118503,335.92533534165,28.3765027196569,A2256W000846,68062,32.6020788118503,335.9253353416499,28.376502719656866,1.1368683772161603e-13
2075,33.0082367430174,335.63372672181,28.3761182912978,A2256W000846,68063,33.008236743017434,335.6337267218101,28.376118291297786,1.191086668529821e-13
2076,33.4143946741846,335.34211810197,28.3757338629387,A2256W000846,68064,33.41439467418457,335.3421181019703,28.375733862938706,2.8563464471519893e-13
2077,33.8109167546808,335.037536615961,28.3751354824283,A2256W000846,68065,33.810916754680775,335.03753661596085,28.375135482428334,1.718573603063735e-13
2078,34.207438835177,334.732955129951,28.374537101918,A2256W000846,68066,34.20743883517698,334.7329551299514,28.374537101917962,3.984744947959471e-13
2079,34.6039609156732,334.428373643942,28.3739387214076,A2256W000846,68067,34.603960915673184,334.42837364394194,28.37393872140759,5.859285502108464e-14
2080,34.9907014638295,334.111464813516,28.3732027800644,A2256W000846,68068,34.99070146382945,334.1114648135157,28.37320278006436,3.4466816133644055e-13
2081,35.3774420119857,333.794555983089,28.3724668387211,A2256W000846,68069,35.37744201198572,333.7945559830894,28.37246683872113,3.984744947959471e-13
2082,35.764182560142,333.477647152663,28.3717308973779,A2256W000846,68070,35.76418256014199,333.47764715266317,28.3717308973779,1.7067822212573437e-13
2083,36.1509231082983,333.160738322237,28.3709949560347,A2256W000846,68071,36.15092310829826,333.1607383222369,28.37099495603467,1.214175959108492e-13
2084,36.5275324675383,332.831858483716,28.36913959966,A2256W000846,68072,36.52753246753829,332.831858483716,28.369139599660024,7.105427357601002e-15
2085,36.9041418267783,332.502978645195,28.3672842432854,A2256W000846,68073,36.90414182677833,332.5029786451951,28.367284243285376,1.1718571004216928e-13
2086,37.2807511860184,332.174098806674,28.3654288869107,A2256W000846,68074,37.280751186018364,332.17409880667424,28.365428886910728,2.3013249603851656e-13
2087,37.6573605452584,331.845218968153,28.3635735305361,A2256W000846,68075,37.6573605452584,331.84521896815335,28.36357353053608,3.410605131648481e-13
2088,38.0218253630136,331.50293203212,28.3613263012217,A2256W000846,68076,38.021825363013605,331.50293203212004,28.36132630122173,5.728578676879116e-14
2089,38.3862901807688,331.160645096087,28.3590790719074,A2256W000846,68077,38.38629018076881,331.16064509608674,28.35907907190738,2.8430589827255737e-13
2090,38.750754998524,330.818358160053,28.356831842593,A2256W000846,68078,38.750754998524016,330.81835816005344,28.35683184259303,4.549693413077341e-13
2091,39.1152198162792,330.47607122402,28.3545846132787,A2256W000846,68079,39.11521981627922,330.47607122402013,28.354584613278682,1.156679772130055e-13
2092,39.4665163192103,330.12027978879,28.3527897191517,A2256W000846,68080,39.46651631921035,330.12027978878956,28.352789719151684,4.574593106900657e-13
2093,39.8178128221415,329.764488353559,28.3509948250247,A2256W000846,68081,39.81781282214148,329.764488353559,28.350994825024685,2.1316282072803006e-14
2094,40.1691093250726,329.408696918328,28.3491999308977,A2256W000846,68082,40.169109325072604,329.4086969183284,28.349199930897687,3.979673682846523e-13
2095,40.5042169787178,329.037618549253,28.3472752302371,A2256W000846,68083,40.504216978717785,329.03761854925284,28.34727523023712,1.7112135109858138e-13
2096,40.839324632363,328.666540180177,28.3453505295766,A2256W000846,68084,40.83932463236297,328.66654018017726,28.345350529576553,2.864289338439558e-13
2097,41.1744322860081,328.295461811102,28.343425828916,A2256W000846,68085,41.17443228600815,328.2954618111017,28.343425828915986,2.8853634865195875e-13
2098,41.5095399396533,327.924383442026,28.3415011282554,A2256W000846,68086,41.50953993965333,327.9243834420261,28.34150112825542,1.1718571004216928e-13
2099,41.8345587891452,327.5444330028,28.3408598739558,A2256W000846,68087,41.83455878914516,327.54443300280025,28.340859873955797,2.3013249603851656e-13
2100,42.159577638637,327.164482563574,28.3402186196562,A2256W000846,68088,42.159577638636996,327.1644825635744,28.340218619656174,3.979673682846523e-13
2101,42.4845964881288,326.784532124349,28.3395773653566,A2256W000846,68089,42.48459648812883,326.7845321243485,28.33957736535655,5.123796534383003e-13
2102,42.8096153376207,326.404581685123,28.3389361110569,A2256W000846,68090,42.80961533762066,326.40458168512265,28.338936111056928,3.429058924670487e-13
2103,43.1346341871125,326.024631245897,28.3382948567573,A2256W000846,68091,43.134634187112496,326.0246312458968,28.338294856757305,2.274846706538671e-13
2104,43.4596530366043,325.644680806671,28.3376536024577,A2256W000846,68092,43.45965303660433,325.6446808066709,28.33765360245768,6.355287432313019e-14
2105,43.7666785070207,325.250048127665,28.3370139336551,A2256W000846,68093,43.76667850702066,325.2500481276649,28.337013933655054,1.214175959108492e-13
2106,44.073703977437,324.855415448659,28.3363742648524,A2256W000846,68094,44.073703977436985,324.8554154486589,28.336374264852427,1.1457157353758233e-13
2107,44.3807294478533,324.460782769653,28.3357345960498,A2256W000846,68095,44.38072944785331,324.4607827696529,28.3357345960498,1.1457157353758233e-13
2108,44.676904138191,324.057942531006,28.3351915210497,A2256W000846,68096,44.676904138191006,324.05794253100623,28.335191521049698,2.274846706538671e-13
2109,44.9730788285287,323.65510229236,28.3346484460496,A2256W000846,68097,44.9730788285287,323.6551022923596,28.334648446049595,4.547473508864641e-13
2110,45.2692535188664,323.252262053713,28.3341053710495,A2256W000846,68098,45.26925351886639,323.2522620537129,28.334105371049493,1.139086659085919e-13
2111,45.5654282092041,322.849421815066,28.3335622960494,A2256W000846,68099,45.565428209204086,322.84942181506625,28.33356229604939,2.278173318171838e-13
2112,45.8616028995418,322.44658157642,28.3330192210493,A2256W000846,68100,45.86160289954178,322.4465815764196,28.333019221049287,3.984744947959471e-13
2113,46.1444707636915,322.034289455711,28.3320299622637,A2256W000846,68101,46.14447076369153,322.03428945571096,28.332029962263658,6.355287432313019e-14
2114,46.4273386278413,321.621997335002,28.331040703478,A2256W000846,68102,46.42733862784128,321.62199733500233,28.331040703478028,3.4172599772577567e-13
2115,46.710206491991,321.209705214294,28.3300514446924,A2256W000846,68103,46.71020649199103,321.2097052142937,28.330051444692398,2.8563464471519893e-13
2116,46.9930743561408,320.797413093585,28.3290621859068,A2256W000846,68104,46.99307435614078,320.7974130935851,28.329062185906768,6.07087979554246e-14
2117,47.2619404873426,320.375855296153,28.3288981224204,A2256W000846,68105,47.261940487342606,320.3758552961531,28.328898122420448,5.728578676879116e-14
2118,47.5308066185444,319.954297498721,28.3287340589341,A2256W000846,68106,47.53080661854443,319.9542974987211,28.328734058934128,6.355287432313019e-14
2119,47.7996727497463,319.532739701289,28.3285699954478,A2256W000846,68107,47.79967274974626,319.5327397012891,28.328569995447808,7.105427357601002e-14
2120,48.0685388809481,319.111181903857,28.3284059319615,A2256W000846,68108,48.06853888094808,319.1111819038571,28.328405931961488,5.859285502108464e-14
2121,48.326224607537,318.682698939678,28.3277611679374,A2256W000846,68109,48.326224607537036,318.682698939678,28.32776116793741,3.552713678800501e-14
2122,48.583910334126,318.254215975499,28.3271164039133,A2256W000846,68110,48.58391033412599,318.25421597549894,28.327116403913333,5.859285502108464e-14
2123,48.8415960607149,317.82573301132,28.3264716398893,A2256W000846,68111,48.84159606071494,317.82573301131987,28.326471639889256,1.214175959108492e-13
2124,49.0910847442593,317.392425673025,28.3268555185555,A2256W000846,68112,49.09108474425926,317.39242567302466,28.326855518555472,3.429058924670487e-13
2125,49.3405734278036,316.959118334729,28.3272393972217,A2256W000846,68113,49.340573427803584,316.95911833472945,28.32723939722169,4.549693413077341e-13
2126,49.5900621113479,316.525810996434,28.3276232758879,A2256W000846,68114,49.590062111347905,316.52581099643425,28.327623275887905,2.274846706538671e-13
2127,49.8395507948922,316.092503658139,28.3280071545541,A2256W000846,68115,49.839550794892226,316.09250365813904,28.328007154554122,6.355287432313019e-14
2128,50.0783650704314,315.653223320594,28.3272813137834,A2256W000846,68116,50.0783650704314,315.6532233205938,28.327281313783402,2.2737367544323206e-13
2129,50.3171793459706,315.213942983049,28.3265554730127,A2256W000846,68117,50.31717934597058,315.2139429830485,28.326555473012682,4.552466771099645e-13
2130,50.5559936215098,314.774662645503,28.325829632242,A2256W000846,68118,50.55599362150976,314.77466264550327,28.325829632241962,2.873967505387993e-13
2131,50.7948078970489,314.335382307958,28.3251037914712,A2256W000846,68119,50.79480789704893,314.335382307958,28.325103791471243,3.552713678800501e-14
2132,51.0336221725881,313.896101970413,28.3243779507005,A2256W000846,68120,51.03362217258811,313.89610197041276,28.324377950700523,2.274846706538671e-13
2133,51.2724364481273,313.456821632868,28.3236521099298,A2256W000846,68121,51.27243644812729,313.4568216328675,28.323652109929803,5.117881046706176e-13
2134,51.4905973580873,313.006926293803,28.3236875079168,A2256W000846,68122,51.490597358087285,313.0069262938025,28.323687507916805,5.117881046706176e-13
2135,51.7087582680473,312.557030954738,28.3237229059038,A2256W000846,68123,51.70875826804728,312.5570309547375,28.323722905903807,5.117881046706176e-13
2136,51.9269191780073,312.107135615673,28.3237583038908,A2256W000846,68124,51.92691917800728,312.1071356156725,28.32375830389081,4.552466771099645e-13
2137,52.1450800879673,311.657240276608,28.3237937018778,A2256W000846,68125,52.14508008796728,311.6572402766075,28.32379370187781,4.552466771099645e-13
2138,52.3632409979273,311.207344937543,28.3238290998648,A2256W000846,68126,52.36324099792728,311.20734493754253,28.323829099864813,4.552466771099645e-13
2139,52.5814019078873,310.757449598478,28.3238644978518,A2256W000846,68127,52.581401907887276,310.75744959847754,28.323864497851815,4.552466771099645e-13
2140,52.7995628178473,310.307554259413,28.3238998958388,A2256W000846,68128,52.799562817847274,310.30755425941254,28.323899895838817,4.556346636343676e-13
2141,53.0177237278073,309.857658920348,28.3239352938258,A2256W000846,68129,53.01772372780727,309.85765892034755,28.32393529382582,4.556346636343676e-13
2142,53.2358846377673,309.407763581283,28.3239706918128,A2256W000846,68130,53.23588463776727,309.40776358128255,28.32397069181282,4.556346636343676e-13
2143,53.433115203408,308.948310912472,28.3221406372995,A2256W000846,68131,53.433115203407965,308.9483109124716,28.32214063729948,3.994868165156787e-13
2144,53.6303457690487,308.488858243661,28.3203105827861,A2256W000846,68132,53.63034576904866,308.4888582436606,28.32031058278614,4.001813022207649e-13
2145,53.8275763346894,308.02940557485,28.3184805282728,A2256W000846,68133,53.827576334689354,308.02940557484965,28.318480528272797,3.43714720612747e-13
2146,54.02480690033,307.569952906039,28.3166504737595,A2256W000846,68134,54.02480690033005,307.5699529060387,28.316650473759456,3.4466816133644055e-13
2147,54.2220374659707,307.110500237228,28.3148204192461,A2256W000846,68135,54.22203746597074,307.1105002372277,28.314820419246114,2.873967505387993e-13
2148,54.4192680316114,306.651047568417,28.3129903647328,A2256W000846,68136,54.41926803161144,306.65104756841674,28.312990364732773,2.864289338439558e-13
2149,54.6164985972521,306.191594899606,28.3111603102194,A2256W000846,68137,54.61649859725213,306.1915948996058,28.31116031021943,2.3013249603851656e-13
2150,54.7851744557671,305.72091169228,28.3087575835763,A2256W000846,68138,54.785174455767105,305.7209116922795,28.308757583576334,5.116401106134473e-13
2151,54.9538503142821,305.250228484953,28.3063548569332,A2256W000846,68139,54.95385031428208,305.25022848495325,28.306354856933236,2.2837069025155467e-13
2152,55.1225261727971,304.779545277627,28.3039521302901,A2256W000846,68140,55.12252617279705,304.779545277627,28.30395213029014,4.973799150320701e-14
2153,55.291202031312,304.308862070301,28.301549403647,A2256W000846,68141,55.291202031312025,304.30886207030073,28.30154940364704,2.8563464471519893e-13
2154,55.459877889827,303.838178862974,28.2991466770039,A2256W000846,68142,55.459877889827,303.8381788629745,28.299146677003943,4.547473508864641e-13
2155,55.628553748342,303.367495655648,28.2967439503608,A2256W000846,68143,55.62855374834197,303.3674956556482,28.296743950360845,2.2914314707516465e-13
2156,55.7972296068569,302.896812448322,28.2943412237177,A2256W000846,68144,55.797229606856945,302.89681244832195,28.294341223717748,7.105427357601002e-14
2157,55.9362914591628,302.416540895105,28.2933231844161,A2256W000846,68145,55.93629145916277,302.4165408951052,28.293323184416117,1.7419169285135556e-13
2158,56.0753533114686,301.936269341888,28.2923051451145,A2256W000846,68146,56.07535331146859,301.9362693418884,28.292305145114486,3.979673682846523e-13
2159,56.2144151637744,301.455997788672,28.2912871058129,A2256W000846,68147,56.21441516377441,301.45599778867165,28.291287105812856,3.4135644425146874e-13
2160,56.3534770160802,300.975726235455,28.2902690665112,A2256W000846,68148,56.353477016080234,300.9757262354549,28.290269066511225,1.191086668529821e-13
2161,56.4925388683861,300.495454682238,28.2892510272096,A2256W000846,68149,56.492538868386056,300.4954546822381,28.289251027209595,1.214175959108492e-13
2162,56.6316007206919,300.015183129021,28.288232987908,A2256W000846,68150,56.63160072069188,300.01518312902135,28.288232987907964,3.4172599772577567e-13
2163,56.7706625729977,299.534911575805,28.2872149486063,A2256W000846,68151,56.7706625729977,299.5349115758046,28.287214948606334,3.979039320256561e-13
2164,56.9097244253035,299.054640022588,28.2861969093047,A2256W000846,68152,56.90972442530352,299.0546400225878,28.286196909304703,1.718573603063735e-13
2165,57.0487862776093,298.574368469371,28.2851788700031,A2256W000846,68153,57.048786277609345,298.57436846937105,28.285178870003072,7.105427357601002e-14
2166,57.1878481299152,298.094096916154,28.2841608307014,A2256W000846,68154,57.18784812991517,298.0940969161543,28.284160830701442,2.864289338439558e-13
2167,57.3196124301462,297.611771237161,28.2838313334791,A2256W000846,68155,57.31961243014619,297.6117712371611,28.28383133347907,1.1457157353758233e-13
2168,57.4513767303772,297.129445558168,28.2835018362567,A2256W000846,68156,57.451376730377206,297.12944555816796,28.2835018362567,5.728578676879116e-14
2169,57.5831410306082,296.647119879175,28.2831723390343,A2256W000846,68157,57.583141030608225,296.6471198791748,28.28317233903433,2.2837069025155467e-13
2170,57.7149053308392,296.164794200182,28.282842841812,A2256W000846,68158,57.714905330839244,296.16479420018163,28.28284284181196,3.43714720612747e-13
2171,57.8466696310703,295.682468521188,28.2825133445896,A2256W000846,68159,57.84666963107026,295.68246852118847,28.28251334458959,4.561330185226789e-13
2172,57.9784339313013,295.200142842195,28.2821838473672,A2256W000846,68160,57.97843393130128,295.2001428421953,28.282183847367218,2.850153339314201e-13
2173,58.0944597887888,294.713795763288,28.2800579985695,A2256W000846,68161,58.094459788788775,294.7137957632885,28.280057998569458,5.120346663772031e-13
2174,58.2104856462763,294.227448684382,28.2779321497717,A2256W000846,68162,58.21048564627627,294.22744868438167,28.277932149771697,3.4224270219716276e-13
2175,58.3265115037638,293.741101605475,28.2758063009739,A2256W000846,68163,58.32651150376376,293.74110160547485,28.275806300973937,1.7419169285135556e-13
2176,58.4425373612513,293.254754526568,28.2736804521762,A2256W000846,68164,58.442537361251254,293.25475452656804,28.273680452176176,7.105427357601002e-14
2177,58.5585632187387,292.768407447661,28.2715546033784,A2256W000846,68165,58.55856321873875,292.7684074476612,28.271554603378416,2.327502010382318e-13
2178,58.6745890762262,292.282060368754,28.2694287545807,A2256W000846,68166,58.67458907622624,292.2820603687544,28.269428754580655,4.001813022207649e-13
2179,58.7906149337137,291.795713289848,28.2673029057829,A2256W000846,68167,58.790614933713734,291.7957132898476,28.267302905782895,3.994868165156787e-13
2180,58.9066407912012,291.309366210941,28.2651770569851,A2256W000846,68168,58.90664079120123,291.30936621094077,28.265177056985134,2.2914314707516465e-13
2181,59.0093079948223,290.820020740117,28.26450216044,A2256W000846,68169,59.009307994822336,290.82002074011746,28.264502160440017,4.561330185226789e-13
2182,59.1119751984434,290.330675269294,28.2638272638949,A2256W000846,68170,59.111975198443446,290.33067526929415,28.2638272638949,1.757785650632539e-13
2183,59.2146424020646,289.841329798471,28.2631523673498,A2256W000846,68171,59.214642402064555,289.84132979847084,28.263152367349782,1.757785650632539e-13
2184,59.3173096056857,289.351984327648,28.2624774708047,A2256W000846,68172,59.317309605685665,289.35198432764753,28.262477470804665,4.561330185226789e-13
2185,59.4199768093068,288.862638856824,28.2618025742595,A2256W000846,68173,59.419976809306775,288.8626388568242,28.261802574259548,2.2914314707516465e-13
2186,59.5226440129279,288.373293386001,28.2611276777144,A2256W000846,68174,59.522644012927884,288.3732933860009,28.26112767771443,1.1457157353758233e-13
2187,59.625311216549,287.883947915178,28.2604527811693,A2256W000846,68175,59.625311216548994,287.8839479151776,28.260452781169313,3.979673682846523e-13
2188,59.7279784201701,287.394602444354,28.2597778846242,A2256W000846,68176,59.7279784201701,287.3946024443543,28.259777884624196,2.8421709430404007e-13
2189,59.8306456237912,286.905256973531,28.2591029880791,A2256W000846,68177,59.83064562379121,286.905256973531,28.25910298807908,1.4210854715202004e-14
2190,59.9080293263317,286.411282460497,28.2600740979168,A2256W000846,68178,59.90802932633169,286.4112824604974,28.260074097916785,3.979673682846523e-13
2191,59.9854130288722,285.917307947464,28.2610452077545,A2256W000846,68179,59.98541302887217,285.91730794746377,28.261045207754492,2.2914314707516465e-13
2192,60.0627967314127,285.42333343443,28.2620163175922,A2256W000846,68180,60.062796731412654,285.42333343443016,28.2620163175922,1.7763568394002505e-13
2193,60.1401804339531,284.929358921397,28.2629874274299,A2256W000846,68181,60.140180433953134,284.92935892139656,28.262987427429906,4.561330185226789e-13
2194,60.2175641364936,284.435384408363,28.2639585372676,A2256W000846,68182,60.217564136493614,284.43538440836295,28.263958537267612,5.859285502108464e-14
2195,60.2949478390341,283.941409895329,28.2649296471053,A2256W000846,68183,60.294947839034094,283.94140989532934,28.26492964710532,3.411345200037716e-13
2196,60.3723315415746,283.447435382296,28.265900756943,A2256W000846,68184,60.372331541574574,283.44743538229574,28.265900756943026,2.8563464471519893e-13
2197,60.4497152441151,282.953460869262,28.2668718667807,A2256W000846,68185,60.449715244115055,282.95346086926213,28.266871866780733,1.214175959108492e-13
2198,60.5153155971797,282.457783251481,28.2663306561012,A2256W000846,68186,60.515315597179686,282.4577832514814,28.266330656101168,3.981576164199481e-13
2199,60.5809159502443,281.962105633701,28.2657894454216,A2256W000846,68187,60.58091595024432,281.9621056337006,28.265789445421603,3.984744947959471e-13
2200,60.6465163033089,281.46642801592,28.265248234742,A2256W000846,68188,60.64651630330895,281.46642801591986,28.26524823474204,1.2409095402129096e-13
2201,60.7121166563736,280.970750398139,28.2647070240625,A2256W000846,68189,60.71211665637358,280.9707503981391,28.264707024062474,1.156679772130055e-13
2202,60.7777170094382,280.475072780358,28.2641658133829,A2256W000846,68190,60.77771700943821,280.47507278035835,28.26416581338291,3.4135644425146874e-13
2203,60.8433173625028,279.979395162578,28.2636246027033,A2256W000846,68191,60.843317362502845,279.9793951625776,28.263624602703345,4.001813022207649e-13
2204,60.9089177155675,279.483717544797,28.2630833920238,A2256W000846,68192,60.908917715567476,279.48371754479683,28.26308339202378,1.718573603063735e-13
2205,60.9595551310611,278.986291921935,28.2611855320581,A2256W000846,68193,60.95955513106109,278.9862919219348,28.26118553205807,1.7112135109858138e-13
2206,61.0101925465547,278.488866299073,28.2592876720924,A2256W000846,68194,61.0101925465547,278.4888662990728,28.259287672092363,1.7053025658242404e-13
2207,61.0608299620483,277.991440676211,28.2573898121267,A2256W000846,68195,61.06082996204831,277.9914406762108,28.257389812126654,2.274846706538671e-13
2208,61.1071913329592,277.493594738174,28.2571770511447,A2256W000846,68196,61.107191332959154,277.4935947381737,28.257177051144698,2.873967505387993e-13
2209,61.15355270387,276.995748800137,28.2569642901627,A2256W000846,68197,61.15355270387,276.99574880013665,28.256964290162742,3.410605131648481e-13
2210,61.1999140747808,276.4979028621,28.2567515291808,A2256W000846,68198,61.19991407478084,276.4979028620996,28.256751529180786,4.001813022207649e-13
2211,61.2462754456917,276.000056924063,28.2565387681988,A2256W000846,68199,61.24627544569169,276.0000569240625,28.25653876819883,5.117881046706176e-13
2212,61.2926368166025,275.502210986025,28.2563260072169,A2256W000846,68200,61.29263681660253,275.50221098602543,28.256326007216874,4.556346636343676e-13
2213,61.3389981875134,275.004365047988,28.2561132462349,A2256W000846,68201,61.338998187513376,275.00436504798836,28.256113246234918,3.4172599772577567e-13
2214,61.3816176435544,274.506184896629,28.255768632834,A2256W000846,68202,61.38161764355441,274.50618489662907,28.255768632834048,5.728578676879116e-14
2215,61.4242370995954,274.00800474527,28.2554240194332,A2256W000846,68203,61.42423709959544,274.0080047452698,28.25542401943318,2.3013249603851656e-13
2216,61.4668565556365,273.50982459391,28.2550794060323,A2256W000846,68204,61.46685655563647,273.5098245939105,28.25507940603231,4.556346636343676e-13
2217,61.5094760116775,273.011644442551,28.2547347926314,A2256W000846,68205,61.5094760116775,273.0116444425512,28.25473479263144,1.7053025658242404e-13
2218,61.5520954677185,272.513464291192,28.2543901792306,A2256W000846,68206,61.55209546771853,272.5134642911919,28.25439017923057,1.1718571004216928e-13
2219,61.5947149237596,272.015284139833,28.2540455658297,A2256W000846,68207,61.59471492375956,272.0152841398326,28.2540455658297,3.994868165156787e-13
2220,61.6267454963071,271.516312233371,28.2550843077699,A2256W000846,68208,61.62674549630712,271.5163122333715,28.255084307769902,4.552466771099645e-13
2221,61.6587760688547,271.01734032691,28.2561230497101,A2256W000846,68209,61.658776068854685,271.01734032691036,28.256123049710105,3.4135644425146874e-13
2222,61.6908066414022,270.518368420449,28.2571617916503,A2256W000846,68210,61.69080664140225,270.51836842044924,28.257161791650308,2.327502010382318e-13
2223,61.7228372139498,270.019396513988,28.2582005335905,A2256W000846,68211,61.72283721394981,270.0193965139881,28.25820053359051,1.139086659085919e-13
2224,61.7548677864974,269.520424607527,28.2592392755307,A2256W000846,68212,61.75486778649737,269.520424607527,28.259239275530714,2.842170943040401e-14
2225,61.7786810823227,269.020992018983,28.259367503729,A2256W000846,68213,61.7786810823227,269.0209920189833,28.25936750372897,2.8421709430404007e-13
2226,61.802494378148,268.52155943044,28.2594957319272,A2256W000846,68214,61.802494378148026,268.5215594304396,28.259495731927228,3.989177016483779e-13
2227,61.8263076739734,268.022126841896,28.2596239601255,A2256W000846,68215,61.82630767397335,268.0221268418959,28.259623960125484,1.2409095402129096e-13
2228,61.8501209697987,267.522694253352,28.2597521883237,A2256W000846,68216,61.85012096979868,267.5226942533522,28.25975218832374,2.2837069025155467e-13
2229,61.873934265624,267.023261664809,28.259880416522,A2256W000846,68217,61.87393426562401,267.0232616648085,28.259880416521998,5.116401106134473e-13
2230,61.8848719298822,266.52338144679,28.2602480234225,A2256W000846,68218,61.884871929882195,266.5233814467905,28.260248023422484,5.116401106134473e-13
2231,61.8958095941404,266.023501228772,28.260615630323,A2256W000846,68219,61.89580959414038,266.0235012287725,28.26061563032297,5.120346663772031e-13
2232,61.9067472583986,265.523621010754,28.2609832372235,A2256W000846,68220,61.90674725839857,265.5236210107545,28.260983237223456,4.561330185226789e-13
2233,61.9176849226568,265.023740792736,28.2613508441239,A2256W000846,68221,61.917684922656754,265.0237407927365,28.261350844123942,4.567413805031093e-13
2234,61.9286225869149,264.523860574718,28.2617184510244,A2256W000846,68222,61.92862258691494,264.52386057471847,28.26171845102443,4.567413805031093e-13
2235,61.9395602511731,264.0239803567,28.2620860579249,A2256W000846,68223,61.93956025117313,264.02398035670046,28.262086057924915,4.556346636343676e-13
2236,61.9504979154313,263.524100138682,28.2624536648254,A2256W000846,68224,61.95049791543131,263.52410013868246,28.2624536648254,4.549693413077341e-13
2237,61.9614355796895,263.024219920664,28.2628212717259,A2256W000846,68225,61.9614355796895,263.02421992066445,28.262821271725887,4.547473508864641e-13
2238,61.9700476439243,262.524294302662,28.2632782337912,A2256W000846,68226,61.97004764392434,262.5242943026619,28.26327823379119,1.191086668529821e-13
2239,61.9786597081592,262.024368684659,28.2637351958565,A2256W000846,68227,61.97865970815918,262.0243686846593,28.263735195856494,2.850153339314201e-13
2240,61.987271772394,261.524443066657,28.2641921579218,A2256W000846,68228,61.98727177239402,261.5244430666567,28.264192157921798,2.8457214390443806e-13
2241,61.9958838366289,261.024517448654,28.2646491199871,A2256W000846,68229,61.995883836628856,261.02451744865414,28.2646491199871,1.214175959108492e-13
2242,62.0044959008637,260.524591830652,28.2651060820524,A2256W000846,68230,62.004495900863695,260.52459183065156,28.265106082052405,4.548028586499771e-13
2243,62.0131079650985,260.024666212649,28.2655630441177,A2256W000846,68231,62.013107965098534,260.024666212649,28.26556304411771,3.552713678800501e-14
2244,62.0217200293334,259.524740594646,28.266020006183,A2256W000846,68232,62.02172002933337,259.5247405946464,28.266020006183012,3.989177016483779e-13
2245,62.0303320935682,259.024814976644,28.2664769682483,A2256W000846,68233,62.03033209356821,259.0248149766438,28.266476968248316,1.7112135109858138e-13
2246,62.0389441578031,258.524889358641,28.2669339303136,A2256W000846,68234,62.03894415780305,258.52488935864125,28.26693393031362,2.327502010382318e-13
2247,62.0475562220379,258.024963740639,28.2673908923789,A2256W000846,68235,62.04755622203789,258.02496374063867,28.267390892378923,3.411345200037716e-13
2248,62.0561682862727,257.525038122636,28.2678478544442,A2256W000846,68236,62.05616828627273,257.5250381226361,28.267847854444227,1.1718571004216928e-13
2249,62.0647803505076,257.025112504634,28.2683048165095,A2256W000846,68237,62.06478035050757,257.0251125046335,28.26830481650953,5.123796534383003e-13
2250,62.0733924147424,256.525186886631,28.2687617785748,A2256W000846,68238,62.07339241474241,256.52518688663093,28.268761778574834,5.728578676879116e-14
2251,62.0739136826014,256.494927572552,28.2687894374068,A2256W000411,9188,62.073913682601415,256.4949275725521,28.268789437406806,1.1457157353758233e-13
2252,62.0814944072041,255.994986488522,28.2699915659189,A2256W000411,9189,62.081494407204126,255.99498648852168,28.269991565918932,3.13928041384408e-13
2253,62.0890751318068,255.495045404491,28.2711936944311,A2256W000411,9190,62.08907513180684,255.49504540449124,28.27119369443106,2.3013249603851656e-13
2254,62.0966558564095,254.995104320461,28.2723958229432,A2256W000411,9191,62.09665585640955,254.9951043204608,28.272395822943185,2.0507499257379623e-13
2255,62.1042365810123,254.49516323643,28.2735979514553,A2256W000411,9192,62.10423658101226,254.49516323643036,28.27359795145531,3.7193366120795873e-13
2256,62.111817305615,253.9952221524,28.2748000799674,A2256W000411,9193,62.11181730561497,253.99522215239992,28.274800079967438,8.987733679556355e-14
2257,62.1215616460149,253.49532145183,28.2727174373852,A2256W000411,9194,62.12156164601492,253.49532145183025,28.272717437385158,2.5668202664787205e-13
2258,62.1313059864149,252.995420751261,28.2706347948029,A2256W000411,9195,62.131305986414866,252.99542075126058,28.270634794802877,4.2780337774645343e-13
2259,62.1410503268148,252.495520050691,28.2685521522206,A2256W000411,9196,62.14105032681481,252.4955200506909,28.268552152220597,8.644125458514252e-14
2260,62.1507946672148,251.995619350121,28.2664695096383,A2256W000411,9197,62.15079466721476,251.99561935012125,28.266469509638316,2.582507625758445e-13
2261,62.1574152284188,251.495663533803,28.2670610320989,A2256W000411,9198,62.15741522841885,251.4956635338029,28.267061032098912,9.871175158657624e-14
2262,62.1640357896229,250.995707717485,28.2676525545595,A2256W000411,9199,62.164035789622936,250.99570771748458,28.267652554559508,4.2780337774645343e-13
2263,62.170656350827,250.495751901166,28.2682440770201,A2256W000411,9200,62.170656350827024,250.49575190116624,28.268244077020103,2.5668202664787205e-13
2264,62.1772769120311,249.995796084848,28.2688355994807,A2256W000411,9201,62.17727691203111,249.9957960848479,28.2688355994807,8.644125458514252e-14
2265,62.1838974732352,249.49584026853,28.2694271219413,A2256W000411,9202,62.1838974732352,249.49584026852958,28.269427121941295,4.263256414560601e-13
2266,62.1905180344393,248.995884452211,28.2700186444019,A2256W000411,9203,62.190518034439286,248.99588445221124,28.27001864440189,2.5618982671915015e-13
2267,62.1997526060083,248.495969746684,28.2699192194808,A2256W000411,9204,62.199752606008325,248.49596974668376,28.26991921948083,2.5668202664787205e-13
2268,62.2089871775774,247.996055041156,28.2698197945598,A2256W000411,9205,62.20898717757736,247.99605504115627,28.26981979455977,2.582507625758445e-13
2269,62.2182217491464,247.496140335629,28.2697203696387,A2256W000411,9206,62.2182217491464,247.49614033562878,28.26972036963871,2.2737367544323206e-13
2270,62.2274563207154,246.996225630101,28.2696209447176,A2256W000411,9207,62.22745632071544,246.9962256301013,28.269620944717648,2.873967505387993e-13
2271,62.2366908922845,246.496310924574,28.2695215197966,A2256W000411,9208,62.23669089228448,246.4963109245738,28.269521519796587,2.0009065111038244e-13
2272,62.2459254638535,245.996396219046,28.2694220948755,A2256W000411,9209,62.24592546385352,245.99639621904632,28.269422094875527,3.1296161105196403e-13
2273,62.2551600354226,245.496481513519,28.2693226699545,A2256W000411,9210,62.255160035422556,245.49648151351883,28.269322669954466,1.757785650632539e-13
2274,62.2643946069916,244.996566807991,28.2692232450334,A2256W000411,9211,62.264394606991594,244.99656680799134,28.269223245033405,3.411345200037716e-13
2275,62.2736291785606,244.496652102464,28.2691238201123,A2256W000411,9212,62.27362917856063,244.49665210246386,28.269123820112345,1.464821375527116e-13
2276,62.2828637501297,243.996737396936,28.2690243951913,A2256W000411,9213,62.28286375012967,243.99673739693637,28.269024395191284,3.7057375295732124e-13
2277,62.2872720443525,243.496757183706,28.2684299879038,A2256W000411,9214,62.28727204435251,243.49675718370585,28.268429987903826,1.4281732235759946e-13
2278,62.2916803385754,242.996776970475,28.2678355806164,A2256W000411,9215,62.291680338575354,242.99677697047534,28.267835580616367,3.43714720612747e-13
2279,62.2960886327982,242.496796757245,28.2672411733289,A2256W000411,9216,62.296088632798195,242.49679675724482,28.26724117332891,1.7067822212573437e-13
2280,62.300496927021,241.996816544014,28.2666467660415,A2256W000411,9217,62.30049692702104,241.9968165440143,28.26664676604145,3.1465091617355555e-13
2281,62.3049052212439,241.496836330784,28.266052358754,A2256W000411,9218,62.30490522124388,241.4968363307838,28.266052358753992,2.0009065111038244e-13
2282,62.3066983444861,240.996841883423,28.2675811874866,A2256W000411,9219,62.30669834448612,240.9968418834229,28.267581187486584,1.156679772130055e-13
2283,62.3084914677284,240.496847436062,28.2691100162192,A2256W000411,9220,62.308491467728366,240.49684743606198,28.269110016219177,4.5496934130773415e-14
2284,62.3102845909706,239.996852988701,28.2706388449518,A2256W000411,9221,62.31028459097061,239.99685298870108,28.27063884495177,8.556067554929069e-14
2285,62.3120777142129,239.49685854134,28.2721676736844,A2256W000411,9222,62.312077714212855,239.49685854134017,28.27216767368436,1.757785650632539e-13
2286,62.3138708374551,238.996864093979,28.273696502417,A2256W000411,9223,62.3138708374551,238.99686409397927,28.273696502416954,2.5579538487363607e-13
2287,62.3138388026355,238.496864101602,28.2736152848178,A2256W000411,9224,62.31383880263551,238.4968641016018,28.273615284817815,1.9907880820997406e-13
2288,62.3138067678159,237.996864109224,28.2735340672187,A2256W000411,9225,62.31380676781592,237.99686410922433,28.273534067218677,3.4172599772577567e-13
2289,62.3137747329963,237.496864116847,28.2734528496195,A2256W000411,9226,62.31377473299633,237.49686411684687,28.273452849619538,1.449228509952941e-13
2290,62.3137426981767,236.996864124469,28.2733716320204,A2256W000411,9227,62.31374269817674,236.9968641244694,28.2733716320204,3.994868165156787e-13
2291,62.3137106633571,236.496864132092,28.2732904144213,A2256W000411,9228,62.31371066335715,236.49686413209193,28.27329041442126,9.871175158657624e-14
2292,62.3190033849635,235.996892418839,28.2727678774314,A2256W000411,9229,62.31900338496352,235.99689241883897,28.27276787743145,3.552713678800501e-14
2293,62.3242961065699,235.496920705586,28.2722453404416,A2256W000411,9230,62.324296106569896,235.496920705586,28.272245340441636,7.105427357601002e-15
2294,62.3295888281763,234.996948992333,28.2717228034518,A2256W000411,9231,62.32958882817627,234.99694899233305,28.271722803451823,6.355287432313019e-14
2295,62.3348815497826,234.49697727908,28.271200266462,A2256W000411,9232,62.334881549782644,234.49697727908008,28.27120026646201,9.532931148469529e-14
2296,62.340174271389,233.997005565827,28.2706777294722,A2256W000411,9233,62.34017427138902,233.99700556582712,28.270677729472197,1.1457157353758233e-13
2297,62.3394939803332,233.49700607536,28.2708939169998,A2256W000411,9234,62.339493980333245,233.49700607536036,28.270893916999825,3.7193366120795873e-13
2298,62.3388136892775,232.997006584894,28.2711101045275,A2256W000411,9235,62.33881368927747,232.9970065848936,28.27111010452745,3.989177016483779e-13
2299,62.3381333982217,232.497007094427,28.2713262920551,A2256W000411,9236,62.3381333982217,232.49700709442683,28.27132629205508,1.7053025658242404e-13
2300,62.3374531071659,231.99700760396,28.2715424795827,A2256W000411,9237,62.33745310716593,231.99700760396007,28.271542479582706,8.987733679556355e-14
2301,62.3367728161102,231.497008113493,28.2717586671103,A2256W000411,9238,62.336772816110155,231.4970081134933,28.271758667110333,3.1553218080907923e-13
2302,62.3437874100313,230.997057402741,28.2714718032495,A2256W000411,9239,62.34378741003135,230.9970574027415,28.2714718032495,4.857223575729847e-13
2303,62.3508020039525,230.49710669199,28.2711849393887,A2256W000411,9240,62.35080200395254,230.49710669198967,28.271184939388668,3.429058924670487e-13
2304,62.3578165978737,229.997155981238,28.2708980755278,A2256W000411,9241,62.35781659787373,229.99715598123785,28.270898075527835,1.449228509952941e-13
2305,62.3648311917949,229.497205270486,28.270611211667,A2256W000411,9242,62.36483119179492,229.49720527048603,28.270611211667003,3.552713678800501e-14
2306,62.3718457857161,228.997254559734,28.2703243478062,A2256W000411,9243,62.37184578571611,228.99725455973422,28.27032434780617,2.278173318171838e-13
2307,62.3749838734399,228.49726676062,28.268790352163,A2256W000411,9244,62.37498387343994,228.49726676062028,28.26879035216296,2.864289338439558e-13
2308,62.3781219611638,227.997278961506,28.2672563565197,A2256W000411,9245,62.378121961163764,227.99727896150634,28.26725635651975,3.429058924670487e-13
2309,62.3812600488876,227.497291162392,28.2657223608765,A2256W000411,9246,62.38126004888759,227.4972911623924,28.265722360876538,3.979673682846523e-13
2310,62.3843981366114,226.997303363278,28.2641883652333,A2256W000411,9247,62.384398136611416,226.99730336327846,28.264188365233327,4.549693413077341e-13
2311,62.3854674834719,226.497304825233,28.2647526788106,A2256W000411,9248,62.385467483471864,226.49730482523313,28.264752678810577,1.464821375527116e-13
2312,62.3865368303323,225.997306287188,28.2653169923878,A2256W000411,9249,62.38653683033231,225.9973062871878,28.265316992387827,1.9945885082418896e-13
2313,62.3876061771928,225.497307749142,28.2658813059651,A2256W000411,9250,62.38760617719276,225.49730774914246,28.265881305965078,4.567413805031093e-13
2314,62.3886755240532,224.997309211097,28.2664456195423,A2256W000411,9251,62.388675524053205,224.99730921109713,28.266445619542328,1.4228607195221903e-13
2315,62.3897448709137,224.497310673052,28.2670099331196,A2256W000411,9252,62.38974487091365,224.4973106730518,28.267009933119578,2.0507499257379623e-13
2316,62.3908142177741,223.997312135006,28.2675742466968,A2256W000411,9253,62.3908142177741,223.99731213500647,28.267574246696828,4.547473508864641e-13
2317,62.3917587816287,223.497313172659,28.267955627145,A2256W000411,9254,62.39175878162868,223.49731317265946,28.26795562714505,4.552466771099645e-13
2318,62.3927033454833,222.997314210312,28.2683370075933,A2256W000411,9255,62.39270334548326,222.99731421031245,28.26833700759327,4.561330185226789e-13
2319,62.3936479093378,222.497315247965,28.2687183880415,A2256W000411,9256,62.393647909337844,222.49731524796545,28.268718388041492,4.567413805031093e-13
2320,62.3945924731924,221.997316285618,28.2690997684897,A2256W000411,9257,62.394592473192425,221.99731628561844,28.269099768489713,4.272719814472597e-13
2321,62.395537037047,221.497317323271,28.2694811489379,A2256W000411,9258,62.395537037047006,221.49731732327143,28.269481148937935,4.2638484923934065e-13
2322,62.3966502824229,220.997318677343,28.2691423948724,A2256W000411,9259,62.39665028242289,220.99731867734286,28.26914239487235,1.4228607195221903e-13
2323,62.3977635277988,220.497320031414,28.2688036408068,A2256W000411,9260,62.39776352779877,220.4973200314143,28.268803640806766,2.8563464471519893e-13
2324,62.3988767731747,219.997321385486,28.2684648867412,A2256W000411,9261,62.398876773174656,219.99732138548572,28.26846488674118,2.873967505387993e-13
2325,62.3999900185505,219.497322739557,28.2681261326756,A2256W000411,9262,62.39999001855054,219.49732273955715,28.268126132675597,1.4836567898030567e-13
2326,62.4011032639264,218.997324093629,28.26778737861,A2256W000411,9263,62.40110326392642,218.99732409362858,28.267787378610013,4.2685821585665706e-13
2327,62.4074043856606,218.497363802548,28.2677307462656,A2256W000411,9264,62.407404385660634,218.4973638025477,28.267730746265645,2.864289338439558e-13
2328,62.4137055073948,217.997403511467,28.2676741139213,A2256W000411,9265,62.413705507394845,217.99740351146684,28.267674113921277,1.757785650632539e-13
2329,62.4200066291291,217.497443220386,28.2676174815769,A2256W000411,9266,62.420006629129055,217.49744322038597,28.26761748157691,5.123796534383003e-14
2330,62.4263077508633,216.997482929305,28.2675608492325,A2256W000411,9267,62.426307750863266,216.9974829293051,28.26756084923254,1.191086668529821e-13
2331,62.4326088725975,216.497522638224,28.2675042168882,A2256W000411,9268,62.43260887259748,216.49752263822424,28.267504216888174,2.2837069025155467e-13
2332,62.432992551784,215.99752330017,28.2667867662687,A2256W000411,9269,62.432992551784,215.99752330016977,28.266786766268744,2.2737367544323206e-13
2333,62.4333762309705,215.497523962115,28.2660693156493,A2256W000411,9270,62.43337623097052,215.4975239621153,28.266069315649315,3.1296161105196403e-13
2334,62.433759910157,214.997524624061,28.2653518650299,A2256W000411,9271,62.433759910157036,214.99752462406084,28.265351865029885,1.464821375527116e-13
2335,62.4341435893436,214.497525286006,28.2646344144105,A2256W000411,9272,62.434143589343556,214.49752528600638,28.264634414410455,3.7193366120795873e-13
2336,62.4345272685301,213.997525947952,28.263916963791,A2256W000411,9273,62.434527268530076,213.9975259479519,28.263916963791026,8.788928253162695e-14
2337,62.4397150157114,213.497553518488,28.2631063745896,A2256W000411,9274,62.43971501571143,213.4975535184877,28.263106374589576,2.8563464471519893e-13
2338,62.4449027628928,212.997581089023,28.2622957853881,A2256W000411,9275,62.44490276289278,212.9975810890235,28.262295785388126,5.120346663772031e-13
2339,62.4500905100741,212.497608659559,28.2614851961867,A2256W000411,9276,62.45009051007413,212.4976086595593,28.261485196186676,2.864289338439558e-13
2340,62.4552782572555,211.997636230095,28.2606746069852,A2256W000411,9277,62.455278257255486,211.99763623009508,28.260674606985226,8.644125458514252e-14
2341,62.4604660044368,211.497663800631,28.2598640177838,A2256W000411,9278,62.46046600443684,211.49766380063087,28.259864017783777,1.191086668529821e-13
2342,62.4602433720844,210.99766392002,28.2601282600218,A2256W000411,9279,62.460243372084356,210.99766392002002,28.260128260021805,5.123796534383003e-14
2343,62.4600207397319,210.497664039409,28.2603925022598,A2256W000411,9280,62.460020739731874,210.49766403940916,28.260392502259833,1.7288250917028504e-13
2344,62.4597981073794,209.997664158798,28.2606567444979,A2256W000411,9281,62.45979810737939,209.9976641587983,28.26065674449786,3.1271953680324865e-13
2345,62.4595754750269,209.497664278187,28.2609209867359,A2256W000411,9282,62.45957547502691,209.49766427818744,28.26092098673589,4.548028586499771e-13
2346,62.4593528426744,208.997664397577,28.2611852289739,A2256W000411,9283,62.45935284267443,208.99766439757659,28.26118522897392,4.272719814472597e-13
2347,62.4599107362775,208.497664727908,28.2610470758686,A2256W000411,9284,62.45991073627755,208.49766472790824,28.261047075868618,2.6058615988080545e-13
2348,62.4604686298807,207.99766505824,28.2609089227633,A2256W000411,9285,62.46046862988067,207.9976650582399,28.260908922763317,8.987733679556355e-14
2349,62.4610265234838,207.497665388572,28.260770769658,A2256W000411,9286,62.461026523483795,207.49766538857156,28.260770769658016,4.2638484923934065e-13
2350,62.4615844170869,206.997665718903,28.2606326165527,A2256W000411,9287,62.46158441708692,206.99766571890322,28.260632616552716,2.2837069025155467e-13
2351,62.4658068994641,206.497684742252,28.2617251499449,A2256W000411,9288,62.46580689946413,206.49768474225175,28.26172514994491,2.5736952517654053e-13
2352,62.4700293818413,205.9977037656,28.2628176833371,A2256W000411,9289,62.470029381841336,205.99770376560028,28.2628176833371,2.864289338439558e-13
2353,62.4742518642185,205.497722788949,28.2639102167293,A2256W000411,9290,62.474251864218544,205.4977227889488,28.263910216729293,2.0346847496847933e-13
2354,62.4784743465958,204.997741812297,28.2650027501215,A2256W000411,9291,62.47847434659575,204.99774181229733,28.265002750121486,3.4466816133644055e-13
2355,62.482696828973,204.497760835646,28.2660952835137,A2256W000411,9292,62.48269682897296,204.49776083564586,28.26609528351368,1.464821375527116e-13
2356,62.4869193113502,203.997779858994,28.2671878169059,A2256W000411,9293,62.48691931135017,203.9977798589944,28.26718781690587,3.989177016483779e-13
2357,62.489536853299,203.49778721818,28.267900281279,A2256W000411,9294,62.489536853299036,203.4977872181799,28.267900281279026,1.191086668529821e-13
2358,62.4921543952479,202.997794577365,28.2686127456522,A2256W000411,9295,62.4921543952479,202.9977945773654,28.26861274565218,3.979039320256561e-13
2359,62.4947719371968,202.497801936551,28.2693252100253,A2256W000411,9296,62.49477193719677,202.4978019365509,28.269325210025336,1.191086668529821e-13
2360,62.4973894791456,201.997809295736,28.2700376743985,A2256W000411,9297,62.49738947914563,201.9978092957364,28.27003767439849,3.989177016483779e-13
2361,62.5000070210945,201.497816654922,28.2707501387716,A2256W000411,9298,62.5000070210945,201.4978166549219,28.270750138771646,8.526512829121202e-14
2362,62.5003987453147,200.997817832972,28.2697379132597,A2256W000411,9299,62.50039874531466,200.99781783297163,28.26973791325973,3.7118632822651356e-13
2363,62.5007904695348,200.497819011021,28.2687256877478,A2256W000411,9300,62.50079046953483,200.49781901102136,28.26872568774781,3.7057375295732124e-13
2364,62.501182193755,199.997820189071,28.2677134622359,A2256W000411,9301,62.50118219375499,199.9978201890711,28.267713462235893,8.556067554929069e-14
2365,62.5015739179752,199.497821367121,28.266701236724,A2256W000411,9302,62.50157391797516,199.49782136712082,28.266701236723975,1.757785650632539e-13
2366,62.5019656421953,198.997822545171,28.2656890112121,A2256W000411,9303,62.50196564219532,198.99782254517055,28.265689011212057,4.552466771099645e-13
2367,62.5069662714237,198.497847642698,28.2659900175082,A2256W000411,9304,62.50696627142368,198.4978476426979,28.26599001750815,8.788928253162695e-14
2368,62.511966900652,197.997872740225,28.2662910238042,A2256W000411,9305,62.511966900652034,197.99787274022526,28.266291023804246,2.582507625758445e-13
2369,62.5169675298804,197.497897837753,28.2665920301003,A2256W000411,9306,62.51696752988039,197.49789783775262,28.26659203010034,3.695505376966208e-13
2370,62.5219681591087,196.99792293528,28.2668930363964,A2256W000411,9307,62.521968159108745,196.99792293527997,28.266893036396436,5.123796534383003e-14
2371,62.5269687883371,196.497948032807,28.2671940426925,A2256W000411,9308,62.5269687883371,196.49794803280733,28.26719404269253,3.410605131648481e-13
2372,62.5290433415567,195.997952405357,28.2674562628507,A2256W000411,9309,62.529043341556694,195.99795240535693,28.26745626285071,8.556067554929069e-14
2373,62.5311178947763,195.497956777907,28.2677184830089,A2256W000411,9310,62.53111789477629,195.49795677790652,28.267718483008892,4.833779982986627e-13
2374,62.5331924479959,194.997961150456,28.2679807031671,A2256W000411,9311,62.53319244799588,194.99796115045612,28.267980703167073,1.156679772130055e-13
2375,62.5352670012155,194.497965523006,28.2682429233253,A2256W000411,9312,62.53526700121547,194.49796552300572,28.268242923325253,2.8563464471519893e-13
2376,62.5373415544351,193.997969895555,28.2685051434834,A2256W000411,9313,62.537341554435066,193.99796989555531,28.268505143483434,3.1465091617355555e-13
2377,62.5394161076547,193.497974268105,28.2687673636416,A2256W000411,9314,62.53941610765466,193.4979742681049,28.268767363641615,9.532931148469529e-14
2378,62.5414906608743,192.997978640655,28.2690295837998,A2256W000411,9315,62.54149066087425,192.9979786406545,28.269029583799796,4.857223575729847e-13
2379,62.5435652140938,192.497983013204,28.269291803958,A2256W000411,9316,62.543565214093846,192.4979830132041,28.269291803957977,1.214175959108492e-13
2380,62.5456397673134,191.997987385754,28.2695540241162,A2256W000411,9317,62.54563976731344,191.9979873857537,28.269554024116157,2.864289338439558e-13
2381,62.547714320533,191.497991758303,28.2698162442743,A2256W000411,9318,62.54771432053303,191.4979917583033,28.269816244274338,3.1465091617355555e-13
2382,62.5497888737526,190.997996130853,28.2700784644325,A2256W000411,9319,62.549788873752625,190.9979961308529,28.27007846443252,1.1718571004216928e-13
2383,62.5518634269722,190.498000503402,28.2703406845907,A2256W000411,9320,62.55186342697222,190.4980005034025,28.2703406845907,4.836390438425052e-13
2384,62.5539379801918,189.998004875952,28.2706029047489,A2256W000411,9321,62.55393798019181,189.9980048759521,28.27060290474888,8.644125458514252e-14
2385,62.5560125334114,189.498009248502,28.2708651249071,A2256W000411,9322,62.556012533411405,189.4980092485017,28.27086512490706,3.1271953680324865e-13
2386,62.558087086631,188.998013621051,28.2711273450652,A2256W000411,9323,62.558087086631,188.99801362105129,28.271127345065242,2.8421709430404007e-13
2387,62.5601616398506,188.498017993601,28.2713895652234,A2256W000411,9324,62.56016163985059,188.49801799360088,28.271389565223423,1.139086659085919e-13
2388,62.5622361930702,187.99802236615,28.2716517853816,A2256W000411,9325,62.562236193070184,187.99802236615048,28.271651785381604,4.833779982986627e-13
2389,62.5643107462898,187.4980267387,28.2719140055398,A2256W000411,9326,62.56431074628978,187.49802673870008,28.271914005539784,8.788928253162695e-14
2390,62.5663852995094,186.99803111125,28.272176225698,A2256W000411,9327,62.56638529950937,186.99803111124967,28.272176225697965,3.13928041384408e-13
2391,62.568459852729,186.498035483799,28.2724384458561,A2256W000411,9328,62.568459852728964,186.49803548379927,28.272438445856146,2.864289338439558e-13
2392,62.5716176952898,185.998046040272,28.2716739905971,A2256W000411,9329,62.57161769528975,185.9980460402722,28.27167399059707,2.0507499257379623e-13
2393,62.5747755378505,185.498056596745,28.270909535338,A2256W000411,9330,62.57477553785054,185.4980565967451,28.270909535337992,1.214175959108492e-13
2394,62.5779333804113,184.998067153218,28.2701450800789,A2256W000411,9331,62.57793338041133,184.99806715321802,28.270145080078915,4.0194366942304644e-14
2395,62.5810912229721,184.498077709691,28.2693806248198,A2256W000411,9332,62.58109122297212,184.49807770969093,28.26938062481984,6.07087979554246e-14
2396,62.5842490655329,183.998088266164,28.2686161695608,A2256W000411,9333,62.58424906553291,183.99808826616385,28.26861616956076,1.4228607195221903e-13
2397,62.5874069080937,183.498098822637,28.2678517143017,A2256W000411,9334,62.5874069080937,183.49809882263676,28.267851714301685,2.2737367544323206e-13
2398,62.5905647506545,182.99810937911,28.2670872590426,A2256W000411,9335,62.59056475065449,182.99810937910968,28.267087259042608,3.1296161105196403e-13
2399,62.5937225932153,182.498119935583,28.2663228037835,A2256W000411,9336,62.593722593215276,182.4981199355826,28.26632280378353,3.984744947959471e-13
2400,62.5968804357761,181.998130492056,28.2655583485245,A2256W000411,9337,62.596880435776065,181.9981304920555,28.265558348524454,4.844734443659827e-13
2401,62.6000382783369,181.498141048528,28.2647938932654,A2256W000411,9338,62.600038278336854,181.49814104852842,28.264793893265377,4.292172181561385e-13
2402,62.6031961208976,180.998151605001,28.2640294380063,A2256W000411,9339,62.60319612089764,180.99815160500134,28.2640294380063,3.43714720612747e-13
2403,62.6063539634584,180.498162161474,28.2632649827472,A2256W000411,9340,62.60635396345843,180.49816216147426,28.263264982747224,2.5736952517654053e-13
2404,62.6095118060192,179.998172717947,28.2625005274881,A2256W000411,9341,62.60951180601922,179.99817271794717,28.262500527488147,1.718573603063735e-13
2405,62.61266964858,179.49818327442,28.2617360722291,A2256W000411,9342,62.61266964858001,179.4981832744201,28.26173607222907,8.556067554929069e-14
2406,62.6158274911408,178.998193830893,28.26097161697,A2256W000411,9343,62.6158274911408,178.998193830893,28.260971616969993,0.0
2407,62.6189853337016,178.498204387366,28.2602071617109,A2256W000411,9344,62.61898533370159,178.49820438736592,28.260207161710916,8.644125458514252e-14
2408,62.6221431762624,177.998214943839,28.2594427064518,A2256W000411,9345,62.62214317626238,177.99821494383883,28.25944270645184,1.718573603063735e-13
2409,62.6253010188232,177.498225500312,28.2586782511928,A2256W000411,9346,62.625301018823166,177.49822550031175,28.258678251192762,2.582507625758445e-13
2410,62.628458861384,176.998236056785,28.2579137959337,A2256W000411,9347,62.628458861383955,176.99823605678466,28.257913795933685,3.43714720612747e-13
2411,62.6316167039447,176.498246613258,28.2571493406746,A2256W000411,9348,62.631616703944744,176.49824661325758,28.25714934067461,4.284519670727984e-13
2412,62.6399737428153,175.998316732598,28.2576731014918,A2256W000411,9349,62.63997374281526,175.99831673259837,28.25767310149177,3.7193366120795873e-13
2413,62.6483307816858,175.498386851939,28.2581968623089,A2256W000411,9350,62.64833078168577,175.49838685193916,28.258196862308928,1.7288250917028504e-13
2414,62.6566878205563,174.99845697128,28.2587206231261,A2256W000411,9351,62.656687820556286,174.99845697127995,28.258720623126088,5.859285502108464e-14
2415,62.6650448594268,174.498527090621,28.2592443839432,A2256W000411,9352,62.6650448594268,174.49852709062074,28.259244383943248,2.5579538487363607e-13
2416,62.6734018982973,173.998597209962,28.2597681447604,A2256W000411,9353,62.673401898297314,173.99859720996153,28.259768144760407,4.833779982986627e-13
2417,62.6817589371678,173.498667329302,28.2602919055776,A2256W000411,9354,62.68175893716783,173.49866732930232,28.260291905577567,3.13928041384408e-13
2418,62.6901159760383,172.998737448643,28.2608156663947,A2256W000411,9355,62.69011597603834,172.9987374486431,28.260815666394727,1.214175959108492e-13
2419,62.6984730149089,172.498807567984,28.2613394272119,A2256W000411,9356,62.698473014908856,172.4988075679839,28.261339427211887,9.532931148469529e-14
2420,62.7068300537794,171.998877687325,28.261863188029,A2256W000411,9357,62.70683005377937,171.9988776873247,28.261863188029047,3.13928041384408e-13
2421,62.7151870926499,171.498947806665,28.2623869488462,A2256W000411,9358,62.715187092649884,171.49894780666548,28.262386948846206,4.833779982986627e-13
2422,62.7235441315204,170.999017926006,28.2629107096634,A2256W000411,9359,62.7235441315204,170.99901792600627,28.262910709663366,2.8421709430404007e-13
2423,62.7319011703909,170.499088045347,28.2634344704805,A2256W000411,9360,62.73190117039091,170.49908804534707,28.263434470480526,5.859285502108464e-14
2424,62.7402582092614,169.999158164688,28.2639582312977,A2256W000411,9361,62.74025820926143,169.99915816468786,28.263958231297686,1.449228509952941e-13
2425,62.7486152481319,169.499228284029,28.2644819921148,A2256W000411,9362,62.74861524813194,169.49922828402865,28.264481992114845,3.43714720612747e-13
2426,62.7569722870025,168.999298403369,28.265005752932,A2256W000411,9363,62.756972287002455,168.99929840336944,28.265005752932005,4.284519670727984e-13
2427,62.7696713691034,168.499459799901,28.2646835789864,A2256W000411,9364,62.76967136910342,168.49945979990054,28.264683578986407,4.552466771099645e-13
2428,62.7823704512044,167.999621196432,28.2643614050408,A2256W000411,9365,62.782370451204386,167.99962119643163,28.26436140504081,3.697554072703522e-13
2429,62.7950695333054,167.499782592963,28.2640392310952,A2256W000411,9366,62.79506953330535,167.49978259296273,28.26403923109521,2.6058615988080545e-13
2430,62.8077686154063,166.999943989494,28.2637170571496,A2256W000411,9367,62.80776861540632,166.99994398949383,28.263717057149613,1.7112135109858138e-13
2431,62.8204676975073,166.500105386025,28.263394883204,A2256W000411,9368,62.82046769750728,166.50010538602493,28.263394883204015,8.644125458514252e-14
2432,62.8331667796082,166.000266782556,28.2630727092584,A2256W000411,9369,62.83316677960825,166.00026678255603,28.263072709258417,5.728578676879116e-14
2433,62.8458658617092,165.500428179087,28.2627505353128,A2256W000411,9370,62.845865861709214,165.50042817908712,28.26275053531282,1.1457157353758233e-13
2434,62.8585649438102,165.000589575618,28.2624283613672,A2256W000411,9371,62.85856494381018,165.00058957561822,28.26242836136722,2.2837069025155467e-13
2435,62.8712640259111,164.500750972149,28.2621061874216,A2256W000411,9372,62.871264025911145,164.50075097214932,28.262106187421622,3.1553218080907923e-13
2436,62.8839631080121,164.00091236868,28.261784013476,A2256W000411,9373,62.88396310801211,164.00091236868042,28.261784013476024,4.2656242328017795e-13
2437,62.8966621901131,163.501073765212,28.2614618395304,A2256W000411,9374,62.89666219011308,163.50107376521152,28.261461839530426,4.836390438425052e-13
2438,62.909361272214,163.001235161743,28.2611396655848,A2256W000411,9375,62.90936127221404,163.0012351617426,28.261139665584828,4.001813022207649e-13
2439,62.922060354315,162.501396558274,28.2608174916392,A2256W000411,9376,62.92206035431501,162.5013965582737,28.26081749163923,2.8430589827255737e-13
2440,62.934759436416,162.001557954805,28.2604953176936,A2256W000411,9377,62.93475943641597,162.0015579548048,28.260495317693632,2.0097183471152322e-13
2441,62.9543642870457,161.501942574064,28.2608433969092,A2256W000411,9378,62.95436428704574,161.50194257406415,28.260843396909188,1.4836567898030567e-13
2442,62.9739691376755,161.002327193323,28.2611914761247,A2256W000411,9379,62.97396913767551,161.00232719332348,28.261191476124743,4.832213032818602e-13
2443,62.9935739883053,160.502711812583,28.2615395553403,A2256W000411,9380,62.99357398830528,160.50271181258282,28.2615395553403,1.718573603063735e-13
2444,63.013178838935,160.003096431842,28.2618876345559,A2256W000411,9381,63.01317883893505,160.00309643184215,28.261887634555855,1.505613063586757e-13
2445,63.0327836895648,159.503481051101,28.2622357137714,A2256W000411,9382,63.032783689564816,159.5034810511015,28.26223571377141,4.833779982986627e-13
2446,63.0523885401946,159.003865670361,28.262583792987,A2256W000411,9383,63.052388540194585,159.00386567036082,28.262583792986966,1.7112135109858138e-13
2447,63.0719933908244,158.50425028962,28.2629318722025,A2256W000411,9384,63.07199339082435,158.50425028962016,28.262931872202522,1.7763568394002505e-13
2448,63.0915982414541,158.004634908879,28.2632799514181,A2256W000411,9385,63.09159824145412,158.0046349088795,28.263279951418077,4.836390438425052e-13
2449,63.1112030920839,157.505019528139,28.2636280306336,A2256W000411,9386,63.11120309208389,157.50501952813883,28.263628030633633,1.7067822212573437e-13
2450,63.1308079427137,157.005404147398,28.2639761098492,A2256W000411,9387,63.13080794271366,157.00540414739817,28.26397610984919,1.757785650632539e-13
2451,63.1504127933434,156.505788766658,28.2643241890647,A2256W000411,9388,63.15041279334343,156.5057887666575,28.264324189064745,4.840042710704439e-13
2452,63.1744621678503,156.006368659734,28.2654124844063,A2256W000411,9389,63.17446216785033,156.00636865973442,28.265412484406298,4.272719814472597e-13
2453,63.1985115423572,155.506948552811,28.2665007797479,A2256W000411,9390,63.19851154235723,155.50694855281134,28.26650077974785,3.4224270219716276e-13
2454,63.2225609168641,155.007528445888,28.2675890750894,A2256W000411,9391,63.22256091686413,155.00752844588825,28.267589075089404,2.582507625758445e-13
2455,63.246610291371,154.508108338965,28.268677370431,A2256W000411,9392,63.246610291371034,154.50810833896517,28.268677370430957,1.7419169285135556e-13
2456,63.2706596658779,154.008688232042,28.2697656657725,A2256W000411,9393,63.270659665877936,154.0086882320421,28.26976566577251,9.237055564881302e-14
2457,63.2947090403848,153.509268125119,28.2708539611141,A2256W000411,9394,63.29470904038484,153.509268125119,28.270853961114064,3.552713678800501e-14
2458,63.3187584148917,153.009848018196,28.2719422564556,A2256W000411,9395,63.31875841489174,153.00984801819592,28.271942256455617,9.532931148469529e-14
2459,63.3428077893986,152.510427911273,28.2730305517972,A2256W000411,9396,63.34280778939864,152.51042791127284,28.27303055179717,1.757785650632539e-13
2460,63.3668571639055,152.01100780435,28.2741188471387,A2256W000411,9397,63.36685716390554,152.01100780434976,28.274118847138723,2.31335954426011e-13
2461,63.3909065384124,151.511587697427,28.2752071424803,A2256W000411,9398,63.390906538412445,151.51158769742668,28.275207142480276,3.1553218080907923e-13
2462,63.4173662778427,151.012288394426,28.2755041486771,A2256W000411,9399,63.417366277842746,151.01228839442635,28.275504148677083,3.43714720612747e-13
2463,63.443826017273,150.512989091426,28.2758011548739,A2256W000411,9400,63.44382601727305,150.51298909142602,28.27580115487389,5.728578676879116e-14
2464,63.4702857567033,150.013689788426,28.2760981610707,A2256W000411,9401,63.47028575670335,150.0136897884257,28.276098161070696,3.165705125233197e-13
2465,63.4967454961336,149.514390485425,28.2763951672675,A2256W000411,9402,63.49674549613365,149.51439048542537,28.276395167267502,3.728149415094579e-13
2466,63.5232052355639,149.015091182425,28.2766921734643,A2256W000411,9403,63.52320523556395,149.01509118242504,28.27669217346431,5.728578676879116e-14
2467,63.5496649749943,148.515791879425,28.2769891796611,A2256W000411,9404,63.54966497499425,148.5157918794247,28.276989179661115,2.8853634865195875e-13
2468,63.5761247144246,148.016492576424,28.2772861858579,A2256W000411,9405,63.57612471442455,148.01649257642438,28.27728618585792,3.728149415094579e-13
2469,63.6025844538549,147.517193273424,28.2775831920547,A2256W000411,9406,63.60258445385485,147.51719327342406,28.277583192054728,7.553172887309252e-14
2470,63.6290441932852,147.017893970424,28.2778801982515,A2256W000411,9407,63.629044193285154,147.01789397042373,28.277880198251534,2.8853634865195875e-13
2471,63.6592038042576,146.518804416134,28.2780012959499,A2256W000411,9408,63.65920380425756,146.51880441613378,28.278001295949878,2.31335954426011e-13
2472,63.68936341523,146.019714861844,28.2781223936482,A2256W000411,9409,63.68936341522996,146.01971486184382,28.27812239364822,1.7419169285135556e-13
2473,63.7195230262024,145.520625307554,28.2782434913466,A2256W000411,9410,63.71952302620237,145.52062530755387,28.278243491346565,1.464821375527116e-13
2474,63.7496826371748,145.021535753264,28.2783645890449,A2256W000411,9411,63.74968263717477,145.02153575326392,28.27836458904491,8.987733679556355e-14
2475,63.7798422481472,144.522446198974,28.2784856867433,A2256W000411,9412,63.779842248147176,144.52244619897397,28.278485686743252,3.552713678800501e-14
2476,63.8100018591196,144.023356644684,28.2786067844416,A2256W000411,9413,63.81000185911958,144.02335664468401,28.278606784441596,3.552713678800501e-14
2477,63.840161470092,143.524267090394,28.2787278821399,A2256W000411,9414,63.840161470091985,143.52426709039406,28.27872788213994,5.859285502108464e-14
2478,63.8703210810644,143.025177536104,28.2788489798383,A2256W000411,9415,63.87032108106439,143.0251775361041,28.278848979838283,1.139086659085919e-13
2479,63.9004806920368,142.526087981814,28.2789700775366,A2256W000411,9416,63.900480692036794,142.52608798181416,28.278970077536627,1.7067822212573437e-13
2480,63.9306403030092,142.026998427524,28.279091175235,A2256W000411,9417,63.9306403030092,142.0269984275242,28.27909117523497,1.9895196601282805e-13
2481,63.9607999139816,141.527908873234,28.2792122729333,A2256W000411,9418,63.9607999139816,141.52790887323425,28.279212272933314,2.5579538487363607e-13
2482,63.9933029848634,141.028967366381,28.2782514805809,A2256W000411,9419,63.9933029848634,141.0289673663807,28.278251480580902,3.126388037344441e-13
2483,64.0258060557452,140.530025859527,28.2772906882285,A2256W000411,9420,64.02580605574519,140.53002585952714,28.27729068822849,1.4281732235759946e-13
2484,64.058309126627,140.031084352674,28.2763298958761,A2256W000411,9421,64.058309126627,140.0310843526736,28.276329895876078,3.979039320256561e-13
2485,64.0908121975088,139.53214284582,28.2753691035237,A2256W000411,9422,64.0908121975088,139.53214284582003,28.275369103523666,2.842170943040401e-14
2486,64.1233152683906,139.033201338966,28.2744083111713,A2256W000411,9423,64.1233152683906,139.03320133896648,28.274408311171253,4.831690603168681e-13
2487,64.1558183392724,138.534259832113,28.2734475188188,A2256W000411,9424,64.1558183392724,138.53425983211292,28.27344751881884,8.526512829121202e-14
2488,64.1883214101542,138.035318325259,28.2724867264664,A2256W000411,9425,64.1883214101542,138.03531832525937,28.27248672646643,3.694822225952521e-13
2489,64.220824481036,137.536376818406,28.271525934114,A2256W000411,9426,64.220824481036,137.5363768184058,28.271525934114017,1.9895196601282805e-13
2490,64.2533275519178,137.037435311552,28.2705651417616,A2256W000411,9427,64.2533275519178,137.03743531155226,28.270565141761605,2.5579538487363607e-13
2491,64.2799484011822,136.538145891941,28.2717508266978,A2256W000411,9428,64.27994840118224,136.53814589194107,28.271750826697847,7.105427357601002e-14
2492,64.3065692504467,136.03885647233,28.2729365116341,A2256W000411,9429,64.30656925044667,136.03885647232988,28.27293651163409,1.1718571004216928e-13
2493,64.3331900997111,135.539567052719,28.2741221965703,A2256W000411,9430,64.3331900997111,135.5395670527187,28.27412219657033,3.126388037344441e-13
2494,64.3598109489755,135.040277633108,28.2753078815066,A2256W000411,9431,64.35981094897554,135.0402776331075,28.275307881506574,4.850462620958073e-13
2495,64.38643179824,134.540988213496,28.2764935664428,A2256W000411,9432,64.38643179823997,134.54098821349632,28.276493566442817,3.13928041384408e-13
2496,64.4130526475044,134.041698793885,28.2776792513791,A2256W000411,9433,64.4130526475044,134.04169879388513,28.27767925137906,1.4210854715202004e-13
2497,64.4396734967688,133.542409374274,28.2788649363153,A2256W000411,9434,64.43967349676883,133.54240937427394,28.2788649363153,6.355287432313019e-14
2498,64.4662943460333,133.043119954663,28.2800506212515,A2256W000411,9435,64.46629434603327,133.04311995466276,28.280050621251544,2.5736952517654053e-13
2499,64.4929151952977,132.543830535052,28.2812363061878,A2256W000411,9436,64.4929151952977,132.54383053505157,28.281236306187786,4.263256414560601e-13
2500,64.5195360445621,132.04454111544,28.282421991124,A2256W000411,9437,64.51953604456213,132.04454111544038,28.28242199112403,3.7057375295732124e-13
2501,64.5483379410744,131.545371487082,28.2827865206735,A2256W000411,9438,64.54833794107444,131.54537148708195,28.28278652067353,7.105427357601002e-14
2502,64.5771398375867,131.046201858724,28.283151050223,A2256W000411,9439,64.57713983758674,131.04620185872352,28.28315105022303,4.850462620958073e-13
2503,64.605941734099,130.547032230365,28.2835155797725,A2256W000411,9440,64.60594173409905,130.5470322303651,28.28351557977253,9.532931148469529e-14
2504,64.6347436306114,130.047862602007,28.283880109322,A2256W000411,9441,64.63474363061135,130.04786260200666,28.28388010932203,3.43714720612747e-13
2505,64.6635455271237,129.548692973648,28.2842446388715,A2256W000411,9442,64.66354552712366,129.54869297364823,28.28424463887153,2.31335954426011e-13
2506,64.692347423636,129.04952334529,28.284609168421,A2256W000411,9443,64.69234742363597,129.0495233452898,28.28460916842103,2.0097183471152322e-13
2507,64.7211493201483,128.550353716931,28.2849736979705,A2256W000411,9444,64.72114932014827,128.55035371693137,28.284973697970532,3.7057375295732124e-13
2508,64.7499512166606,128.051184088573,28.28533822752,A2256W000411,9445,64.74995121666058,128.05118408857294,28.285338227520032,6.355287432313019e-14
2509,64.7787531131729,127.552014460214,28.2857027570695,A2256W000411,9446,64.77875311317288,127.5520144602145,28.285702757069533,4.97582885828126e-13
2510,64.8075550096852,127.052844831856,28.286067286619,A2256W000411,9447,64.80755500968519,127.05284483185605,28.286067286619033,4.4938668397781776e-14
2511,64.8363569061975,126.553675203498,28.2864318161685,A2256W000411,9448,64.8363569061975,126.5536752034976,28.286431816168534,3.979039320256561e-13
2512,64.8659819234621,126.054553626643,28.2863324684221,A2256W000411,9449,64.86598192346212,126.05455362664273,28.28633246842212,2.7037995082594714e-13
2513,64.8956069407267,125.555432049788,28.2862331206757,A2256W000411,9450,64.89560694072674,125.55543204978785,28.286233120675707,1.4836567898030567e-13
2514,64.9252319579914,125.056310472933,28.2861337729293,A2256W000411,9451,64.92523195799136,125.05631047293298,28.286133772929293,5.123796534383003e-14
2515,64.954856975256,124.557188896078,28.2860344251829,A2256W000411,9452,64.95485697525598,124.5571888960781,28.28603442518288,1.0345658394727079e-13
2516,64.9844819925206,124.058067319223,28.2859350774365,A2256W000411,9453,64.9844819925206,124.05806731922323,28.285935077436466,2.2737367544323206e-13
2517,65.0141070097852,123.558945742368,28.2858357296901,A2256W000411,9454,65.01410700978522,123.55894574236835,28.285835729690053,3.5555547137837504e-13
2518,65.0437320270498,123.059824165513,28.2857363819436,A2256W000411,9455,65.04373202704984,123.05982416551348,28.28573638194364,4.70892062076612e-13
2519,65.0733570443145,122.560702588659,28.2856370341972,A2256W000411,9456,65.07335704431446,122.5607025886586,28.285637034197226,4.001813022207649e-13
2520,65.1029820615791,122.061581011804,28.2855376864508,A2256W000411,9457,65.10298206157908,122.06158101180372,28.285537686450812,2.7037995082594714e-13
2521,65.1326070788437,121.562459434949,28.2854383387044,A2256W000411,9458,65.1326070788437,121.56245943494885,28.2854383387044,1.5631940186722204e-13
2522,65.1611392004206,121.063274196195,28.2853140443781,A2256W000411,9459,65.16113920042062,121.0632741961955,28.28531404437805,4.97582885828126e-13
2523,65.1896713219975,120.564088957442,28.2851897500517,A2256W000411,9460,65.18967132199754,120.56408895744214,28.285189750051703,1.4836567898030567e-13
2524,65.2182034435745,120.064903718689,28.2850654557254,A2256W000411,9461,65.21820344357445,120.06490371868878,28.285065455725356,2.1738427649294117e-13
2525,65.2467355651514,119.565718479935,28.284941161399,A2256W000411,9462,65.24673556515137,119.56571847993543,28.284941161399008,4.272719814472597e-13
2526,65.2752676867283,119.066533241182,28.2848168670727,A2256W000411,9463,65.27526768672828,119.06653324118207,28.28481686707266,7.246142549764705e-14
2527,65.3037998083052,118.567348002429,28.2846925727463,A2256W000411,9464,65.3037998083052,118.56734800242872,28.284692572746312,2.8421709430404007e-13
2528,65.3323319298821,118.068162763675,28.28456827842,A2256W000411,9465,65.33233192988212,118.06816276367536,28.284568278419965,3.5555547137837504e-13
2529,65.360864051459,117.568977524922,28.2844439840936,A2256W000411,9466,65.36086405145903,117.568977524922,28.284443984093617,2.842170943040401e-14
2530,65.3893961730359,117.069792286169,28.2843196897673,A2256W000411,9467,65.38939617303595,117.06979228616865,28.28431968976727,3.57820178806326e-13
2531,65.420547357241,116.570764670838,28.2832984846107,A2256W000411,9468,65.42054735724105,116.57076467083795,28.283298484610704,7.105427357601002e-14
2532,65.4516985414461,116.071737055507,28.2822772794541,A2256W000411,9469,65.45169854144615,116.07173705550724,28.28227727945414,2.453173877602249e-13
2533,65.4828497256512,115.572709440177,28.2812560742976,A2256W000411,9470,65.48284972565125,115.57270944017654,28.281256074297573,4.567413805031093e-13
2534,65.5140009098563,115.073681824846,28.280234869141,A2256W000411,9471,65.51400090985635,115.07368182484583,28.280234869141008,1.757785650632539e-13
2535,65.5451520940615,114.574654209515,28.2792136639844,A2256W000411,9472,65.54515209406145,114.57465420951513,28.279213663984443,1.399606873320082e-13
2536,65.5763032782666,114.075626594184,28.2781924588279,A2256W000411,9473,65.57630327826655,114.07562659418443,28.278192458827878,4.284519670727984e-13
2537,65.6074544624717,113.576598978854,28.2771712536713,A2256W000411,9474,65.60745446247165,113.57659897885372,28.277171253671312,2.733512482915237e-13
2538,65.6386056466768,113.077571363523,28.2761500485147,A2256W000411,9475,65.63860564667675,113.07757136352302,28.276150048514747,4.4938668397781776e-14
2539,65.6697568308819,112.578543748192,28.2751288433582,A2256W000411,9476,65.66975683088185,112.57854374819232,28.275128843358182,3.1553218080907923e-13
2540,65.6986381083538,112.07937979082,28.2740263589921,A2256W000411,9477,65.69863810835383,112.07937979081979,28.27402635899214,2.150492541435022e-13
2541,65.7275193858258,111.580215833447,28.2729238746261,A2256W000411,9478,65.72751938582581,111.58021583344726,28.272923874626095,2.5618982671915015e-13
2542,65.7564006632978,111.081051876075,28.2718213902601,A2256W000411,9479,65.7564006632978,111.08105187607472,28.27182139026005,2.7000623958883807e-13
2543,65.7852819407698,110.581887918702,28.270718905894,A2256W000411,9480,65.78528194076978,110.5818879187022,28.270718905894007,2.0097183471152322e-13
2544,65.8141632182418,110.08272396133,28.269616421528,A2256W000411,9481,65.81416321824176,110.08272396132966,28.269616421527964,3.43714720612747e-13
2545,65.8430444957137,109.583560003957,28.2685139371619,A2256W000411,9482,65.84304449571374,109.58356000395713,28.26851393716192,1.3481600519334532e-13
2546,65.8719257731857,109.084396046585,28.2674114527959,A2256W000411,9483,65.87192577318572,109.0843960465846,28.267411452795876,3.989177016483779e-13
2547,65.9008070506577,108.585232089212,28.2663089684298,A2256W000411,9484,65.9008070506577,108.58523208921207,28.266308968429833,7.105427357601002e-14
2548,65.9296883281297,108.08606813184,28.2652064840638,A2256W000411,9485,65.92968832812969,108.08606813183954,28.26520648406379,4.549693413077341e-13
2549,65.9585696056017,107.586904174467,28.2641039996977,A2256W000411,9486,65.95856960560167,107.58690417446701,28.264103999697745,3.1776437161565096e-14
2550,65.9874508830736,107.087740217094,28.2630015153317,A2256W000411,9487,65.98745088307365,107.08774021709448,28.263001515331702,4.850462620958073e-13
2551,66.0187493690282,106.588722162924,28.2641789655969,A2256W000411,9488,66.01874936902819,106.58872216292427,28.264178965596905,2.7037995082594714e-13
2552,66.0500478549827,106.089704108754,28.2653564158621,A2256W000411,9489,66.05004785498272,106.08970410875406,28.265356415862108,6.355287432313019e-14
2553,66.0813463409373,105.590686054584,28.2665338661273,A2256W000411,9490,66.08134634093726,105.59068605458386,28.26653386612731,1.4836567898030567e-13
2554,66.1126448268918,105.091668000414,28.2677113163925,A2256W000411,9491,66.1126448268918,105.09166800041365,28.267711316392514,3.552713678800501e-13
2555,66.1439433128463,104.592649946243,28.2688887666577,A2256W000411,9492,66.14394331284633,104.59264994624344,28.268888766657717,4.414523734513144e-13
2556,66.1752417988009,104.093631892073,28.2700662169229,A2256W000411,9493,66.17524179880087,104.09363189207323,28.27006621692292,2.2914314707516465e-13
2557,66.2065402847554,103.594613837903,28.2712436671881,A2256W000411,9494,66.2065402847554,103.59461383790303,28.271243667188124,2.842170943040401e-14
2558,66.2378387707099,103.095595783733,28.2724211174533,A2256W000411,9495,66.23783877070994,103.09559578373282,28.272421117453327,1.8959644967433084e-13
2559,66.2691372566645,102.596577729563,28.2735985677185,A2256W000411,9496,66.26913725666448,102.59657772956261,28.27359856771853,3.8395615110023005e-13
2560,66.300435742619,102.097559675392,28.2747760179837,A2256W000411,9497,66.30043574261902,102.0975596753924,28.274776017983733,3.981576164199481e-13
2561,66.3265570669636,101.598243643162,28.2758606248516,A2256W000411,9498,66.3265570669636,101.5982436431619,28.2758606248516,9.947598300641403e-14
2562,66.3526783913082,101.098927610931,28.2769452317195,A2256W000411,9499,66.35267839130819,101.09892761093138,28.276945231719466,3.8395615110023005e-13
2563,66.3787997156528,100.599611578701,28.2780298385873,A2256W000411,9500,66.37879971565278,100.59961157870087,28.278029838587333,1.3101760682293512e-13
2564,66.4049210399974,100.10029554647,28.2791144454552,A2256W000411,9501,66.40492103999736,100.10029554647036,28.2791144454552,3.7193366120795873e-13
2565,66.4310423643419,99.6009795142399,28.2801990523231,A2256W000411,9502,66.43104236434195,99.60097951423985,28.280199052323066,6.029155041345696e-14
2566,66.4571636886865,99.1016634820093,28.2812836591909,A2256W000411,9503,66.45716368868653,99.10166348200934,28.281283659190933,5.123796534383003e-14
2567,66.4832850130311,98.6023474497788,28.2823682660588,A2256W000411,9504,66.48328501303112,98.60234744977883,28.2823682660588,4.0194366942304644e-14
2568,66.5094063373757,98.1030314175483,28.2834528729267,A2256W000411,9505,66.50940633737571,98.10303141754832,28.283452872926667,3.1776437161565096e-14
2569,66.5355276617203,97.6037153853178,28.2845374797945,A2256W000411,9506,66.5355276617203,97.60371538531781,28.284537479794533,1.4210854715202004e-14
2570,66.5562949122777,97.1041476264937,28.2854181884247,A2256W000411,9507,66.55629491227775,97.10414762649366,28.285418188424735,6.029155041345696e-14
2571,66.5770621628352,96.6045798676695,28.2862988970549,A2256W000411,9508,66.5770621628352,96.6045798676695,28.286298897054937,0.0
2572,66.5978294133927,96.1050121088453,28.2871796056851,A2256W000411,9509,66.59782941339266,96.10501210884534,28.28717960568514,6.029155041345696e-14
2573,66.6185966639501,95.6054443500212,28.2880603143153,A2256W000411,9510,66.61859666395011,95.60544435002119,28.28806031431534,2.0097183471152322e-14
2574,66.6393639145076,95.105876591197,28.2889410229455,A2256W000411,9511,66.63936391450757,95.10587659119703,28.288941022945544,4.0194366942304644e-14
2575,66.660131165065,94.6063088323729,28.2898217315757,A2256W000411,9512,66.66013116506502,94.60630883237287,28.289821731575746,4.0194366942304644e-14
2576,66.6808984156225,94.1067410735487,28.2907024402059,A2256W000411,9513,66.68089841562248,94.10674107354872,28.290702440205948,2.0097183471152322e-14
2577,66.7016656661799,93.6071733147246,28.2915831488361,A2256W000411,9514,66.70166566617993,93.60717331472456,28.29158314883615,5.123796534383003e-14
2578,66.7224329167374,93.1076055559004,28.2924638574664,A2256W000411,9515,66.72243291673739,93.1076055559004,28.292463857466352,1.4210854715202004e-14
2579,66.7432001672948,92.6080377970762,28.2933445660966,A2256W000411,9516,66.74320016729484,92.60803779707625,28.293344566096554,7.105427357601002e-14
2580,66.7639674178523,92.1084700382521,28.2942252747268,A2256W000411,9517,66.7639674178523,92.1084700382521,28.294225274726756,0.0
2581,66.7847346684098,91.6089022794279,28.295105983357,A2256W000411,9518,66.78473466840975,91.60890227942794,28.295105983356958,6.029155041345696e-14
2582,66.8055019189672,91.1093345206038,28.2959866919872,A2256W000411,9519,66.80550191896721,91.10933452060378,28.29598669198716,2.0097183471152322e-14
2583,66.8262691695247,90.6097667617796,28.2968674006174,A2256W000411,9520,66.82626916952466,90.60976676177962,28.296867400617362,5.123796534383003e-14
2584,66.8470364200821,90.1101990029555,28.2977481092476,A2256W000411,9521,66.84703642008212,90.11019900295547,28.297748109247564,3.1776437161565096e-14
2585,66.8678036706396,89.6106312441313,28.2986288178778,A2256W000411,9522,66.86780367063957,89.61063124413131,28.298628817877766,3.1776437161565096e-14
2586,66.8849610674661,89.1979005238973,28.2993564379069,A2256W000409,9039,66.88496106746607,89.19790052389726,28.29935643790693,5.123796534383003e-14
2587,66.8900215376559,88.6979267120247,28.2985954628317,A2256W000420,11158,66.89002153765585,88.69792671202468,28.29859546283173,4.4938668397781776e-14
2588,66.8950820078456,88.1979529001521,28.2978344877565,A2256W000420,11159,66.89508200784564,88.1979529001521,28.297834487756532,4.263256414560601e-14
2589,66.9001424780354,87.6979790882795,28.2970735126813,A2256W000420,11160,66.90014247803543,87.69797908827952,28.297073512681333,4.0194366942304644e-14
2590,66.9052029482252,87.1980052764069,28.2963125376061,A2256W000420,11161,66.90520294822522,87.19800527640695,28.296312537606134,5.123796534383003e-14
2591,66.910263418415,86.6980314645344,28.2955515625309,A2256W000420,11162,66.91026341841501,86.69803146453437,28.295551562530935,3.1776437161565096e-14
2592,66.9153238886048,86.1980576526618,28.2947905874557,A2256W000420,11163,66.9153238886048,86.19805765266179,28.294790587455736,1.4210854715202004e-14
2593,66.9203843587946,85.6980838407892,28.2940296123805,A2256W000420,11164,66.92038435879459,85.69808384078921,28.294029612380537,2.0097183471152322e-14
2594,66.9254448289844,85.1981100289166,28.2932686373053,A2256W000420,11165,66.92544482898438,85.19811002891663,28.29326863730534,3.1776437161565096e-14
2595,66.9305052991742,84.6981362170441,28.2925076622301,A2256W000420,11166,66.93050529917417,84.69813621704405,28.29250766223014,5.123796534383003e-14
2596,66.935565769364,84.1981624051715,28.2917466871549,A2256W000420,11167,66.93556576936396,84.19816240517147,28.29174668715494,5.123796534383003e-14
2597,66.9406262395538,83.6981885932989,28.2909857120797,A2256W000420,11168,66.94062623955375,83.6981885932989,28.290985712079742,4.263256414560601e-14
2598,66.9456867097435,83.1982147814263,28.2902247370045,A2256W000420,11169,66.94568670974354,83.19821478142632,28.290224737004543,4.4938668397781776e-14
2599,66.9507471799333,82.6982409695537,28.2894637619293,A2256W000420,11170,66.95074717993333,82.69824096955374,28.289463761929344,5.123796534383003e-14
2600,66.9558076501231,82.1982671576812,28.2887027868541,A2256W000420,11171,66.95580765012312,82.19826715768116,28.288702786854145,4.4938668397781776e-14
2601,66.9608681203129,81.6982933458086,28.2879418117789,A2256W000420,11172,66.96086812031291,81.69829334580858,28.287941811778946,2.0097183471152322e-14
2602,66.9659285905027,81.198319533936,28.2871808367037,A2256W000420,11173,66.9659285905027,81.198319533936,28.287180836703747,0.0
2603,66.9709890606925,80.6983457220634,28.2864198616285,A2256W000420,11174,66.97098906069249,80.69834572206342,28.28641986162855,3.1776437161565096e-14
2604,66.9760495308823,80.1983719101908,28.2856588865533,A2256W000420,11175,66.97604953088228,80.19837191019084,28.28565888655335,5.123796534383003e-14
2605,66.9811100010721,79.6983980983183,28.2848979114782,A2256W000420,11176,66.98111000107207,79.69839809831826,28.28489791147815,4.0194366942304644e-14
2606,66.9861704712619,79.1984242864457,28.284136936403,A2256W000420,11177,66.98617047126186,79.19842428644569,28.284136936402952,4.4938668397781776e-14
2607,66.9877556851606,78.6984277029734,28.2850875219741,A2256W000420,11178,66.9877556851606,78.69842770297339,28.2850875219741,1.4210854715202004e-14
2608,66.9893408990593,78.1984311195011,28.2860381075452,A2256W000420,11179,66.98934089905933,78.1984311195011,28.286038107545245,2.842170943040401e-14
2609,66.9909261129581,77.6984345360288,28.2869886931164,A2256W000420,11180,66.99092611295806,77.6984345360288,28.286988693116392,4.263256414560601e-14
2610,66.9925113268568,77.1984379525565,28.2879392786875,A2256W000420,11181,66.9925113268568,77.1984379525565,28.28793927868754,0.0
2611,66.9940965407555,76.6984413690842,28.2888898642587,A2256W000420,11182,66.99409654075554,76.69844136908421,28.288889864258685,3.1776437161565096e-14
2612,66.9956817546543,76.1984447856119,28.2898404498298,A2256W000420,11183,66.99568175465427,76.19844478561191,28.289840449829832,3.1776437161565096e-14
2613,66.997266968553,75.6984482021396,28.290791035401,A2256W000420,11184,66.997266968553,75.69844820213962,28.29079103540098,1.4210854715202004e-14
2614,66.9988521824517,75.1984516186673,28.2917416209721,A2256W000420,11185,66.99885218245174,75.19845161866732,28.291741620972125,4.4938668397781776e-14
2615,67.0004373963505,74.698455035195,28.2926922065433,A2256W000420,11186,67.00043739635048,74.69845503519502,28.292692206543272,4.0194366942304644e-14
2616,67.0048450590403,74.1984884288619,28.2964291921419,A2256W000420,11187,67.00484505904026,74.1984884288619,28.29642919214187,4.263256414560601e-14
2617,67.00925272173,73.6985218225288,28.3001661777405,A2256W000420,11188,67.00925272173005,73.69852182252879,28.300166177740465,5.859285502108464e-14
2618,67.0136603844198,73.1985552161957,28.3039031633391,A2256W000420,11189,67.01366038441984,73.19855521619567,28.30390316333906,5.123796534383003e-14
2619,67.0180680471096,72.6985886098626,28.3076401489377,A2256W000420,11190,67.01806804710962,72.69858860986255,28.307640148937658,5.123796534383003e-14
2620,67.0224757097994,72.1986220035294,28.3113771345363,A2256W000420,11191,67.02247570979941,72.19862200352944,28.311377134536254,4.4938668397781776e-14
2621,67.0268833724892,71.6986553971963,28.3151141201349,A2256W000420,11192,67.0268833724892,71.69865539719632,28.31511412013485,1.4210854715202004e-14
2622,67.031291035179,71.1986887908632,28.3188511057334,A2256W000420,11193,67.03129103517898,71.1986887908632,28.318851105733447,1.4210854715202004e-14
2623,67.0345087210315,70.6986999199541,28.319731710535,A2256W000420,11194,67.03450872103149,70.69869991995412,28.31973171053499,3.1776437161565096e-14
2624,67.037726406884,70.198711049045,28.3206123153365,A2256W000420,11195,67.03772640688399,70.19871104904504,28.320612315336536,4.4938668397781776e-14
2625,67.0409440927365,69.698722178136,28.3214929201381,A2256W000420,11196,67.0409440927365,69.69872217813597,28.32149292013808,2.842170943040401e-14
2626,67.044161778589,69.1987333072269,28.3223735249396,A2256W000420,11197,67.044161778589,69.19873330722689,28.322373524939625,1.4210854715202004e-14
2627,67.0473794644415,68.6987444363178,28.3232541297412,A2256W000420,11198,67.0473794644415,68.69874443631781,28.32325412974117,1.4210854715202004e-14
2628,67.050597150294,68.1987555654087,28.3241347345427,A2256W000420,11199,67.05059715029401,68.19875556540873,28.324134734542714,3.1776437161565096e-14
2629,67.0538148361465,67.6987666944997,28.3250153393443,A2256W000420,11200,67.05381483614651,67.69876669449965,28.325015339344258,4.4938668397781776e-14
2630,67.057032521999,67.1987778235906,28.3258959441458,A2256W000420,11201,67.05703252199902,67.19877782359058,28.325895944145802,3.1776437161565096e-14
2631,67.0602502078515,66.6987889526815,28.3267765489473,A2256W000420,11202,67.06025020785152,66.6987889526815,28.326776548947347,2.842170943040401e-14
2632,67.063467893704,66.1988000817724,28.3276571537489,A2256W000420,11203,67.06346789370403,66.19880008177242,28.32765715374889,3.1776437161565096e-14
2633,67.0666855795565,65.6988112108633,28.3285377585504,A2256W000420,11204,67.06668557955653,65.69881121086334,28.328537758550436,5.123796534383003e-14
2634,67.069903265409,65.1988223399543,28.329418363352,A2256W000420,11205,67.06990326540904,65.19882233995426,28.32941836335198,6.029155041345696e-14
2635,67.0731209512615,64.6988334690452,28.3302989681535,A2256W000420,11206,67.07312095126154,64.69883346904518,28.330298968153524,4.4938668397781776e-14
2636,67.076338637114,64.1988445981361,28.3311795729551,A2256W000420,11207,67.07633863711405,64.1988445981361,28.33117957295507,4.263256414560601e-14
2637,67.0795563229666,63.698855727227,28.3320601777566,A2256W000420,11208,67.07955632296655,63.69885572722703,28.332060177756613,5.123796534383003e-14
2638,67.0827740088191,63.1988668563179,28.3329407825582,A2256W000420,11209,67.08277400881906,63.19886685631795,28.332940782558158,6.550880341146756e-14
2639,67.0859916946716,62.6988779854089,28.3338213873597,A2256W000420,11210,67.08599169467156,62.69887798540887,28.333821387359702,5.123796534383003e-14
2640,67.0892093805241,62.1988891144998,28.3347019921612,A2256W000420,11211,67.08920938052407,62.19888911449979,28.334701992161246,2.929642751054232e-14
2641,67.0924270663766,61.6989002435907,28.3355825969628,A2256W000420,11212,67.09242706637657,61.698900243590714,28.33558259696279,3.1776437161565096e-14
2642,67.0956447522291,61.1989113726816,28.3364632017643,A2256W000420,11213,67.09564475222908,61.198911372681636,28.336463201764335,4.5496934130773415e-14
2643,67.0988624380816,60.6989225017726,28.3373438065659,A2256W000420,11214,67.09886243808158,60.69892250177256,28.33734380656588,4.4938668397781776e-14
2644,67.1020801239341,60.1989336308635,28.3382244113674,A2256W000420,11215,67.10208012393409,60.19893363086348,28.338224411367424,2.5618982671915014e-14
2645,67.1052978097866,59.6989447599544,28.339105016169,A2256W000420,11216,67.10529780978659,59.6989447599544,28.33910501616897,1.4210854715202004e-14
2646,67.1085154956391,59.1989558890453,28.3399856209705,A2256W000420,11217,67.1085154956391,59.19895588904532,28.339985620970513,2.1316282072803006e-14
2647,67.1117331814916,58.6989670181362,28.3408662257721,A2256W000420,11218,67.1117331814916,58.698967018136244,28.340866225772057,4.263256414560601e-14
2648,67.1136161124472,58.1989705726426,28.3407710169308,A2256W000420,11219,67.11361611244716,58.19897057264259,28.340771016930777,4.4938668397781776e-14
2649,67.1154990434027,57.6989741271489,28.3406758080895,A2256W000420,11220,67.11549904340272,57.69897412714893,28.340675808089497,3.1776437161565096e-14
2650,67.1173819743583,57.1989776816553,28.3405805992482,A2256W000420,11221,67.11738197435828,57.19897768165527,28.340580599248216,3.1776437161565096e-14
2651,67.1192649053138,56.6989812361616,28.3404853904069,A2256W000420,11222,67.11926490531384,56.698981236161615,28.340485390406936,4.4938668397781776e-14
2652,67.1211478362694,56.198984790668,28.3403901815657,A2256W000420,11223,67.1211478362694,56.19898479066796,28.340390181565656,4.263256414560601e-14
2653,67.123030767225,55.6989883451743,28.3402949727244,A2256W000420,11224,67.12303076722496,55.6989883451743,28.340294972724376,4.263256414560601e-14
2654,67.1249136981805,55.1989918996806,28.3401997638831,A2256W000420,11225,67.12491369818052,55.19899189968064,28.340199763883096,4.4938668397781776e-14
2655,67.1267966291361,54.698995454187,28.3401045550418,A2256W000420,11226,67.12679662913608,54.698995454186985,28.340104555041815,2.0097183471152322e-14
2656,67.1286795600916,54.1989990086933,28.3400093462005,A2256W000420,11227,67.12867956009164,54.19899900869333,28.340009346200535,5.123796534383003e-14
2657,67.1305624910472,53.6990025631997,28.3399141373593,A2256W000420,11228,67.1305624910472,53.69900256319967,28.339914137359255,2.842170943040401e-14
2658,67.1324454220028,53.199006117706,28.339818928518,A2256W000420,11229,67.13244542200276,53.19900611770601,28.339818928517975,4.4938668397781776e-14
2659,67.1343283529583,52.6990096722124,28.3397237196767,A2256W000420,11230,67.13432835295832,52.699009672212355,28.339723719676694,4.4938668397781776e-14
2660,67.1362112839139,52.1990132267187,28.3396285108354,A2256W000420,11231,67.13621128391388,52.1990132267187,28.339628510835414,1.4210854715202004e-14
2661,67.1380942148694,51.699016781225,28.3395333019941,A2256W000420,11232,67.13809421486944,51.69901678122504,28.339533301994134,6.029155041345696e-14
2662,67.139977145825,51.1990203357314,28.3394380931529,A2256W000420,11233,67.139977145825,51.19902033573138,28.339438093152854,1.4210854715202004e-14
2663,67.1418600767806,50.6990238902377,28.3393428843116,A2256W000420,11234,67.14186007678056,50.699023890237726,28.339342884311574,5.123796534383003e-14
2664,67.1449887531175,50.1990351643847,28.3405616559405,A2256W000420,11235,67.14498875311746,50.19903516438474,28.34056165594051,5.54951617168815e-14
2665,67.1481174294544,49.6990464385318,28.3417804275694,A2256W000420,11236,67.14811742945436,49.69904643853175,28.341780427569443,6.550880341146756e-14
2666,67.1512461057913,49.1990577126788,28.3429991991984,A2256W000420,11237,67.15124610579126,49.199057712678766,28.342999199198378,5.54951617168815e-14
2667,67.1543747821282,48.6990689868258,28.3442179708273,A2256W000420,11238,67.15437478212816,48.69906898682578,28.344217970827312,4.7664655742347644e-14
2668,67.1575034584651,48.1990802609728,28.3454367424562,A2256W000420,11239,67.15750345846506,48.19908026097279,28.345436742456247,4.322062729257126e-14
2669,67.160632134802,47.6990915351198,28.3466555140852,A2256W000420,11240,67.16063213480196,47.699091535119805,28.34665551408518,4.322062729257126e-14
2670,67.1637608111389,47.1991028092668,28.3478742857141,A2256W000420,11241,67.16376081113886,47.19910280926682,28.347874285714116,4.7664655742347644e-14
2671,67.1668894874758,46.6991140834138,28.3490930573431,A2256W000420,11242,67.16688948747576,46.69911408341383,28.34909305734305,5.54951617168815e-14
2672,67.1700181638127,46.1991253575608,28.350311828972,A2256W000420,11243,67.17001816381266,46.199125357560845,28.350311828971986,6.029155041345696e-14
2673,67.1731468401496,45.6991366317079,28.3515306006009,A2256W000420,11244,67.17314684014956,45.69913663170786,28.35153060060092,6.029155041345696e-14
2674,67.1762755164865,45.1991479058549,28.3527493722299,A2256W000420,11245,67.17627551648646,45.19914790585487,28.352749372229855,5.123796534383003e-14
2675,67.1794041928234,44.6991591800019,28.3539681438588,A2256W000420,11246,67.17940419282336,44.699159180001885,28.35396814385879,4.4938668397781776e-14
2676,67.1825328691603,44.1991704541489,28.3551869154877,A2256W000420,11247,67.18253286916026,44.1991704541489,28.355186915487725,4.263256414560601e-14
2677,67.1856615454972,43.6991817282959,28.3564056871167,A2256W000420,11248,67.18566154549715,43.69918172829591,28.35640568711666,4.4938668397781776e-14
2678,67.1887902218341,43.1991930024429,28.3576244587456,A2256W000420,11249,67.18879022183405,43.199193002442925,28.357624458745594,5.123796534383003e-14
2679,67.191918898171,42.6992042765899,28.3588432303745,A2256W000420,11250,67.19191889817095,42.69920427658994,28.35884323037453,5.54951617168815e-14
2680,67.1950475745079,42.199215550737,28.3600620020035,A2256W000420,11251,67.19504757450785,42.19921555073695,28.360062002003463,6.550880341146756e-14
2681,67.1981762508448,41.699226824884,28.3612807736324,A2256W000420,11252,67.19817625084475,41.699226824883965,28.361280773632398,5.54951617168815e-14
2682,67.2013049271817,41.199238099031,28.3624995452613,A2256W000420,11253,67.20130492718165,41.19923809903098,28.362499545261333,4.7664655742347644e-14
2683,67.2044336035186,40.699249373178,28.3637183168903,A2256W000420,11254,67.20443360351855,40.69924937317799,28.363718316890267,4.322062729257126e-14
2684,67.2075622798555,40.199260647325,28.3649370885192,A2256W000420,11255,67.20756227985545,40.199260647325005,28.364937088519202,4.322062729257126e-14
2685,67.2106909561924,39.699271921472,28.3661558601481,A2256W000420,11256,67.21069095619235,39.69927192147202,28.366155860148137,4.7664655742347644e-14
2686,67.2138196325293,39.199283195619,28.3673746317771,A2256W000420,11257,67.21381963252925,39.19928319561903,28.36737463177707,5.123796534383003e-14
2687,67.2154906678786,38.6992860057664,28.3672412889184,A2256W000420,11258,67.21549066787861,38.69928600576638,28.367241288918397,2.5618982671915014e-14
2688,67.217161703228,38.1992888159137,28.3671079460597,A2256W000420,11259,67.21716170322797,38.19928881591373,28.367107946059722,4.5496934130773415e-14
2689,67.2188327385773,37.6992916260611,28.366974603201,A2256W000420,11260,67.21883273857733,37.69929162606108,28.366974603201047,3.1776437161565096e-14
2690,67.2205037739267,37.1992944362084,28.3668412603424,A2256W000420,11261,67.2205037739267,37.19929443620843,28.366841260342373,3.552713678800501e-14
2691,67.2221748092761,36.6992972463558,28.3667079174837,A2256W000420,11262,67.22217480927605,36.69929724635578,28.366707917483698,4.4938668397781776e-14
2692,67.2238458446254,36.1993000565031,28.366574574625,A2256W000420,11263,67.22384584462542,36.199300056503134,28.366574574625023,3.8263897345803626e-14
2693,67.2255168799748,35.6993028666505,28.3664412317663,A2256W000420,11264,67.22551687997478,35.699302866650484,28.36644123176635,3.1776437161565096e-14
2694,67.2271879153241,35.1993056767978,28.3663078889077,A2256W000420,11265,67.22718791532414,35.199305676797835,28.366307888907674,5.54951617168815e-14
2695,67.2288589506735,34.6993084869452,28.366174546049,A2256W000420,11266,67.2288589506735,34.699308486945185,28.366174546049,1.4210854715202004e-14
2696,67.2305299860229,34.1993112970925,28.3660412031903,A2256W000420,11267,67.23052998602286,34.199311297092535,28.366041203190324,5.54951617168815e-14
2697,67.2322010213722,33.6993141072399,28.3659078603316,A2256W000420,11268,67.23220102137222,33.699314107239886,28.36590786033165,2.0097183471152322e-14
2698,67.2338720567216,33.1993169173872,28.365774517473,A2256W000420,11269,67.23387205672158,33.199316917387236,28.365774517472975,3.8263897345803626e-14
2699,67.2355430920709,32.6993197275346,28.3656411746143,A2256W000420,11270,67.23554309207094,32.699319727534586,28.3656411746143,4.4938668397781776e-14
2700,67.2372141274203,32.1993225376819,28.3655078317556,A2256W000420,11271,67.2372141274203,32.19932253768194,28.365507831755625,3.552713678800501e-14
2701,67.2388851627697,31.6993253478293,28.365374488897,A2256W000420,11272,67.23888516276966,31.69932534782929,28.36537448889695,4.3944641265813476e-14
2702,67.240556198119,31.1993281579766,28.3652411460383,A2256W000420,11273,67.24055619811902,31.199328157976645,28.365241146038276,5.422982071392023e-14
2703,67.2422272334684,30.699330968124,28.3651078031796,A2256W000420,11274,67.24222723346838,30.699330968124,28.3651078031796,1.4210854715202004e-14
2704,67.2452241053092,30.1993426779121,28.3634560132072,A2256W000420,11275,67.24522410530925,30.19934267791206,28.363456013207234,5.783398860650275e-14
2705,67.2482209771501,29.6993543877001,28.3618042232349,A2256W000420,11276,67.24822097715011,29.699354387700122,28.361804223234866,2.5618982671915014e-14
2706,67.251217848991,29.1993660974882,28.3601524332625,A2256W000420,11277,67.25121784899098,29.199366097488184,28.3601524332625,3.1776437161565096e-14
2707,67.2542147208318,28.6993778072762,28.3585006432901,A2256W000420,11278,67.25421472083184,28.699377807276246,28.35850064329013,6.28539212249071e-14
2708,67.2572115926727,28.1993895170643,28.3568488533178,A2256W000420,11279,67.2572115926727,28.199389517064308,28.356848853317764,7.105427357601002e-15
2709,67.2602084645136,27.6994012268524,28.3551970633454,A2256W000420,11280,67.26020846451357,27.69940122685237,28.355197063345397,4.2780337774645346e-14
2710,67.2632053363544,27.1994129366404,28.353545273373,A2256W000420,11281,67.26320533635443,27.19941293664043,28.35354527337303,4.2780337774645346e-14
2711,67.2662022081953,26.6994246464285,28.3518934834007,A2256W000420,11282,67.2662022081953,26.699424646428493,28.351893483400662,7.105427357601002e-15
2712,67.2691990800362,26.1994363562166,28.3502416934283,A2256W000420,11283,67.26919908003616,26.199436356216555,28.350241693428295,6.28539212249071e-14
2713,67.272195951877,25.6994480660046,28.3485899034559,A2256W000420,11284,67.27219595187702,25.699448066004617,28.348589903455927,3.351623381340333e-14
2714,67.2751928237179,25.1994597757927,28.3469381134836,A2256W000420,11285,67.27519282371789,25.19945977579268,28.34693811348356,2.5618982671915014e-14
2715,67.2781896955588,24.6994714855807,28.3452863235112,A2256W000420,11286,67.27818969555875,24.69947148558074,28.345286323511193,6.029155041345696e-14
2716,67.2811865673996,24.1994831953688,28.3436345335388,A2256W000420,11287,67.28118656739962,24.199483195368803,28.343634533538825,1.464821375527116e-14
2717,67.2841834392405,23.6994949051569,28.3419827435665,A2256W000420,11288,67.28418343924048,23.699494905156865,28.341982743566458,3.8263897345803626e-14
2718,67.2871803110813,23.1995066149449,28.3403309535941,A2256W000420,11289,67.28718031108134,23.199506614944926,28.34033095359409,4.935587579328812e-14
2719,67.2901771829222,22.699518324733,28.3386791636217,A2256W000420,11290,67.2901771829222,22.69951832473299,28.338679163621723,1.0658141036401503e-14
2720,67.2931740547631,22.1995300345211,28.3370273736494,A2256W000420,11291,67.29317405476307,22.19953003452105,28.337027373649356,5.728578676879116e-14
2721,67.2961709266039,21.6995417443091,28.335375583677,A2256W000420,11292,67.29617092660393,21.699541744309112,28.33537558367699,3.03543989777123e-14
2722,67.2991677984448,21.1995534540972,28.3337237937046,A2256W000420,11293,67.2991677984448,21.199553454097174,28.33372379370462,2.4868995751603507e-14
2723,67.3021646702857,20.6995651638852,28.3320720037323,A2256W000420,11294,67.30216467028566,20.699565163885236,28.332072003732254,5.54951617168815e-14
2724,67.3051615421265,20.1995768736733,28.3304202137599,A2256W000420,11295,67.30516154212653,20.199576873673298,28.330420213759886,2.864289338439558e-14
2725,67.3081584139674,19.6995885834614,28.3287684237875,A2256W000420,11296,67.30815841396739,19.69958858346136,28.32876842378752,4.1583447479068616e-14
2726,67.3111552858083,19.1996002932494,28.3271166338152,A2256W000420,11297,67.31115528580825,19.19960029324942,28.32711663381515,4.7664655742347644e-14
2727,67.314161085326,18.699610604529,28.3282463871351,A2256W000420,11298,67.31416108532603,18.69961060452905,28.3282463871351,5.728578676879116e-14
2728,67.3171668848438,18.1996209158087,28.329376140455,A2256W000420,11299,67.31716688484381,18.199620915808676,28.329376140455047,2.864289338439558e-14
2729,67.3201726843616,17.6996312270883,28.330505893775,A2256W000420,11300,67.3201726843616,17.699631227088304,28.330505893774994,3.552713678800501e-15
2730,67.3231784838794,17.1996415383679,28.3316356470949,A2256W000420,11301,67.32317848387937,17.19964153836793,28.33163564709494,4.2780337774645346e-14
2731,67.3261842833972,16.6996518496476,28.3327654004149,A2256W000420,11302,67.32618428339715,16.69965184964756,28.33276540041489,6.029155041345696e-14
2732,67.3291900829149,16.1996621609272,28.3338951537348,A2256W000420,11303,67.32919008291493,16.199662160927186,28.333895153734836,3.1776437161565096e-14
2733,67.3321958824327,15.6996724722068,28.3350249070548,A2256W000420,11304,67.33219588243271,15.699672472206814,28.335024907054784,2.0097183471152322e-14
2734,67.3352016819505,15.1996827834864,28.3361546603747,A2256W000420,11305,67.3352016819505,15.199682783486441,28.33615466037473,4.085620730620576e-14
2735,67.3382074814683,14.6996930947661,28.3372844136947,A2256W000420,11306,67.33820748146827,14.699693094766069,28.33728441369468,4.2780337774645346e-14
2736,67.3412132809861,14.1997034060457,28.3384141670146,A2256W000420,11307,67.34121328098605,14.199703406045696,28.338414167014626,4.2780337774645346e-14
2737,67.3442190805038,13.6997137173253,28.3395439203346,A2256W000420,11308,67.34421908050383,13.699713717325324,28.339543920334574,3.66205343881779e-14
2738,67.3472248800216,13.199724028605,28.3406736736545,A2256W000420,11309,67.34722488002161,13.199724028604951,28.34067367365452,5.1728291973635394e-14
2739,67.3502306795394,12.6997343398846,28.3418034269745,A2256W000420,11310,67.3502306795394,12.699734339884579,28.34180342697447,2.1316282072803006e-14
2740,67.3532364790572,12.1997446511642,28.3429331802944,A2256W000420,11311,67.35323647905717,12.199744651164206,28.342933180294416,2.8916994303251375e-14
2741,67.356242278575,11.6997549624438,28.3440629336144,A2256W000420,11312,67.35624227857495,11.699754962443834,28.344062933614364,5.4375092393193706e-14
2742,67.3592480780927,11.1997652737235,28.3451926869343,A2256W000420,11313,67.35924807809273,11.199765273723461,28.34519268693431,4.832213032818602e-14
2743,67.3622538776105,10.6997755850031,28.3463224402543,A2256W000420,11314,67.36225387761051,10.699775585003088,28.34632244025426,1.888293221827313e-14
2744,67.359657843267,10.1997825699455,28.3458269613752,A2256W000420,11315,67.35965784326704,10.19978256994551,28.34582696137525,4.3944641265813476e-14
2745,67.3570618089236,9.69978955488793,28.3453314824962,A2256W000420,11316,67.35706180892358,9.699789554887932,28.34533148249624,2.847716647714797e-14
2746,67.3544657745801,9.19979653983035,28.3448360036172,A2256W000420,11317,67.3544657745801,9.199796539830354,28.344836003617228,3.552713678800501e-15
2747,67.3518697402366,8.69980352477278,28.3443405247382,A2256W000420,11318,67.35186974023664,8.699803524772776,28.344340524738218,4.2780337774645346e-14
2748,67.3492737058932,8.1998105097152,28.3438450458592,A2256W000420,11319,67.34927370589317,8.199810509715197,28.343845045859208,2.847716647714797e-14
2749,67.3466776715497,7.69981749465762,28.3433495669802,A2256W000420,11320,67.3466776715497,7.699817494657619,28.343349566980198,8.881784197001252e-16
2750,67.3440816372062,7.19982447960004,28.3428540881012,A2256W000420,11321,67.34408163720623,7.199824479600041,28.342854088101188,2.8435583831733384e-14
2751,67.3414856028628,6.69983146454246,28.3423586092222,A2256W000420,11322,67.34148560286276,6.699831464542463,28.342358609222178,4.271574971572196e-14
2752,67.3411010880955,6.62577439425513,28.3422852207686,A2256W000408,9524,67.34110108809546,6.6257743942551315,28.342285220768602,4.266955553143359e-14
2753,67.338461698918,6.1257816188048,28.3417771634407,A2256W000408,9525,67.33846169891802,6.125781618804804,28.341777163440714,2.864289338439558e-14
2754,67.3358223097406,5.62578884335448,28.3412691061128,A2256W000408,9526,67.33582230974059,5.625788843354476,28.341269106112826,1.464821375527116e-14
2755,67.3331829205632,5.12579606790415,28.3407610487849,A2256W000408,9527,67.33318292056316,5.125796067904148,28.340761048784938,4.266955553143359e-14
2756,67.3305435313857,4.62580329245382,28.340252991457,A2256W000408,9528,67.33054353138573,4.625803292453821,28.34025299145705,2.8435583831733384e-14
2757,67.3279041422083,4.12581051700349,28.3397449341292,A2256W000408,9529,67.3279041422083,4.125810517003493,28.33974493412916,2.6645352591003757e-15
2758,67.3252647530309,3.62581774155317,28.3392368768013,A2256W000408,9530,67.32526475303086,3.625817741553165,28.339236876801273,2.8838457124632236e-14
2759,67.3226253638534,3.12582496610284,28.3387288194734,A2256W000408,9531,67.32262536385343,3.1258249661028374,28.338728819473385,2.8546336281444334e-14
2760,67.319985974676,2.62583219065251,28.3382207621455,A2256W000408,9532,67.319985974676,2.6258321906525097,28.338220762145497,4.440892098500626e-16
2761,67.3173465854986,2.12583941520218,28.3377127048176,A2256W000408,9533,67.31734658549857,2.125839415202182,28.33771270481761,2.8508313657667433e-14
2762,67.3147071963211,1.62584663975185,28.3372046474897,A2256W000408,9534,67.31470719632114,1.6258466397518545,28.33720464748972,4.2863236558381085e-14
2763,67.3120678071437,1.12585386430153,28.3366965901618,A2256W000408,9535,67.3120678071437,1.125853864301527,28.336696590161832,2.886579864025407e-15
2764,67.3094284179663,0.6258610888512,28.3361885328339,A2256W000408,9536,67.30942841796627,0.6258610888511995,28.336188532833944,2.842517866562357e-14
2765,67.3067890287888,0.125868313400872,28.3356804755061,A2256W000408,9537,67.30678902878884,0.12586831340087196,28.335680475506056,4.263260028566311e-14
2766,67.3041496396114,-0.374124462049456,28.3351724181782,A2256W000408,9538,67.30414963961141,-0.3741244620494556,28.335172418178168,1.421616631318792e-14
2767,67.301510250434,-0.874117237499783,28.3346643608503,A2256W000408,9539,67.30151025043398,-0.8741172374997832,28.33466436085028,2.842257677890751e-14
2768,67.3016671907609,-1.37411692792473,28.3351981629615,A2256W000408,9540,67.30166719076092,-1.3741169279247272,28.335198162961532,2.8567917499490804e-14
2769,67.3018241310879,-1.87411661834967,28.3357319650728,A2256W000408,9541,67.30182413108787,-1.8741166183496711,28.335731965072785,2.8443385208352465e-14
2770,67.3019810714148,-2.37411630877462,28.336265767184,A2256W000408,9542,67.30198107141482,-2.374116308774615,28.336265767184038,1.502702346173435e-14
2771,67.3021380117418,-2.87411599919956,28.3367995692953,A2256W000408,9543,67.30213801174176,-2.8741159991995593,28.33679956929529,4.264181500047145e-14
2772,67.3022949520687,-3.3741156896245,28.3373333714065,A2256W000408,9544,67.3022949520687,-3.374115689624503,28.337333371406544,3.1086244689504383e-15
2773,67.3024518923957,-3.87411538004945,28.3378671735178,A2256W000408,9545,67.30245189239565,-3.8741153800494468,28.337867173517797,4.27457491654804e-14
2774,67.3026088327226,-4.37411507047439,28.338400975629,A2256W000408,9546,67.3026088327226,-4.3741150704743905,28.33840097562905,8.881784197001252e-16
2775,67.3027657730495,-4.87411476089933,28.3389347777403,A2256W000408,9547,67.30276577304954,-4.874114760899334,28.338934777740302,4.2863236558381085e-14
2776,67.3029227133765,-5.37411445132428,28.3394685798516,A2256W000408,9548,67.30292271337649,-5.374114451324278,28.339468579851555,1.432144669219779e-14
2777,67.3030796537034,-5.87411414174922,28.3400023819628,A2256W000408,9549,67.30307965370343,-5.874114141749222,28.340002381962808,2.847716647714797e-14
2778,67.3032365940304,-6.37411383217417,28.3405361840741,A2256W000408,9550,67.30323659403038,-6.3741138321741655,28.34053618407406,1.4888583356622763e-14
2779,67.3033935343573,-6.87411352259911,28.3410699861853,A2256W000408,9551,67.30339353435733,-6.874113522599109,28.341069986185314,2.8435583831733384e-14
2780,67.3035504746843,-7.37411321302405,28.3416037882966,A2256W000408,9552,67.30355047468427,-7.374113213024053,28.341603788296567,2.8546336281444334e-14
2781,67.3037074150112,-7.874112903449,28.3421375904078,A2256W000408,9553,67.30370741501122,-7.874112903448997,28.34213759040782,1.464821375527116e-14
2782,67.3038643553382,-8.37411259387394,28.3426713925191,A2256W000408,9554,67.30386435533816,-8.37411259387394,28.342671392519073,4.263256414560601e-14
2783,67.3040212956651,-8.87411228429889,28.3432051946303,A2256W000408,9555,67.30402129566511,-8.874112284298885,28.343205194630325,1.517719948885615e-14
2784,67.3069483258488,-9.3741035848373,28.3428420414881,A2256W000408,9556,67.30694832584882,-9.374103584837304,28.34284204148811,2.864289338439558e-14
2785,67.3098753560325,-9.87409488537572,28.3424788883459,A2256W000408,9557,67.30987535603253,-9.874094885375722,28.342478888345898,2.847716647714797e-14
2786,67.3128023862162,-10.3740861859141,28.3421157352037,A2256W000408,9558,67.31280238621625,-10.374086185914141,28.342115735203684,5.904883742358415e-14
2787,67.3157294164,-10.8740774864526,28.3417525820615,A2256W000408,9559,67.31572941639996,-10.87407748645256,28.34175258206147,5.904883742358415e-14
2788,67.3186564465837,-11.374068786991,28.3413894289193,A2256W000408,9560,67.31865644658367,-11.374068786990978,28.341389428919257,3.552713678800501e-14
2789,67.3215834767674,-11.8740600875294,28.341026275777,A2256W000408,9561,67.32158347676739,-11.874060087529397,28.341026275777043,1.464821375527116e-14
2790,67.3245105069511,-12.3740513880678,28.3406631226348,A2256W000408,9562,67.3245105069511,-12.374051388067816,28.34066312263483,1.5987211554602254e-14
2791,67.3274375371348,-12.8740426886062,28.3402999694926,A2256W000408,9563,67.32743753713481,-12.874042688606234,28.340299969492616,3.66205343881779e-14
2792,67.3303645673185,-13.3740339891447,28.3399368163504,A2256W000408,9564,67.33036456731853,-13.374033989144653,28.339936816350402,5.422982071392023e-14
2793,67.3332915975022,-13.8740252896831,28.3395736632082,A2256W000408,9565,67.33329159750224,-13.874025289683072,28.33957366320819,5.123796534383003e-14
2794,67.336218627686,-14.3740165902215,28.339210510066,A2256W000408,9566,67.33621862768595,-14.37401659022149,28.339210510065975,4.354792321283889e-14
2795,67.3391456578697,-14.8740078907599,28.3388473569238,A2256W000408,9567,67.33914565786966,-14.87400789075991,28.33884735692376,2.9777166713245526e-14
2796,67.3420726880534,-15.3739991912983,28.3384842037815,A2256W000408,9568,67.34207268805338,-15.373999191298328,28.338484203781547,4.0194366942304644e-14
2797,67.3449997182371,-15.8739904918367,28.3381210506393,A2256W000408,9569,67.34499971823709,-15.873990491836746,28.338121050639334,4.832213032818602e-14
2798,67.3479267484208,-16.3739817923752,28.3377578974971,A2256W000408,9570,67.3479267484208,-16.373981792375165,28.33775789749712,3.552713678800501e-14
2799,67.3508537786045,-16.8739730929136,28.3373947443549,A2256W000408,9571,67.35085377860452,-16.873973092913584,28.337394744354906,2.2748467065386707e-14
2800,67.3537808087882,-17.373964393452,28.3370315912127,A2256W000408,9572,67.35378080878823,-17.373964393452002,28.337031591212693,2.864289338439558e-14
2801,67.3567078389719,-17.8739556939904,28.3366684380705,A2256W000408,9573,67.35670783897194,-17.87395569399042,28.33666843807048,4.7664655742347644e-14
2802,67.3596348691557,-18.3739469945288,28.3363052849283,A2256W000408,9574,67.35963486915566,-18.37394699452884,28.336305284928265,5.783398860650275e-14
2803,67.3625618993394,-18.8739382950673,28.3359421317861,A2256W000408,9575,67.36256189933937,-18.87393829506726,28.33594213178605,5.123796534383003e-14
2804,67.3654889295231,-19.3739295956057,28.3355789786438,A2256W000408,9576,67.36548892952308,-19.373929595605677,28.335578978643838,2.5618982671915014e-14
2805,67.3684159597068,-19.8739208961441,28.3352158255016,A2256W000408,9577,67.3684159597068,-19.873920896144096,28.335215825501624,3.552713678800501e-15
2806,67.3713429898905,-20.3739121966825,28.3348526723594,A2256W000408,9578,67.37134298989051,-20.373912196682515,28.33485267235941,2.0097183471152322e-14
2807,67.3742700200742,-20.8739034972209,28.3344895192172,A2256W000408,9579,67.37427002007422,-20.873903497220933,28.334489519217197,3.499017183300205e-14
2808,67.3755931977165,-21.373901460257,28.3350244591646,A2256W000408,9580,67.37559319771653,-21.373901460256963,28.335024459164604,4.5496934130773415e-14
2809,67.3769163753588,-21.873899423293,28.335559399112,A2256W000408,9581,67.37691637535883,-21.873899423292993,28.33555939911201,2.929642751054232e-14
2810,67.3782395530011,-22.373897386329,28.3360943390594,A2256W000408,9582,67.37823955300114,-22.373897386329023,28.336094339059418,4.935587579328812e-14
2811,67.3795627306434,-22.8738953493651,28.3366292790068,A2256W000408,9583,67.37956273064344,-22.873895349365053,28.336629279006825,6.28539212249071e-14
2812,67.3808859082857,-23.3738933124011,28.3371642189542,A2256W000408,9584,67.38088590828575,-23.373893312401083,28.337164218954232,4.618527782440651e-14
2813,67.3822090859281,-23.8738912754371,28.3376991589016,A2256W000408,9585,67.38220908592805,-23.873891275437114,28.33769915890164,4.4938668397781776e-14
2814,67.3835322635704,-24.3738892384731,28.338234098849,A2256W000408,9586,67.38353226357036,-24.373889238473144,28.338234098849046,6.029155041345696e-14
2815,67.3848554412127,-24.8738872015092,28.3387690387965,A2256W000408,9587,67.38485544121266,-24.873887201509174,28.338769038796453,3.776586443654626e-14
2816,67.386178618855,-25.3738851645452,28.3393039787439,A2256W000408,9588,67.38617861885497,-25.373885164545204,28.33930397874386,2.864289338439558e-14
2817,67.3875017964973,-25.8738831275812,28.3398389186913,A2256W000408,9589,67.38750179649728,-25.873883127581234,28.339838918691267,4.5496934130773415e-14
2818,67.3888249741396,-26.3738810906173,28.3403738586387,A2256W000408,9590,67.38882497413958,-26.373881090617264,28.340373858638674,3.8263897345803626e-14
2819,67.3901481517819,-26.8738790536533,28.3409087985861,A2256W000408,9591,67.39014815178189,-26.873879053653294,28.34090879858608,1.5888218580782548e-14
2820,67.3914713294242,-27.3738770166893,28.3414437385335,A2256W000408,9592,67.39147132942419,-27.373877016689324,28.34144373853349,2.864289338439558e-14
2821,67.3927945070665,-27.8738749797254,28.3419786784809,A2256W000408,9593,67.3927945070665,-27.873874979725354,28.341978678480896,4.618527782440651e-14
2822,67.3941176847088,-28.3738729427614,28.3425136184283,A2256W000408,9594,67.3941176847088,-28.373872942761384,28.342513618428303,1.4210854715202004e-14
2823,67.3954408623511,-28.8738709057974,28.3430485583757,A2256W000408,9595,67.39544086235111,-28.873870905797414,28.34304855837571,2.0097183471152322e-14
2824,67.3978360689392,-29.3738647924308,28.3424351135177,A2256W000408,9596,67.39783606893917,-29.373864792430847,28.34243511351768,5.422982071392023e-14
2825,67.4002312755272,-29.8738586790643,28.3418216686597,A2256W000408,9597,67.40023127552723,-29.87385867906428,28.34182166865965,3.351623381340333e-14
2826,67.4026264821153,-30.3738525656977,28.3412082238016,A2256W000408,9598,67.4026264821153,-30.373852565697714,28.341208223801623,1.4210854715202004e-14
2827,67.4050216887034,-30.8738464523311,28.3405947789436,A2256W000408,9599,67.40502168870336,-30.873846452331147,28.340594778943593,6.28539212249071e-14
2828,67.4074168952914,-31.3738403389646,28.3399813340856,A2256W000408,9600,67.40741689529142,-31.37384033896458,28.339981334085564,2.5618982671915014e-14
2829,67.4098121018795,-31.873834225598,28.3393678892275,A2256W000408,9601,67.40981210187948,-31.873834225598014,28.339367889227535,2.0097183471152322e-14
2830,67.4122073084675,-32.3738281122315,28.3387544443695,A2256W000408,9602,67.41220730846754,-32.37382811223145,28.338754444369506,6.550880341146756e-14
2831,67.4146025150556,-32.8738219988649,28.3381409995115,A2256W000408,9603,67.4146025150556,-32.873821998864884,28.338140999511477,1.4210854715202004e-14
2832,67.4169977216437,-33.3738158854983,28.3375275546534,A2256W000408,9604,67.41699772164367,-33.37381588549832,28.337527554653448,3.1776437161565096e-14
2833,67.4193929282317,-33.8738097721318,28.3369141097954,A2256W000408,9605,67.41939292823173,-33.87380977213175,28.33691410979542,5.728578676879116e-14
2834,67.4217881348198,-34.3738036587652,28.3363006649374,A2256W000408,9606,67.42178813481979,-34.37380365876518,28.33630066493739,2.0097183471152322e-14
2835,67.4241833414079,-34.8737975453986,28.3356872200794,A2256W000408,9607,67.42418334140785,-34.87379754539862,28.33568722007936,4.4938668397781776e-14
2836,67.4265785479959,-35.373791432032,28.3350737752213,A2256W000408,9608,67.42657854799592,-35.37379143203205,28.335073775221332,5.1728291973635394e-14
2837,67.428973754584,-35.8737853186655,28.3344603303633,A2256W000408,9609,67.42897375458398,-35.87378531866548,28.334460330363303,3.1776437161565096e-14
2838,67.431368961172,-36.3737792052989,28.3338468855053,A2256W000408,9610,67.43136896117204,-36.373779205298916,28.333846885505274,4.4938668397781776e-14
2839,67.4337641677601,-36.8737730919323,28.3332334406472,A2256W000408,9611,67.4337641677601,-36.87377309193235,28.333233440647245,4.973799150320701e-14
2840,67.4361593743482,-37.3737669785658,28.3326199957892,A2256W000408,9612,67.43615937434816,-37.37376697856578,28.332619995789216,3.1776437161565096e-14
2841,67.4385545809362,-37.8737608651992,28.3320065509312,A2256W000408,9613,67.43855458093623,-37.873760865199216,28.332006550931187,3.1776437161565096e-14
2842,67.4409497875243,-38.3737547518326,28.3313931060732,A2256W000408,9614,67.44094978752429,-38.37375475183265,28.331393106073158,5.1728291973635394e-14
2843,67.4433449941124,-38.8737486384661,28.3307796612151,A2256W000408,9615,67.44334499411235,-38.87374863846608,28.33077966121513,4.4938668397781776e-14
2844,67.4457402007004,-39.3737425250995,28.3301662163571,A2256W000408,9616,67.44574020070041,-39.373742525099516,28.3301662163571,2.0097183471152322e-14
2845,67.4481354072885,-39.8737364117329,28.3295527714991,A2256W000408,9617,67.44813540728848,-39.87373641173295,28.32955277149907,5.728578676879116e-14
2846,67.4505306138765,-40.3737302983664,28.328939326641,A2256W000408,9618,67.45053061387654,-40.37373029836638,28.32893932664104,4.4938668397781776e-14
2847,67.4529258204646,-40.8737241849998,28.328325881783,A2256W000408,9619,67.4529258204646,-40.873724184999816,28.328325881783012,1.4210854715202004e-14
2848,67.4542939653868,-41.3737205591836,28.32965026184,A2256W000408,9620,67.45429396538684,-41.3737205591836,28.329650261840037,4.263256414560601e-14
2849,67.4556621103091,-41.8737169333674,28.3309746418971,A2256W000408,9621,67.45566211030908,-41.87371693336739,28.33097464189706,2.929642751054232e-14
2850,67.4570302552313,-42.3737133075512,28.3322990219541,A2256W000408,9622,67.45703025523132,-42.37371330755118,28.332299021954086,2.5618982671915014e-14
2851,67.4583984001536,-42.873709681735,28.3336234020111,A2256W000408,9623,67.45839840015356,-42.873709681734965,28.33362340201111,5.54951617168815e-14
2852,67.4597665450758,-43.3737060559188,28.3349477820681,A2256W000408,9624,67.4597665450758,-43.37370605591875,28.334947782068134,4.973799150320701e-14
2853,67.461134689998,-43.8737024301025,28.3362721621252,A2256W000408,9625,67.46113468999803,-43.87370243010254,28.33627216212516,5.123796534383003e-14
2854,67.4625028349203,-44.3736988042863,28.3375965421822,A2256W000408,9626,67.46250283492027,-44.37369880428633,28.337596542182183,4.0194366942304644e-14
2855,67.4638709798425,-44.8736951784701,28.3389209222392,A2256W000408,9627,67.46387097984251,-44.873695178470115,28.338920922239208,2.0097183471152322e-14
2856,67.4652391247648,-45.3736915526539,28.3402453022962,A2256W000408,9628,67.46523912476475,-45.3736915526539,28.340245302296232,5.684341886080802e-14
2857,67.466607269687,-45.8736879268377,28.3415696823533,A2256W000408,9629,67.46660726968699,-45.87368792683769,28.341569682353256,1.5888218580782548e-14
2858,67.4679754146092,-46.3736843010215,28.3428940624103,A2256W000408,9630,67.46797541460923,-46.37368430102148,28.34289406241028,3.552713678800501e-14
2859,67.4693435595315,-46.8736806752053,28.3442184424673,A2256W000408,9631,67.46934355953147,-46.873680675205264,28.344218442467305,4.5496934130773415e-14
2860,67.4707117044537,-47.3736770493891,28.3455428225243,A2256W000408,9632,67.4707117044537,-47.37367704938905,28.34554282252433,4.973799150320701e-14
2861,67.4720798493759,-47.8736734235728,28.3468672025814,A2256W000408,9633,67.47207984937594,-47.87367342357284,28.346867202581354,6.029155041345696e-14
2862,67.4734479942982,-48.3736697977566,28.3481915826384,A2256W000408,9634,67.47344799429818,-48.37366979775663,28.34819158263838,3.1776437161565096e-14
2863,67.4748161392204,-48.8736661719404,28.3495159626954,A2256W000408,9635,67.47481613922042,-48.873666171940414,28.349515962695403,3.1776437161565096e-14
2864,67.4761842841427,-49.3736625461242,28.3508403427524,A2256W000408,9636,67.47618428414266,-49.3736625461242,28.350840342752427,4.263256414560601e-14
2865,67.4779340733415,-49.873657221868,28.352344492227,A2256W000408,9637,67.47793407334147,-49.87365722186797,28.35234449222699,4.0194366942304644e-14
2866,67.4796838625403,-50.3736518976117,28.3538486417016,A2256W000408,9638,67.47968386254028,-50.373651897611744,28.353848641701553,4.4938668397781776e-14
2867,67.4814336517391,-50.8736465733555,28.3553527911761,A2256W000408,9639,67.4814336517391,-50.873646573355515,28.355352791176117,1.4210854715202004e-14
2868,67.4831834409379,-51.3736412490993,28.3568569406507,A2256W000408,9640,67.4831834409379,-51.373641249099286,28.35685694065068,1.4210854715202004e-14
2869,67.4849332301367,-51.8736359248431,28.3583610901252,A2256W000408,9641,67.48493323013672,-51.87363592484306,28.358361090125243,4.4938668397781776e-14
2870,67.4866830193355,-52.3736306005868,28.3598652395998,A2256W000408,9642,67.48668301933553,-52.37363060058683,28.359865239599806,4.0194366942304644e-14
2871,67.4884328085343,-52.8736252763306,28.3613693890744,A2256W000408,9643,67.48843280853434,-52.8736252763306,28.36136938907437,4.263256414560601e-14
2872,67.4901825977332,-53.3736199520744,28.3628735385489,A2256W000408,9644,67.49018259773315,-53.37361995207437,28.362873538548932,5.123796534383003e-14
2873,67.491932386932,-53.8736146278181,28.3643776880235,A2256W000408,9645,67.49193238693196,-53.87361462781814,28.364377688023495,6.029155041345696e-14
2874,67.4936821761308,-54.3736093035619,28.3658818374981,A2256W000408,9646,67.49368217613078,-54.37360930356191,28.36588183749806,3.1776437161565096e-14
2875,67.4954319653296,-54.8736039793057,28.3673859869726,A2256W000408,9647,67.49543196532959,-54.873603979305685,28.36738598697262,2.0097183471152322e-14
2876,67.4971817545284,-55.3735986550495,28.3688901364472,A2256W000408,9648,67.4971817545284,-55.373598655049456,28.368890136447185,4.263256414560601e-14
2877,67.4989315437272,-55.8735933307932,28.3703942859217,A2256W000408,9649,67.49893154372721,-55.87359333079323,28.370394285921748,3.1776437161565096e-14
2878,67.500681332926,-56.373588006537,28.3718984353963,A2256W000408,9650,67.50068133292602,-56.373588006537,28.37189843539631,1.4210854715202004e-14
2879,67.5024311221248,-56.8735826822808,28.3734025848709,A2256W000408,9651,67.50243112212483,-56.87358268228077,28.373402584870874,4.0194366942304644e-14
2880,67.5041809113236,-57.3735773580245,28.3749067343454,A2256W000408,9652,67.50418091132364,-57.37357735802454,28.374906734345437,6.029155041345696e-14
2881,67.5059307005225,-57.8735720337683,28.37641088382,A2256W000408,9653,67.50593070052246,-57.87357203376831,28.37641088382,4.4938668397781776e-14
2882,67.5076804897213,-58.3735667095121,28.3779150332946,A2256W000408,9654,67.50768048972127,-58.37356670951208,28.377915033294563,3.1776437161565096e-14
2883,67.5094302789201,-58.8735613852559,28.3794191827691,A2256W000408,9655,67.50943027892008,-58.873561385255854,28.379419182769126,5.123796534383003e-14
2884,67.5111800681189,-59.3735560609996,28.3809233322437,A2256W000408,9656,67.51118006811889,-59.373556060999626,28.38092333224369,3.1776437161565096e-14
2885,67.5129298573177,-59.8735507367434,28.3824274817183,A2256W000408,9657,67.5129298573177,-59.8735507367434,28.382427481718253,0.0
2886,67.5146796465165,-60.3735454124872,28.3839316311928,A2256W000408,9658,67.51467964651651,-60.37354541248717,28.383931631192816,3.8263897345803626e-14
2887,67.5164294357153,-60.8735400882309,28.3854357806674,A2256W000408,9659,67.51642943571532,-60.87354008823094,28.38543578066738,5.123796534383003e-14
2888,67.5201559020673,-61.3735106283982,28.3814895909345,A2256W000408,9660,67.52015590206733,-61.37351062839818,28.381489590934507,3.552713678800501e-14
2889,67.5238823684193,-61.8734811685654,28.3775434012016,A2256W000408,9661,67.52388236841934,-61.87348116856542,28.377543401201635,4.7664655742347644e-14
2890,67.5276088347713,-62.3734517087327,28.3735972114688,A2256W000408,9662,67.52760883477134,-62.37345170873266,28.373597211468763,6.029155041345696e-14
2891,67.5313353011233,-62.8734222488999,28.3696510217359,A2256W000408,9663,67.53133530112335,-62.8734222488999,28.36965102173589,4.263256414560601e-14
2892,67.5350617674754,-63.3733927890671,28.365704832003,A2256W000408,9664,67.53506176747536,-63.37339278906714,28.36570483200302,6.029155041345696e-14
2893,67.5387882338274,-63.8733633292344,28.3617586422701,A2256W000408,9665,67.53878823382736,-63.87336332923438,28.361758642270146,4.7664655742347644e-14
2894,67.5425147001794,-64.3733338694016,28.3578124525373,A2256W000408,9666,67.54251470017937,-64.37333386940162,28.357812452537274,3.1776437161565096e-14
2895,67.5462411665314,-64.8733044095689,28.3538662628044,A2256W000408,9667,67.54624116653137,-64.87330440956886,28.353866262804402,5.123796534383003e-14
2896,67.5523351628082,-65.373266576716,28.3530328176124,A2256W000408,9668,67.55233516280825,-65.37326657671602,28.353032817612387,4.4938668397781776e-14
2897,67.5584291590851,-65.8732287438632,28.3521993724204,A2256W000408,9669,67.55842915908512,-65.87322874386318,28.352199372420372,3.1776437161565096e-14
2898,67.564523155362,-66.3731909110103,28.3513659272284,A2256W000408,9670,67.564523155362,-66.37319091101034,28.351365927228358,4.263256414560601e-14
2899,67.5706171516389,-66.8731530781575,28.3505324820363,A2256W000408,9671,67.57061715163887,-66.8731530781575,28.350532482036343,2.842170943040401e-14
2900,67.5767111479157,-67.3731152453047,28.3496990368443,A2256W000408,9672,67.57671114791574,-67.37311524530466,28.349699036844328,6.029155041345696e-14
2901,67.5828051441926,-67.8730774124518,28.3488655916523,A2256W000408,9673,67.58280514419262,-67.87307741245182,28.348865591652313,2.0097183471152322e-14
2902,67.5888991404695,-68.373039579599,28.3480321464603,A2256W000408,9674,67.5888991404695,-68.37303957959898,28.348032146460298,1.4210854715202004e-14
2903,67.5949931367464,-68.8730017467461,28.3471987012683,A2256W000408,9675,67.59499313674637,-68.87300174674614,28.347198701268283,5.123796534383003e-14
2904,67.6010871330232,-69.3729639138933,28.3463652560763,A2256W000408,9676,67.60108713302324,-69.3729639138933,28.34636525607627,4.263256414560601e-14
2905,67.6032652718175,-69.8729591056764,28.34661805076,A2256W000408,9677,67.60326527181755,-69.87295910567643,28.346618050760036,5.123796534383003e-14
2906,67.6054434106119,-70.3729542974596,28.3468708454438,A2256W000408,9678,67.60544341061185,-70.37295429745956,28.346870845443803,6.029155041345696e-14
2907,67.6076215494062,-70.8729494892427,28.3471236401276,A2256W000408,9679,67.60762154940616,-70.87294948924269,28.34712364012757,4.4938668397781776e-14
2908,67.6097996882005,-71.3729446810258,28.3473764348113,A2256W000408,9680,67.60979968820047,-71.37294468102581,28.347376434811338,3.1776437161565096e-14
2909,67.6119778269948,-71.8729398728089,28.3476292294951,A2256W000408,9681,67.61197782699477,-71.87293987280894,28.347629229495105,5.123796534383003e-14
2910,67.6141559657891,-72.3729350645921,28.3478820241789,A2256W000408,9682,67.61415596578908,-72.37293506459207,28.347882024178872,3.1776437161565096e-14
2911,67.6163341045834,-72.8729302563752,28.3481348188626,A2256W000408,9683,67.61633410458339,-72.8729302563752,28.34813481886264,1.4210854715202004e-14
2912,67.6185122433777,-73.3729254481583,28.3483876135464,A2256W000408,9684,67.6185122433777,-73.37292544815833,28.348387613546407,2.842170943040401e-14
2913,67.620690382172,-73.8729206399415,28.3486404082302,A2256W000408,9685,67.620690382172,-73.87292063994146,28.348640408230175,4.263256414560601e-14
2914,67.6228685209663,-74.3729158317246,28.3488932029139,A2256W000408,9686,67.6228685209663,-74.37291583172458,28.348893202913942,1.4210854715202004e-14
2915,67.6250466597606,-74.8729110235077,28.3491459975977,A2256W000408,9687,67.62504665976061,-74.87291102350771,28.34914599759771,2.0097183471152322e-14
2916,67.6272247985549,-75.3729062152908,28.3493987922815,A2256W000408,9688,67.62722479855492,-75.37290621529084,28.349398792281477,4.4938668397781776e-14
2917,67.6294029373492,-75.872901407074,28.3496515869652,A2256W000408,9689,67.62940293734923,-75.87290140707397,28.349651586965244,4.0194366942304644e-14
2918,67.6315810761435,-76.3728965988571,28.349904381649,A2256W000408,9690,67.63158107614353,-76.3728965988571,28.34990438164901,2.842170943040401e-14
2919,67.6337592149378,-76.8728917906402,28.3501571763328,A2256W000408,9691,67.63375921493784,-76.87289179064022,28.35015717633278,5.123796534383003e-14
2920,67.6359373537321,-77.3728869824234,28.3504099710165,A2256W000408,9692,67.63593735373215,-77.37288698242335,28.350409971016546,6.029155041345696e-14
2921,67.6381154925265,-77.8728821742065,28.3506627657003,A2256W000408,9693,67.63811549252645,-77.87288217420648,28.350662765700314,4.4938668397781776e-14
2922,67.6402936313208,-78.3728773659896,28.3509155603841,A2256W000408,9694,67.64029363132076,-78.37287736598961,28.35091556038408,4.4938668397781776e-14
2923,67.6424717701151,-78.8728725577727,28.3511683550678,A2256W000408,9695,67.64247177011507,-78.87287255777274,28.35116835506785,5.123796534383003e-14
2924,67.6446499089094,-79.3728677495559,28.3514211497516,A2256W000408,9696,67.64464990890937,-79.37286774955587,28.351421149751616,4.0194366942304644e-14
2925,67.6468280477037,-79.872862941339,28.3516739444354,A2256W000408,9697,67.64682804770368,-79.872862941339,28.351673944435383,2.842170943040401e-14
2926,67.649006186498,-80.3728581331221,28.3519267391192,A2256W000408,9698,67.64900618649799,-80.37285813312212,28.35192673911915,3.1776437161565096e-14
2927,67.6511843252923,-80.8728533249053,28.3521795338029,A2256W000408,9699,67.65118432529229,-80.87285332490525,28.352179533802918,4.4938668397781776e-14
2928,67.6533624640866,-81.3728485166884,28.3524323284867,A2256W000408,9700,67.6533624640866,-81.37284851668838,28.352432328486685,2.842170943040401e-14
2929,67.6571617521535,-81.8728340410433,28.3522302253777,A2256W000408,9701,67.6571617521535,-81.87283404104335,28.3522302253777,4.263256414560601e-14
2930,67.6609610402204,-82.3728195653983,28.3520281222687,A2256W000408,9702,67.6609610402204,-82.37281956539832,28.352028122268713,1.4210854715202004e-14
2931,67.6647603282873,-82.8728050897533,28.3518260191597,A2256W000408,9703,67.6647603282873,-82.87280508975329,28.351826019159727,1.4210854715202004e-14
2932,67.6685596163542,-83.3727906141083,28.3516239160507,A2256W000408,9704,67.6685596163542,-83.37279061410825,28.35162391605074,4.263256414560601e-14
2933,67.6723589044211,-83.8727761384632,28.3514218129418,A2256W000408,9705,67.6723589044211,-83.87277613846322,28.351421812941755,2.842170943040401e-14
2934,67.676158192488,-84.3727616628182,28.3512197098328,A2256W000408,9706,67.676158192488,-84.37276166281819,28.35121970983277,1.4210854715202004e-14
2935,67.6799574805549,-84.8727471871732,28.3510176067238,A2256W000408,9707,67.6799574805549,-84.87274718717316,28.351017606723783,4.263256414560601e-14
2936,67.6837567686218,-85.3727327115281,28.3508155036148,A2256W000408,9708,67.6837567686218,-85.37273271152813,28.350815503614797,2.842170943040401e-14
2937,67.6875560566887,-85.8727182358831,28.3506134005058,A2256W000408,9709,67.6875560566887,-85.8727182358831,28.35061340050581,0.0
2938,67.686761277281,-86.3727175578721,28.3508286589313,A2256W000408,9710,67.686761277281,-86.37271755787214,28.350828658931253,4.263256414560601e-14
2939,67.6859664978733,-86.8727168798612,28.3510439173567,A2256W000408,9711,67.68596649787328,-86.87271687986117,28.351043917356694,3.1776437161565096e-14
2940,67.6851717184656,-87.3727162018502,28.3512591757821,A2256W000408,9712,67.68517171846557,-87.37271620185021,28.351259175782136,3.1776437161565096e-14
2941,67.6843769390579,-87.8727155238392,28.3514744342076,A2256W000408,9713,67.68437693905786,-87.87271552383925,28.351474434207578,6.029155041345696e-14
2942,67.6835821596501,-88.3727148458283,28.351689692633,A2256W000408,9714,67.68358215965014,-88.37271484582828,28.35168969263302,4.4938668397781776e-14
2943,67.6827873802424,-88.8727141678173,28.3519049510585,A2256W000408,9715,67.68278738024243,-88.87271416781732,28.35190495105846,3.1776437161565096e-14
2944,67.6819926008347,-89.3727134898064,28.3521202094839,A2256W000408,9716,67.68199260083472,-89.37271348980636,28.352120209483903,4.4938668397781776e-14
2945,67.6845800232901,-89.872706653284,28.3517437513809,A2256W000408,9717,67.68458002329014,-89.87270665328396,28.3517437513809,6.029155041345696e-14
2946,67.6871674457456,-90.3726998167616,28.3513672932779,A2256W000408,9718,67.68716744574556,-90.37269981676155,28.3513672932779,6.029155041345696e-14
2947,67.689754868201,-90.8726929802392,28.3509908351749,A2256W000408,9719,67.68975486820098,-90.87269298023915,28.350990835174898,5.123796534383003e-14
2948,67.6923422906564,-91.3726861437167,28.3506143770719,A2256W000408,9720,67.6923422906564,-91.37268614371675,28.350614377071896,4.263256414560601e-14
2949,67.6949297131118,-91.8726793071943,28.3502379189689,A2256W000408,9721,67.69492971311182,-91.87267930719435,28.350237918968894,4.4938668397781776e-14
2950,67.6975171355672,-92.3726724706719,28.3498614608659,A2256W000408,9722,67.69751713556724,-92.37267247067194,28.349861460865892,6.029155041345696e-14
2951,67.7001045580227,-92.8726656341495,28.3494850027629,A2256W000408,9723,67.70010455802266,-92.87266563414954,28.34948500276289,6.029155041345696e-14
2952,67.7026919804781,-93.3726587976271,28.3491085446599,A2256W000408,9724,67.70269198047808,-93.37265879762714,28.349108544659888,4.4938668397781776e-14
2953,67.7052794029335,-93.8726519611047,28.3487320865569,A2256W000408,9725,67.7052794029335,-93.87265196110474,28.348732086556886,4.263256414560601e-14
2954,67.7078668253889,-94.3726451245823,28.3483556284539,A2256W000408,9726,67.70786682538892,-94.37264512458233,28.348355628453884,3.1776437161565096e-14
2955,67.7104542478443,-94.8726382880599,28.3479791703509,A2256W000408,9727,67.71045424784434,-94.87263828805993,28.347979170350882,5.123796534383003e-14
2956,67.7130416702998,-95.3726314515375,28.3476027122479,A2256W000408,9728,67.71304167029976,-95.37263145153753,28.34760271224788,5.123796534383003e-14
2957,67.7156290927552,-95.8726246150151,28.3472262541449,A2256W000408,9729,67.71562909275518,-95.87262461501513,28.34722625414488,3.1776437161565096e-14
2958,67.7182165152106,-96.3726177784927,28.3468497960419,A2256W000408,9730,67.7182165152106,-96.37261777849272,28.346849796041877,2.842170943040401e-14
2959,67.720803937666,-96.8726109419703,28.3464733379389,A2256W000408,9731,67.72080393766602,-96.87261094197032,28.346473337938875,3.1776437161565096e-14
2960,67.7233913601214,-97.3726041054479,28.3460968798359,A2256W000408,9732,67.72339136012144,-97.37260410544792,28.346096879835873,4.4938668397781776e-14
2961,67.7259787825769,-97.8725972689255,28.3457204217329,A2256W000408,9733,67.72597878257686,-97.87259726892552,28.34572042173287,4.4938668397781776e-14
2962,67.7285662050323,-98.3725904324031,28.3453439636299,A2256W000408,9734,67.72856620503228,-98.37259043240311,28.34534396362987,2.0097183471152322e-14
2963,67.7311536274877,-98.8725835958807,28.3449675055269,A2256W000408,9735,67.7311536274877,-98.87258359588071,28.344967505526867,1.4210854715202004e-14
2964,67.7337410499431,-99.3725767593583,28.3445910474239,A2256W000408,9736,67.73374104994312,-99.37257675935831,28.344591047423865,2.0097183471152322e-14
2965,67.7363284723985,-99.8725699228359,28.3442145893209,A2256W000408,9737,67.73632847239854,-99.87256992283591,28.344214589320863,4.4938668397781776e-14
2966,67.738915894854,-100.372563086314,28.3438381312179,A2256W000408,9738,67.73891589485396,-100.3725630863135,28.34383813121786,4.992036812794338e-13
2967,67.7415033173094,-100.872556249791,28.3434616731149,A2256W000408,9739,67.74150331730938,-100.8725562497911,28.34346167311486,1.0048591735576161e-13
2968,67.7440907397648,-101.372549413269,28.3430852150119,A2256W000408,9740,67.7440907397648,-101.3725494132687,28.343085215011858,2.984279490192421e-13
2969,67.7468803794626,-101.872541346133,28.3425513793531,A2256W000408,9741,67.7468803794626,-101.87254134613347,28.34255137935309,4.689582056016661e-13
2970,67.7496700191604,-102.372533278998,28.3420175436943,A2256W000408,9742,67.74967001916039,-102.37253327899825,28.342017543694322,2.4200213553522193e-13
2971,67.7524596588582,-102.872525211863,28.3414837080356,A2256W000408,9743,67.75245965885819,-102.87252521186302,28.341483708035554,2.0097183471152322e-14
2972,67.755249298556,-103.372517144728,28.3409498723768,A2256W000408,9744,67.75524929855598,-103.3725171447278,28.340949872376786,1.9945885082418896e-13
2973,67.7580389382538,-103.872509077593,28.340416036718,A2256W000408,9745,67.75803893825378,-103.87250907759257,28.34041603671802,4.272719814472597e-13
2974,67.7608285779516,-104.372501010457,28.3398822010593,A2256W000408,9746,67.76082857795157,-104.37250101045734,28.33988220105925,3.4224270219716276e-13
2975,67.7636182176494,-104.872492943322,28.3393483654005,A2256W000408,9747,67.76361821764937,-104.87249294332211,28.339348365400483,1.1718571004216928e-13
2976,67.7664078573472,-105.372484876187,28.3388145297417,A2256W000408,9748,67.76640785734716,-105.37248487618689,28.338814529741715,1.214175959108492e-13
2977,67.769197497045,-105.872476809052,28.3382806940829,A2256W000408,9749,67.76919749704496,-105.87247680905166,28.338280694082947,3.43714720612747e-13
2978,67.7699288192094,-106.372474491008,28.3369453266081,A2256W000408,9750,67.76992881920941,-106.37247449100789,28.336945326608134,1.1457157353758233e-13
2979,67.7706601413739,-106.872472172964,28.3356099591333,A2256W000408,9751,67.77066014137387,-106.87247217296412,28.335609959133322,1.3101760682293512e-13
2980,67.7713914635383,-107.37246985492,28.3342745916585,A2256W000408,9752,67.77139146353832,-107.37246985492035,28.33427459165851,3.5640642306544957e-13
2981,67.7721227857028,-107.872467536877,28.3329392241837,A2256W000408,9753,67.77212278570278,-107.87246753687658,28.332939224183697,4.1309368310034625e-13
2982,67.7728541078672,-108.372465218833,28.3316038567089,A2256W000408,9754,67.77285410786723,-108.37246521883282,28.331603856708885,1.8691461090676719e-13
2983,67.7735854300317,-108.872462900789,28.3302684892341,A2256W000408,9755,67.77358543003169,-108.87246290078905,28.330268489234072,4.4938668397781776e-14
2984,67.7743167521961,-109.372460582745,28.3289331217593,A2256W000408,9756,67.77431675219614,-109.37246058274528,28.32893312175926,2.733512482915237e-13
2985,67.7766508097357,-109.872455066363,28.3286713447069,A2256W000408,9757,67.77665080973568,-109.87245506636302,28.328671344706866,2.0097183471152322e-14
2986,67.7789848672752,-110.372449549981,28.3284095676545,A2256W000408,9758,67.77898486727523,-110.37244954998076,28.32840956765447,2.4325065010975337e-13
2987,67.7813189248148,-110.872444033598,28.3281477906021,A2256W000408,9759,67.78131892481477,-110.8724440335985,28.328147790602078,4.98191302056003e-13
2988,67.7836529823543,-111.372438517216,28.3278860135497,A2256W000408,9760,67.78365298235431,-111.37243851721624,28.327886013549683,2.4200213553522193e-13
2989,67.7859870398939,-111.872433000834,28.3276242364973,A2256W000408,9761,67.78598703989385,-111.87243300083398,28.32762423649729,4.4938668397781776e-14
2990,67.7883210974334,-112.372427484452,28.3273624594449,A2256W000408,9762,67.7883210974334,-112.37242748445172,28.327362459444895,2.8421709430404007e-13
2991,67.7906551549729,-112.872421968069,28.3271006823925,A2256W000408,9763,67.79065515497294,-112.87242196806946,28.3271006823925,4.567413805031093e-13
2992,67.7929892125125,-113.372416451687,28.3268389053401,A2256W000408,9764,67.79298921251248,-113.3724164516872,28.326838905340107,1.9945885082418896e-13
2993,67.795323270052,-113.872410935305,28.3265771282877,A2256W000408,9765,67.79532327005202,-113.87241093530494,28.326577128287713,6.355287432313019e-14
2994,67.7976573275916,-114.372405418923,28.3263153512353,A2256W000408,9766,67.79765732759157,-114.37240541892268,28.32631535123532,3.13928041384408e-13
2995,67.7999913851311,-114.87239990254,28.3260535741829,A2256W000408,9767,67.79999138513111,-114.87239990254042,28.326053574182925,4.2656242328017795e-13
2996,67.8023254426707,-115.372394386158,28.3257917971305,A2256W000408,9768,67.80232544267065,-115.37239438615816,28.32579179713053,1.6633378991627446e-13
2997,67.8046595002102,-115.872388869776,28.3255300200781,A2256W000408,9769,67.80465950021019,-115.8723888697759,28.325530020078137,1.0048591735576161e-13
2998,67.8069935577497,-116.372383353394,28.3252682430257,A2256W000408,9770,67.80699355774973,-116.37238335339364,28.325268243025743,3.5640642306544957e-13
2999,67.8093276152893,-116.872377837011,28.3250064659733,A2256W000408,9771,67.80932761528928,-116.87237783701138,28.32500646597335,3.847442931908314e-13
3000,67.8116616728288,-117.372372320629,28.324744688921,A2256W000408,9772,67.81166167282882,-117.37237232062913,28.324744688920955,1.2868476258827026e-13
3001,67.8139957303684,-117.872366804247,28.3244829118686,A2256W000408,9773,67.81399573036836,-117.87236680424687,28.32448291186856,1.3481600519334532e-13
3002,67.8163297879079,-118.372361287865,28.3242211348162,A2256W000408,9774,67.8163297879079,-118.3723612878646,28.324221134816167,3.979039320256561e-13
3003,67.8186638454474,-118.872355771482,28.3239593577638,A2256W000408,9775,67.81866384544745,-118.87235577148235,28.323959357763773,3.43714720612747e-13
3004,67.820997902987,-119.3723502551,28.3236975807114,A2256W000408,9776,67.82099790298699,-119.37235025510009,28.32369758071138,8.644125458514252e-14
3005,67.8233319605265,-119.872344738718,28.323435803659,A2256W000408,9777,67.82333196052653,-119.87234473871783,28.323435803658985,1.7288250917028504e-13
3006,67.8256660180661,-120.372339222336,28.3231740266066,A2256W000408,9778,67.82566601806607,-120.37233922233557,28.32317402660659,4.272719814472597e-13
3007,67.8280000756056,-120.872333705953,28.3229122495542,A2256W000408,9779,67.82800007560562,-120.87233370595331,28.322912249554197,3.1296161105196403e-13
3008,67.8313075281163,-121.372322747418,28.32277378329,A2256W000408,9780,67.8313075281163,-121.37232274741821,28.32277378329001,2.1316282072803006e-13
3009,67.834614980627,-121.872311788883,28.3226353170258,A2256W000408,9781,67.83461498062698,-121.87231178888311,28.322635317025824,1.1457157353758233e-13
3010,67.8379224331377,-122.372300830348,28.3224968507616,A2256W000408,9782,67.83792243313766,-122.37230083034801,28.322496850761638,4.4938668397781776e-14
3011,67.8412298856483,-122.872289871813,28.3223583844975,A2256W000408,9783,67.84122988564835,-122.87228987181291,28.322358384497452,9.532931148469529e-14
3012,67.844537338159,-123.372278913278,28.3222199182333,A2256W000408,9784,67.84453733815903,-123.37227891327781,28.322219918233266,1.8691461090676719e-13
3013,67.8478447906697,-123.872267954743,28.3220814519691,A2256W000408,9785,67.84784479066971,-123.87226795474271,28.32208145196908,2.8457214390443806e-13
3014,67.8511522431804,-124.372256996208,28.3219429857049,A2256W000408,9786,67.8511522431804,-124.37225699620761,28.321942985704894,3.836930773104541e-13
3015,67.8544596956911,-124.872246037673,28.3218045194407,A2256W000408,9787,67.85445969569108,-124.87224603767251,28.321804519440708,4.840042710704439e-13
3016,67.8577671482018,-125.372235079137,28.3216660531765,A2256W000408,9788,67.85776714820176,-125.37223507913741,28.32166605317652,4.14314051144892e-13
3017,67.8610746007124,-125.872224120602,28.3215275869123,A2256W000408,9789,67.86107460071244,-125.87222412060231,28.321527586912335,3.1553218080907923e-13
3018,67.8676858703211,-126.372179032262,28.3203539510298,A2256W000408,9790,67.8676858703211,-126.37217903226232,28.3203539510298,3.268496584496461e-13
3019,67.8742971399298,-126.872133943922,28.3191803151473,A2256W000408,9791,67.87429713992975,-126.87213394392234,28.319180315147268,3.43714720612747e-13
3020,67.8809084095384,-127.372088855582,28.3180066792647,A2256W000408,9792,67.8809084095384,-127.37208885558235,28.318006679264734,3.410605131648481e-13
3021,67.8875196791471,-127.872043767242,28.3168330433822,A2256W000408,9793,67.88751967914706,-127.87204376724236,28.3168330433822,3.57820178806326e-13
3022,67.8941309487557,-128.371998678902,28.3156594074997,A2256W000408,9794,67.89413094875572,-128.37199867890237,28.315659407499666,3.697554072703522e-13
3023,67.9007422183644,-128.871953590562,28.3144857716171,A2256W000408,9795,67.90074221836437,-128.87195359056238,28.314485771617132,3.989177016483779e-13
3024,67.907353487973,-129.371908502222,28.3133121357346,A2256W000408,9796,67.90735348797303,-129.3719085022224,28.3133121357346,3.989177016483779e-13
3025,67.9094047952534,-129.87190369326,28.3140874277806,A2256W000408,9797,67.90940479525342,-129.87190369325995,28.314087427780578,6.355287432313019e-14
3026,67.9114561025338,-130.371898884298,28.3148627198266,A2256W000408,9798,67.91145610253382,-130.3718988842975,28.314862719826557,4.833779982986627e-13
3027,67.9135074098142,-130.871894075335,28.3156380118725,A2256W000408,9799,67.91350740981422,-130.87189407533506,28.315638011872537,5.859285502108464e-14
3028,67.9155587170946,-131.371889266373,28.3164133039185,A2256W000408,9800,67.91555871709461,-131.37188926637262,28.316413303918516,3.697554072703522e-13
3029,67.917610024375,-131.87188445741,28.3171885959645,A2256W000408,9801,67.91761002437501,-131.87188445741018,28.317188595964495,1.7112135109858138e-13
3030,67.9196613316554,-132.371879648448,28.3179638880105,A2256W000408,9802,67.9196613316554,-132.37187964844773,28.317963888010475,2.5579538487363607e-13
3031,67.9217126389358,-132.871874839485,28.3187391800565,A2256W000408,9803,67.9217126389358,-132.8718748394853,28.318739180056454,2.8421709430404007e-13
3032,67.9237639462162,-133.371870030523,28.3195144721024,A2256W000408,9804,67.9237639462162,-133.37187003052284,28.319514472102433,1.7053025658242404e-13
3033,67.9258152534966,-133.87186522156,28.3202897641484,A2256W000408,9805,67.9258152534966,-133.8718652215604,28.320289764148413,3.979039320256561e-13
3034,67.927866560777,-134.371860412598,28.3210650561944,A2256W000408,9806,67.92786656077699,-134.37186041259795,28.321065056194392,5.859285502108464e-14
3035,67.9299178680574,-134.871855603636,28.3218403482404,A2256W000408,9807,67.92991786805739,-134.8718556036355,28.32184034824037,4.833779982986627e-13
3036,67.9319691753378,-135.371850794673,28.3226156402864,A2256W000408,9808,67.93196917533778,-135.37185079467307,28.32261564028635,5.859285502108464e-14
3037,67.9340204826182,-135.871845985711,28.3233909323323,A2256W000408,9809,67.93402048261818,-135.87184598571062,28.32339093233233,3.697554072703522e-13
3038,67.9360717898986,-136.371841176748,28.3241662243783,A2256W000408,9810,67.93607178989858,-136.37184117674818,28.32416622437831,1.7288250917028504e-13
3039,67.938123097179,-136.871836367786,28.3249415164243,A2256W000408,9811,67.93812309717897,-136.87183636778573,28.32494151642429,2.5736952517654053e-13
3040,67.9401744044594,-137.371831558823,28.3257168084703,A2256W000408,9812,67.94017440445937,-137.3718315588233,28.32571680847027,2.8563464471519893e-13
3041,67.9422257117398,-137.871826749861,28.3264921005162,A2256W000408,9813,67.94222571173977,-137.87182674986084,28.326492100516248,1.449228509952941e-13
3042,67.9442770190202,-138.371821940898,28.3272673925622,A2256W000408,9814,67.94427701902016,-138.3718219408984,28.327267392562227,4.001813022207649e-13
3043,67.9463283263006,-138.871817131936,28.3280426846082,A2256W000408,9815,67.94632832630056,-138.87181713193596,28.328042684608207,7.105427357601002e-14
3044,67.958782078861,-139.371661970147,28.3282470384114,A2256W000408,9816,67.958782078861,-139.37166197014747,28.328247038411398,4.831690603168681e-13
3045,67.9712358314215,-139.871506808359,28.3284513922146,A2256W000408,9817,67.97123583142145,-139.871506808359,28.32845139221459,4.263256414560601e-14
3046,67.9836895839819,-140.371351646571,28.3286557460178,A2256W000408,9818,67.9836895839819,-140.3713516465705,28.32865574601778,4.831690603168681e-13
3047,67.9961433365423,-140.871196484782,28.328860099821,A2256W000408,9819,67.99614333654235,-140.87119648478202,28.32886009982097,5.123796534383003e-14
3048,68.0085970891028,-141.371041322994,28.3290644536242,A2256W000408,9820,68.00859708910279,-141.37104132299353,28.329064453624163,4.549693413077341e-13
3049,68.0210508416632,-141.870886161205,28.3292688074274,A2256W000408,9821,68.02105084166324,-141.87088616120505,28.329268807427354,7.105427357601002e-14
3050,68.0335045942237,-142.370730999417,28.3294731612305,A2256W000408,9822,68.03350459422369,-142.37073099941657,28.329473161230545,4.2656242328017795e-13
3051,68.0459583467841,-142.870575837628,28.3296775150337,A2256W000408,9823,68.04595834678413,-142.87057583762808,28.329677515033737,8.987733679556355e-14
3052,68.0464246559422,-142.889291660395,28.3296851667074,A2256W000408,9824,68.04642465594225,-142.88929166039452,28.329685166707357,4.850462620958073e-13
3053,68.0600625998284,-143.38909018213,28.3336150722236,A2256W000445,12020,68.0600625998284,-143.38909018213022,28.333615072223623,2.2737367544323206e-13
3054,68.0737005437146,-143.888888703866,28.3375449777399,A2256W000445,12021,68.07370054371455,-143.88888870386592,28.33754497773989,9.532931148469529e-14
3055,68.0873384876007,-144.388687225602,28.3414748832562,A2256W000445,12022,68.0873384876007,-144.38868722560161,28.341474883256154,3.979039320256561e-13
3056,68.1009764314869,-144.888485747337,28.3454047887724,A2256W000445,12023,68.10097643148686,-144.8884857473373,28.34540478877242,3.1553218080907923e-13
3057,68.1241376300492,-145.387948584208,28.3447464070354,A2256W000445,12024,68.12413763004918,-145.38794858420772,28.344746407035366,2.8563464471519893e-13
3058,68.1472988286115,-145.887411421078,28.3440880252983,A2256W000445,12025,68.1472988286115,-145.88741142107813,28.344088025298312,1.1368683772161603e-13
3059,68.1704600271738,-146.386874257949,28.3434296435613,A2256W000445,12026,68.17046002717382,-146.38687425794853,28.343429643561258,4.549693413077341e-13
3060,68.1936212257361,-146.886337094819,28.3427712618242,A2256W000445,12027,68.19362122573614,-146.88633709481894,28.342771261824204,7.105427357601002e-14
3061,68.2167824242985,-147.385799931689,28.3421128800872,A2256W000445,12028,68.21678242429846,-147.38579993168935,28.34211288008715,3.43714720612747e-13
3062,68.2399436228608,-147.88526276856,28.3414544983501,A2256W000445,12029,68.23994362286078,-147.88526276855976,28.341454498350096,2.5736952517654053e-13
3063,68.2765729548876,-148.383918903051,28.3420474313358,A2256W000445,12030,68.27657295488756,-148.38391890305098,28.342047431335804,5.123796534383003e-14
3064,68.3132022869143,-148.882575037542,28.3426403643215,A2256W000445,12031,68.31320228691433,-148.8825750375422,28.34264036432151,2.0097183471152322e-13
3065,68.3498316189411,-149.381231172033,28.3432332973072,A2256W000445,12032,68.34983161894111,-149.38123117203344,28.34323329730722,4.2656242328017795e-13
3066,68.3864609509679,-149.879887306525,28.3438262302929,A2256W000445,12033,68.38646095096789,-149.87988730652467,28.343826230292926,3.4135644425146874e-13
3067,68.4230902829947,-150.378543441016,28.3444191632786,A2256W000445,12034,68.42309028299466,-150.3785434410159,28.344419163278634,1.214175959108492e-13
3068,68.4695078933033,-150.876382355524,28.3457684796335,A2256W000445,12035,68.46950789330334,-150.876382355524,28.345768479633488,4.263256414560601e-14
3069,68.515925503612,-151.374221270032,28.3471177959883,A2256W000445,12036,68.51592550361202,-151.37422127003208,28.347117795988343,8.987733679556355e-14
3070,68.5623431139207,-151.87206018454,28.3484671123432,A2256W000445,12037,68.5623431139207,-151.87206018454017,28.348467112343197,1.7053025658242404e-13
3071,68.6087607242294,-152.369899099048,28.3498164286981,A2256W000445,12038,68.60876072422938,-152.36989909904827,28.349816428698052,2.5618982671915015e-13
3072,68.6551783345381,-152.867738013556,28.3511657450529,A2256W000445,12039,68.65517833453806,-152.86773801355636,28.351165745052906,3.7193366120795873e-13
3073,68.7015959448467,-153.365576928064,28.3525150614078,A2256W000445,12040,68.70159594484674,-153.36557692806446,28.35251506140776,4.567413805031093e-13
3074,68.7480135551554,-153.863415842573,28.3538643777626,A2256W000445,12041,68.74801355515542,-153.86341584257255,28.353864377762616,4.556346636343676e-13
3075,68.7944311654641,-154.361254757081,28.3552136941175,A2256W000445,12042,68.7944311654641,-154.36125475708064,28.35521369411747,3.694822225952521e-13
3076,68.8420622918424,-154.858980060612,28.3543203717998,A2256W000445,12043,68.84206229184238,-154.8589800606118,28.354320371799783,1.9945885082418896e-13
3077,68.8896934182207,-155.356705364143,28.3534270494821,A2256W000445,12044,68.88969341822066,-155.35670536414295,28.353427049482097,7.105427357601002e-14
3078,68.9373245445989,-155.854430667674,28.3525337271644,A2256W000445,12045,68.93732454459894,-155.8544306676741,28.35253372716441,1.214175959108492e-13
3079,68.9849556709772,-156.352155971205,28.3516404048467,A2256W000445,12046,68.98495567097721,-156.35215597120526,28.351640404846723,2.5618982671915015e-13
3080,69.0325867973555,-156.849881274736,28.350747082529,A2256W000445,12047,69.03258679735549,-156.84988127473642,28.350747082529036,4.2656242328017795e-13
3081,69.0802179237338,-157.347606578268,28.3498537602113,A2256W000445,12048,69.08021792373377,-157.34760657826757,28.34985376021135,4.272719814472597e-13
3082,69.127849050112,-157.845331881799,28.3489604378937,A2256W000445,12049,69.12784905011205,-157.84533188179873,28.348960437893663,2.873967505387993e-13
3083,69.1754801764903,-158.34305718533,28.348067115576,A2256W000445,12050,69.17548017649032,-158.34305718532988,28.348067115575976,1.1718571004216928e-13
3084,69.2231113028686,-158.840782488861,28.3471737932583,A2256W000445,12051,69.2231113028686,-158.84078248886104,28.34717379325829,2.842170943040401e-14
3085,69.2707424292469,-159.338507792392,28.3462804709406,A2256W000445,12052,69.27074242924688,-159.3385077923922,28.346280470940602,1.9945885082418896e-13
3086,69.3183735556252,-159.836233095923,28.3453871486229,A2256W000445,12053,69.31837355562516,-159.83623309592335,28.345387148622915,3.43714720612747e-13
3087,69.3660046820034,-160.333958399455,28.3444938263052,A2256W000445,12054,69.36600468200344,-160.3339583994545,28.34449382630523,5.123796534383003e-13
3088,69.4136358083817,-160.831683702986,28.3436005039875,A2256W000445,12055,69.41363580838171,-160.83168370298566,28.343600503987542,3.4135644425146874e-13
3089,69.46126693476,-161.329409006517,28.3427071816699,A2256W000445,12056,69.46126693475999,-161.3294090065168,28.342707181669855,1.9945885082418896e-13
3090,69.5088980611383,-161.827134310048,28.3418138593522,A2256W000445,12057,69.50889806113827,-161.82713431004797,28.34181385935217,4.0194366942304644e-14
3091,69.5606752984139,-162.324445195402,28.340813355455,A2256W000445,12058,69.56067529841387,-162.32444519540246,28.340813355455037,4.556346636343676e-13
3092,69.6124525356895,-162.821756080757,28.3398128515579,A2256W000445,12059,69.61245253568947,-162.82175608075696,28.339812851557905,6.355287432313019e-14
3093,69.6642297729651,-163.319066966111,28.3388123476608,A2256W000445,12060,69.66422977296507,-163.31906696611145,28.338812347660774,4.556346636343676e-13
3094,69.7160070102407,-163.816377851466,28.3378118437636,A2256W000445,12061,69.71600701024067,-163.81637785146594,28.337811843763642,6.355287432313019e-14
3095,69.7677842475163,-164.31368873682,28.3368113398665,A2256W000445,12062,69.76778424751627,-164.31368873682044,28.33681133986651,4.272719814472597e-13
3096,69.8195614847919,-164.810999622175,28.3358108359694,A2256W000445,12063,69.81956148479188,-164.81099962217493,28.33581083596938,6.355287432313019e-14
3097,69.8713387220675,-165.308310507529,28.3348103320722,A2256W000445,12064,69.87133872206748,-165.30831050752943,28.334810332072248,4.272719814472597e-13
3098,69.9231159593431,-165.805621392884,28.3338098281751,A2256W000445,12065,69.92311595934308,-165.80562139288392,28.333809828175117,8.644125458514252e-14
3099,69.9748931966187,-166.302932278238,28.332809324278,A2256W000445,12066,69.97489319661868,-166.30293227823842,28.332809324277985,4.2656242328017795e-13
3100,70.0266704338943,-166.800243163593,28.3318088203809,A2256W000445,12067,70.02667043389428,-166.8002431635929,28.331808820380854,8.644125458514252e-14
3101,70.0784476711699,-167.297554048947,28.3308083164837,A2256W000445,12068,70.07844767116988,-167.2975540489474,28.330808316483722,3.981576164199481e-13
3102,70.1302249084455,-167.794864934302,28.3298078125866,A2256W000445,12069,70.13022490844548,-167.7948649343019,28.32980781258659,1.1457157353758233e-13
3103,70.1820021457211,-168.292175819656,28.3288073086895,A2256W000445,12070,70.18200214572109,-168.2921758196564,28.32880730868946,3.981576164199481e-13
3104,70.2337793829967,-168.789486705011,28.3278068047923,A2256W000445,12071,70.23377938299669,-168.7894867050109,28.327806804792328,1.1457157353758233e-13
3105,70.2855566202723,-169.286797590365,28.3268063008952,A2256W000445,12072,70.28555662027229,-169.28679759036538,28.326806300895196,3.697554072703522e-13
3106,70.3373338575479,-169.78410847572,28.3258057969981,A2256W000445,12073,70.33733385754789,-169.78410847571988,28.325805796998065,1.1457157353758233e-13
3107,70.3891110948235,-170.281419361074,28.3248052931009,A2256W000445,12074,70.38911109482349,-170.28141936107437,28.324805293100933,3.697554072703522e-13
3108,70.4408883320991,-170.778730246429,28.3238047892038,A2256W000445,12075,70.44088833209909,-170.77873024642886,28.323804789203802,1.4281732235759946e-13
3109,70.4882644709995,-171.276472933387,28.3265831057565,A2256W000445,12076,70.48826447099954,-171.2764729333867,28.32658310575649,2.873967505387993e-13
3110,70.5356406099,-171.774215620345,28.3293614223092,A2256W000445,12077,70.53564060989999,-171.77421562034456,28.32936142230918,4.2656242328017795e-13
3111,70.5830167488004,-172.271958307302,28.3321397388619,A2256W000445,12078,70.58301674880043,-172.2719583073024,28.33213973886187,4.272719814472597e-13
3112,70.6303928877009,-172.76970099426,28.3349180554146,A2256W000445,12079,70.63039288770088,-172.76970099426026,28.33491805541456,2.5736952517654053e-13
3113,70.6777690266013,-173.267443681218,28.3376963719672,A2256W000445,12080,70.67776902660133,-173.2674436812181,28.337696371967247,1.1718571004216928e-13
3114,70.7251451655018,-173.765186368176,28.3404746885199,A2256W000445,12081,70.72514516550177,-173.76518636817596,28.340474688519937,4.0194366942304644e-14
3115,70.7725213044022,-174.262929055134,28.3432530050726,A2256W000445,12082,70.77252130440222,-174.2629290551338,28.343253005072626,1.9945885082418896e-13
3116,70.8198974433027,-174.760671742092,28.3460313216253,A2256W000445,12083,70.81989744330266,-174.76067174209166,28.346031321625315,3.4224270219716276e-13
3117,70.8672735822031,-175.25841442905,28.348809638178,A2256W000445,12084,70.86727358220311,-175.2584144290495,28.348809638178004,4.833779982986627e-13
3118,70.9146497211036,-175.756157116007,28.3515879547307,A2256W000445,12085,70.91464972110356,-175.75615711600736,28.351587954730693,3.7193366120795873e-13
3119,70.962025860004,-176.253899802965,28.3543662712834,A2256W000445,12086,70.962025860004,-176.2538998029652,28.354366271283382,1.9895196601282805e-13
3120,71.0094019989045,-176.751642489923,28.3571445878361,A2256W000445,12087,71.00940199890445,-176.75164248992306,28.35714458783607,7.105427357601002e-14
3121,71.0567781378049,-177.249385176881,28.3599229043888,A2256W000445,12088,71.0567781378049,-177.2493851768809,28.35992290438876,8.526512829121202e-14
3122,71.1041542767053,-177.747127863839,28.3627012209414,A2256W000445,12089,71.10415427670534,-177.74712786383876,28.36270122094145,2.593237637554276e-13
3123,71.1513039750619,-178.244899772754,28.362520555939,A2256W000445,12090,71.15130397506191,-178.2448997727539,28.362520555939035,8.644125458514252e-14
3124,71.1984536734185,-178.742671681669,28.3623398909366,A2256W000445,12091,71.19845367341847,-178.74267168166907,28.36233989093662,6.355287432313019e-14
3125,71.245603371775,-179.240443590584,28.3621592259342,A2256W000445,12092,71.24560337177503,-179.24044359058422,28.362159225934207,2.2914314707516465e-13
3126,71.2927530701316,-179.738215499499,28.3619785609318,A2256W000445,12093,71.2927530701316,-179.73821549949938,28.361978560931792,3.694822225952521e-13
3127,71.3399027684882,-180.235987408415,28.3617978959294,A2256W000445,12094,71.33990276848816,-180.23598740841453,28.361797895929378,4.850462620958073e-13
3128,71.3870524668447,-180.73375931733,28.361617230927,A2256W000445,12095,71.38705246684472,-180.73375931732969,28.361617230926964,3.13928041384408e-13
3129,71.4342021652013,-181.231531226245,28.3614365659245,A2256W000445,12096,71.43420216520128,-181.23153122624484,28.36143656592455,1.7112135109858138e-13
3130,71.4813518635578,-181.72930313516,28.3612559009221,A2256W000445,12097,71.48135186355785,-181.72930313516,28.361255900922135,4.263256414560601e-14
3131,71.5285015619144,-182.227075044075,28.3610752359197,A2256W000445,12098,71.52850156191441,-182.22707504407515,28.36107523591972,1.4281732235759946e-13
3132,71.575651260271,-182.72484695299,28.3608945709173,A2256W000445,12099,71.57565126027097,-182.7248469529903,28.360894570917306,3.13928041384408e-13
3133,71.6228009586275,-183.222618861905,28.3607139059149,A2256W000445,12100,71.62280095862754,-183.22261886190546,28.360713905914892,4.567413805031093e-13
3134,71.6699506569841,-183.720390770821,28.3605332409125,A2256W000445,12101,71.6699506569841,-183.72039077082061,28.360533240912478,3.979039320256561e-13
3135,71.7171003553407,-184.218162679736,28.3603525759101,A2256W000445,12102,71.71710035534066,-184.21816267973577,28.360352575910063,2.31335954426011e-13
3136,71.7642500536972,-184.715934588651,28.3601719109076,A2256W000445,12103,71.76425005369722,-184.71593458865092,28.36017191090765,8.987733679556355e-14
3137,71.8113997520538,-185.213706497566,28.3599912459052,A2256W000445,12104,71.81139975205379,-185.21370649756608,28.359991245905235,8.644125458514252e-14
3138,71.8687607447113,-185.710401408619,28.3619614884106,A2256W000445,12105,71.86876074471125,-185.71040140861896,28.361961488410607,5.123796534383003e-14
3139,71.9261217373687,-186.207096319672,28.363931730916,A2256W000445,12106,71.92612173736872,-186.20709631967185,28.36393173091598,1.4281732235759946e-13
3140,71.9834827300262,-186.703791230725,28.3659019734214,A2256W000445,12107,71.98348273002618,-186.70379123072473,28.36590197342135,2.5618982671915015e-13
3141,72.0408437226836,-187.200486141778,28.3678722159267,A2256W000445,12108,72.04084372268365,-187.20048614177762,28.367872215926724,3.7193366120795873e-13
3142,72.0982047153411,-187.697181052831,28.3698424584321,A2256W000445,12109,72.09820471534111,-187.6971810528305,28.369842458432096,5.117881046706176e-13
3143,72.1555657079986,-188.193875963883,28.3718127009375,A2256W000445,12110,72.15556570799858,-188.1938759638834,28.37181270093747,3.989177016483779e-13
3144,72.212926700656,-188.690570874936,28.3737829434428,A2256W000445,12111,72.21292670065604,-188.69057087493627,28.37378294344284,2.873967505387993e-13
3145,72.2663868954312,-189.187704630293,28.3735909555332,A2256W000445,12112,72.26638689543124,-189.18770463029315,28.373590955533153,1.4836567898030567e-13
3146,72.3198470902064,-189.68483838565,28.3733989676235,A2256W000445,12113,72.31984709020644,-189.68483838565004,28.373398967623466,5.123796534383003e-14
3147,72.3733072849816,-190.181972141007,28.3732069797138,A2256W000445,12114,72.37330728498164,-190.18197214100692,28.37320697971378,8.987733679556355e-14
3148,72.4267674797568,-190.679105896364,28.3730149918041,A2256W000445,12115,72.42676747975683,-190.6791058963638,28.37301499180409,2.0097183471152322e-13
3149,72.480227674532,-191.176239651721,28.3728230038944,A2256W000445,12116,72.48022767453203,-191.1762396517207,28.372823003894403,3.13928041384408e-13
3150,72.5336878693072,-191.673373407078,28.3726310159847,A2256W000445,12117,72.53368786930723,-191.67337340707758,28.372631015984716,4.272719814472597e-13
3151,72.5871480640824,-192.170507162434,28.372439028075,A2256W000445,12118,72.58714806408243,-192.17050716243446,28.37243902807503,4.556346636343676e-13
3152,72.6406082588576,-192.667640917791,28.3722470401653,A2256W000445,12119,72.64060825885763,-192.66764091779135,28.37224704016534,3.4224270219716276e-13
3153,72.6940684536328,-193.164774673148,28.3720550522557,A2256W000445,12120,72.69406845363282,-193.16477467314823,28.372055052255654,2.2914314707516465e-13
3154,72.747528648408,-193.661908428505,28.371863064346,A2256W000445,12121,72.74752864840802,-193.66190842850511,28.371863064345966,1.1718571004216928e-13
3155,72.8009888431832,-194.159042183862,28.3716710764363,A2256W000445,12122,72.80098884318322,-194.159042183862,28.37167107643628,1.4210854715202004e-14
3156,72.8544490379584,-194.656175939219,28.3714790885266,A2256W000445,12123,72.85444903795842,-194.65617593921888,28.37147908852659,1.1457157353758233e-13
3157,72.9079092327336,-195.153309694576,28.3712871006169,A2256W000445,12124,72.90790923273362,-195.15330969457577,28.371287100616904,2.278173318171838e-13
3158,72.9613694275088,-195.650443449933,28.3710951127072,A2256W000445,12125,72.96136942750881,-195.65044344993265,28.371095112707216,3.4135644425146874e-13
3159,73.014829622284,-196.14757720529,28.3709031247975,A2256W000445,12126,73.01482962228401,-196.14757720528954,28.37090312479753,4.549693413077341e-13
3160,73.0682898170592,-196.644710960646,28.3707111368878,A2256W000445,12127,73.06828981705921,-196.64471096064642,28.37071113688784,4.2656242328017795e-13
3161,73.1217500118344,-197.141844716003,28.3705191489782,A2256W000445,12128,73.12175001183441,-197.1418447160033,28.370519148978154,3.1296161105196403e-13
3162,73.1752102066096,-197.63897847136,28.3703271610685,A2256W000445,12129,73.1752102066096,-197.6389784713602,28.370327161068467,1.9895196601282805e-13
3163,73.2286704013848,-198.136112226717,28.3701351731588,A2256W000445,12130,73.2286704013848,-198.13611222671707,28.37013517315878,8.526512829121202e-14
3164,73.28213059616,-198.633245982074,28.3699431852491,A2256W000445,12131,73.28213059616,-198.63324598207396,28.36994318524909,2.842170943040401e-14
3165,73.3355907909352,-199.130379737431,28.3697511973394,A2256W000445,12132,73.3355907909352,-199.13037973743084,28.369751197339404,1.7053025658242404e-13
3166,73.3890509857104,-199.627513492788,28.3695592094297,A2256W000445,12133,73.3890509857104,-199.62751349278773,28.369559209429717,2.8421709430404007e-13
3167,73.4435018853915,-200.124539705556,28.3693510141885,A2256W000445,12134,73.44350188539154,-200.1245397055559,28.369351014188517,1.214175959108492e-13
3168,73.4979527850727,-200.621565918324,28.3691428189473,A2256W000445,12135,73.49795278507268,-200.62156591832405,28.369142818947317,5.859285502108464e-14
3169,73.5524036847538,-201.118592131092,28.3689346237061,A2256W000445,12136,73.55240368475383,-201.1185921310922,28.368934623706117,2.2914314707516465e-13
3170,73.606854584435,-201.61561834386,28.3687264284649,A2256W000445,12137,73.60685458443497,-201.61561834386038,28.368726428464917,3.7057375295732124e-13
3171,73.6613054841161,-202.112644556629,28.3685182332237,A2256W000445,12138,73.66130548411611,-202.11264455662854,28.368518233223718,4.549693413077341e-13
3172,73.7157563837973,-202.609670769397,28.3683100379825,A2256W000445,12139,73.71575638379726,-202.6096707693967,28.368310037982518,3.1553218080907923e-13
3173,73.7702072834784,-203.106696982165,28.3681018427413,A2256W000445,12140,73.7702072834784,-203.10669698216486,28.368101842741318,1.4210854715202004e-13
3174,73.8246581831595,-203.603723194933,28.3678936475001,A2256W000445,12141,73.82465818315954,-203.60372319493302,28.367893647500118,5.123796534383003e-14
3175,73.8791090828407,-204.100749407701,28.3676854522589,A2256W000445,12142,73.87910908284069,-204.1007494077012,28.367685452258918,1.9945885082418896e-13
3176,73.9335599825218,-204.597775620469,28.3674772570177,A2256W000445,12143,73.93355998252183,-204.59777562046935,28.36747725701772,3.4224270219716276e-13
3177,73.988010882203,-205.094801833238,28.3672690617765,A2256W000445,12144,73.98801088220297,-205.0948018332375,28.36726906177652,4.840042710704439e-13
3178,74.0424617818841,-205.591828046006,28.3670608665353,A2256W000445,12145,74.04246178188411,-205.59182804600567,28.36706086653532,3.1296161105196403e-13
3179,74.0969126815653,-206.088854258774,28.3668526712941,A2256W000445,12146,74.09691268156526,-206.08885425877384,28.36685267129412,1.757785650632539e-13
3180,74.1513635812464,-206.585880471542,28.3666444760529,A2256W000445,12147,74.1513635812464,-206.585880471542,28.36664447605292,0.0
3181,74.2058144809275,-207.08290668431,28.3664362808117,A2256W000445,12148,74.20581448092754,-207.08290668431016,28.36643628081172,1.757785650632539e-13
3182,74.2602653806087,-207.579932897078,28.3662280855705,A2256W000445,12149,74.26026538060869,-207.57993289707832,28.36622808557052,3.1296161105196403e-13
3183,74.3147162802898,-208.076959109846,28.3660198903293,A2256W000445,12150,74.31471628028983,-208.07695910984648,28.36601989032932,4.840042710704439e-13
3184,74.369167179971,-208.573985322615,28.3658116950881,A2256W000445,12151,74.36916717997097,-208.57398532261465,28.36581169508812,3.4224270219716276e-13
3185,74.4236180796521,-209.071011535383,28.3656034998469,A2256W000445,12152,74.42361807965212,-209.0710115353828,28.36560349984692,1.9945885082418896e-13
3186,74.4780689793333,-209.568037748151,28.3653953046057,A2256W000445,12153,74.47806897933326,-209.56803774815097,28.36539530460572,5.123796534383003e-14
3187,74.5325198790144,-210.065063960919,28.3651871093645,A2256W000445,12154,74.5325198790144,-210.06506396091913,28.36518710936452,1.4210854715202004e-13
3188,74.5869707786955,-210.562090173687,28.3649789141233,A2256W000445,12155,74.58697077869554,-210.5620901736873,28.36497891412332,2.873967505387993e-13
3189,74.6414216783767,-211.059116386455,28.3647707188821,A2256W000445,12156,74.64142167837669,-211.05911638645546,28.36477071888212,4.549693413077341e-13
3190,74.6958725780578,-211.556142599224,28.3645625236409,A2256W000445,12157,74.69587257805783,-211.55614259922362,28.36456252364092,3.7057375295732124e-13
3191,74.750323477739,-212.053168811992,28.3643543283997,A2256W000445,12158,74.75032347773897,-212.05316881199178,28.36435432839972,2.2914314707516465e-13
3192,74.8047743774201,-212.55019502476,28.3641461331585,A2256W000445,12159,74.80477437742012,-212.55019502475994,28.36414613315852,5.859285502108464e-14
3193,74.8613128670192,-213.032524958327,28.3658444712973,A2256W000445,12160,74.86183938835869,-213.046925032082,28.36584447129726,0.014409696348984521
3194,74.9237673319066,-213.514126736489,28.367542809436,A2256W000445,12161,74.91890439929726,-213.54365503940403,28.367542809436003,0.029926055313129807
3195,74.9900783809932,-213.995214061383,28.3692411475747,A2256W000445,12162,74.97596941023583,-214.04038504672607,28.369241147574744,0.04732315472046004
3196,75.0582092231149,-214.476047696886,28.3709394857135,A2256W000445,12163,75.0330344211744,-214.53711505404812,28.370939485713485,0.06605295423754229
3197,75.1261340750151,-214.956910401015,28.3726378238522,A2256W000445,12164,75.09009943211298,-215.03384506137016,28.372637823852227,0.08495550278262139
3198,75.1918246764761,-215.438082614364,28.374336161991,A2256W000445,12165,75.14716444305155,-215.5305750686922,28.374336161990968,0.10271022615684962
3199,75.2532369910364,-215.919818012055,28.3760345001297,A2256W000445,12166,75.20422945399012,-216.02730507601424,28.37603450012971,0.11813216160690644
3200,75.3083001969665,-216.402318041942,28.3777328382685,A2256W000423,11153,75.3973287349059,-216.40772772872552,28.380176404390067,0.0891927422984775
3201,75.3549102686371,-216.885704777957,28.3794311764072,A2256W000423,11154,75.40315803679579,-216.90769321689865,28.38090432972254,0.05302205747974859
3202,75.3909307592921,-217.369991853189,28.3811295145459,A2256W000423,11155,75.40898733868568,-217.40765870507178,28.381632255055013,0.04177118372941357
3203,75.4142037027632,-217.855053961277,28.3822836406973,A2256W000423,11156,75.41420370276319,-217.855053961277,28.382283640697267,1.4210854715202004e-14
3204,75.4232204912491,-218.35541856241,28.3819707582993,A2256W000432,20300,75.43357384739183,-218.35467800953765,28.383063318016777,0.01037980741511796
3205,75.4179806402222,-218.855840756778,28.3816578759013,A2256W000432,20301,75.45294399202047,-218.8543020577983,28.383842995336288,0.03499719365205783
3206,75.4000937513107,-219.35597403061,28.3813449935034,A2256W000432,20302,75.4723141366491,-219.35392610605894,28.384622672655798,0.07224941559205521
3207,75.3711840455605,-219.855594318485,28.3810321111054,A2256W000153,32465,75.25339642604672,-219.84857834122045,28.381032111105412,0.1179963865874676
3208,75.3328709799499,-220.354584130672,28.3812702989686,A2256W000153,32466,75.20997988081945,-220.34668972120195,28.381270298968584,0.12314440282194085
3209,75.2867572008594,-220.852915661316,28.3815084868318,A2256W000153,32467,75.16656333559217,-220.84480110118346,28.381508486831756,0.12046747002415348
3210,75.2344226796217,-221.350633982079,28.3817466746949,A2256W000153,32468,75.1231467903649,-221.34291248116497,28.381746674694927,0.111543467340124
3211,75.1774237765464,-221.847840947268,28.3819848625581,A2256W000153,32469,75.07973024513763,-221.84102386114648,28.3819848625581,0.09793109180595494
3212,75.1172960302568,-222.34468005752,28.3822230504213,A2256W000153,32470,75.03631369991035,-222.339135241128,28.38222305042127,0.08117193367883868
3213,75.0555595891394,-222.841322254007,28.3824612382844,A2256W000153,32471,74.99289715468308,-222.8372466211095,28.382461238284442,0.06279483637616065
3214,74.9937263324305,-223.337952430905,28.3826994261476,A2256W000153,32472,74.9494806094558,-223.335358001091,28.382699426147614,0.04432172229971525
3215,74.9333078335944,-223.834756342776,28.3829376140108,A2256W000153,32473,74.90606406422853,-223.83346938107252,28.382937614010785,0.027274149660196083
3216,74.8758233774531,-224.331907530489,28.383175801874,A2256W000153,32474,74.86264751900126,-224.33158076105403,28.383175801873957,0.013179909870962098
3217,74.8228072452712,-224.829553885885,28.3834139897371,A2256W000153,32475,74.81923097377398,-224.82969214103554,28.38341398973713,0.003578942903778499
3218,74.7758144285467,-225.327803521017,28.3836521776003,A2256W000153,32476,74.77581442854671,-225.32780352101705,28.3836521776003,5.859285502108464e-14
3219,74.7323978833194,-225.825914900999,28.3838903654635,A2256W000153,32477,74.73239788331944,-225.82591490099855,28.383890365463472,4.567413805031093e-13
3220,74.6889813380922,-226.32402628098,28.3841285533266,A2256W000153,32478,74.68898133809216,-226.32402628098006,28.384128553326644,7.105427357601002e-14
3221,74.6455647928649,-226.822137660962,28.3843667411898,A2256W000153,32479,74.64556479286489,-226.82213766096157,28.384366741189815,4.2656242328017795e-13
3222,74.6021482476376,-227.320249040943,28.384604929053,A2256W000153,32480,74.60214824763761,-227.32024904094308,28.384604929052987,8.644125458514252e-14
3223,74.5587317024103,-227.818360420925,28.3848431169162,A2256W000153,32481,74.55873170241034,-227.8183604209246,28.38484311691616,4.001813022207649e-13
3224,74.5153151571831,-228.316471800906,28.3850813047793,A2256W000153,32482,74.51531515718307,-228.3164718009061,28.38508130477933,1.1718571004216928e-13
3225,74.4718986119558,-228.814583180888,28.3853194926425,A2256W000153,32483,74.4718986119558,-228.8145831808876,28.385319492642502,3.979039320256561e-13
3226,74.4284820667285,-229.312694560869,28.3855576805057,A2256W000153,32484,74.42848206672852,-229.31269456086912,28.385557680505674,1.1457157353758233e-13
3227,74.3850655215012,-229.810805940851,28.3857958683688,A2256W000153,32485,74.38506552150125,-229.81080594085063,28.385795868368845,3.7193366120795873e-13
3228,74.341648976274,-230.308917320832,28.386034056232,A2256W000153,32486,74.34164897627397,-230.30891732083214,28.386034056232017,1.449228509952941e-13
3229,74.2982324310467,-230.807028700814,28.3862722440952,A2256W000153,32487,74.2982324310467,-230.80702870081365,28.38627224409519,3.410605131648481e-13
3230,74.2548158858194,-231.305140080795,28.3865104319584,A2256W000153,32488,74.25481588581943,-231.30514008079516,28.38651043195836,1.449228509952941e-13
3231,74.2113993405922,-231.803251460777,28.3867486198215,A2256W000153,32489,74.21139934059215,-231.80325146077666,28.38674861982153,3.43714720612747e-13
3232,74.1679827953649,-232.301362840758,28.3869868076847,A2256W000153,32490,74.16798279536488,-232.30136284075817,28.386986807684703,1.7288250917028504e-13
3233,74.1245662501376,-232.79947422074,28.3872249955479,A2256W000153,32491,74.1245662501376,-232.79947422073968,28.387224995547875,3.126388037344441e-13
3234,74.0811497049103,-233.297585600721,28.387463183411,A2256W000153,32492,74.08114970491033,-233.2975856007212,28.387463183411047,2.0097183471152322e-13
3235,74.0377331596831,-233.795696980703,28.3877013712742,A2256W000153,32493,74.03773315968306,-233.7956969807027,28.38770137127422,3.1553218080907923e-13
3236,73.9943166144558,-234.293808360684,28.3879395591374,A2256W000153,32494,73.99431661445578,-234.2938083606842,28.38793955913739,1.9945885082418896e-13
3237,73.9509000692285,-234.791919740666,28.3881777470006,A2256W000153,32495,73.95090006922851,-234.79191974066572,28.38817774700056,2.8457214390443806e-13
3238,73.9010969850788,-235.289433196841,28.3880605562744,A2256W000153,32496,73.90109698507877,-235.28943319684103,28.388060556274425,4.0194366942304644e-14
3239,73.851293900929,-235.786946653016,28.3879433655483,A2256W000153,32497,73.85129390092902,-235.78694665301634,28.38794336554829,3.4224270219716276e-13
3240,73.8014908167793,-236.284460109192,28.3878261748222,A2256W000153,32498,73.80149081677928,-236.28446010919166,28.387826174822152,3.4224270219716276e-13
3241,73.7516877326295,-236.781973565367,28.387708984096,A2256W000153,32499,73.75168773262953,-236.78197356536697,28.387708984096015,4.0194366942304644e-14
3242,73.7018846484798,-237.279487021542,28.3875917933699,A2256W000153,32500,73.70188464847979,-237.27948702154228,28.38759179336988,2.8457214390443806e-13
3243,73.65208156433,-237.777000477718,28.3874746026437,A2256W000153,32501,73.65208156433005,-237.7770004777176,28.387474602643742,4.001813022207649e-13
3244,73.6022784801803,-238.274513933893,28.3873574119176,A2256W000153,32502,73.6022784801803,-238.2745139338929,28.387357411917606,8.526512829121202e-14
3245,73.5524753960306,-238.772027390068,28.3872402211915,A2256W000153,32503,73.55247539603056,-238.77202739006822,28.38724022119147,2.31335954426011e-13
3246,73.5026723118808,-239.269540846244,28.3871230304653,A2256W000153,32504,73.50267231188081,-239.26954084624353,28.387123030465332,4.833779982986627e-13
3247,73.4528692277311,-239.767054302419,28.3870058397392,A2256W000153,32505,73.45286922773107,-239.76705430241884,28.387005839739196,1.7288250917028504e-13
3248,73.4030661435813,-240.264567758594,28.3868886490131,A2256W000153,32506,73.40306614358133,-240.26456775859415,28.38688864901306,1.449228509952941e-13
3249,73.3532630594316,-240.762081214769,28.3867714582869,A2256W000153,32507,73.35326305943158,-240.76208121476947,28.386771458286923,4.549693413077341e-13
3250,73.3034599752818,-241.259594670945,28.3866542675608,A2256W000153,32508,73.30345997528184,-241.25959467094478,28.386654267560786,2.31335954426011e-13
3251,73.2536568911321,-241.75710812712,28.3865370768346,A2256W000153,32509,73.2536568911321,-241.7571081271201,28.38653707683465,8.526512829121202e-14
3252,73.2038538069824,-242.254621583295,28.3864198861085,A2256W000153,32510,73.20385380698235,-242.2546215832954,28.386419886108513,4.001813022207649e-13
3253,73.1540507228326,-242.752135039471,28.3863026953824,A2256W000153,32511,73.15405072283261,-242.75213503947072,28.386302695382376,2.8457214390443806e-13
3254,73.1042476386829,-243.249648495646,28.3861855046562,A2256W000153,32512,73.10424763868286,-243.24964849564603,28.38618550465624,5.123796534383003e-14
3255,73.0544445545331,-243.747161951821,28.3860683139301,A2256W000153,32513,73.05444455453312,-243.74716195182134,28.386068313930103,3.4135644425146874e-13
3256,73.002698106817,-244.24447678112,28.385552844946,A2256W000153,32514,73.00269810681702,-244.24447678112014,28.385552844945995,1.449228509952941e-13
3257,72.9509516591009,-244.741791610419,28.3850373759619,A2256W000153,32515,72.95095165910092,-244.74179161041894,28.385037375961886,6.355287432313019e-14
3258,72.8992052113848,-245.239106439718,28.3845219069778,A2256W000153,32516,72.89920521138482,-245.23910643971774,28.384521906977778,2.5736952517654053e-13
3259,72.8474587636687,-245.736421269017,28.3840064379937,A2256W000153,32517,72.84745876366873,-245.73642126901655,28.38400643799367,4.556346636343676e-13
3260,72.7957123159526,-246.233736098315,28.3834909690096,A2256W000153,32518,72.79571231595263,-246.23373609831535,28.38349096900956,3.4224270219716276e-13
3261,72.7439658682365,-246.731050927614,28.3829755000255,A2256W000153,32519,72.74396586823653,-246.73105092761415,28.382975500025452,1.449228509952941e-13
3262,72.6922194205204,-247.228365756913,28.3824600310413,A2256W000153,32520,72.69221942052043,-247.22836575691295,28.382460031041344,6.355287432313019e-14
3263,72.6404729728043,-247.725680586212,28.3819445620572,A2256W000153,32521,72.64047297280433,-247.72568058621175,28.381944562057235,2.5736952517654053e-13
3264,72.5887265250882,-248.222995415511,28.3814290930731,A2256W000153,32522,72.58872652508823,-248.22299541551055,28.381429093073127,4.556346636343676e-13
3265,72.5369800773721,-248.720310244809,28.380913624089,A2256W000153,32523,72.53698007737214,-248.72031024480935,28.38091362408902,3.4224270219716276e-13
3266,72.485233629656,-249.217625074108,28.3803981551049,A2256W000153,32524,72.48523362965604,-249.21762507410816,28.38039815510491,1.4836567898030567e-13
3267,72.4334871819399,-249.714939903407,28.3798826861208,A2256W000153,32525,72.43348718193994,-249.71493990340696,28.3798826861208,5.123796534383003e-14
3268,72.3817407342238,-250.212254732706,28.3793672171367,A2256W000153,32526,72.38174073422384,-250.21225473270576,28.379367217136693,2.31335954426011e-13
3269,72.3299942865077,-250.709569562005,28.3788517481526,A2256W000153,32527,72.32999428650774,-250.70956956200456,28.378851748152584,4.284519670727984e-13
3270,72.2782478387916,-251.206884391303,28.3783362791685,A2256W000153,32528,72.27824783879164,-251.20688439130336,28.378336279168476,3.7193366120795873e-13
3271,72.2274634951977,-251.704298605914,28.378558875494,A2256W000153,32529,72.22746349519768,-251.7042986059139,28.378558875494047,1.1457157353758233e-13
3272,72.1766791516037,-252.201712820524,28.3787814718196,A2256W000153,32530,72.17667915160372,-252.20171282052442,28.378781471819618,4.272719814472597e-13
3273,72.1258948080098,-252.699127035135,28.3790040681452,A2256W000153,32531,72.12589480800976,-252.69912703513495,28.37900406814519,7.105427357601002e-14
3274,72.0751104644158,-253.196541249745,28.3792266644708,A2256W000153,32532,72.0751104644158,-253.19654124974548,28.37922666447076,4.831690603168681e-13
3275,72.0243261208218,-253.693955464356,28.3794492607963,A2256W000153,32533,72.02432612082184,-253.693955464356,28.37944926079633,4.263256414560601e-14
3276,71.9735417772279,-254.191369678967,28.3796718571219,A2256W000153,32534,71.97354177722788,-254.19136967896654,28.379671857121902,4.549693413077341e-13
3277,71.9227574336339,-254.688783893577,28.3798944534475,A2256W000153,32535,71.92275743363392,-254.68878389357707,28.379894453447474,5.859285502108464e-14
3278,71.87197309004,-255.186198108188,28.380117049773,A2256W000153,32536,71.87197309003996,-255.1861981081876,28.380117049773045,4.001813022207649e-13
3279,71.821188746446,-255.683612322798,28.3803396460986,A2256W000153,32537,71.821188746446,-255.68361232279813,28.380339646098616,1.1368683772161603e-13
3280,71.770404402852,-256.181026537409,28.3805622424242,A2256W000153,32538,71.77040440285204,-256.1810265374086,28.380562242424187,4.001813022207649e-13
3281,71.7196200592581,-256.678440752019,28.3807848387498,A2256W000153,32539,71.71962005925808,-256.6784407520191,28.380784838749758,1.1718571004216928e-13
3282,71.6711527600267,-257.176083941803,28.3793095195451,A2256W000153,32540,71.67115276002669,-257.1760839418032,28.379309519545096,2.278173318171838e-13
3283,71.6226854607953,-257.673727131587,28.3778342003404,A2256W000153,32541,71.6226854607953,-257.67372713158727,28.377834200340434,2.8421709430404007e-13
3284,71.5742181615639,-258.171370321371,28.3763588811358,A2256W000153,32542,71.5742181615639,-258.17137032137134,28.376358881135772,3.410605131648481e-13
3285,71.5257508623325,-258.669013511155,28.3748835619311,A2256W000153,32543,71.52575086233252,-258.6690135111554,28.37488356193111,3.981576164199481e-13
3286,71.4772835631011,-259.166656700939,28.3734082427264,A2256W000153,32544,71.47728356310112,-259.1666567009395,28.37340824272645,5.123796534383003e-13
3287,71.4288162638697,-259.664299890724,28.3719329235218,A2256W000153,32545,71.42881626386973,-259.66429989072356,28.371932923521786,4.556346636343676e-13
3288,71.3803489646383,-260.161943080508,28.3704576043171,A2256W000153,32546,71.38034896463834,-260.1619430805076,28.370457604317124,4.001813022207649e-13
3289,71.331881665407,-260.659586270292,28.3689822851125,A2256W000153,32547,71.33188166540695,-260.6595862702917,28.368982285112462,2.873967505387993e-13
3290,71.2834143661756,-261.157229460076,28.3675069659078,A2256W000153,32548,71.28341436617556,-261.15722946007577,28.3675069659078,2.31335954426011e-13
3291,71.2349470669442,-261.65487264986,28.3660316467031,A2256W000153,32549,71.23494706694417,-261.65487264985984,28.36603164670314,1.7288250917028504e-13
3292,71.1869765623608,-262.152564776008,28.3648576532866,A2256W000153,32550,71.18697656236081,-262.1525647760076,28.36485765328658,3.981576164199481e-13
3293,71.1390060577775,-262.650256902155,28.36368365987,A2256W000153,32551,71.13900605777745,-262.6502569021553,28.363683659870023,3.43714720612747e-13
3294,71.0910355531941,-263.147949028303,28.3625096664535,A2256W000153,32552,71.09103555319409,-263.14794902830306,28.362509666453466,5.859285502108464e-14
3295,71.0430650486107,-263.645641154451,28.3613356730369,A2256W000153,32553,71.04306504861073,-263.6456411544508,28.36133567303691,2.2914314707516465e-13
3296,70.9950945440274,-264.143333280599,28.3601616796204,A2256W000153,32554,70.99509454402737,-264.14333328059854,28.36016167962035,4.556346636343676e-13
3297,70.947124039444,-264.641025406746,28.3589876862038,A2256W000153,32555,70.947124039444,-264.6410254067463,28.358987686203793,2.8421709430404007e-13
3298,70.8991535348606,-265.138717532894,28.3578136927872,A2256W000153,32556,70.89915353486064,-265.138717532894,28.357813692787236,4.263256414560601e-14
3299,70.8580896068884,-265.637027175272,28.3566938121052,A2256W000153,32557,70.85808960688837,-265.6370271752719,28.356693812105213,1.1718571004216928e-13
3300,70.8170256789161,-266.13533681765,28.3555739314232,A2256W000153,32558,70.8170256789161,-266.1353368176498,28.35557393142319,2.2737367544323206e-13
3301,70.7759617509438,-266.633646460028,28.3544540507412,A2256W000153,32559,70.77596175094382,-266.63364646002765,28.354454050741168,3.4224270219716276e-13
3302,70.7348978229715,-267.131956102406,28.3533341700591,A2256W000153,32560,70.73489782297155,-267.1319561024055,28.353334170059146,4.567413805031093e-13
3303,70.6938338949993,-267.630265744783,28.3522142893771,A2256W000153,32561,70.69383389499927,-267.6302657447834,28.352214289377123,3.989177016483779e-13
3304,70.652769967027,-268.128575387161,28.3510944086951,A2256W000153,32562,70.652769967027,-268.1285753871613,28.3510944086951,2.8421709430404007e-13
3305,70.6117060390547,-268.626885029539,28.3499745280131,A2256W000153,32563,70.61170603905472,-268.62688502953915,28.349974528013078,1.7288250917028504e-13
3306,70.5790300624882,-269.125814914875,28.3488564607653,A2256W000153,32564,70.57903006248816,-269.1258149148748,28.348856460765255,1.757785650632539e-13
3307,70.5463540859216,-269.62474480021,28.3477383935174,A2256W000153,32565,70.54635408592159,-269.62474480021046,28.34773839351743,4.549693413077341e-13
3308,70.513678109355,-270.123674685546,28.3466203262696,A2256W000153,32566,70.51367810935503,-270.1236746855461,28.34662032626961,1.1718571004216928e-13
3309,70.4810021327885,-270.622604570882,28.3455022590218,A2256W000153,32567,70.48100213278846,-270.6226045708818,28.345502259021785,2.31335954426011e-13
3310,70.4483261562219,-271.121534456217,28.344384191774,A2256W000153,32568,70.4483261562219,-271.12153445621743,28.344384191773962,4.547473508864641e-13
3311,70.4156501796553,-271.620464341553,28.3432661245261,A2256W000153,32569,70.41565017965533,-271.6204643415531,28.34326612452614,1.1718571004216928e-13
3312,70.3829742030888,-272.119394226889,28.3421480572783,A2256W000153,32570,70.38297420308876,-272.11939422688874,28.342148057278315,2.873967505387993e-13
3313,70.3650990166523,-272.619073369066,28.3410378397505,A2256W000153,32571,70.36509901665225,-272.6190733690659,28.34103783975046,7.105427357601002e-14
3314,70.3472238302157,-273.118752511243,28.3399276222226,A2256W000153,32572,70.34722383021574,-273.1187525112431,28.339927622222604,1.214175959108492e-13
3315,70.3293486437792,-273.61843165342,28.3388174046947,A2256W000153,32573,70.32934864377923,-273.61843165342026,28.338817404694748,2.8563464471519893e-13
3316,70.3114734573427,-274.118110795597,28.3377071871669,A2256W000153,32574,70.31147345734271,-274.11811079559743,28.33770718716689,4.549693413077341e-13
3317,70.2935982709062,-274.617789937775,28.336596969639,A2256W000153,32575,70.2935982709062,-274.6177899377746,28.336596969639036,3.979039320256561e-13
3318,70.2927891675683,-275.117777612727,28.3400131439632,A2256W000153,32576,70.29278916756833,-275.1177776127275,28.340013143963198,4.556346636343676e-13
3319,70.2919800642305,-275.61776528768,28.3434293182874,A2256W000153,32577,70.29198006423046,-275.61776528768036,28.34342931828736,3.43714720612747e-13
3320,70.2911709608926,-276.117752962633,28.3468454926115,A2256W000153,32578,70.29117096089259,-276.11775296263323,28.34684549261152,2.278173318171838e-13
3321,70.2903618575547,-276.617740637586,28.3502616669357,A2256W000153,32579,70.29036185755471,-276.6177406375861,28.350261666935683,1.1457157353758233e-13
3322,70.2895527542168,-277.117728312539,28.3536778412598,A2256W000153,32580,70.28955275421684,-277.117728312539,28.353677841259845,4.263256414560601e-14
3323,70.2886312408336,-277.617726550427,28.3527223718905,A2256W000153,32581,70.28863124083364,-277.6177265504273,28.35272237189046,2.873967505387993e-13
3324,70.2877097274504,-278.117724788316,28.3517669025211,A2256W000153,32582,70.28770972745043,-278.11772478831557,28.351766902521078,4.556346636343676e-13
3325,70.2867882140672,-278.617723026204,28.3508114331517,A2256W000153,32583,70.28678821406723,-278.61772302620386,28.350811433151694,1.1718571004216928e-13
3326,70.285866700684,-279.117721264092,28.3498559637823,A2256W000153,32584,70.28586670068402,-279.11772126409215,28.34985596378231,1.7288250917028504e-13
3327,70.2849451873008,-279.61771950198,28.3489004944129,A2256W000153,32585,70.28494518730082,-279.61771950198045,28.348900494412927,4.549693413077341e-13
3328,70.2840236739176,-280.117717739869,28.3479450250435,A2256W000153,32586,70.28402367391762,-280.11771773986874,28.347945025043543,2.8457214390443806e-13
3329,70.2874653857984,-280.617705645028,28.3474457114678,A2256W000153,32587,70.28746538579844,-280.61770564502774,28.347445711467845,2.873967505387993e-13
3330,70.2909070976793,-281.117693550187,28.3469463978921,A2256W000153,32588,70.29090709767927,-281.11769355018674,28.346946397892147,2.8563464471519893e-13
3331,70.2943488095601,-281.617681455346,28.3464470843164,A2256W000153,32589,70.29434880956009,-281.61768145534575,28.34644708431645,2.278173318171838e-13
3332,70.2977905214409,-282.117669360505,28.3459477707408,A2256W000153,32590,70.29779052144092,-282.11766936050475,28.34594777074075,2.278173318171838e-13
3333,70.3012322333217,-282.617657265664,28.3454484571651,A2256W000153,32591,70.30123223332174,-282.61765726566375,28.345448457165052,2.31335954426011e-13
3334,70.3002973456375,-283.117653478079,28.3471553712739,A2256W000153,32592,70.30029734563749,-283.11765347807864,28.34715537127388,3.4135644425146874e-13
3335,70.2993624579532,-283.617649690494,28.3488622853827,A2256W000153,32593,70.29936245795324,-283.6176496904935,28.34886228538271,4.567413805031093e-13
3336,70.298427570269,-284.117645902908,28.3505691994915,A2256W000153,32594,70.29842757026898,-284.1176459029084,28.35056919949154,3.981576164199481e-13
3337,70.2974926825847,-284.617642115323,28.3522761136004,A2256W000153,32595,70.29749268258473,-284.6176421153233,28.35227611360037,2.8563464471519893e-13
3338,70.2965577949005,-285.117638327738,28.3539830277092,A2256W000153,32596,70.29655779490048,-285.1176383277382,28.3539830277092,1.7112135109858138e-13
3339,70.2956229072162,-285.617634540153,28.355689941818,A2256W000153,32597,70.29562290721623,-285.61763454015306,28.35568994181803,6.355287432313019e-14
3340,70.2964230948754,-286.117630299874,28.3575872980414,A2256W000153,32598,70.29642309487544,-286.1176302998742,28.357587298041363,1.757785650632539e-13
3341,70.2972232825346,-286.617626059595,28.3594846542647,A2256W000153,32599,70.29722328253465,-286.6176260595953,28.359484654264694,2.873967505387993e-13
3342,70.2980234701939,-287.117621819316,28.361382010488,A2256W000153,32600,70.29802347019385,-287.1176218193164,28.361382010488025,4.001813022207649e-13
3343,70.2988236578531,-287.617617579038,28.3632793667114,A2256W000153,32601,70.29882365785306,-287.6176175790375,28.363279366711357,4.567413805031093e-13
3344,70.2996238455123,-288.117613338759,28.3651767229347,A2256W000153,32602,70.29962384551227,-288.11761333875864,28.365176722934688,3.4224270219716276e-13
3345,70.3019751742659,-288.617606515172,28.3640388330934,A2256W000153,32603,70.3019751742659,-288.6176065151719,28.364038833093353,1.1368683772161603e-13
3346,70.3043265030195,-289.117599691585,28.362900943252,A2256W000153,32604,70.30432650301954,-289.1175996915851,28.36290094325202,1.214175959108492e-13
3347,70.3066778317732,-289.617592867998,28.3617630534107,A2256W000153,32605,70.30667783177317,-289.6175928679983,28.361763053410684,3.4224270219716276e-13
3348,70.3090291605268,-290.117586044412,28.3606251635693,A2256W000153,32606,70.3090291605268,-290.11758604441155,28.36062516356935,4.547473508864641e-13
3349,70.3113804892804,-290.617579220825,28.359487273728,A2256W000153,32607,70.31138048928044,-290.6175792208248,28.359487273728014,2.31335954426011e-13
3350,70.3137318180341,-291.117572397238,28.3583493838867,A2256W000153,32608,70.31373181803407,-291.117572397238,28.35834938388668,2.842170943040401e-14
3351,70.3116112473034,-291.617567868034,28.3585292829913,A2256W000153,32609,70.31161124730343,-291.6175678680336,28.3585292829913,3.989177016483779e-13
3352,70.3094906765728,-292.117563338829,28.3587091820959,A2256W000153,32610,70.30949067657279,-292.11756333882914,28.358709182095918,1.7112135109858138e-13
3353,70.3073701058422,-292.617558809625,28.3588890812005,A2256W000153,32611,70.30737010584215,-292.6175588096247,28.358889081200537,2.873967505387993e-13
3354,70.3052495351115,-293.11755428042,28.3590689803052,A2256W000153,32612,70.30524953511151,-293.1175542804203,28.359068980305157,2.8457214390443806e-13
3355,70.3031289643809,-293.617549751216,28.3592488794098,A2256W000153,32613,70.30312896438087,-293.61754975121585,28.359248879409776,1.7288250917028504e-13
3356,70.3010083936502,-294.117545222011,28.3594287785144,A2256W000153,32614,70.30100839365024,-294.1175452220114,28.359428778514395,3.989177016483779e-13
3357,70.3042738093817,-294.617533648201,28.3603831039032,A2256W000153,32615,70.30427380938173,-294.6175336482006,28.360383103903217,3.989177016483779e-13
3358,70.3075392251132,-295.11752207439,28.361337429292,A2256W000153,32616,70.30753922511322,-295.1175220743898,28.36133742929204,2.278173318171838e-13
3359,70.3108046408447,-295.617510500579,28.3622917546809,A2256W000153,32617,70.31080464084471,-295.617510500579,28.36229175468086,1.4210854715202004e-14
3360,70.3140700565762,-296.117498926768,28.3632460800697,A2256W000153,32618,70.3140700565762,-296.1174989267682,28.363246080069683,1.7053025658242404e-13
3361,70.3173354723077,-296.617487352957,28.3642004054585,A2256W000153,32619,70.31733547230769,-296.61748735295737,28.364200405458504,3.4135644425146874e-13
3362,70.3186667498086,-297.117484619199,28.3651809413518,A2256W000153,32620,70.31866674980861,-297.11748461919944,28.3651809413518,4.549693413077341e-13
3363,70.3199980273095,-297.617481885442,28.3661614772451,A2256W000153,32621,70.31999802730954,-297.6174818854415,28.366161477245093,4.567413805031093e-13
3364,70.3213293048105,-298.117479151684,28.3671420131384,A2256W000153,32622,70.32132930481046,-298.1174791516836,28.367142013138388,4.001813022207649e-13
3365,70.3226605823114,-298.617476417926,28.3681225490317,A2256W000153,32623,70.32266058231139,-298.6174764179257,28.368122549031682,3.4135644425146874e-13
3366,70.3239918598123,-299.117473684168,28.369103084925,A2256W000153,32624,70.32399185981231,-299.11747368416775,28.369103084924976,2.278173318171838e-13
3367,70.3253231373132,-299.61747095041,28.3700836208183,A2256W000153,32625,70.32532313731323,-299.6174709504098,28.37008362081827,1.7288250917028504e-13
3368,70.327170925101,-300.11746653752,28.3690843459889,A2256W000153,32626,70.32717092510104,-300.11746653752044,28.369084345988867,4.567413805031093e-13
3369,70.3290187128889,-300.617462124631,28.3680850711595,A2256W000153,32627,70.32901871288885,-300.61746212463106,28.368085071159463,7.105427357601002e-14
3370,70.3308665006767,-301.117457711742,28.3670857963301,A2256W000153,32628,70.33086650067666,-301.1174577117417,28.36708579633006,3.43714720612747e-13
3371,70.3327142884645,-301.617453298852,28.3660865215007,A2256W000153,32629,70.33271428846447,-301.6174532988523,28.366086521500655,2.8563464471519893e-13
3372,70.3345620762523,-302.117448885963,28.3650872466713,A2256W000153,32630,70.33456207625228,-302.1174488859629,28.36508724667125,5.859285502108464e-14
3373,70.3364098640401,-302.617444473074,28.3640879718418,A2256W000153,32631,70.33640986404009,-302.61744447307353,28.364087971841847,4.549693413077341e-13
3374,70.3382576518279,-303.117440060184,28.3630886970124,A2256W000153,32632,70.3382576518279,-303.11744006018415,28.363088697012444,1.7053025658242404e-13
3375,70.3387988585789,-303.617438741023,28.3620756548911,A2256W000153,32633,70.33879885857885,-303.6174387410233,28.36207565489106,2.873967505387993e-13
3376,70.3393400653298,-304.117437421862,28.3610626127697,A2256W000153,32634,70.33934006532981,-304.11743742186246,28.36106261276968,4.549693413077341e-13
3377,70.3398812720808,-304.617436102702,28.3600495706483,A2256W000153,32635,70.33988127208076,-304.6174361027016,28.360049570648297,4.001813022207649e-13
3378,70.3404224788317,-305.117434783541,28.3590365285269,A2256W000153,32636,70.34042247883171,-305.1174347835408,28.359036528526914,2.278173318171838e-13
3379,70.3409636855827,-305.61743346438,28.3580234864055,A2256W000153,32637,70.34096368558266,-305.6174334643799,28.358023486405532,6.355287432313019e-14
3380,70.3415048923336,-306.117432145219,28.3570104442841,A2256W000153,32638,70.34150489233362,-306.1174321452191,28.35701044428415,5.859285502108464e-14
3381,70.3443524595947,-306.61742353738,28.3577169327661,A2256W000153,32639,70.3443524595947,-306.6174235373797,28.357716932766078,2.8421709430404007e-13
3382,70.3472000268558,-307.11741492954,28.358423421248,A2256W000153,32640,70.34720002685579,-307.1174149295403,28.358423421248006,2.8457214390443806e-13
3383,70.3500475941169,-307.617406321701,28.3591299097299,A2256W000153,32641,70.35004759411687,-307.6174063217009,28.359129909729933,1.1718571004216928e-13
3384,70.352895161378,-308.117397713862,28.3598363982119,A2256W000153,32642,70.35289516137796,-308.1173977138615,28.35983639821186,4.567413805031093e-13
3385,70.355742728639,-308.617389106022,28.3605428866938,A2256W000153,32643,70.35574272863904,-308.61738910602213,28.36054288669379,1.214175959108492e-13
3386,70.3585902959001,-309.117380498183,28.3612493751757,A2256W000153,32644,70.35859029590013,-309.11738049818274,28.361249375175717,2.8563464471519893e-13
3387,70.3614378631612,-309.617371890343,28.3619558636576,A2256W000153,32645,70.36143786316121,-309.61737189034335,28.361955863657645,3.4135644425146874e-13
3388,70.3635635992185,-310.117366915203,28.3612803183784,A2256W000153,32646,70.36356359921847,-310.1173669152034,28.361280318378434,3.989177016483779e-13
3389,70.3656893352757,-310.617361940063,28.3606047730992,A2256W000153,32647,70.36568933527572,-310.6173619400634,28.360604773099222,3.981576164199481e-13
3390,70.367815071333,-311.117356964923,28.35992922782,A2256W000153,32648,70.36781507133297,-311.11735696492343,28.35992922782001,4.556346636343676e-13
3391,70.3699408073902,-311.617351989783,28.3592536825408,A2256W000153,32649,70.36994080739022,-311.61735198978346,28.3592536825408,4.556346636343676e-13
3392,70.3720665434475,-312.117347014643,28.3585781372616,A2256W000153,32650,70.37206654344747,-312.1173470146435,28.35857813726159,5.123796534383003e-13
3393,70.3741922795047,-312.617342039504,28.3579025919824,A2256W000153,32651,70.37419227950473,-312.6173420395035,28.357902591982377,5.123796534383003e-13
3394,70.3739379801087,-313.117341897712,28.357624881121,A2256W000153,32652,70.37393798010875,-313.117341897712,28.35762488112101,4.263256414560601e-14
3395,70.3736836807128,-313.61734175592,28.3573471702596,A2256W000153,32653,70.37368368071277,-313.61734175592045,28.35734717025964,4.556346636343676e-13
3396,70.3734293813168,-314.117341614129,28.3570694593983,A2256W000153,32654,70.3734293813168,-314.1173416141289,28.35706945939827,5.684341886080802e-14
3397,70.3731750819208,-314.617341472337,28.3567917485369,A2256W000153,32655,70.37317508192082,-314.6173414723374,28.356791748536903,3.981576164199481e-13
3398,70.3729207825248,-315.117341330546,28.3565140376755,A2256W000153,32656,70.37292078252484,-315.11734133054586,28.356514037675534,1.757785650632539e-13
3399,70.3726664831289,-315.617341188754,28.3562363268142,A2256W000153,32657,70.37266648312887,-315.6173411887543,28.356236326814166,3.4224270219716276e-13
3400,70.3724121837329,-316.117341046963,28.3559586159528,A2256W000153,32658,70.37241218373289,-316.1173410469628,28.355958615952797,2.278173318171838e-13
3401,70.3721578843369,-316.617340905171,28.3556809050914,A2256W000153,32659,70.37215788433691,-316.61734090517126,28.35568090509143,2.8457214390443806e-13
3402,70.374423038314,-317.117335503497,28.356201215197,A2256W000153,32660,70.37442303831399,-317.1173355034969,28.356201215197043,5.859285502108464e-14
3403,70.3766881922911,-317.617330101823,28.3567215253027,A2256W000153,32661,70.37668819229107,-317.6173301018226,28.356721525302657,3.989177016483779e-13
3404,70.3789533462681,-318.117324700148,28.3572418354083,A2256W000153,32662,70.37895334626815,-318.11732470014823,28.35724183540827,2.31335954426011e-13
3405,70.3812185002452,-318.617319298474,28.3577621455139,A2256W000153,32663,70.38121850024523,-318.6173192984739,28.357762145513885,1.1718571004216928e-13
3406,70.3834836542223,-319.1173138968,28.3582824556195,A2256W000153,32664,70.3834836542223,-319.11731389679954,28.3582824556195,4.547473508864641e-13
3407,70.3857488081994,-319.617308495125,28.3588027657251,A2256W000153,32665,70.38574880819938,-319.6173084951252,28.358802765725112,2.278173318171838e-13
3408,70.3880139621765,-320.117303093451,28.3593230758307,A2256W000153,32666,70.38801396217646,-320.11730309345086,28.359323075830726,1.757785650632539e-13
3409,70.390332833981,-320.617295054217,28.357691511262,A2256W000153,32667,70.39033283398102,-320.61729505421687,28.357691511261997,1.1457157353758233e-13
3410,70.3926517057856,-321.117287014983,28.3560599466933,A2256W000153,32668,70.39265170578558,-321.1172870149829,28.356059946693268,1.1457157353758233e-13
3411,70.3949705775901,-321.617278975749,28.3544283821245,A2256W000153,32669,70.39497057759014,-321.6172789757489,28.35442838212454,1.214175959108492e-13
3412,70.3972894493947,-322.117270936515,28.3527968175558,A2256W000153,32670,70.3972894493947,-322.1172709365149,28.35279681755581,1.1368683772161603e-13
3413,70.3996083211993,-322.617262897281,28.3511652529871,A2256W000153,32671,70.39960832119927,-322.6172628972809,28.35116525298708,1.1718571004216928e-13
3414,70.4015165163226,-323.117259192363,28.3509128727105,A2256W000153,32672,70.40151651632257,-323.1172591923627,28.350912872710452,2.8563464471519893e-13
3415,70.4034247114459,-323.617255487445,28.3506604924338,A2256W000153,32673,70.40342471144588,-323.61725548744454,28.350660492433825,4.549693413077341e-13
3416,70.4053329065692,-324.117251782526,28.3504081121572,A2256W000153,32674,70.40533290656919,-324.11725178252635,28.350408112157197,3.4135644425146874e-13
3417,70.4072411016925,-324.617248077608,28.3501557318806,A2256W000153,32675,70.40724110169249,-324.61724807760817,28.35015573188057,1.7112135109858138e-13
3418,70.4091492968158,-325.11724437269,28.3499033516039,A2256W000153,32676,70.4091492968158,-325.11724437269,28.349903351603942,0.0
3419,70.4110574919391,-325.617240667772,28.3496509713273,A2256W000153,32677,70.4110574919391,-325.6172406677718,28.349650971327314,2.2737367544323206e-13
3420,70.4118195509318,-326.117240086745,28.3496680789721,A2256W000153,32678,70.41181955093178,-326.11724008674486,28.34966807897208,1.7112135109858138e-13
3421,70.4125816099245,-326.617239505718,28.3496851866168,A2256W000153,32679,70.41258160992446,-326.6172395057179,28.349685186616846,7.105427357601002e-14
3422,70.4133436689171,-327.117238924691,28.3497022942616,A2256W000153,32680,70.41334366891714,-327.117238924691,28.34970229426161,4.263256414560601e-14
3423,70.4141057279098,-327.617238343664,28.3497194019064,A2256W000153,32681,70.41410572790981,-327.61723834366404,28.349719401906377,5.859285502108464e-14
3424,70.4148677869025,-328.117237762637,28.3497365095511,A2256W000153,32682,70.41486778690249,-328.1172377626371,28.349736509551143,1.1457157353758233e-13
3425,70.4156298458952,-328.61723718161,28.3497536171959,A2256W000153,32683,70.41562984589517,-328.61723718161016,28.34975361719591,1.7288250917028504e-13
3426,70.4168488521255,-329.117235511309,28.3501829450672,A2256W000153,32684,70.41684885212545,-329.11723551130876,28.35018294506725,2.31335954426011e-13
3427,70.4180678583557,-329.617233841007,28.3506122729386,A2256W000153,32685,70.41806785835574,-329.61723384100736,28.35061227293859,3.43714720612747e-13
3428,70.419286864586,-330.117232170706,28.3510416008099,A2256W000153,32686,70.41928686458603,-330.11723217070596,28.351041600809932,6.355287432313019e-14
3429,70.4205058708163,-330.617230500405,28.3514709286813,A2256W000153,32687,70.42050587081631,-330.61723050040456,28.351470928681273,4.549693413077341e-13
3430,70.4217248770466,-331.117228830103,28.3519002565526,A2256W000153,32688,70.4217248770466,-331.11722883010316,28.351900256552614,1.7053025658242404e-13
3431,70.4229438832769,-331.617227159802,28.352329584424,A2256W000153,32689,70.42294388327689,-331.61722715980176,28.352329584423956,2.278173318171838e-13
3432,70.4241628895072,-332.1172254895,28.3527589122953,A2256W000153,32690,70.42416288950717,-332.11722548950036,28.352758912295297,3.4224270219716276e-13
3433,70.4253443271891,-332.617223229257,28.3518291579399,A2256W000153,32691,70.42534432718905,-332.6172232292571,28.35182915793995,1.214175959108492e-13
3434,70.4265257648709,-333.117220969014,28.3508994035846,A2256W000153,32692,70.42652576487093,-333.11722096901383,28.350899403584602,1.7288250917028504e-13
3435,70.4277072025528,-333.617218708771,28.3499696492293,A2256W000153,32693,70.42770720255281,-333.61721870877057,28.349969649229255,4.549693413077341e-13
3436,70.4288886402347,-334.117216448527,28.3490398948739,A2256W000153,32694,70.42888864023469,-334.1172164485273,28.349039894873908,2.8457214390443806e-13
3437,70.4300700779166,-334.617214188284,28.3481101405186,A2256W000153,32695,70.43007007791657,-334.61721418828404,28.34811014051856,6.355287432313019e-14
3438,70.4312515155984,-335.117211928041,28.3471803861632,A2256W000153,32696,70.43125151559845,-335.1172119280408,28.347180386163213,2.31335954426011e-13
3439,70.4332789724675,-335.617206590973,28.3460729304626,A2256W000153,32697,70.4332789724675,-335.6172065909728,28.346072930462647,2.2737367544323206e-13
3440,70.4353064293366,-336.117201253905,28.3449654747621,A2256W000153,32698,70.43530642933656,-336.1172012539048,28.34496547476208,2.31335954426011e-13
3441,70.4373338862056,-336.617195916837,28.3438580190615,A2256W000153,32699,70.43733388620562,-336.6171959168368,28.343858019061514,1.7288250917028504e-13
3442,70.4393613430747,-337.117190579769,28.3427505633609,A2256W000153,32700,70.43936134307468,-337.1171905797688,28.342750563360948,1.7112135109858138e-13
3443,70.4413887999437,-337.617185242701,28.3416431076604,A2256W000153,32701,70.44138879994374,-337.6171852427008,28.34164310766038,1.757785650632539e-13
3444,70.4434162568128,-338.117179905633,28.3405356519598,A2256W000153,32702,70.4434162568128,-338.11717990563284,28.340535651959815,1.7053025658242404e-13
3445,70.4454437136819,-338.617174568565,28.3394281962592,A2256W000153,32703,70.44544371368185,-338.61717456856485,28.33942819625925,1.757785650632539e-13
3446,70.4308705464114,-339.116958113133,28.3414360244753,A2256W000153,32704,70.43087054641144,-339.1169581131335,28.34143602447531,4.567413805031093e-13
3447,70.416297379141,-339.616741657702,28.3434438526914,A2256W000153,32705,70.41629737914103,-339.6167416577021,28.343443852691372,1.1718571004216928e-13
3448,70.4017242118706,-340.116525202271,28.3454516809074,A2256W000153,32706,70.40172421187062,-340.11652520227074,28.345451680907434,2.8457214390443806e-13
3449,70.3871510446002,-340.616308746839,28.3474595091235,A2256W000153,32707,70.3871510446002,-340.61630874683937,28.347459509123496,3.410605131648481e-13
3450,70.3725778773298,-341.116092291408,28.3494673373396,A2256W000153,32708,70.37257787732979,-341.116092291408,28.349467337339558,1.4210854715202004e-14
3451,70.3580047100594,-341.615875835977,28.3514751655556,A2256W000153,32709,70.35800471005938,-341.6158758359766,28.35147516555562,3.989177016483779e-13
3452,70.3464588475565,-342.115741660082,28.3523976352678,A2256W000153,32710,70.34645884755648,-342.11574166008216,28.35239763526778,1.7288250917028504e-13
3453,70.3349129850536,-342.615607484188,28.3533201049799,A2256W000153,32711,70.33491298505358,-342.6156074841877,28.353320104979943,2.8563464471519893e-13
3454,70.3233671225507,-343.115473308293,28.3542425746921,A2256W000153,32712,70.32336712255068,-343.11547330829325,28.354242574692105,2.2914314707516465e-13
3455,70.3118212600478,-343.615339132399,28.3551650444043,A2256W000153,32713,70.31182126004778,-343.6153391323988,28.355165044404266,2.278173318171838e-13
3456,70.3002753975449,-344.115204956504,28.3560875141164,A2256W000153,32714,70.30027539754488,-344.11520495650433,28.356087514116428,3.4135644425146874e-13
3457,70.288729535042,-344.61507078061,28.3570099838286,A2256W000153,32715,70.28872953504198,-344.61507078060987,28.35700998382859,1.1457157353758233e-13
3458,70.2771836725391,-345.114936604715,28.3579324535408,A2256W000153,32716,70.27718367253908,-345.1149366047154,28.35793245354075,3.981576164199481e-13
3459,70.2656378100362,-345.614802428821,28.3588549232529,A2256W000153,32717,70.26563781003618,-345.61480242882095,28.358854923252913,5.859285502108464e-14
3460,70.2540919475333,-346.114668252926,28.3597773929651,A2256W000153,32718,70.25409194753328,-346.1146682529265,28.359777392965075,5.117881046706176e-13
3461,70.2425460850304,-346.614534077032,28.3606998626772,A2256W000153,32719,70.24254608503038,-346.61453407703203,28.360699862677237,5.859285502108464e-14
3462,70.2310002225275,-347.114399901138,28.3616223323894,A2256W000153,32720,70.23100022252748,-347.1143999011376,28.3616223323894,3.981576164199481e-13
3463,70.2194543600246,-347.614265725243,28.3625448021016,A2256W000153,32721,70.21945436002459,-347.6142657252431,28.36254480210156,1.1457157353758233e-13
3464,70.2079084975217,-348.114131549349,28.3634672718137,A2256W000153,32722,70.20790849752169,-348.11413154934866,28.36346727181372,3.4135644425146874e-13
3465,70.1963626350188,-348.613997373454,28.3643897415259,A2256W000153,32723,70.19636263501879,-348.6139973734542,28.364389741525883,1.7112135109858138e-13
3466,70.1920200493374,-349.11397799159,28.3651132319719,A2256W000153,32724,70.1920200493374,-349.1139779915897,28.365113231971854,2.8421709430404007e-13
3467,70.187677463656,-349.613958609725,28.3658367224178,A2256W000153,32725,70.18767746365602,-349.6139586097252,28.365836722417825,2.278173318171838e-13
3468,70.1833348779746,-350.113939227861,28.3665602128638,A2256W000153,32726,70.18333487797463,-350.1139392278607,28.366560212863796,2.8563464471519893e-13
3469,70.1789922922932,-350.613919845996,28.3672837033098,A2256W000153,32727,70.17899229229324,-350.61391984599624,28.367283703309766,2.31335954426011e-13
3470,70.1746497066119,-351.113900464132,28.3680071937557,A2256W000153,32728,70.17464970661186,-351.11390046413175,28.368007193755737,2.31335954426011e-13
3471,70.1703071209305,-351.613881082267,28.3687306842017,A2256W000153,32729,70.17030712093047,-351.61388108226726,28.368730684201708,2.2914314707516465e-13
3472,70.1659645352491,-352.113861700403,28.3694541746477,A2256W000153,32730,70.16596453524909,-352.11386170040277,28.36945417464768,2.278173318171838e-13
3473,70.1616219495677,-352.613842318538,28.3701776650936,A2256W000153,32731,70.1616219495677,-352.6138423185383,28.37017766509365,2.8421709430404007e-13
3474,70.1649504921582,-353.113827343108,28.3682038336325,A2256W000153,32732,70.16495049215817,-353.1138273431076,28.368203833632503,4.556346636343676e-13
3475,70.1682790347486,-353.613812367677,28.3662300021714,A2256W000153,32733,70.16827903474864,-353.61381236767687,28.366230002171356,1.214175959108492e-13
3476,70.1716075773391,-354.113797392246,28.3642561707102,A2256W000153,32734,70.1716075773391,-354.11379739224617,28.36425617071021,1.7053025658242404e-13
3477,70.1749361199296,-354.613782416815,28.3622823392491,A2256W000153,32735,70.17493611992957,-354.61378241681547,28.362282339249063,4.556346636343676e-13
3478,70.17826466252,-355.113767441385,28.3603085077879,A2256W000153,32736,70.17826466252004,-355.11376744138477,28.360308507787916,2.31335954426011e-13
3479,70.1815932051105,-355.613752465954,28.3583346763268,A2256W000153,32737,70.1815932051105,-355.61375246595406,28.35833467632677,5.684341886080802e-14
3480,70.184921747701,-356.113737490523,28.3563608448656,A2256W000153,32738,70.18492174770097,-356.11373749052336,28.356360844865623,3.4224270219716276e-13
3481,70.1882502902914,-356.613722515093,28.3543870134045,A2256W000153,32739,70.18825029029144,-356.61372251509266,28.354387013404477,3.4224270219716276e-13
3482,70.1868775249327,-357.113718062975,28.352784636204,A2256W000153,32740,70.18687752493267,-357.1137180629754,28.352784636203967,3.989177016483779e-13
3483,70.1855047595739,-357.613713610858,28.3511822590035,A2256W000153,32741,70.1855047595739,-357.61371361085816,28.35118225900346,1.7053025658242404e-13
3484,70.1841319942151,-358.113709158741,28.3495798818029,A2256W000153,32742,70.18413199421514,-358.1137091587409,28.34957988180295,1.214175959108492e-13
3485,70.1827592288564,-358.613704706624,28.3479775046024,A2256W000153,32743,70.18275922885637,-358.61370470662365,28.34797750460244,3.4224270219716276e-13
3486,70.1813864634976,-359.113700254506,28.3463751274019,A2256W000153,32744,70.1813864634976,-359.1137002545064,28.34637512740193,3.979039320256561e-13
3487,70.1800136981388,-359.613695802389,28.3447727502014,A2256W000153,32745,70.18001369813884,-359.61369580238915,28.34477275020142,1.757785650632539e-13
3488,70.1839336621279,-360.113668107395,28.3412616094612,A2256W000153,32746,70.1839336621279,-360.11366810739514,28.34126160946121,1.7053025658242404e-13
3489,70.187853626117,-360.613640412401,28.337750468721,A2256W000153,32747,70.18785362611696,-360.61364041240114,28.337750468720998,1.214175959108492e-13
3490,70.191773590106,-361.113612717407,28.3342393279808,A2256W000153,32748,70.19177359010602,-361.11361271740714,28.334239327980786,1.1718571004216928e-13
3491,70.1956935540951,-361.613585022413,28.3307281872406,A2256W000153,32749,70.19569355409509,-361.61358502241313,28.330728187240574,1.1457157353758233e-13
3492,70.1996135180841,-362.113557327419,28.3272170465004,A2256W000153,32750,70.19961351808415,-362.11355732741913,28.327217046500362,1.214175959108492e-13
3493,70.2035334820732,-362.613529632425,28.3237059057601,A2256W000153,32751,70.20353348207321,-362.6135296324251,28.32370590576015,1.1457157353758233e-13
3494,70.2074534460623,-363.113501937431,28.3201947650199,A2256W000153,32752,70.20745344606227,-363.1135019374311,28.320194765019938,1.1718571004216928e-13
3495,70.2113734100513,-363.613474242437,28.3166836242797,A2256W000153,32753,70.21137341005134,-363.6134742424371,28.316683624279726,1.214175959108492e-13
3496,70.2152933740404,-364.113446547443,28.3131724835395,A2256W000153,32754,70.2152933740404,-364.1134465474431,28.313172483539514,1.1368683772161603e-13
3497,70.2149433772365,-364.613433869655,28.3096291617382,A2256W000153,32755,70.21494337723652,-364.61343386965524,28.309629161738197,2.2914314707516465e-13
3498,70.2145933804326,-365.113421191867,28.3060858399369,A2256W000153,32756,70.21459338043265,-365.11342119186736,28.30608583993688,3.43714720612747e-13
3499,70.2142433836288,-365.613408514079,28.3025425181356,A2256W000153,32757,70.21424338362877,-365.6134085140795,28.302542518135564,4.556346636343676e-13
3500,70.2141488344641,-365.748476557899,28.3015853147765,A2256W000451,8414,70.21414883446414,-365.74847655789927,28.301585314776467,2.873967505387993e-13
3501,70.2137169494669,-366.248463811727,28.2980413783347,A2256W000451,8415,70.21371694946687,-366.24846381172665,28.298041378334673,3.4224270219716276e-13
3502,70.2132850644696,-366.748451065554,28.2944974418929,A2256W000451,8416,70.2132850644696,-366.74845106555404,28.29449744189288,5.684341886080802e-14
3503,70.2151985434338,-367.248427197072,28.2900022766447,A2256W000451,8417,70.21519854343384,-367.248427197072,28.29000227664466,4.263256414560601e-14
3504,70.2171120223981,-367.74840332859,28.2855071113964,A2256W000451,8418,70.21711202239808,-367.7484033285899,28.28550711139644,5.859285502108464e-14
3505,70.2190255013623,-368.248379460108,28.2810119461482,A2256W000451,8419,70.21902550136232,-368.24837946010786,28.281011946148222,1.7288250917028504e-13
3506,70.2209389803266,-368.748355591626,28.2765167809,A2256W000451,8420,70.22093898032657,-368.7483555916258,28.276516780900003,2.2914314707516465e-13
3507,70.2228524592908,-369.248331723144,28.2720216156518,A2256W000451,8421,70.2228524592908,-369.24833172314374,28.272021615651784,2.8421709430404007e-13
3508,70.224765938255,-369.748307854662,28.2675264504036,A2256W000451,8422,70.22476593825505,-369.7483078546617,28.267526450403565,3.43714720612747e-13
3509,70.2274587692113,-370.24825956201,28.2611202830051,A2256W000451,8423,70.22745876921132,-370.2482595620102,28.261120283005145,2.2914314707516465e-13
3510,70.2301516001676,-370.748211269359,28.2547141156067,A2256W000451,8424,70.2301516001676,-370.74821126935876,28.254714115606724,2.2737367544323206e-13
3511,70.2328444311239,-371.248162976707,28.2483079482083,A2256W000451,8425,70.23284443112388,-371.2481629767073,28.248307948208303,2.8457214390443806e-13
3512,70.2355372620802,-371.748114684056,28.2419017808099,A2256W000451,8426,70.23553726208016,-371.74811468405585,28.241901780809883,1.757785650632539e-13
3513,70.2382300930364,-372.248066391404,28.2354956134115,A2256W000451,8427,70.23823009303644,-372.2480663914044,28.235495613411462,3.989177016483779e-13
3514,70.2409229239927,-372.748018098753,28.229089446013,A2256W000451,8428,70.24092292399271,-372.74801809875294,28.22908944601304,5.859285502108464e-14
3515,70.2428934773184,-373.247993699612,28.2245600459691,A2256W000451,8429,70.24289347731839,-373.24799369961244,28.22456004596911,4.549693413077341e-13
3516,70.2448640306441,-373.747969300472,28.2200306459252,A2256W000451,8430,70.24486403064407,-373.74796930047194,28.220030645925178,6.355287432313019e-14
3517,70.2468345839697,-374.247944901331,28.2155012458812,A2256W000451,8431,70.24683458396974,-374.24794490133144,28.215501245881246,4.567413805031093e-13
3518,70.2488051372954,-374.747920502191,28.2109718458373,A2256W000451,8432,70.24880513729542,-374.74792050219094,28.210971845837314,5.859285502108464e-14
3519,70.2507756906211,-375.24789610305,28.2064424457934,A2256W000451,8433,70.2507756906211,-375.24789610305044,28.206442445793382,4.547473508864641e-13
3520,70.2527462439468,-375.74787170391,28.2019130457494,A2256W000451,8434,70.25274624394677,-375.74787170390994,28.20191304574945,6.355287432313019e-14
3521,70.2547167972725,-376.247847304769,28.1973836457055,A2256W000451,8435,70.25471679727245,-376.24784730476944,28.197383645705518,4.567413805031093e-13
3522,70.2701079933335,-376.747594154929,28.1933591159806,A2256W000451,8436,70.2701079933335,-376.7475941549289,28.19335911598062,1.1368683772161603e-13
3523,70.2854991893945,-377.247341005088,28.1893345862557,A2256W000451,8437,70.28549918939454,-377.24734100508834,28.189334586255722,3.43714720612747e-13
3524,70.3008903854556,-377.747087855248,28.1853100565308,A2256W000451,8438,70.30089038545559,-377.7470878552478,28.185310056530824,2.278173318171838e-13
3525,70.3162815815166,-378.246834705407,28.1812855268059,A2256W000451,8439,70.31628158151663,-378.24683470540725,28.181285526805926,2.2914314707516465e-13
3526,70.3316727775777,-378.746581555567,28.177260997081,A2256W000451,8440,70.33167277757768,-378.7465815555667,28.177260997081028,2.8457214390443806e-13
3527,70.3470639736387,-379.246328405726,28.1732364673561,A2256W000451,8441,70.34706397363873,-379.24632840572616,28.17323646735613,1.7288250917028504e-13
3528,70.3624551696998,-379.746075255886,28.1692119376312,A2256W000451,8442,70.36245516969977,-379.7460752558856,28.169211937631232,3.989177016483779e-13
3529,70.3778463657608,-380.245822106045,28.1651874079063,A2256W000451,8443,70.37784636576082,-380.24582210604507,28.165187407906334,5.859285502108464e-14
3530,70.3932375618219,-380.745568956205,28.1611628781814,A2256W000451,8444,70.39323756182186,-380.7455689562045,28.161162878181436,4.567413805031093e-13
3531,70.4086287578829,-381.245315806364,28.1571383484565,A2256W000451,8445,70.40862875788291,-381.245315806364,28.157138348456538,1.4210854715202004e-14
3532,70.424019953944,-381.745062656523,28.1531138187316,A2256W000451,8446,70.42401995394395,-381.74506265652343,28.15311381873164,4.567413805031093e-13
3533,70.439535343789,-382.244821869839,28.1530766095038,A2256W000451,8447,70.43953534378896,-382.24482186983863,28.153076609503817,3.43714720612747e-13
3534,70.455050733634,-382.744581083154,28.153039400276,A2256W000451,8448,70.45505073363397,-382.74458108315383,28.153039400275993,1.7288250917028504e-13
3535,70.470566123479,-383.244340296469,28.1530021910482,A2256W000451,8449,70.47056612347897,-383.24434029646903,28.15300219104817,6.355287432313019e-14
3536,70.486081513324,-383.744099509784,28.1529649818203,A2256W000451,8450,70.48608151332398,-383.74409950978423,28.152964981820347,2.278173318171838e-13
3537,70.501596903169,-384.243858723099,28.1529277725925,A2256W000451,8451,70.50159690316899,-384.24385872309944,28.152927772592523,4.549693413077341e-13
3538,70.517112293014,-384.743617936415,28.1528905633647,A2256W000451,8452,70.517112293014,-384.74361793641464,28.1528905633647,3.410605131648481e-13
3539,70.532627682859,-385.24337714973,28.1528533541369,A2256W000451,8453,70.532627682859,-385.24337714972984,28.152853354136877,1.7053025658242404e-13
3540,70.548143072704,-385.743136363045,28.1528161449091,A2256W000451,8454,70.54814307270401,-385.74313636304504,28.152816144909053,5.859285502108464e-14
3541,70.563658462549,-386.24289557636,28.1527789356812,A2256W000451,8455,70.56365846254901,-386.24289557636024,28.15277893568123,2.278173318171838e-13
3542,70.579173852394,-386.742654789675,28.1527417264534,A2256W000451,8456,70.57917385239402,-386.74265478967544,28.152741726453407,4.549693413077341e-13
3543,70.594689242239,-387.242414002991,28.1527045172256,A2256W000451,8457,70.59468924223903,-387.24241400299064,28.152704517225583,3.4224270219716276e-13
3544,70.610204632084,-387.742173216306,28.1526673079978,A2256W000451,8458,70.61020463208403,-387.74217321630584,28.15266730799776,1.7288250917028504e-13
3545,70.625720021929,-388.241932429621,28.1526300987699,A2256W000451,8459,70.62572002192904,-388.24193242962104,28.152630098769936,7.105427357601002e-14
3546,70.6298308705616,-388.741915426604,28.1523081485946,A2256W000451,8460,70.62983087056163,-388.74191542660355,28.1523081485946,4.556346636343676e-13
3547,70.6339417191942,-389.241898423586,28.1519861984193,A2256W000451,8461,70.63394171919423,-389.24189842358606,28.151986198419262,6.355287432313019e-14
3548,70.6380525678268,-389.741881420569,28.1516642482439,A2256W000451,8462,70.63805256782682,-389.7418814205686,28.151664248243925,3.981576164199481e-13
3549,70.6421634164594,-390.241864417551,28.1513422980686,A2256W000451,8463,70.64216341645941,-390.2418644175511,28.151342298068588,5.859285502108464e-14
3550,70.646274265092,-390.741847414534,28.1510203478933,A2256W000451,8464,70.646274265092,-390.7418474145336,28.15102034789325,3.979039320256561e-13
3551,70.6503851137246,-391.241830411516,28.1506983977179,A2256W000451,8465,70.6503851137246,-391.2418304115161,28.150698397717914,1.1368683772161603e-13
3552,70.6544959623572,-391.741813408499,28.1503764475426,A2256W000451,8466,70.65449596235719,-391.7418134084986,28.150376447542577,3.981576164199481e-13
3553,70.6586068109898,-392.241796405481,28.1500544973672,A2256W000451,8467,70.65860681098978,-392.2417964054811,28.15005449736724,1.1457157353758233e-13
3554,70.6627176596224,-392.741779402464,28.1497325471919,A2256W000451,8468,70.66271765962237,-392.74177940246364,28.149732547191903,3.4224270219716276e-13
3555,70.6666790347321,-393.241761238714,28.1481606290751,A2256W000451,8469,70.6666790347321,-393.2417612387144,28.148160629075054,3.979039320256561e-13
3556,70.6706404098418,-393.741743074965,28.1465887109582,A2256W000451,8470,70.67064040984182,-393.74174307496514,28.146588710958206,1.7288250917028504e-13
3557,70.6746017849515,-394.241724911216,28.1450167928414,A2256W000451,8471,70.67460178495155,-394.2417249112159,28.145016792841357,1.214175959108492e-13
3558,70.6785631600613,-394.741706747467,28.1434448747245,A2256W000451,8472,70.67856316006127,-394.74170674746665,28.14344487472451,3.4224270219716276e-13
3559,70.682524535171,-395.241688583717,28.1418729566077,A2256W000451,8473,70.682524535171,-395.2416885837174,28.14187295660766,3.979039320256561e-13
3560,70.6864859102807,-395.741670419968,28.1403010384908,A2256W000451,8474,70.68648591028072,-395.74167041996816,28.14030103849081,1.7288250917028504e-13
3561,70.6904472853904,-396.241652256219,28.138729120374,A2256W000451,8475,70.69044728539045,-396.2416522562189,28.138729120373963,1.214175959108492e-13
3562,70.6944086605002,-396.74163409247,28.1371572022571,A2256W000451,8476,70.69440866050017,-396.74163409246967,28.137157202257114,3.4224270219716276e-13
3563,70.6983700356099,-397.24161592872,28.1355852841403,A2256W000451,8477,70.6983700356099,-397.2416159287204,28.135585284140266,3.979039320256561e-13
3564,70.7023314107196,-397.741597764971,28.1340133660234,A2256W000451,8478,70.70233141071962,-397.7415977649712,28.134013366023417,1.7288250917028504e-13
3565,70.7062927858293,-398.241579601222,28.1324414479066,A2256W000451,8479,70.70629278582935,-398.24157960122193,28.13244144790657,7.105427357601002e-14
3566,70.7094705532827,-398.741568106679,28.1312598367564,A2256W000451,8480,70.70947055328271,-398.7415681066789,28.131259836756403,5.859285502108464e-14
3567,70.7126483207361,-399.241556612136,28.1300782256062,A2256W000451,8481,70.71264832073608,-399.2415566121359,28.130078225606237,5.859285502108464e-14
3568,70.7158260881894,-399.741545117593,28.1288966144561,A2256W000451,8482,70.71582608818944,-399.7415451175929,28.12889661445607,7.105427357601002e-14
3569,70.7190038556428,-400.24153362305,28.1277150033059,A2256W000451,8483,70.71900385564281,-400.2415336230499,28.127715003305905,5.859285502108464e-14
3570,70.7221816230962,-400.741522128507,28.1265333921557,A2256W000451,8484,70.72218162309618,-400.7415221285069,28.12653339215574,6.355287432313019e-14
3571,70.7253593905495,-401.241510633964,28.1253517810056,A2256W000451,8485,70.72535939054954,-401.2415106339639,28.125351781005573,1.214175959108492e-13
3572,70.7285371580029,-401.741499139421,28.1241701698554,A2256W000451,8486,70.72853715800291,-401.7414991394209,28.124170169855407,1.1457157353758233e-13
3573,70.7317149254563,-402.241487644878,28.1229885587052,A2256W000451,8487,70.73171492545627,-402.2414876448779,28.12298855870524,1.1718571004216928e-13
3574,70.7354679701542,-402.741471309216,28.1244885756091,A2256W000451,8488,70.73546797015422,-402.74147130921585,28.12448857560908,1.7112135109858138e-13
3575,70.7392210148522,-403.241454973554,28.1259885925129,A2256W000451,8489,70.73922101485216,-403.2414549735538,28.125988592512922,2.31335954426011e-13
3576,70.7429740595501,-403.741438637892,28.1274886094168,A2256W000451,8490,70.74297405955011,-403.74143863789175,28.127488609416762,2.278173318171838e-13
3577,70.7467271042481,-404.24142230223,28.1289886263206,A2256W000451,8491,70.74672710424805,-404.2414223022297,28.128988626320602,2.873967505387993e-13
3578,70.750480148946,-404.741405966568,28.1304886432244,A2256W000451,8492,70.750480148946,-404.74140596656764,28.130488643224442,3.410605131648481e-13
3579,70.7542331936439,-405.241389630906,28.1319886601283,A2256W000451,8493,70.75423319364394,-405.2413896309056,28.131988660128282,4.001813022207649e-13
3580,70.7567635676241,-405.578488108702,28.133,A2256W000451,8494,70.75676356762415,-405.578488108702,28.133,4.263256414560601e-14
3581,70.7620498746755,-406.078449503745,28.1297352757962,A2256W000446,19942,70.76204987467547,-406.0784495037453,28.12973527579624,2.8563464471519893e-13
3582,70.7673361817268,-406.578410898789,28.1264705515925,A2256W000446,19943,70.76733618172679,-406.57841089878855,28.12647055159248,4.549693413077341e-13
3583,70.7726224887781,-407.078372293832,28.1232058273887,A2256W000446,19944,70.77262248877811,-407.0783722938318,28.12320582738872,1.7112135109858138e-13
3584,70.7779087958294,-407.578333688875,28.119941103185,A2256W000446,19945,70.77790879582943,-407.5783336888751,28.11994110318496,1.1718571004216928e-13
3585,70.7831951028808,-408.078295083918,28.1166763789812,A2256W000446,19946,70.78319510288075,-408.07829508391836,28.1166763789812,3.43714720612747e-13
3586,70.7884814099321,-408.578256478962,28.1134116547774,A2256W000446,19947,70.78848140993207,-408.57825647896163,28.11341165477744,3.4224270219716276e-13
3587,70.7937677169834,-409.078217874005,28.1101469305737,A2256W000446,19948,70.7937677169834,-409.0782178740049,28.11014693057368,1.1368683772161603e-13
3588,70.772038590942,-409.577745304002,28.110584836952,A2256W000446,19949,70.77203859094199,-409.57774530400195,28.110584836951983,5.859285502108464e-14
3589,70.7503094649006,-410.077272733999,28.1110227433303,A2256W000446,19950,70.75030946490058,-410.077272733999,28.111022743330285,1.4210854715202004e-14
3590,70.7285803388592,-410.576800163996,28.1114606497086,A2256W000446,19951,70.72858033885917,-410.57680016399604,28.111460649708587,6.355287432313019e-14
3591,70.7068512128178,-411.076327593993,28.1118985560869,A2256W000446,19952,70.70685121281777,-411.0763275939931,28.11189855608689,6.355287432313019e-14
3592,70.6851220867764,-411.57585502399,28.1123364624652,A2256W000446,19953,70.68512208677636,-411.57585502399013,28.11233646246519,1.214175959108492e-13
3593,70.663392960735,-412.075382453987,28.1127743688435,A2256W000446,19954,70.66339296073495,-412.0753824539872,28.112774368843493,1.757785650632539e-13
3594,70.6416638346935,-412.574909883984,28.1132122752218,A2256W000446,19955,70.64166383469355,-412.5749098839842,28.113212275221795,2.31335954426011e-13
3595,70.6199347086521,-413.074437313981,28.1136501816001,A2256W000446,19956,70.61993470865214,-413.07443731398126,28.113650181600097,2.873967505387993e-13
3596,70.5982055826107,-413.573964743978,28.1140880879784,A2256W000446,19957,70.59820558261073,-413.5739647439783,28.1140880879784,2.8563464471519893e-13
3597,70.5612098715865,-414.072593989016,28.1136483614997,A2256W000446,19958,70.5612098715865,-414.07259398901556,28.1136483614997,4.547473508864641e-13
3598,70.5242141605623,-414.571223234053,28.113208635021,A2256W000446,19959,70.52421416056227,-414.5712232340528,28.113208635021,1.7288250917028504e-13
3599,70.487218449538,-415.06985247909,28.1127689085423,A2256W000446,19960,70.48721844953803,-415.06985247909006,28.1127689085423,6.355287432313019e-14
3600,70.4502227385138,-415.568481724127,28.1123291820636,A2256W000446,19961,70.4502227385138,-415.5684817241273,28.1123291820636,2.8421709430404007e-13
3601,70.4132270274896,-416.067110969165,28.1118894555849,A2256W000446,19962,70.41322702748957,-416.06711096916456,28.1118894555849,4.556346636343676e-13
3602,70.3762313164653,-416.565740214202,28.1114497291062,A2256W000446,19963,70.37623131646534,-416.5657402142018,28.1114497291062,1.757785650632539e-13
3603,70.3392356054411,-417.064369459239,28.1110100026275,A2256W000446,19964,70.3392356054411,-417.06436945923906,28.111010002627502,5.684341886080802e-14
3604,70.3022398944169,-417.562998704276,28.1105702761488,A2256W000446,19965,70.30223989441687,-417.5629987042763,28.110570276148803,2.8563464471519893e-13
3605,70.2652441833926,-418.061627949314,28.1101305496701,A2256W000446,19966,70.26524418339264,-418.06162794931356,28.110130549670103,4.567413805031093e-13
3606,70.2122241140618,-418.558808628251,28.1106252615918,A2256W000446,19967,70.2122241140618,-418.5588086282506,28.11062526159177,3.979039320256561e-13
3607,70.159204044731,-419.055989307188,28.1111199735134,A2256W000446,19968,70.15920404473096,-419.0559893071876,28.11111997351344,4.001813022207649e-13
3608,70.1061839754001,-419.553169986125,28.1116146854351,A2256W000446,19969,70.10618397540011,-419.5531699861246,28.111614685435107,3.981576164199481e-13
3609,70.0531639060693,-420.050350665062,28.1121093973568,A2256W000446,19970,70.05316390606927,-420.0503506650616,28.112109397356775,3.989177016483779e-13
3610,70.0001438367384,-420.547531343999,28.1126041092784,A2256W000446,19971,70.00014383673843,-420.5475313439986,28.112604109278443,3.989177016483779e-13
3611,69.9299860322147,-421.042583812698,28.1116367936524,A2256W000446,19972,69.92998603221474,-421.04258381269756,28.111636793652394,4.567413805031093e-13
3612,69.8598282276911,-421.537636281396,28.1106694780263,A2256W000446,19973,69.85982822769105,-421.5376362813965,28.110669478026345,5.133640532957441e-13
3613,69.7896704231674,-422.032688750095,28.1097021624003,A2256W000446,19974,69.78967042316737,-422.0326887500954,28.109702162400296,3.989177016483779e-13
3614,69.7195126186437,-422.527741218794,28.1087348467742,A2256W000446,19975,69.71951261864368,-422.52774121879435,28.108734846774247,3.4224270219716276e-13
3615,69.64935481412,-423.022793687493,28.1077675311482,A2256W000446,19976,69.64935481411999,-423.0227936874933,28.1077675311482,2.8457214390443806e-13
3616,69.5791970095963,-423.517846156192,28.1068002155221,A2256W000446,19977,69.5791970095963,-423.5178461561922,28.10680021552215,2.2737367544323206e-13
3617,69.4965006720253,-424.010960045405,28.1067106723442,A2256W000446,19978,69.49650067202526,-424.0109600454048,28.106710672344196,2.31335954426011e-13
3618,69.4138043344542,-424.504073934617,28.1066211291662,A2256W000446,19979,69.41380433445423,-424.50407393461734,28.106621129166243,3.4224270219716276e-13
3619,69.3311079968832,-424.99718782383,28.1065315859883,A2256W000446,19980,69.33110799688319,-424.9971878238299,28.10653158598829,1.1457157353758233e-13
3620,69.2484116593122,-425.490301713042,28.1064420428103,A2256W000446,19981,69.24841165931215,-425.49030171304247,28.106442042810336,4.567413805031093e-13
3621,69.1657153217411,-425.983415602255,28.1063524996324,A2256W000446,19982,69.16571532174112,-425.98341560225504,28.106352499632383,5.859285502108464e-14
3622,69.0830189841701,-426.476529491468,28.1062629564544,A2256W000446,19983,69.08301898417008,-426.4765294914676,28.10626295645443,3.981576164199481e-13
3623,68.9821696984339,-426.966252927011,28.1068779736931,A2256W000446,19984,68.98216969843392,-426.9662529270109,28.10687797369308,1.1457157353758233e-13
3624,68.8813204126978,-427.455976362554,28.1074929909317,A2256W000446,19985,68.88132041269776,-427.45597636255417,28.107492990931732,1.757785650632539e-13
3625,68.7804711269616,-427.945699798097,28.1081080081704,A2256W000446,19986,68.7804711269616,-427.94569979809745,28.108108008170383,4.547473508864641e-13
3626,68.6796218412254,-428.435423233641,28.108723025409,A2256W000446,19987,68.67962184122544,-428.43542323364073,28.108723025409034,2.873967505387993e-13
3627,68.5787725554893,-428.925146669184,28.1093380426477,A2256W000446,19988,68.57877255548928,-428.925146669184,28.109338042647686,1.4210854715202004e-14
3628,68.4779232697531,-429.414870104727,28.1099530598863,A2256W000446,19989,68.47792326975312,-429.4148701047273,28.109953059886337,2.8457214390443806e-13
3629,68.3672380880086,-429.90245961932,28.1122456132654,A2256W000446,19990,68.36723808800865,-429.90245961932044,28.11224561326536,4.567413805031093e-13
3630,68.2565529062642,-430.390049133914,28.1145381666444,A2256W000446,19991,68.25655290626418,-430.3900491339136,28.114538166644387,3.989177016483779e-13
3631,68.1458677245197,-430.877638648507,28.1168307200234,A2256W000446,19992,68.1458677245197,-430.8776386485067,28.11683072002341,2.8421709430404007e-13
3632,68.0351825427752,-431.3652281631,28.1191232734024,A2256W000446,19993,68.03518254277523,-431.36522816309986,28.119123273402437,1.7288250917028504e-13
3633,67.9244973610308,-431.852817677693,28.1214158267815,A2256W000446,19994,67.92449736103076,-431.852817677693,28.121415826781462,4.263256414560601e-14
3634,67.8041482692631,-432.33811753295,28.1217987088691,A2256W000446,19995,67.80414826926308,-432.3381175329495,28.121798708869104,4.549693413077341e-13
3635,67.6837991774954,-432.823417388206,28.1221815909567,A2256W000446,19996,67.6837991774954,-432.82341738820605,28.122181590956746,5.684341886080802e-14
3636,67.5634500857277,-433.308717243463,28.1225644730444,A2256W000446,19997,67.56345008572772,-433.3087172434626,28.122564473044388,3.989177016483779e-13
3637,67.44310099396,-433.794017098719,28.122947355132,A2256W000446,19998,67.44310099396004,-433.7940170987191,28.12294735513203,1.214175959108492e-13
3638,67.3227519021924,-434.279316953976,28.1233302372197,A2256W000446,19999,67.32275190219237,-434.27931695397564,28.123330237219673,3.4224270219716276e-13
3639,67.2024028104247,-434.764616809232,28.1237131193073,A2256W000446,20000,67.20240281042469,-434.76461680923217,28.123713119307315,1.7112135109858138e-13
3640,67.0615754151893,-435.244347833272,28.1287914384364,A2256W000446,20001,67.06157541518932,-435.2443478332717,28.12879143843639,2.8563464471519893e-13
3641,66.920748019954,-435.724078857311,28.1338697575655,A2256W000446,20002,66.92074801995396,-435.72407885731127,28.133869757565467,2.873967505387993e-13
3642,66.7799206247186,-436.203809881351,28.1389480766945,A2256W000446,20003,66.7799206247186,-436.2038098813508,28.138948076694543,1.7053025658242404e-13
3643,66.6390932294832,-436.68354090539,28.1440263958236,A2256W000446,20004,66.63909322948324,-436.6835409053904,28.14402639582362,4.001813022207649e-13
3644,66.4982658342479,-437.16327192943,28.1491047149527,A2256W000446,20005,66.49826583424787,-437.1632719294299,28.149104714952696,6.355287432313019e-14
3645,66.3574384390125,-437.643002953469,28.1541830340818,A2256W000446,20006,66.35743843901251,-437.6430029534695,28.154183034081772,4.549693413077341e-13
3646,66.2194423644501,-438.123579890812,28.1558832398644,A2256W000446,20007,66.21944236445013,-438.12357989081215,28.1558832398644,1.7288250917028504e-13
3647,66.0814462898878,-438.604156828155,28.157583445647,A2256W000446,20008,66.08144628988775,-438.6041568281548,28.15758344564703,1.757785650632539e-13
3648,65.9434502153254,-439.084733765498,28.1592836514297,A2256W000446,20009,65.94345021532537,-439.0847337654975,28.15928365142966,5.123796534383003e-13
3649,65.805454140763,-439.56531070284,28.1609838572123,A2256W000446,20010,65.80545414076299,-439.5653107028402,28.16098385721229,1.7112135109858138e-13
3650,65.6674580662006,-440.045887640183,28.1626840629949,A2256W000446,20011,65.66745806620061,-440.04588764018285,28.16268406299492,1.7112135109858138e-13
3651,65.5141465558305,-440.521791090176,28.1660733214416,A2256W000446,20012,65.5141465558305,-440.52179109017584,28.16607332144159,1.7053025658242404e-13
3652,65.3608350454604,-440.997694540169,28.1694625798883,A2256W000446,20013,65.36083504546038,-440.9976945401688,28.16946257988826,1.7288250917028504e-13
3653,65.2075235350903,-441.473597990162,28.1728518383349,A2256W000446,20014,65.20752353509026,-441.4735979901618,28.172851838334932,1.757785650632539e-13
3654,65.0542120247201,-441.949501440155,28.1762410967816,A2256W000446,20015,65.05421202472014,-441.9495014401548,28.176241096781602,2.31335954426011e-13
3655,64.897681622559,-442.424357920915,28.1793323553689,A2256W000446,20016,64.89768162255905,-442.42435792091464,28.179332355368945,3.43714720612747e-13
3656,64.741151220398,-442.899214401674,28.1824236139563,A2256W000446,20017,64.74115122039795,-442.8992144016745,28.18242361395629,5.133640532957441e-13
3657,64.5846208182369,-443.374070882434,28.1855148725436,A2256W000446,20018,64.58462081823686,-443.37407088243435,28.18551487254363,3.43714720612747e-13
3658,64.4167566537698,-443.845050255705,28.1852863084861,A2256W000446,20019,64.41675665376978,-443.84505025570485,28.185286308486102,1.7112135109858138e-13
3659,64.2488924893027,-444.316029628975,28.1850577444286,A2256W000446,20020,64.2488924893027,-444.31602962897534,28.185057744428573,3.410605131648481e-13
3660,64.0810283248356,-444.787009002246,28.184829180371,A2256W000446,20021,64.08102832483563,-444.78700900224584,28.184829180371043,1.7288250917028504e-13
3661,63.9131641603686,-445.257988375516,28.1846006163135,A2256W000446,20022,63.91316416036855,-445.25798837551633,28.184600616313514,3.4466816133644055e-13
3662,63.7423252883825,-445.727895156249,28.1859033979563,A2256W000446,20023,63.74232528838252,-445.72789515624896,28.185903397956256,5.859285502108464e-14
3663,63.5714864163965,-446.197801936982,28.187206179599,A2256W000446,20024,63.57148641639648,-446.1978019369816,28.187206179599,3.984744947959471e-13
3664,63.4006475444104,-446.667708717714,28.1885089612417,A2256W000446,20025,63.40064754441045,-446.6677087177142,28.18850896124174,2.327502010382318e-13
3665,63.2298086724244,-447.137615498447,28.1898117428845,A2256W000446,20026,63.22980867242441,-447.13761549844685,28.189811742884483,1.7112135109858138e-13
3666,63.0514457461694,-447.604706900081,28.1933173180046,A2256W000446,20027,63.05144574616945,-447.6047069000813,28.193317318004635,2.8853634865195875e-13
3667,62.8730828199145,-448.071798301716,28.1968228931248,A2256W000446,20028,62.87308281991449,-448.0717983017157,28.196822893124786,2.8457214390443806e-13
3668,62.6947198936595,-448.53888970335,28.2003284682449,A2256W000446,20029,62.694719893659524,-448.53888970335015,28.200328468244937,1.718573603063735e-13
3669,62.5113428269883,-449.004048062066,28.2010719300951,A2256W000446,20030,62.511342826988326,-449.0040480620663,28.201071930095114,3.4224270219716276e-13
3670,62.3279657603171,-449.469206420782,28.2018153919453,A2256W000446,20031,62.32796576031713,-449.4692064207825,28.201815391945292,5.123796534383003e-13
3671,62.1445886936459,-449.934364779499,28.2025588537955,A2256W000446,20032,62.14458869364593,-449.93436477949865,28.20255885379547,3.4224270219716276e-13
3672,61.9612116269747,-450.399523138215,28.2033023156456,A2256W000446,20033,61.96121162697473,-450.3995231382148,28.203302315645647,1.7288250917028504e-13
3673,61.7672694550007,-450.860368040207,28.206202356669,A2256W000446,20034,61.767269455000736,-450.8603680402069,28.206202356669007,1.191086668529821e-13
3674,61.5733272830267,-451.321212942199,28.2091023976924,A2256W000446,20035,61.57332728302674,-451.32121294219894,28.209102397692366,7.105427357601002e-14
3675,61.3793851110527,-451.782057844191,28.2120024387157,A2256W000446,20036,61.37938511105275,-451.782057844191,28.212002438715725,4.973799150320701e-14
3676,61.1854429390788,-452.242902746183,28.2149024797391,A2256W000446,20037,61.185442939078754,-452.24290274618306,28.214902479739084,7.105427357601002e-14
3677,60.9915007671048,-452.703747648175,28.2178025207624,A2256W000446,20038,60.99150076710476,-452.7037476481751,28.217802520762444,1.214175959108492e-13
3678,60.7911865770408,-453.161862439773,28.2200526271043,A2256W000446,20039,60.791186577040776,-453.1618624397727,28.220052627104295,3.4172599772577567e-13
3679,60.5908723869768,-453.61997723137,28.2223027334461,A2256W000446,20040,60.59087238697679,-453.6199772313702,28.222302733446146,2.274846706538671e-13
3680,60.3905581969128,-454.078092022968,28.224552839788,A2256W000446,20041,60.39055819691281,-454.0780920229678,28.224552839787997,2.274846706538671e-13
3681,60.1902440068488,-454.536206814565,28.2268029461298,A2256W000446,20042,60.19024400684882,-454.53620681456533,28.226802946129848,3.4172599772577567e-13
3682,59.9899298167848,-454.994321606163,28.2290530524717,A2256W000446,20043,59.98992981678484,-454.9943216061629,28.2290530524717,1.191086668529821e-13
3683,59.7770184784056,-455.446718248822,28.2315106326679,A2256W000446,20044,59.777018478405644,-455.4467182488219,28.231510632667888,7.105427357601002e-14
3684,59.5641071400265,-455.899114891481,28.2339682128641,A2256W000446,20045,59.56410714002645,-455.89911489148096,28.233968212864077,7.553172887309252e-14
3685,59.3511958016473,-456.35151153414,28.2364257930603,A2256W000446,20046,59.35119580164726,-456.35151153414,28.236425793060267,4.263256414560601e-14
3686,59.1382844632681,-456.803908176799,28.2388833732565,A2256W000446,20047,59.138284463268064,-456.80390817679904,28.238883373256456,6.703246762680666e-14
3687,58.9253731248889,-457.256304819458,28.2413409534526,A2256W000446,20048,58.92537312488887,-457.2563048194581,28.241340953452646,6.355287432313019e-14
3688,58.7124617865097,-457.708701462117,28.2437985336488,A2256W000446,20049,58.71246178650968,-457.7087014621171,28.243798533648835,1.156679772130055e-13
3689,58.4838257709418,-458.153356731093,28.246493743754,A2256W000446,20050,58.48382577094184,-458.1533567310927,28.246493743754034,3.43714720612747e-13
3690,58.255189755374,-458.598012000068,28.2491889538592,A2256W000446,20051,58.255189755374005,-458.59801200006825,28.249188953859232,2.274846706538671e-13
3691,58.0265537398062,-459.042667269044,28.2518841639644,A2256W000446,20052,58.02655373980617,-459.0426672690438,28.25188416396443,1.7288250917028504e-13
3692,57.7979177242383,-459.487322538019,28.2545793740696,A2256W000446,20053,57.79791772423833,-459.4873225380194,28.25457937406963,3.989177016483779e-13
3693,57.5692817086705,-459.931977806995,28.2572745841748,A2256W000446,20054,57.569281708670495,-459.93197780699495,28.257274584174827,5.728578676879116e-14
3694,57.3406456931027,-460.376633075971,28.25996979428,A2256W000446,20055,57.34064569310266,-460.3766330759705,28.259969794280025,4.567413805031093e-13
3695,57.0845474783336,-460.80605793985,28.2627965722633,A2256W000446,20056,57.08454747833358,-460.80605793985046,28.262796572263316,4.549693413077341e-13
3696,56.8284492635645,-461.23548280373,28.2656233502466,A2256W000446,20057,56.82844926356451,-461.2354828037304,28.265623350246607,3.979673682846523e-13
3697,56.5723510487954,-461.66490766761,28.2684501282299,A2256W000446,20058,56.57235104879543,-461.66490766761035,28.268450128229897,3.429058924670487e-13
3698,56.3162528340264,-462.09433253149,28.2712769062132,A2256W000446,20059,56.31625283402636,-462.0943325314903,28.27127690621319,2.873967505387993e-13
3699,56.0601546192573,-462.52375739537,28.2741036841965,A2256W000446,20060,56.06015461925728,-462.52375739537024,28.27410368419648,2.278173318171838e-13
3700,55.7778838408647,-462.936457873778,28.2753376971169,A2256W000446,20061,55.77788384086466,-462.93645787377767,28.275337697116946,3.43714720612747e-13
3701,55.495613062472,-463.349158352185,28.2765717100374,A2256W000446,20062,55.49561306247204,-463.3491583521851,28.276571710037413,1.191086668529821e-13
3702,55.2133422840794,-463.761858830593,28.2778057229579,A2256W000446,20063,55.21334228407942,-463.76185883059253,28.27780572295788,4.549693413077341e-13
3703,54.9310715056868,-464.174559309,28.2790397358783,A2256W000446,20064,54.931071505686795,-464.17455930899996,28.279039735878346,5.728578676879116e-14
3704,54.6266301368043,-464.571189208066,28.2786201175383,A2256W000446,20065,54.62663013680425,-464.5711892080663,28.278620117538313,2.8853634865195875e-13
3705,54.3221887679217,-464.967819107133,28.2782004991983,A2256W000446,20066,54.32218876792171,-464.96781910713264,28.27820049919828,3.411345200037716e-13
3706,54.0177473990392,-465.364449006199,28.2777808808582,A2256W000446,20067,54.017747399039166,-465.364449006199,28.27778088085825,3.552713678800501e-14
3707,53.7133060301566,-465.761078905265,28.2773612625182,A2256W000446,20068,53.71330603015662,-465.7610789052653,28.277361262518216,3.4172599772577567e-13
3708,53.3926101291647,-466.144685571517,28.277106911401,A2256W000446,20069,53.39261012916466,-466.1446855715167,28.277106911401027,3.43714720612747e-13
3709,53.0719142281727,-466.528292237768,28.2768525602838,A2256W000446,20070,53.071914228172695,-466.528292237768,28.27685256028384,7.105427357601002e-15
3710,52.7512183271807,-466.911898904019,28.2765982091667,A2256W000446,20071,52.75121832718073,-466.9118989040194,28.27659820916665,3.989177016483779e-13
3711,52.4305224261888,-467.295505570271,28.2763438580495,A2256W000446,20072,52.430522426188766,-467.29550557027073,28.27634385804946,2.864289338439558e-13
3712,52.1098265251968,-467.679112236522,28.2760895069323,A2256W000446,20073,52.1098265251968,-467.6791122365221,28.276089506932273,1.1368683772161603e-13
3713,51.7891306242048,-468.062718902773,28.2758351558151,A2256W000446,20074,51.78913062420484,-468.06271890277344,28.275835155815084,4.561330185226789e-13
3714,51.4541992676414,-468.433960610545,28.2765972593136,A2256W000446,20075,51.454199267641414,-468.4339606105446,28.276597259313647,3.981576164199481e-13
3715,51.119267911078,-468.805202318316,28.2773593628122,A2256W000446,20076,51.11926791107799,-468.80520231831576,28.27735936281221,2.274846706538671e-13
3716,50.7843365545146,-469.176444026087,28.2781214663108,A2256W000446,20077,50.78433655451457,-469.1764440260869,28.278121466310772,6.703246762680666e-14
3717,50.4494051979511,-469.547685733858,28.2788835698093,A2256W000446,20078,50.449405197951144,-469.5476857338581,28.278883569809334,1.214175959108492e-13
3718,50.1144738413877,-469.918927441629,28.2796456733079,A2256W000446,20079,50.11447384138772,-469.91892744162925,28.279645673307897,2.2837069025155467e-13
3719,49.7795424848243,-470.2901691494,28.2804077768065,A2256W000446,20080,49.7795424848243,-470.2901691494004,28.28040777680646,3.979039320256561e-13
3720,49.4358859314251,-470.653348205099,28.2814786677436,A2256W000446,20081,49.43588593142511,-470.6533482050994,28.281478667743553,3.981576164199481e-13
3721,49.0922293780259,-471.016527260798,28.2825495586806,A2256W000446,20082,49.09222937802593,-471.0165272607984,28.282549558680646,3.989177016483779e-13
3722,48.7485728246267,-471.379706316497,28.2836204496177,A2256W000446,20083,48.74857282462674,-471.3797063164974,28.28362044961774,4.001813022207649e-13
3723,48.4049162712276,-471.742885372196,28.2846913405548,A2256W000446,20084,48.404916271227556,-471.7428853721964,28.284691340554833,4.001813022207649e-13
3724,48.0612597178284,-472.106064427895,28.2857622314919,A2256W000446,20085,48.06125971782837,-472.1060644278954,28.285762231491926,3.989177016483779e-13
3725,47.7176031644292,-472.469243483594,28.286833122429,A2256W000446,20086,47.717603164429185,-472.46924348359437,28.28683312242902,3.4135644425146874e-13
3726,47.3666132619668,-472.825341693984,28.2872241808027,A2256W000446,20087,47.36661326196679,-472.8253416939841,28.287224180802674,1.139086659085919e-13
3727,47.0156233595044,-473.181439904374,28.2876152391763,A2256W000446,20088,47.015623359504396,-473.18143990437386,28.28761523917633,1.139086659085919e-13
3728,46.664633457042,-473.537538114764,28.28800629755,A2256W000446,20089,46.664633457042,-473.5375381147636,28.288006297549984,3.979039320256561e-13
3729,46.3136435545796,-473.893636325153,28.2883973559236,A2256W000446,20090,46.313643554579606,-473.89363632515335,28.28839735592364,3.411345200037716e-13
3730,45.9626536521172,-474.249734535543,28.2887884142973,A2256W000446,20091,45.96265365211721,-474.2497345355431,28.288788414297294,1.1457157353758233e-13
3731,45.6116637496548,-474.605832745933,28.2891794726709,A2256W000446,20092,45.61166374965482,-474.60583274593284,28.28917947267095,1.7112135109858138e-13
3732,45.2537816911048,-474.955002351146,28.2901889096292,A2256W000446,20093,45.25378169110478,-474.95500235114645,28.29018890962921,4.552466771099645e-13
3733,44.8958996325547,-475.30417195636,28.2911983465875,A2256W000446,20094,44.89589963255474,-475.30417195636005,28.291198346587475,6.703246762680666e-14
3734,44.5380175740047,-475.653341561574,28.2922077835457,A2256W000446,20095,44.5380175740047,-475.65334156157365,28.292207783545738,3.410605131648481e-13
3735,44.1801355154547,-476.002511166787,28.293217220504,A2256W000446,20096,44.18013551545466,-476.00251116678726,28.293217220504,2.873967505387993e-13
3736,43.8222534569046,-476.351680772001,28.2942266574623,A2256W000446,20097,43.82225345690462,-476.35168077200086,28.294226657462264,1.156679772130055e-13
3737,43.7615107829915,-476.410944696981,28.2943979873698,A2256W000448,4951,43.761510782991536,-476.41094469698146,28.294397987369784,4.561330185226789e-13
3738,43.3934562909212,-476.749370359262,28.2963884588015,A2256W000448,4952,43.393456290921186,-476.74937035926246,28.296388458801477,4.549693413077341e-13
3739,43.0254017988508,-477.087796021543,28.2983789302332,A2256W000448,4953,43.02540179885084,-477.08779602154345,28.29837893023317,4.561330185226789e-13
3740,42.6573473067805,-477.426221683824,28.3003694016649,A2256W000448,4954,42.65734730678049,-477.42622168382445,28.300369401664863,4.549693413077341e-13
3741,42.2892928147101,-477.764647346105,28.3023598730966,A2256W000448,4955,42.28929281471014,-477.76464734610545,28.302359873096556,4.561330185226789e-13
3742,41.9212383226398,-478.103073008386,28.3043503445282,A2256W000448,4956,41.92123832263979,-478.10307300838645,28.30435034452825,4.549693413077341e-13
3743,41.5427005422485,-478.42973570587,28.3051446300133,A2256W000448,4957,41.54270054224852,-478.4297357058697,28.305144630013253,2.850153339314201e-13
3744,41.1641627618572,-478.756398403353,28.3059389154983,A2256W000448,4958,41.16416276185725,-478.75639840335293,28.305938915498256,7.553172887309252e-14
3745,40.785624981466,-479.083061100836,28.3067332009833,A2256W000448,4959,40.78562498146598,-479.0830611008362,28.30673320098326,1.718573603063735e-13
3746,40.4070872010747,-479.409723798319,28.3075274864683,A2256W000448,4960,40.40708720107471,-479.4097237983194,28.307527486468263,3.979673682846523e-13
3747,40.0285494206834,-479.736386495803,28.3083217719533,A2256W000448,4961,40.02854942068344,-479.73638649580266,28.308321771953267,3.43714720612747e-13
3748,39.6500116402922,-480.063049193286,28.3091160574383,A2256W000448,4962,39.65001164029217,-480.0630491932859,28.30911605743827,1.1718571004216928e-13
3749,39.2594435057024,-480.375229475011,28.3090532462543,A2256W000448,4963,39.25944350570239,-480.37522947501077,28.309053246254265,2.274846706538671e-13
3750,38.8688753711126,-480.687409756736,28.3089904350703,A2256W000448,4964,38.868875371112615,-480.68740975673563,28.30899043507026,3.4135644425146874e-13
3751,38.4783072365228,-480.99959003846,28.3089276238863,A2256W000448,4965,38.47830723652284,-480.9995900384605,28.308927623886255,5.128228672153378e-13
3752,38.0877391019331,-481.311770320185,28.3088648127023,A2256W000448,4966,38.08773910193306,-481.31177032018536,28.30886481270225,3.43714720612747e-13
3753,37.6971709673433,-481.62395060191,28.3088020015182,A2256W000448,4967,37.69717096734328,-481.6239506019102,28.308802001518245,2.278173318171838e-13
3754,37.3066028327535,-481.936130883635,28.3087391903342,A2256W000448,4968,37.306602832753505,-481.9361308836351,28.30873919033424,1.139086659085919e-13
3755,36.9160346981637,-482.24831116536,28.3086763791502,A2256W000448,4969,36.91603469816373,-482.24831116535995,28.308676379150235,6.355287432313019e-14
3756,36.5165577725886,-482.549005314414,28.3097784942772,A2256W000448,4970,36.516557772588634,-482.549005314414,28.309778494277197,3.552713678800501e-14
3757,36.1170808470135,-482.849699463468,28.3108806094042,A2256W000448,4971,36.11708084701354,-482.849699463468,28.31088060940416,4.263256414560601e-14
3758,35.7176039214384,-483.150393612522,28.3119827245311,A2256W000448,4972,35.717603921438446,-483.15039361252207,28.31198272453112,7.105427357601002e-14
3759,35.3181269958634,-483.451087761576,28.3130848396581,A2256W000448,4973,35.31812699586335,-483.4510877615761,28.31308483965808,1.2409095402129096e-13
3760,34.9186500702883,-483.75178191063,28.314186954785,A2256W000448,4974,34.91865007028826,-483.75178191063014,28.314186954785043,1.757785650632539e-13
3761,34.5191731447132,-484.052476059684,28.315289069912,A2256W000448,4975,34.519173144713164,-484.0524760596842,28.315289069912005,1.7419169285135556e-13
3762,34.1196962191381,-484.353170208738,28.316391185039,A2256W000448,4976,34.11969621913807,-484.3531702087382,28.316391185038967,2.2914314707516465e-13
3763,33.7173818256814,-484.650047421056,28.3137360722774,A2256W000448,4977,33.71738182568144,-484.65004742105646,28.313736072277422,4.567413805031093e-13
3764,33.3150674322248,-484.946924633375,28.3110809595159,A2256W000448,4978,33.315067432224815,-484.9469246333747,28.311080959515877,2.8457214390443806e-13
3765,32.9127530387682,-485.243801845693,28.3084258467543,A2256W000448,4979,32.91275303876819,-485.24380184569293,28.308425846754332,5.859285502108464e-14
3766,32.5104386453116,-485.540679058011,28.3057707339928,A2256W000448,4980,32.51043864531156,-485.54067905801116,28.305770733992787,1.757785650632539e-13
3767,32.1081242518549,-485.837556270329,28.3031156212312,A2256W000448,4981,32.10812425185493,-485.8375562703294,28.303115621231242,3.989177016483779e-13
3768,31.7058098583983,-486.134433482648,28.3004605084697,A2256W000448,4982,31.705809858398304,-486.13443348264764,28.300460508469698,3.4107901638000697e-13
3769,31.2993146674106,-486.425572000607,28.3006123787154,A2256W000448,4983,31.29931466741062,-486.42557200060656,28.300612378715424,4.552466771099645e-13
3770,30.8928194764229,-486.716710518565,28.3007642489612,A2256W000448,4984,30.892819476422936,-486.7167105185655,28.30076424896115,5.128228672153378e-13
3771,30.4863242854353,-487.007849036524,28.3009161192069,A2256W000448,4985,30.486324285435252,-487.0078490365244,28.300916119206878,4.005753599626362e-13
3772,30.0798290944476,-487.298987554483,28.3010679894526,A2256W000448,4986,30.079829094447568,-487.29898755448335,28.301067989452605,3.42556035377332e-13
3773,29.6733339034599,-487.590126072442,28.3012198596983,A2256W000448,4987,29.673333903459884,-487.5901260724423,28.30121985969833,2.8457214390443806e-13
3774,29.5893558430835,-487.650272535626,28.3012512346542,A2256W000448,4988,29.589355843083467,-487.65027253562585,28.30125123465416,1.7350196581950825e-13
3775,29.1751231705031,-487.930292700162,28.301230740792,A2256W000126,42017,29.175123170503078,-487.9302927001621,28.301230740792043,1.156679772130055e-13
3776,28.7608904979227,-488.210312864698,28.3012102469299,A2256W000126,42018,28.760890497922688,-488.2103128646984,28.301210246929926,3.9804664939153777e-13
3777,28.3466578253423,-488.490333029235,28.3011897530678,A2256W000126,42019,28.346657825342298,-488.49033302923465,28.30118975306781,3.4107901638000697e-13
3778,27.9324251527619,-488.770353193771,28.3011692592057,A2256W000126,42020,27.93242515276191,-488.7703531937709,28.301169259205693,5.728578676879116e-14
3779,27.5139744270923,-489.044029991312,28.3011432911149,A2256W000126,42021,27.513974427092307,-489.04402999131185,28.301143291114915,1.7067822212573437e-13
3780,27.0955237014227,-489.317706788853,28.3011173230241,A2256W000126,42022,27.095523701422707,-489.3177067888528,28.301117323024137,2.274846706538671e-13
3781,26.6770729757531,-489.591383586394,28.3010913549334,A2256W000126,42023,26.677072975753106,-489.5913835863937,28.30109135493336,2.8430589827255737e-13
3782,26.2586222500835,-489.865060383935,28.3010653868426,A2256W000126,42024,26.258622250083505,-489.86506038393463,28.30106538684258,3.4107901638000697e-13
3783,25.8401715244139,-490.138737181476,28.3010394187518,A2256W000126,42025,25.840171524413904,-490.13873718147556,28.301039418751802,4.547612284625202e-13
3784,25.4180132409612,-490.406659402916,28.3012982055676,A2256W000126,42026,25.41801324096115,-490.40665940291603,28.301298205567587,7.553172887309252e-14
3785,24.9958549575084,-490.674581624357,28.3015569923834,A2256W000126,42027,24.9958549575084,-490.6745816243565,28.30155699238337,5.115907697472721e-13
3786,24.5736966740556,-490.942503845797,28.3018157791992,A2256W000126,42028,24.573696674055647,-490.942503845797,28.301815779199156,4.618527782440651e-14
3787,24.1515383906029,-491.210426067237,28.3020745660149,A2256W000126,42029,24.151538390602894,-491.21042606723745,28.30207456601494,4.548028586499771e-13
3788,23.7226201685188,-491.467386980361,28.3025724523162,A2256W000126,42030,23.722620168518755,-491.46738698036125,28.30257245231617,2.3201695664817656e-13
3789,23.2937019464346,-491.724347893485,28.3030703386174,A2256W000126,42031,23.293701946434616,-491.72434789348506,28.3030703386174,5.955433342649105e-14
3790,22.8647837243505,-491.981308806609,28.3035682249186,A2256W000126,42032,22.864783724350477,-491.98130880660887,28.303568224918628,1.156679772130055e-13
3791,22.4358655022663,-492.238269719733,28.3040661112199,A2256W000126,42033,22.43586550226634,-492.23826971973267,28.304066111219857,3.432921617992135e-13
3792,22.0069472801822,-492.495230632856,28.3045639975211,A2256W000126,42034,22.0069472801822,-492.4952306328565,28.304563997521086,4.547473508864641e-13
3793,21.5780290580981,-492.75219154598,28.3050618838223,A2256W000126,42035,21.57802905809806,-492.7521915459803,28.305061883822315,2.8689125362607255e-13
3794,21.1445144765116,-493.001315924434,28.306528721295,A2256W000126,42036,21.144514476511578,-493.0013159244335,28.306528721295024,4.552466771099645e-13
3795,20.7109998949251,-493.250440302887,28.3079955587677,A2256W000126,42037,20.710999894925095,-493.2504403028868,28.307995558767733,2.2740142932498854e-13
3796,20.2774853133386,-493.49956468134,28.3094623962404,A2256W000126,42038,20.277485313338612,-493.49956468134,28.30946239624044,1.0658141036401503e-14
3797,19.8439707317521,-493.748689059793,28.3109292337131,A2256W000126,42039,19.84397073175213,-493.74868905979326,28.31092923371315,2.8563464471519893e-13
3798,19.4104561501656,-493.997813438247,28.3123960711859,A2256W000126,42040,19.410456150165647,-493.9978134382465,28.31239607118586,5.136712913705846e-13
3799,18.9769415685792,-494.2469378167,28.3138629086586,A2256W000126,42041,18.976941568579164,-494.24693781669976,28.313862908658567,2.3013249603851656e-13
3800,18.5434269869927,-494.496062195153,28.3153297461313,A2256W000126,42042,18.54342698699268,-494.496062195153,28.315329746131276,1.7763568394002505e-14
3801,18.1049059277712,-494.736263625095,28.3169277677713,A2256W000126,42043,18.104905927771206,-494.73626362509486,28.316927767771343,1.139086659085919e-13
3802,17.6663848685497,-494.976465055037,28.3185257894114,A2256W000126,42044,17.66638486854973,-494.9764650550367,28.31852578941141,2.8601000057305346e-13
3803,17.2278638093283,-495.216666484979,28.3201238110515,A2256W000126,42045,17.227863809328255,-495.2166664849786,28.320123811051477,4.005753599626362e-13
3804,16.7893427501068,-495.45686791492,28.3217218326915,A2256W000126,42046,16.78934275010678,-495.45686791492045,28.321721832691544,4.552466771099645e-13
3805,16.3508216908853,-495.697069344862,28.3233198543316,A2256W000126,42047,16.350821690885304,-495.6970693448623,28.32331985433161,3.4107901638000697e-13
3806,15.9123006316638,-495.937270774804,28.3249178759717,A2256W000126,42048,15.91230063166383,-495.9372707748042,28.32491787597168,1.7318340456436022e-13
3807,15.4737795724424,-496.177472204746,28.3265158976117,A2256W000126,42049,15.473779572442357,-496.17747220474604,28.326515897611745,7.105427357601002e-14
3808,15.0331809425838,-496.41384506227,28.3273641856814,A2256W000126,42050,15.033180942583831,-496.4138450622702,28.327364185681358,1.7350196581950825e-13
3809,14.5925823127253,-496.650217919794,28.328212473751,A2256W000126,42051,14.592582312725305,-496.65021791979433,28.32821247375097,3.4110214398748283e-13
3810,14.1519836828668,-496.886590777318,28.3290607618206,A2256W000126,42052,14.15198368286678,-496.8865907773185,28.329060761820582,4.552466771099645e-13
3811,13.7113850530083,-497.122963634843,28.3299090498902,A2256W000126,42053,13.711385053008254,-497.1229636348426,28.329909049890194,4.005753599626362e-13
3812,13.2707864231497,-497.359336492367,28.3307573379598,A2256W000126,42054,13.270786423149728,-497.35933649236677,28.330757337959806,2.2914314707516465e-13
3813,12.8301877932912,-497.595709349891,28.3316056260294,A2256W000126,42055,12.830187793291202,-497.5957093498909,28.33160562602942,1.1370071466249427e-13
3814,12.3895891634327,-497.832082207415,28.332453914099,A2256W000126,42056,12.389589163432676,-497.83208220741506,28.33245391409903,6.135506694409735e-14
3815,11.9494041103388,-498.069223557038,28.3335024042148,A2256W000126,42057,11.949404110338762,-498.0692235570384,28.333502404214766,3.998184260811223e-13
3816,11.5092190572448,-498.306364906662,28.3345508943305,A2256W000126,42058,11.509219057244847,-498.30636490666177,28.3345508943305,2.3201695664817656e-13
3817,11.0690340041509,-498.543506256285,28.3355993844462,A2256W000126,42059,11.069034004150932,-498.5435062562851,28.335599384446237,1.180976748471683e-13
3818,10.628848951057,-498.780647605908,28.336647874562,A2256W000126,42060,10.628848951057018,-498.7806476059085,28.336647874561972,5.118990721350204e-13
3819,10.1886638979631,-499.017788955532,28.3376963646777,A2256W000126,42061,10.188663897963103,-499.01778895553184,28.337696364677708,1.705672600018858e-13
3820,9.74847884486919,-499.254930305155,28.3387448547934,A2256W000126,42062,9.748478844869188,-499.2549303051552,28.338744854793443,1.7053950819000348e-13
3821,9.30829379177527,-499.492071654779,28.3397933449092,A2256W000126,42063,9.308293791775274,-499.49207165477856,28.33979334490918,4.547612284625202e-13
3822,8.86789536516462,-499.728816504683,28.3408430507614,A2256W000126,42064,8.867895365164621,-499.72881650468344,28.34084305076139,4.547508203201813e-13
3823,8.42749693855397,-499.965561354588,28.3418927566136,A2256W000126,42065,8.427496938553968,-499.9655613545883,28.3418927566136,3.410651390627462e-13
3824,7.98709851194332,-500.202306204493,28.3429424624658,A2256W000126,42066,7.987098511943316,-500.2023062044932,28.34294246246581,1.705880708979907e-13
3825,7.54670008533266,-500.439051054398,28.343992168318,A2256W000126,42067,7.546700085332663,-500.4390510543981,28.34399216831802,5.695433295429594e-14
3826,7.10630165872201,-500.675795904303,28.3450418741702,A2256W000126,42068,7.1063016587220105,-500.67579590430296,28.34504187417023,5.685035733124713e-14
3827,6.66590323211136,-500.912540754208,28.3460915800224,A2256W000126,42069,6.665903232111358,-500.91254075420784,28.346091580022442,1.7053950819000348e-13
3828,6.22550480550071,-501.149285604113,28.3471412858747,A2256W000126,42070,6.225504805500705,-501.1492856041127,28.347141285874653,2.842517866562357e-13
3829,5.7843996013416,-501.384702728595,28.3493720625128,A2256W000126,42071,5.784399601341603,-501.3847027285947,28.349372062512753,3.410709213468901e-13
3830,5.3432943971825,-501.620119853077,28.3516028391509,A2256W000126,42072,5.3432943971825,-501.62011985307663,28.351602839150853,3.410605131648481e-13
3831,4.9021891930234,-501.855536977559,28.353833615789,A2256W000126,42073,4.902189193023398,-501.8555369775586,28.353833615788954,3.9790789708813125e-13
3832,4.4610839888643,-502.090954102041,28.3560643924271,A2256W000126,42074,4.461083988864296,-502.09095410204054,28.356064392427054,4.547690344129506e-13
3833,4.01997878470519,-502.326371226522,28.3582951690652,A2256W000126,42075,4.019978784705193,-502.3263712265225,28.358295169065155,5.116031054099358e-13
3834,3.57887358054609,-502.561788351004,28.3605259457033,A2256W000126,42076,3.578873580546091,-502.56178835100445,28.360525945703255,4.547482182473749e-13
3835,3.13776837638699,-502.797205475486,28.3627567223414,A2256W000126,42077,3.1377683763869886,-502.7972054754864,28.362756722341356,3.9790616237816007e-13
3836,2.69826372491203,-503.035589663429,28.3656961561227,A2256W000126,42078,2.6982637249120276,-503.0355896634287,28.36569615612268,2.842257677890751e-13
3837,2.25875907343707,-503.273973851371,28.368635589904,A2256W000126,42079,2.2587590734370666,-503.273973851371,28.368635589904006,3.552713678800501e-15
3838,1.81925442196211,-503.512358039313,28.3715750236853,A2256W000126,42080,1.8192544219621056,-503.5123580393133,28.37157502368533,2.842517866562357e-13
3839,1.37974977048714,-503.750742227256,28.3745144574667,A2256W000126,42081,1.3797497704871446,-503.7507422272556,28.374514457466656,3.9793125298244435e-13
3840,0.940245119012184,-503.989126415198,28.377453891248,A2256W000126,42082,0.9402451190121838,-503.9891264151979,28.37745389124798,5.684385254002266e-14
3841,0.500740467537223,-504.22751060314,28.3803933250293,A2256W000126,42083,0.5007404675372229,-504.2275106031402,28.380393325029306,2.2737370254828476e-13
3842,0.0620084898638762,-504.467317832941,28.3829903044598,A2256W000126,42084,0.06200848986387619,-504.46731783294086,28.38299030445979,1.1368683793337427e-13
3843,-0.376723487809471,-504.707125062742,28.3855872838903,A2256W000126,42085,-0.3767234878094705,-504.7071250627415,28.38558728389027,5.115910136927028e-13
3844,-0.815455465482817,-504.946932292542,28.3881842633208,A2256W000126,42086,-0.8154554654828172,-504.94693229254216,28.388184263320753,1.7053040114265243e-13
3845,-1.25418744315616,-505.186739522343,28.3907812427512,A2256W000126,42087,-1.254187443156164,-505.1867395223428,28.390781242751235,1.7057708768588501e-13
3846,-1.69291942082951,-505.426546752143,28.3933782221817,A2256W000126,42088,-1.6929194208295106,-505.42654675214345,28.393378222181717,4.5474783877718e-13
3847,-2.13165139850286,-505.666353981944,28.3959752016122,A2256W000126,42089,-2.131651398502857,-505.6663539819441,28.3959752016122,1.1371805845725668e-13
3848,-2.5703833761762,-505.906161211745,28.3985721810427,A2256W000126,42090,-2.5703833761762036,-505.90616121174475,28.39857218104268,2.2740142932498854e-13
3849,-3.00998336108432,-506.144375353291,28.4009962346626,A2256W000126,42091,-3.0099833610843167,-506.1443753532915,28.40099623466264,4.547579759436286e-13
3850,-3.44958334599243,-506.382589494838,28.4034202882826,A2256W000126,42092,-3.44958334599243,-506.3825894948382,28.403420288282597,2.2737367544323206e-13
3851,-3.88918333090054,-506.620803636385,28.4058443419026,A2256W000126,42093,-3.889183330900543,-506.62080363638495,28.405844341902554,5.692835685204889e-14
3852,-4.32878331580866,-506.859017777932,28.4082683955225,A2256W000126,42094,-4.328783315808656,-506.8590177779317,28.408268395522512,3.4107901638000697e-13
3853,-4.76838330071677,-507.097231919478,28.4106924491425,A2256W000126,42095,-4.76838330071677,-507.0972319194784,28.41069244914247,3.979039320256561e-13
3854,-5.20798328562488,-507.335446061025,28.4131165027624,A2256W000126,42096,-5.207983285624883,-507.33544606102515,28.413116502762428,1.705672600018858e-13
3855,-5.64799448473366,-507.572896159506,28.415872476368,A2256W000126,42097,-5.64799448473366,-507.57289615950555,28.41587247636801,4.547473508864641e-13
3856,-6.08800568384244,-507.810346257986,28.4186284499736,A2256W000126,42098,-6.088005683842437,-507.81034625798594,28.41862844997359,5.695433295429594e-14
3857,-6.52801688295121,-508.047796356466,28.4213844235792,A2256W000126,42099,-6.5280168829512135,-508.04779635646634,28.42138442357917,3.4107901638000697e-13
3858,-6.96802808205999,-508.285246454947,28.4241403971848,A2256W000126,42100,-6.96802808205999,-508.28524645494673,28.42414039718475,2.8421709430404007e-13
3859,-7.40803928116877,-508.522696553427,28.4268963707903,A2256W000126,42101,-7.408039281168767,-508.5226965534271,28.42689637079033,1.1371805845725668e-13
3860,-7.84805048027754,-508.760146651908,28.4296523443959,A2256W000126,42102,-7.848050480277544,-508.7601466519075,28.42965234439591,4.547612284625202e-13
3861,-8.28756111467444,-508.998532184957,28.4313076040644,A2256W000126,42103,-8.287561114674437,-508.9985321849574,28.431307604064354,3.97919792038498e-13
3862,-8.72707174907133,-509.236917718007,28.4329628637328,A2256W000126,42104,-8.72707174907133,-509.2369177180073,28.432962863732797,2.8421709430404007e-13
3863,-9.16658238346822,-509.475303251057,28.4346181234012,A2256W000126,42105,-9.166582383468223,-509.4753032510572,28.43461812340124,1.7053950819000348e-13
3864,-9.60609301786512,-509.713688784107,28.4362733830697,A2256W000126,42106,-9.606093017865115,-509.7136887841071,28.436273383069683,1.1381166927749112e-13
3865,-10.045603652262,-509.952074317157,28.4379286427381,A2256W000126,42107,-10.045603652262008,-509.952074317157,28.437928642738125,7.105427357601002e-15
3866,-10.4851142866589,-510.190459850207,28.4395839024066,A2256W000126,42108,-10.4851142866589,-510.1904598502069,28.439583902406568,1.1368683772161603e-13
3867,-10.9250988991637,-510.427970813842,28.4410271322277,A2256W000126,42109,-10.925098899163691,-510.42797081384157,28.44102713222773,4.548340787900342e-13
3868,-11.3650835116685,-510.665481777476,28.4424703620489,A2256W000126,42110,-11.365083511668482,-510.66548177747626,28.442470362048894,2.847716647714797e-13
3869,-11.8050681241733,-510.902992741111,28.4439135918701,A2256W000126,42111,-11.805068124173273,-510.90299274111095,28.443913591870057,6.277857184170547e-14
3870,-12.2450527366781,-511.140503704746,28.4453568216912,A2256W000126,42112,-12.245052736678064,-511.14050370474564,28.44535682169122,3.429058924670487e-13
3871,-12.6850373491829,-511.37801466838,28.4468000515124,A2256W000126,42113,-12.685037349182855,-511.37801466838033,28.446800051512383,3.441734352444813e-13
3872,-13.1250219616876,-511.615525632015,28.4482432813335,A2256W000126,42114,-13.125021961687645,-511.615525632015,28.448243281333546,4.618527782440651e-14
3873,-13.5638623756418,-511.855148398595,28.4483875624078,A2256W000126,42115,-13.563862375641763,-511.85514839859525,28.44838756240781,2.3041340872738743e-13
3874,-14.0027027895959,-512.094771165175,28.4485318434821,A2256W000126,42116,-14.002702789595881,-512.0947711651754,28.448531843482073,4.551669603743047e-13
3875,-14.44154320355,-512.334393931756,28.4486761245563,A2256W000126,42117,-14.44154320355,-512.3343939317556,28.448676124556336,4.547473508864641e-13
3876,-14.8803836175041,-512.574016698336,28.4488204056306,A2256W000126,42118,-14.880383617504117,-512.5740166983358,28.4488204056306,2.2806650926133947e-13
3877,-15.3192240314582,-512.813639464916,28.4489646867049,A2256W000126,42119,-15.319224031458235,-512.8136394649159,28.448964686704862,1.191086668529821e-13
3878,-15.7580644454124,-513.053262231496,28.4491089677791,A2256W000126,42120,-15.758064445412353,-513.0532622314961,28.449108967779125,1.227101338881947e-13
3879,-16.1976787324528,-513.29146222318,28.4489025905711,A2256W000126,42121,-16.197678732452793,-513.2914622231804,28.44890259057113,3.411345200037716e-13
3880,-16.6372930194932,-513.529662214865,28.4486962133631,A2256W000126,42122,-16.637293019493235,-513.5296622148646,28.448696213363135,3.429058924670487e-13
3881,-17.0769073065337,-513.767862206549,28.4484898361551,A2256W000126,42123,-17.076907306533677,-513.7678622065489,28.44848983615514,1.156679772130055e-13
3882,-17.5165215935741,-514.006062198233,28.4482834589471,A2256W000126,42124,-17.51652159357412,-514.0060621982332,28.448283458947145,1.1506624801925828e-13
3883,-17.9561358806146,-514.244262189917,28.4480770817392,A2256W000126,42125,-17.95613588061456,-514.2442621899174,28.44807708173915,4.564234742547372e-13
3884,-18.3964929045033,-514.481086176248,28.4483787612416,A2256W000126,42126,-18.396492904503262,-514.4810861762477,28.44837876124158,3.432921617992135e-13
3885,-18.836849928392,-514.717910162578,28.448680440744,A2256W000126,42127,-18.836849928391963,-514.7179101625779,28.448680440744013,1.191086668529821e-13
3886,-19.2772069522807,-514.954734148908,28.4489821202464,A2256W000126,42128,-19.277206952280665,-514.9547341489082,28.448982120246445,2.3013249603851656e-13
3887,-19.7175639761694,-515.191558135238,28.4492837997489,A2256W000126,42129,-19.717563976169366,-515.1915581352384,28.449283799748876,4.561330185226789e-13
3888,-20.1579210000581,-515.428382121569,28.4495854792513,A2256W000126,42130,-20.157921000058067,-515.4283821215687,28.449585479251308,3.42556035377332e-13
3889,-20.5982780239468,-515.665206107899,28.4498871587537,A2256W000126,42131,-20.59827802394677,-515.6652061078989,28.44988715875374,1.180976748471683e-13
3890,-21.0389887271753,-515.901370613473,28.449252834847,A2256W000126,42132,-21.03898872717531,-515.9013706134729,28.449252834847012,1.1418534512577734e-13
3891,-21.4796994304039,-516.137535119047,28.4486185109403,A2256W000126,42133,-21.479699430403855,-516.1375351190468,28.448618510940285,2.3201695664817656e-13
3892,-21.9204101336324,-516.373699624621,28.4479841870336,A2256W000126,42134,-21.920410133632398,-516.3736996246207,28.44798418703356,3.4107901638000697e-13
3893,-22.3611208368609,-516.609864130195,28.4473498631268,A2256W000126,42135,-22.36112083686094,-516.6098641301946,28.44734986312683,3.43714720612747e-13
3894,-22.8040989417932,-516.841747172556,28.4465416453001,A2256W000126,42136,-22.804098941793246,-516.8417471725555,28.446541645300137,4.570866799918529e-13
3895,-23.2470770467256,-517.073630214916,28.4457334274734,A2256W000126,42137,-23.24707704672555,-517.0736302149164,28.445733427473442,4.574593106900657e-13
3896,-23.6900551516579,-517.305513257277,28.4449252096467,A2256W000126,42138,-23.690055151657855,-517.3055132572773,28.444925209646748,3.441734352444813e-13
3897,-24.1330332565902,-517.537396299638,28.4441169918201,A2256W000126,42139,-24.13303325659016,-517.5373962996382,28.444116991820053,2.307076569970579e-13
3898,-24.5729187505831,-517.775093232832,28.4431577604235,A2256W000126,42140,-24.57291875058314,-517.7750932328319,28.44315776042348,1.202161876938748e-13
3899,-25.0128042445761,-518.012790166026,28.4421985290269,A2256W000126,42141,-25.012804244576117,-518.0127901660255,28.44219852902691,4.550941633336394e-13
3900,-25.4526897385691,-518.250487099219,28.4412392976303,A2256W000126,42142,-25.452689738569095,-518.2504870992192,28.44123929763034,2.2740142932498854e-13
3901,-25.8925752325621,-518.488184032413,28.4402800662338,A2256W000126,42143,-25.892575232562073,-518.4881840324128,28.44028006623377,1.163751005191159e-13
3902,-26.3324607265551,-518.725880965607,28.4393208348372,A2256W000126,42144,-26.332460726555052,-518.7258809656065,28.439320834837197,4.574593106900657e-13
3903,-26.7716876192227,-518.964793374528,28.438547775421,A2256W000126,42145,-26.771687619222718,-518.964793374528,28.43854777542104,1.7763568394002505e-14
3904,-27.2109145118904,-519.203705783449,28.4377747160049,A2256W000126,42146,-27.21091451189038,-519.2037057834494,28.43777471600488,4.552466771099645e-13
3905,-27.650141404558,-519.442618192371,28.4370016565887,A2256W000126,42147,-27.650141404558042,-519.4426181923709,28.437001656588723,1.214175959108492e-13
3906,-28.0893682972257,-519.681530601292,28.4362285971726,A2256W000126,42148,-28.089368297225704,-519.6815306012924,28.436228597172565,3.4107901638000697e-13
3907,-28.5285951898934,-519.920443010214,28.4354555377564,A2256W000126,42149,-28.528595189893366,-519.9204430102138,28.435455537756408,1.191086668529821e-13
3908,-28.9704296338289,-520.154499233539,28.4353634785748,A2256W000126,42150,-28.970429633828854,-520.1544992335391,28.435363478574807,1.227101338881947e-13
3909,-29.4122640777643,-520.388555456864,28.4352714193932,A2256W000126,42151,-29.41226407776434,-520.3885554568644,28.435271419393207,4.567413805031093e-13
3910,-29.8540985216998,-520.62261168019,28.4351793602116,A2256W000126,42152,-29.85409852169983,-520.6226116801897,28.435179360211606,2.2914314707516465e-13
3911,-30.2959329656353,-520.856667903515,28.43508730103,A2256W000126,42153,-30.295932965635316,-520.856667903515,28.435087301030006,1.7763568394002505e-14
3912,-30.7377674095708,-521.09072412684,28.4349952418484,A2256W000126,42154,-30.737767409570804,-521.0907241268403,28.434995241848405,3.4107901638000697e-13
3913,-31.179284477625,-521.325378394762,28.4347646704602,A2256W000126,42155,-31.17928447762496,-521.3253783947616,28.434764670460208,3.432921617992135e-13
3914,-31.6208015456791,-521.560032662683,28.434534099072,A2256W000126,42156,-31.620801545679118,-521.5600326626829,28.43453409907201,1.1506624801925828e-13
3915,-32.0623186137333,-521.794686930604,28.4343035276838,A2256W000126,42157,-32.062318613733275,-521.7946869306043,28.434303527683813,2.2837069025155467e-13
3916,-32.5038356817874,-522.029341198526,28.4340729562956,A2256W000126,42158,-32.50383568178743,-522.0293411985256,28.434072956295616,4.556346636343676e-13
3917,-32.9453527498416,-522.263995466447,28.4338423849074,A2256W000126,42159,-32.94535274984158,-522.2639954664469,28.433842384907418,1.1457157353758233e-13
3918,-33.3872696708477,-522.497895793377,28.4335740742649,A2256W000126,42160,-33.38726967084768,-522.4978957933768,28.433574074264854,2.2837069025155467e-13
3919,-33.8291865918538,-522.731796120307,28.4333057636223,A2256W000126,42161,-33.82918659185378,-522.7317961203066,28.43330576362229,3.4172599772577567e-13
3920,-34.2711035128599,-522.965696447236,28.4330374529797,A2256W000126,42162,-34.271103512859874,-522.9656964472365,28.433037452979725,4.556346636343676e-13
3921,-34.713020433866,-523.199596774166,28.4327691423372,A2256W000126,42163,-34.71302043386597,-523.1995967741664,28.43276914233716,3.4224270219716276e-13
3922,-35.1549373548721,-523.433497101096,28.4325008316946,A2256W000126,42164,-35.15493735487207,-523.4334971010962,28.432500831694597,2.2914314707516465e-13
3923,-35.5928203293286,-523.674864840287,28.4321614809288,A2256W000126,42165,-35.592820329328646,-523.6748648402871,28.432161480928787,1.214175959108492e-13
3924,-36.0307033037852,-523.916232579478,28.431822130163,A2256W000126,42166,-36.030703303785224,-523.916232579478,28.431822130162978,2.1316282072803006e-14
3925,-36.4685862782418,-524.157600318669,28.4314827793972,A2256W000126,42167,-36.4685862782418,-524.1576003186689,28.431482779397168,1.1368683772161603e-13
3926,-36.9064692526984,-524.39896805786,28.4311434286314,A2256W000126,42168,-36.90646925269838,-524.3989680578597,28.43114342863136,2.2837069025155467e-13
3927,-37.344352227155,-524.640335797051,28.4308040778655,A2256W000126,42169,-37.34435222715496,-524.6403357970506,28.43080407786555,3.43714720612747e-13
3928,-37.7846384255727,-524.877290398297,28.4300422174956,A2256W000126,42170,-37.78463842557268,-524.8772903982966,28.430042217495643,3.4172599772577567e-13
3929,-38.2249246239904,-525.114244999543,28.4292803571257,A2256W000126,42171,-38.224924623990404,-525.1142449995426,28.429280357125737,3.411345200037716e-13
3930,-38.6652108224081,-525.351199600789,28.4285184967558,A2256W000126,42172,-38.66521082240813,-525.3511996007886,28.42851849675583,3.4224270219716276e-13
3931,-39.1054970208259,-525.588154202035,28.4277566363859,A2256W000126,42173,-39.10549702082585,-525.5881542020346,28.427756636385926,3.4466816133644055e-13
3932,-39.5457832192436,-525.825108803281,28.426994776016,A2256W000126,42174,-39.545783219243575,-525.8251088032806,28.42699477601602,3.4224270219716276e-13
3933,-39.9860694176613,-526.062063404527,28.4262329156461,A2256W000126,42175,-39.9860694176613,-526.0620634045266,28.426232915646114,3.410605131648481e-13
3934,-40.4274902307059,-526.296894587517,28.4248253268736,A2256W000126,42176,-40.42749023070592,-526.2968945875174,28.424825326873638,3.4172599772577567e-13
3935,-40.8689110437505,-526.531725770508,28.4234177381012,A2256W000126,42177,-40.86891104375054,-526.5317257705082,28.42341773810116,1.214175959108492e-13
3936,-41.3103318567952,-526.766556953499,28.4220101493287,A2256W000126,42178,-41.310331856795166,-526.7665569534989,28.422010149328685,1.191086668529821e-13
3937,-41.7517526698398,-527.00138813649,28.4206025605562,A2256W000126,42179,-41.75175266983979,-527.0013881364897,28.42060256055621,3.4135644425146874e-13
3938,-42.1914223978822,-527.239485674731,28.420298378718,A2256W000126,42180,-42.1914223978822,-527.2394856747309,28.42029837871802,1.1368683772161603e-13
3939,-42.6310921259246,-527.477583212972,28.4199941968798,A2256W000126,42181,-42.63109212592461,-527.477583212972,28.41999419687983,7.105427357601002e-15
3940,-43.070761853967,-527.715680751213,28.4196900150416,A2256W000126,42182,-43.07076185396702,-527.7156807512132,28.419690015041642,2.2837069025155467e-13
3941,-43.5104315820094,-527.953778289454,28.4193858332035,A2256W000126,42183,-43.51043158200943,-527.9537782894544,28.419385833203453,3.4224270219716276e-13
3942,-43.9501013100518,-528.191875827696,28.4190816513653,A2256W000126,42184,-43.95010131005184,-528.1918758276955,28.419081651365264,4.567413805031093e-13
3943,-44.3897710380943,-528.429973365937,28.4187774695271,A2256W000126,42185,-44.38977103809425,-528.4299733659367,28.418777469527075,3.4466816133644055e-13
3944,-44.8294407661367,-528.668070904178,28.4184732876889,A2256W000126,42186,-44.82944076613666,-528.6680709041779,28.418473287688887,1.191086668529821e-13
3945,-45.2716798249968,-528.901360015515,28.4193707007465,A2256W000126,42187,-45.271679824996845,-528.9013600155146,28.419370700746477,4.567413805031093e-13
3946,-45.713918883857,-529.134649126851,28.4202681138041,A2256W000126,42188,-45.713918883857026,-529.1346491268513,28.420268113804067,3.4224270219716276e-13
3947,-46.1561579427172,-529.367938238188,28.4211655268617,A2256W000126,42189,-46.15615794271721,-529.367938238188,28.421165526861657,7.105427357601002e-15
3948,-46.5983970015774,-529.601227349525,28.4220629399192,A2256W000126,42190,-46.59839700157739,-529.6012273495247,28.422062939919247,2.278173318171838e-13
3949,-47.0406360604376,-529.834516460861,28.4229603529768,A2256W000126,42191,-47.04063606043757,-529.8345164608614,28.422960352976837,4.556346636343676e-13
3950,-47.4826835756624,-530.068169841522,28.423263650511,A2256W000126,42192,-47.48268357566241,-530.068169841522,28.423263650510954,1.4210854715202004e-14
3951,-47.9247310908873,-530.301823222183,28.4235669480451,A2256W000126,42193,-47.924731090887256,-530.3018232221826,28.42356694804507,3.43714720612747e-13
3952,-48.3667786061121,-530.535476602843,28.4238702455792,A2256W000126,42194,-48.3667786061121,-530.5354766028432,28.423870245579188,2.2737367544323206e-13
3953,-48.8088261213369,-530.769129983504,28.4241735431133,A2256W000126,42195,-48.80882612133694,-530.7691299835038,28.424173543113305,1.214175959108492e-13
3954,-49.2508736365618,-531.002783364164,28.4244768406474,A2256W000126,42196,-49.250873636561785,-531.0027833641644,28.424476840647422,4.549693413077341e-13
3955,-49.6911231854788,-531.239807275329,28.4244914916828,A2256W000126,42197,-49.69112318547876,-531.239807275329,28.424491491682755,4.263256414560601e-14
3956,-50.1313727343957,-531.476831186494,28.4245061427181,A2256W000126,42198,-50.13137273439573,-531.4768311864935,28.424506142718087,4.561330185226789e-13
3957,-50.5716222833127,-531.713855097658,28.4245207937534,A2256W000126,42199,-50.571622283312706,-531.7138550976581,28.42452079375342,1.139086659085919e-13
3958,-51.0118718322297,-531.950879008823,28.4245354447888,A2256W000126,42200,-51.01187183222968,-531.9508790088227,28.424535444788752,3.4172599772577567e-13
3959,-51.4521213811467,-532.187902919987,28.4245500958241,A2256W000126,42201,-51.452121381146654,-532.1879029199872,28.424550095824085,2.327502010382318e-13
3960,-51.8924437342431,-532.424790258271,28.4253338843906,A2256W000126,42202,-51.89244373424305,-532.424790258271,28.42533388439061,4.973799150320701e-14
3961,-52.3327660873395,-532.661677596555,28.4261176729571,A2256W000126,42203,-52.33276608733945,-532.6616775965547,28.426117672957137,3.4466816133644055e-13
3962,-52.7730884404358,-532.898564934838,28.4269014615237,A2256W000126,42204,-52.77308844043585,-532.8985649348384,28.426901461523663,4.574593106900657e-13
3963,-53.2134107935322,-533.135452273122,28.4276852500902,A2256W000126,42205,-53.21341079353225,-533.1354522731222,28.42768525009019,1.2409095402129096e-13
3964,-53.6532774355395,-533.373183614504,28.4287560319821,A2256W000126,42206,-53.653277435539515,-533.3731836145043,28.428756031982147,3.4135644425146874e-13
3965,-54.0931440775468,-533.610914955887,28.4298268138741,A2256W000126,42207,-54.09314407754678,-533.6109149558865,28.429826813874104,4.552466771099645e-13
3966,-54.533010719554,-533.848646297269,28.4308975957661,A2256W000126,42208,-54.53301071955405,-533.8486462972687,28.430897595766062,3.4466816133644055e-13
3967,-54.9728773615613,-534.086377638651,28.431968377658,A2256W000126,42209,-54.972877361561316,-534.0863776386509,28.43196837765802,1.1457157353758233e-13
3968,-55.4127440035686,-534.324108980033,28.43303915955,A2256W000126,42210,-55.412744003568584,-534.3241089800331,28.433039159549978,1.1457157353758233e-13
3969,-55.8549495423553,-534.557461979209,28.4338386856361,A2256W000126,42211,-55.854949542355314,-534.5574619792089,28.43383868563606,1.1457157353758233e-13
3970,-56.297155081142,-534.790814978385,28.4346382117221,A2256W000126,42212,-56.297155081142044,-534.7908149783848,28.434638211722145,2.31335954426011e-13
3971,-56.7393606199288,-535.024167977561,28.4354377378082,A2256W000126,42213,-56.739360619928775,-535.0241679775606,28.43543773780823,3.4224270219716276e-13
3972,-57.1815661587155,-535.257520976736,28.4362372638943,A2256W000126,42214,-57.181566158715505,-535.2575209767365,28.436237263894313,4.548028586499771e-13
3973,-57.6237716975022,-535.490873975912,28.4370367899804,A2256W000126,42215,-57.623771697502235,-535.4908739759123,28.437036789980397,3.429058924670487e-13
3974,-58.0652906779248,-535.725524756637,28.4370046701971,A2256W000126,42216,-58.0652906779248,-535.7255247566375,28.437004670197094,4.547473508864641e-13
3975,-58.5068096583474,-535.960175537363,28.4369725504138,A2256W000126,42217,-58.506809658347365,-535.9601755373626,28.436972550413792,4.561330185226789e-13
3976,-58.9483286387699,-536.194826318088,28.4369404306305,A2256W000126,42218,-58.94832863876993,-536.1948263180877,28.43694043063049,2.2914314707516465e-13
3977,-59.3898476191925,-536.429477098813,28.4369083108472,A2256W000126,42219,-59.389847619192494,-536.4294770988129,28.436908310847187,1.139086659085919e-13
3978,-59.8313665996151,-536.664127879538,28.4368761910639,A2256W000126,42220,-59.83136659961506,-536.664127879538,28.436876191063885,4.263256414560601e-14
3979,-60.274634998445,-536.895456817109,28.4366542875839,A2256W000126,42221,-60.274634998444995,-536.8954568171087,28.436654287583874,3.411345200037716e-13
3980,-60.7179033972749,-537.126785754679,28.4364323841039,A2256W000126,42222,-60.71790339727493,-537.1267857546793,28.436432384103863,3.4224270219716276e-13
3981,-61.1611717961049,-537.35811469225,28.4362104806239,A2256W000126,42223,-61.16117179610487,-537.35811469225,28.436210480623853,3.552713678800501e-14
3982,-61.6014125279145,-537.595154960551,28.4361142536076,A2256W000126,42224,-61.60141252791448,-537.5951549605508,28.436114253607613,2.278173318171838e-13
3983,-62.0416532597241,-537.832195228852,28.4360180265914,A2256W000126,42225,-62.0416532597241,-537.8321952288516,28.436018026591373,4.547473508864641e-13
3984,-62.4818939915337,-538.069235497152,28.4359217995751,A2256W000126,42226,-62.48189399153372,-538.0692354971524,28.435921799575134,3.4135644425146874e-13
3985,-62.9221347233433,-538.306275765453,28.4358255725589,A2256W000126,42227,-62.92213472334333,-538.3062757654532,28.435825572558894,1.191086668529821e-13
3986,-63.362375455153,-538.543316033754,28.4357293455427,A2256W000126,42228,-63.36237545515295,-538.543316033754,28.435729345542654,4.973799150320701e-14
3987,-63.8026161869626,-538.780356302055,28.4356331185264,A2256W000126,42229,-63.80261618696257,-538.7803563020548,28.435633118526415,2.3013249603851656e-13
3988,-64.2439919660284,-539.015276328127,28.4356879316352,A2256W000126,42230,-64.24399196602837,-539.0152763281266,28.435687931635183,4.556346636343676e-13
3989,-64.6853677450942,-539.250196354198,28.435742744744,A2256W000126,42231,-64.68536774509418,-539.2501963541984,28.43574274474395,3.4135644425146874e-13
3990,-65.12674352416,-539.48511638027,28.4357975578527,A2256W000126,42232,-65.12674352415999,-539.4851163802701,28.43579755785272,1.1457157353758233e-13
3991,-65.5681193032258,-539.720036406342,28.4358523709615,A2256W000126,42233,-65.5681193032258,-539.7200364063419,28.435852370961488,1.1368683772161603e-13
3992,-66.0094950822916,-539.954956432414,28.4359071840703,A2256W000126,42234,-66.00949508229161,-539.9549564324137,28.435907184070256,2.278173318171838e-13
3993,-66.4508708613574,-540.189876458486,28.435961997179,A2256W000126,42235,-66.45087086135742,-540.1898764584855,28.435961997179025,4.549693413077341e-13
3994,-66.8922724570246,-540.424747834868,28.4362225709646,A2256W000126,42236,-66.89227245702465,-540.4247478348678,28.436222570964553,1.214175959108492e-13
3995,-67.3336740526919,-540.65961921125,28.4364831447501,A2256W000126,42237,-67.33367405269188,-540.6596192112502,28.43648314475008,2.2914314707516465e-13
3996,-67.7750756483591,-540.894490587633,28.4367437185356,A2256W000126,42238,-67.7750756483591,-540.8944905876325,28.43674371853561,4.547473508864641e-13
3997,-68.2164772440263,-541.129361964015,28.4370042923211,A2256W000126,42239,-68.21647724402634,-541.1293619640148,28.437004292321138,1.214175959108492e-13
3998,-68.6578788396936,-541.364233340397,28.4372648661067,A2256W000126,42240,-68.65787883969357,-541.3642333403972,28.437264866106666,1.1718571004216928e-13
3999,-69.1006695008512,-541.596475417433,28.4374840589412,A2256W000126,42241,-69.10066950085118,-541.5964754174333,28.437484058941155,3.4135644425146874e-13
4000,-69.5434601620088,-541.82871749447,28.4377032517756,A2256W000126,42242,-69.5434601620088,-541.8287174944695,28.437703251775645,4.547473508864641e-13
4001,-69.9862508231664,-542.060959571506,28.4379224446101,A2256W000126,42243,-69.98625082316642,-542.0609595715057,28.437922444610134,3.4135644425146874e-13
4002,-70.429041484324,-542.293201648542,28.4381416374446,A2256W000126,42244,-70.42904148432403,-542.2932016485419,28.438141637444623,1.1718571004216928e-13
4003,-70.8711749300832,-542.526689507173,28.4369432997886,A2256W000126,42245,-70.87117493008319,-542.5266895071727,28.436943299788563,3.4135644425146874e-13
4004,-71.3133083758424,-542.760177365804,28.4357449621325,A2256W000126,42246,-71.31330837584235,-542.7601773658035,28.435744962132503,4.567413805031093e-13
4005,-71.7554418216015,-542.993665224434,28.4345466244764,A2256W000126,42247,-71.75544182160152,-542.9936652244344,28.434546624476443,3.4224270219716276e-13
4006,-72.1975752673607,-543.227153083065,28.4333482868204,A2256W000126,42248,-72.19757526736069,-543.2271530830652,28.433348286820383,2.278173318171838e-13
4007,-72.6412301815692,-543.45773379591,28.4316595112755,A2256W000126,42249,-72.64123018156916,-543.4577337959096,28.431659511275548,4.567413805031093e-13
4008,-73.0848850957776,-543.688314508754,28.4299707357307,A2256W000126,42250,-73.08488509577762,-543.6883145087539,28.429970735730713,1.1718571004216928e-13
4009,-73.5285400099861,-543.918895221598,28.4282819601859,A2256W000126,42251,-73.52854000998609,-543.9188952215983,28.428281960185878,3.4135644425146874e-13
4010,-73.9766867769864,-544.140625667633,28.4285726977765,A2256W000126,42252,-73.97668677698637,-544.1406256676332,28.42857269777649,2.2914314707516465e-13
4011,-74.4248335439867,-544.362356113668,28.4288634353671,A2256W000126,42253,-74.42483354398665,-544.3623561136682,28.428863435367106,1.214175959108492e-13
4012,-74.8607445955276,-544.578032671008,28.4291462349725,A2256W000126,42254,-74.86074459552765,-544.5780326710083,28.429146234972457,2.31335954426011e-13
4013,-75.3163714996429,-544.783948822063,28.4307780993044,A2256W000128,67305,-75.31637149964291,-544.7839488220628,28.430778099304415,2.278173318171838e-13
4014,-75.7735697538344,-544.986350689315,28.4325782374287,A2256W000128,67306,-75.77356975383441,-544.9863506893146,28.432578237428707,4.549693413077341e-13
4015,-76.2334721487141,-545.182535985642,28.4336349724098,A2256W000128,67307,-76.23347214871406,-545.1825359856422,28.4336349724098,2.31335954426011e-13
4016,-76.6933745435937,-545.37872128197,28.4346917073909,A2256W000128,67308,-76.6933745435937,-545.3787212819698,28.43469170739089,2.2737367544323206e-13
4017,-77.1543925173562,-545.572272041979,28.435420519848,A2256W000128,67309,-77.15439251735621,-545.5722720419794,28.435420519848044,4.549693413077341e-13
4018,-77.6154104911187,-545.765822801989,28.4361493323052,A2256W000128,67310,-77.61541049111872,-545.7658228019891,28.4361493323052,1.1718571004216928e-13
4019,-78.0764284648812,-545.959373561999,28.4368781447624,A2256W000128,67311,-78.07642846488123,-545.9593735619987,28.436878144762353,2.2914314707516465e-13
4020,-78.5411488974469,-546.143857021137,28.4377572694941,A2256W000128,67312,-78.54114889744686,-546.1438570211373,28.437757269494135,2.31335954426011e-13
4021,-79.0058693300125,-546.328340480276,28.4386363942259,A2256W000128,67313,-79.00586933001249,-546.3283404802758,28.438636394225917,2.278173318171838e-13
4022,-79.4739740763476,-546.504057973873,28.4397804669701,A2256W000128,67314,-79.47397407634756,-546.504057973873,28.43978046697009,4.263256414560601e-14
4023,-79.9420788226826,-546.67977546747,28.4409245397143,A2256W000128,67315,-79.94207882268263,-546.6797754674703,28.440924539714267,3.4224270219716276e-13
4024,-80.4140011683904,-546.84496889463,28.4415812321377,A2256W000128,67316,-80.4140011683904,-546.8449688946299,28.44158123213771,1.1368683772161603e-13
4025,-80.8859235140982,-547.010162321789,28.4422379245612,A2256W000128,67317,-80.88592351409817,-547.0101623217895,28.442237924561155,4.556346636343676e-13
4026,-81.3593829307706,-547.170898542461,28.4424573065709,A2256W000128,67318,-81.35938293077062,-547.1708985424608,28.44245730657087,2.2914314707516465e-13
4027,-81.8328423474431,-547.331634763132,28.4426766885806,A2256W000128,67319,-81.83284234744308,-547.3316347631321,28.442676688580583,1.1718571004216928e-13
4028,-82.3090427151441,-547.484059104301,28.4428499535587,A2256W000128,67320,-82.30904271514413,-547.4840591043005,28.44284995355874,4.556346636343676e-13
4029,-82.7852430828452,-547.636483445469,28.4430232185369,A2256W000128,67321,-82.78524308284518,-547.6364834454689,28.443023218536894,1.1457157353758233e-13
4030,-83.2614434505462,-547.788907786637,28.443196483515,A2256W000128,67322,-83.26144345054624,-547.7889077866373,28.44319648351505,3.43714720612747e-13
4031,-83.7406170507265,-547.931710386988,28.4434761679516,A2256W000128,67323,-83.74061705072654,-547.9317103869878,28.44347616795158,2.31335954426011e-13
4032,-84.221213252169,-548.069649616211,28.443721525924,A2256W000128,67324,-84.221213252169,-548.0696496162105,28.443721525924044,4.547473508864641e-13
4033,-84.7018094536114,-548.207588845433,28.4439668838965,A2256W000128,67325,-84.70180945361145,-548.2075888454333,28.443966883896508,3.43714720612747e-13
4034,-85.1824056550539,-548.345528074656,28.444212241869,A2256W000128,67326,-85.1824056550539,-548.345528074656,28.44421224186897,0.0
4035,-85.6640037151028,-548.479927718524,28.4444226823504,A2256W000128,67327,-85.66400371510284,-548.4799277185243,28.444422682350375,3.43714720612747e-13
4036,-86.1456017751518,-548.614327362393,28.4446331228318,A2256W000128,67328,-86.14560177515177,-548.6143273623926,28.444633122831778,4.556346636343676e-13
4037,-86.6271998352007,-548.748727006261,28.4448435633132,A2256W000128,67329,-86.62719983520071,-548.7487270062609,28.44484356331318,1.1457157353758233e-13
4038,-87.1123812612469,-548.869553207538,28.4449571622446,A2256W000128,67330,-87.11238126124692,-548.8695532075379,28.444957162244563,1.1718571004216928e-13
4039,-87.5975626872931,-548.990379408815,28.4450707611759,A2256W000128,67331,-87.59756268729313,-548.990379408815,28.445070761175945,2.842170943040401e-14
4040,-88.0827441133393,-549.111205610092,28.4451843601073,A2256W000128,67332,-88.08274411333934,-549.111205610092,28.445184360107326,4.263256414560601e-14
4041,-88.5679255393856,-549.232031811369,28.4452979590387,A2256W000128,67333,-88.56792553938556,-549.2320318113691,28.445297959038708,1.214175959108492e-13
4042,-89.0556856830814,-549.341986532439,28.4453371527227,A2256W000128,67334,-89.05568568308145,-549.3419865324393,28.44533715272267,2.31335954426011e-13
4043,-89.5434458267773,-549.451941253509,28.4453763464066,A2256W000128,67335,-89.54344582677734,-549.4519412535094,28.44537634640663,4.567413805031093e-13
4044,-90.0312059704732,-549.56189597458,28.4454155400906,A2256W000128,67336,-90.03120597047324,-549.5618959745796,28.44541554009059,4.567413805031093e-13
4045,-90.5216689598247,-549.659085824894,28.4449807156226,A2256W000128,67337,-90.52166895982471,-549.6590858248937,28.44498071562264,2.278173318171838e-13
4046,-91.0126563323679,-549.753590374474,28.444442095311,A2256W000128,67338,-91.01265633236785,-549.7535903744739,28.44444209531103,1.214175959108492e-13
4047,-91.5038000453444,-549.847278836092,28.4438716890566,A2256W000128,67339,-91.50380004534445,-549.8472788360915,28.443871689056632,4.567413805031093e-13
4048,-91.9960947984102,-549.934717071834,28.4432151571948,A2256W000128,67340,-91.9960947984102,-549.9347170718345,28.44321515719478,4.547473508864641e-13
4049,-92.4883895514759,-550.022155307577,28.4425586253329,A2256W000128,67341,-92.48838955147595,-550.0221553075775,28.442558625332925,4.567413805031093e-13
4050,-92.9818590822897,-550.10269891953,28.4418178608196,A2256W000128,67342,-92.98185908228972,-550.1026989195301,28.441817860819647,1.1457157353758233e-13
4051,-93.4762632950778,-550.177289926211,28.4410078609687,A2256W000128,67343,-93.47626329507783,-550.1772899262106,28.441007860968746,3.4224270219716276e-13
4052,-93.9706675078659,-550.251880932891,28.4401978611178,A2256W000128,67344,-93.97066750786594,-550.2518809328911,28.440197861117845,1.214175959108492e-13
4053,-94.467933152556,-550.304091866562,28.4392507517502,A2256W000128,67345,-94.46793315255603,-550.3040918665621,28.439250751750244,1.1718571004216928e-13
4054,-94.9651987972461,-550.356302800233,28.4383036423826,A2256W000128,67346,-94.96519879724612,-550.356302800233,28.438303642382643,1.4210854715202004e-14
4055,-95.4636247521649,-550.395934441307,28.4373547013375,A2256W000128,67347,-95.46362475216486,-550.3959344413072,28.437354701337455,2.31335954426011e-13
4056,-95.9627215552319,-550.425959173609,28.4364078019309,A2256W000128,67348,-95.9627215552319,-550.4259591736087,28.43640780193087,3.410605131648481e-13
4057,-96.4618183582989,-550.45598390591,28.4354609025243,A2256W000128,67349,-96.46181835829893,-550.4559839059102,28.435460902524284,2.2914314707516465e-13
4058,-96.9615367010095,-550.47273772274,28.4345187877778,A2256W000128,67350,-96.96153670100954,-550.4727377227399,28.434518787777808,1.1718571004216928e-13
4059,-97.4614440036697,-550.482320705581,28.4335940246369,A2256W000128,67351,-97.46144400366974,-550.4823207055811,28.433594024636886,1.214175959108492e-13
4060,-97.9613933423701,-550.489379173253,28.4326792748586,A2256W000128,67352,-97.96139334237014,-550.4893791732527,28.43267927485862,3.43714720612747e-13
4061,-98.4613868166542,-550.491771803457,28.4317842921651,A2256W000128,67353,-98.46138681665424,-550.4917718034567,28.43178429216506,3.43714720612747e-13
4062,-98.9613802909383,-550.494164433661,28.4308893094715,A2256W000128,67354,-98.96138029093834,-550.4941644336607,28.430889309471496,3.43714720612747e-13
4063,-99.4613612381065,-550.489886340035,28.4300230625575,A2256W000128,67355,-99.46136123810655,-550.4898863400354,28.430023062557503,3.43714720612747e-13
4064,-99.9613421852748,-550.48560824641,28.4291568156435,A2256W000128,67356,-99.96134218527476,-550.48560824641,28.42915681564351,4.263256414560601e-14
4065,-100.461229286974,-550.475009574043,28.4284127062688,A2256W000128,67357,-100.46122928697402,-550.4750095740427,28.428412706268787,3.4135644425146874e-13
4066,-100.961116388673,-550.464410901675,28.4276685968941,A2256W000128,67358,-100.96111638867328,-550.4644109016754,28.427668596894065,4.3500073914554965e-13
4067,-101.460776306015,-550.44598132858,28.4271048258833,A2256W000128,67359,-101.46077630601485,-550.4459813285804,28.427104825883326,3.7517733012589603e-13
4068,-101.960436223356,-550.427551755485,28.4265410548726,A2256W000128,67360,-101.96043622335642,-550.4275517554854,28.426541054872587,6.233367514443361e-13
4069,-102.459533036248,-550.397512459823,28.426650953021,A2256W000128,67361,-102.45953303624796,-550.3975124598229,28.426650953020996,1.214175959108492e-13
4070,-102.958629849139,-550.36747316416,28.4267608511694,A2256W000128,67362,-102.9586298491395,-550.3674731641604,28.426760851169405,6.739302137577497e-13
4071,-103.457726662031,-550.337433868498,28.4268707493178,A2256W000128,67363,-103.45772666203104,-550.3374338684979,28.426870749317814,1.1718571004216928e-13
4072,-103.955873311866,-550.294433553743,28.4278131871473,A2256W000128,67364,-103.95587331186611,-550.2944335537429,28.427813187147276,1.6077746776921858e-13
4073,-104.454019961701,-550.251433238988,28.4287556249767,A2256W000128,67365,-104.45401996170119,-550.2514332389879,28.428755624976738,2.2914314707516465e-13
4074,-104.94934597759,-550.183226664065,28.4287221384505,A2256W000128,67366,-104.94934597758962,-550.1832266640648,28.42872213845053,4.4600354915687647e-13
4075,-105.444671993478,-550.115020089142,28.4286886519243,A2256W000128,67367,-105.44467199347804,-550.1150200891417,28.428688651924325,3.43714720612747e-13
4076,-105.939998009366,-550.046813514219,28.4286551653981,A2256W000128,67368,-105.93999800936646,-550.0468135142186,28.42865516539812,6.532357550987174e-13
4077,-106.435324025255,-549.978606939295,28.4286216788719,A2256W000128,67369,-106.43532402525489,-549.9786069392954,28.428621678871913,4.687428401686771e-13
4078,-106.929397682348,-549.901854194414,28.4281343188956,A2256W000128,67370,-106.92939768234807,-549.9018541944141,28.42813431889559,1.3406493525361332e-13
4079,-107.423471339441,-549.825101449533,28.4276469589193,A2256W000128,67371,-107.42347133944125,-549.8251014495328,28.42764695891927,3.4224270219716276e-13
4080,-107.917544996534,-549.748348704651,28.4271595989429,A2256W000128,67372,-107.91754499653443,-549.7483487046514,28.427159598942946,6.233367514443361e-13
4081,-108.411618653628,-549.67159595977,28.4266722389666,A2256W000128,67373,-108.41161865362761,-549.6715959597701,28.426672238966624,4.001813022207649e-13
4082,-108.905692310721,-549.594843214889,28.4261848789903,A2256W000128,67374,-108.9056923107208,-549.5948432148888,28.426184878990302,3.0212691549237007e-13
4083,-109.398405114936,-549.509791135252,28.4256987598521,A2256W000128,67375,-109.39840511493598,-549.5097911352517,28.425698759852082,3.4135644425146874e-13
4084,-109.891117919151,-549.424739055615,28.4252126407139,A2256W000128,67376,-109.89111791915117,-549.4247390556146,28.425212640713863,3.8131724593878115e-13
4085,-110.383830723366,-549.339686975978,28.4247265215756,A2256W000128,67377,-110.38383072336636,-549.3396869759775,28.424726521575643,5.770726973039175e-13
4086,-110.876543527582,-549.25463489634,28.4242404024374,A2256W000128,67378,-110.87654352758155,-549.2546348963405,28.424240402437423,6.431098710768743e-13
4087,-111.367175201608,-549.158299883984,28.4238856677542,A2256W000128,67379,-111.36717520160752,-549.1582998839837,28.423885667754163,5.914174621092574e-13
4088,-111.857806875633,-549.061964871627,28.4235309330709,A2256W000128,67380,-111.8578068756335,-549.0619648716269,28.423530933070904,5.102072882157313e-13
4089,-112.345225778756,-548.950507457184,28.4232908395535,A2256W000128,67381,-112.34522577875559,-548.9505074571837,28.423290839553513,5.349400630825218e-13
4090,-112.832644681878,-548.83905004274,28.4230507460361,A2256W000128,67382,-112.83264468187768,-548.8390500427405,28.42305074603612,5.518497755175417e-13
4091,-113.320063585,-548.727592628297,28.4228106525187,A2256W000128,67383,-113.32006358499977,-548.7275926282973,28.42281065251873,4.0990372275064023e-13
4092,-113.804334643798,-548.603167883779,28.4226539298757,A2256W000128,67384,-113.80433464379799,-548.603167883779,28.422653929875715,1.4210854715202004e-14
4093,-114.288605702596,-548.478743139261,28.4224972072327,A2256W000128,67385,-114.2886057025962,-548.4787431392606,28.4224972072327,4.963638160851638e-13
4094,-114.768121300885,-548.337092940346,28.4226074139226,A2256W000128,67386,-114.76812130088469,-548.3370929403461,28.42260741392256,3.3266757983254893e-13
4095,-115.247636899173,-548.195442741432,28.4227176206124,A2256W000128,67387,-115.24763689917317,-548.1954427414316,28.42271762061242,3.8131724593878115e-13
4096,-115.727152497462,-548.053792542517,28.4228278273023,A2256W000128,67388,-115.72715249746166,-548.0537925425172,28.42282782730228,3.595093471822542e-13
4097,-116.20666809575,-547.912142343603,28.4229380339921,A2256W000128,67389,-116.20666809575015,-547.9121423436027,28.422938033992143,3.694822225952521e-13
4098,-116.683669154379,-547.76224262824,28.4231937715298,A2256W000128,67390,-116.68366915437855,-547.7622426282404,28.423193771529796,6.431098710768743e-13
4099,-117.160670213007,-547.612342912878,28.4234495090674,A2256W000128,67391,-117.16067021300695,-547.6123429128781,28.42344950906745,1.214175959108492e-13
4100,-117.637671271635,-547.462443197516,28.4237052466051,A2256W000128,67392,-117.63767127163536,-547.4624431975159,28.423705246605103,3.730180182062295e-13
4101,-118.114672330264,-547.312543482154,28.4239609841428,A2256W000128,67393,-118.11467233026376,-547.3125434821536,28.423960984142756,4.17953775975455e-13
4102,-118.588195334351,-547.151996730255,28.4248006595255,A2256W000128,67394,-118.58819533435113,-547.1519967302546,28.42480065952546,3.6425278773254764e-13
4103,-119.061718338438,-546.991449978356,28.4256403349082,A2256W000128,67395,-119.0617183384385,-546.9914499783556,28.425640334908163,6.030829574093259e-13
4104,-119.535241342526,-546.830903226457,28.4264800102909,A2256W000128,67396,-119.53524134252586,-546.8309032264566,28.426480010290867,4.764346674119284e-13
4105,-120.008764346613,-546.670356474558,28.4273196856736,A2256W000128,67397,-120.00876434661323,-546.6703564745576,28.42731968567357,5.084229945850415e-13
4106,-120.482287350701,-546.509809722659,28.4281593610563,A2256W000128,67398,-120.4822873507006,-546.5098097226586,28.428159361056274,6.042538309847401e-13
4107,-120.947941051974,-546.327705747641,28.4303440287911,A2256W000128,67399,-120.94794105197391,-546.3277057476406,28.43034402879111,3.515571301265078e-13
4108,-121.413594753247,-546.145601772623,28.4325286965259,A2256W000128,67400,-121.41359475324722,-546.1456017726226,28.43252869652595,4.0990372275064023e-13
4109,-121.875437572725,-545.954035200946,28.4343884579444,A2256W000128,67401,-121.87543757272522,-545.9540352009456,28.434388457944387,5.022285747336438e-13
4110,-122.337280392203,-545.762468629268,28.4362482193628,A2256W000128,67402,-122.33728039220321,-545.7624686292685,28.436248219362824,5.022285747336438e-13
4111,-122.796658915199,-545.565063186801,28.4378178990436,A2256W000128,67403,-122.79665891519909,-545.5650631868009,28.43781789904363,1.4210854715202004e-13
4112,-123.256037438195,-545.367657744333,28.4393875787244,A2256W000128,67404,-123.25603743819497,-545.3676577443333,28.439387578724435,3.4224270219716276e-13
4113,-123.711827899962,-545.16210039501,28.4404971287499,A2256W000128,67405,-123.711827899962,-545.1621003950097,28.44049712874995,3.410605131648481e-13
4114,-124.167618361729,-544.956543045686,28.4416066787755,A2256W000128,67406,-124.16761836172904,-544.9565430456861,28.441606678775464,1.214175959108492e-13
4115,-124.623408823496,-544.750985696362,28.442716228801,A2256W000128,67407,-124.62340882349608,-544.7509856963625,28.44271622880098,4.602649920770331e-13
4116,-125.074020017573,-544.534307722731,28.4431717674027,A2256W000128,67408,-125.07402001757313,-544.534307722731,28.443171767402745,1.2789769243681803e-13
4117,-125.519434454151,-544.307138276208,28.4433209467218,A2256W000128,67409,-125.51943445415111,-544.3071382762082,28.443320946721773,2.5421149729252077e-13
4118,-125.964848890729,-544.079968829685,28.4434701260408,A2256W000128,67410,-125.96484889072909,-544.0799688296854,28.4434701260408,4.62671908852022e-13
4119,-126.410263327307,-543.852799383163,28.4436193053598,A2256W000128,67411,-126.41026332730706,-543.8527993831626,28.443619305359828,3.457650183405701e-13
4120,-126.850381663223,-543.615531948691,28.4434971191484,A2256W000128,67412,-126.85038166322323,-543.6155319486907,28.443497119148418,4.0990372275064023e-13
4121,-127.290499999139,-543.378264514219,28.443374932937,A2256W000128,67413,-127.2904999991394,-543.3782645142187,28.443374932937008,5.240704272917405e-13
4122,-127.727393855401,-543.135110739492,28.4433608898805,A2256W000128,67414,-127.72739385540058,-543.1351107394917,28.44336088988053,5.45963209569281e-13
4123,-128.164287711662,-542.891956964765,28.4433468468241,A2256W000128,67415,-128.16428771166176,-542.8919569647646,28.443346846824053,4.263256414560601e-13
4124,-128.601181567923,-542.648803190038,28.4433328037676,A2256W000128,67416,-128.60118156792294,-542.6488031900376,28.443332803767575,4.582862941503293e-13
4125,-129.035151854133,-542.400469184465,28.4434439921635,A2256W000128,67417,-129.03515185413323,-542.4004691844651,28.44344399216353,2.5421149729252077e-13
4126,-129.469122140344,-542.152135178893,28.4435551805595,A2256W000128,67418,-129.46912214034353,-542.1521351788926,28.443555180559486,5.914174621092574e-13
4127,-129.897650216688,-541.89452369407,28.4436584882078,A2256W000128,67419,-129.8976502166877,-541.8945236940705,28.443658488207838,5.362597410144533e-13
4128,-130.326178293032,-541.636912209248,28.4437617958562,A2256W000128,67420,-130.3261782930319,-541.6369122092483,28.44376179585619,3.595093471822542e-13
4129,-130.754706369376,-541.379300724426,28.4438651035045,A2256W000128,67421,-130.75470636937607,-541.3793007244261,28.443865103504542,1.2710574864626038e-13
4130,-131.178364238962,-541.113755999289,28.4439572419946,A2256W000128,67422,-131.17836423896233,-541.1137559992891,28.443957241994557,3.595093471822542e-13
4131,-131.602022108549,-540.848211274152,28.4440493804846,A2256W000128,67423,-131.6020221085486,-540.848211274152,28.44404938048457,3.979039320256561e-13
4132,-132.016466978973,-540.568505403697,28.4443239919523,A2256W000128,67424,-132.01646697897323,-540.5685054036966,28.444323991952285,5.084229945850415e-13
4133,-132.430911849398,-540.288799533241,28.44459860342,A2256W000128,67425,-132.43091184939786,-540.2887995332411,28.444598603419998,1.8198773652309366e-13
4134,-132.845356719822,-540.009093662786,28.4448732148877,A2256W000128,67426,-132.8453567198225,-540.0090936627856,28.44487321488771,5.914174621092574e-13
4135,-133.259801590247,-539.72938779233,28.4451478263554,A2256W000128,67427,-133.25980159024712,-539.7293877923302,28.445147826355424,1.6077746776921858e-13
4136,-133.666089615352,-539.437960530082,28.4455854043562,A2256W000128,67428,-133.6660896153524,-539.4379605300819,28.445585404356166,4.1382633578908315e-13
4137,-134.072377640458,-539.146533267834,28.4460229823569,A2256W000128,67429,-134.0723776404577,-539.1465332678337,28.446022982356908,4.62671908852022e-13
4138,-134.478665665563,-538.855106005585,28.4464605603577,A2256W000128,67430,-134.47866566556297,-538.8551060055854,28.44646056035765,4.556346636343676e-13
4139,-134.877466117248,-538.553513234991,28.4464820322053,A2256W000128,67431,-134.87746611724756,-538.5535132349905,28.44648203220535,6.233367514443361e-13
4140,-135.276266568932,-538.251920464396,28.446503504053,A2256W000128,67432,-135.27626656893216,-538.2519204643957,28.446503504053048,3.8131724593878115e-13
4141,-135.675067020617,-537.950327693801,28.4465249759007,A2256W000128,67433,-135.67506702061675,-537.9503276938008,28.446524975900747,3.4224270219716276e-13
4142,-136.067210079545,-537.640128281077,28.4461432953224,A2256W000128,67434,-136.06721007954536,-537.6401282810772,28.446143295322386,4.3383856571136184e-13
4143,-136.459353138474,-537.329928868354,28.445761614744,A2256W000128,67435,-136.45935313847397,-537.3299288683536,28.445761614744026,4.556346636343676e-13
4144,-136.851496197403,-537.01972945563,28.4453799341657,A2256W000128,67436,-136.85149619740258,-537.01972945563,28.445379934165665,4.263256414560601e-13
4145,-137.23114355635,-536.694356359836,28.4458609515571,A2256W000128,67437,-137.23114355634962,-536.6943563598356,28.445860951557137,5.028313697992568e-13
4146,-137.610790915297,-536.368983264041,28.4463419689486,A2256W000128,67438,-137.61079091529666,-536.3689832640413,28.44634196894861,4.0990372275064023e-13
4147,-137.990438274244,-536.043610168247,28.4468229863401,A2256W000128,67439,-137.9904382742437,-536.0436101682469,28.44682298634008,3.3266757983254893e-13
4148,-138.362963146505,-535.710107821769,28.4480080771146,A2256W000128,67440,-138.36296314650525,-535.7101078217688,28.4480080771146,3.4224270219716276e-13
4149,-138.735488018767,-535.376605475291,28.4491931678891,A2256W000128,67441,-138.7354880187668,-535.3766054752907,28.44919316788912,3.0212691549237007e-13
4150,-139.108012891028,-535.043103128813,28.4503782586636,A2256W000128,67442,-139.10801289102835,-535.0431031288126,28.45037825866364,4.823324033076557e-13
4151,-139.475138852117,-534.703668035231,28.4519099046984,A2256W000128,67443,-139.47513885211728,-534.7036680352307,28.451909904698397,3.639754730461873e-13
4152,-139.842264813206,-534.364232941649,28.4534415507332,A2256W000128,67444,-139.8422648132062,-534.3642329416489,28.453441550733153,2.5421149729252077e-13
4153,-140.209390774295,-534.024797848067,28.4549731967679,A2256W000128,67445,-140.20939077429514,-534.024797848067,28.45497319676791,1.4210854715202004e-13
4154,-140.576516735384,-533.685362754485,28.4565048428027,A2256W000128,67446,-140.57651673538408,-533.6853627544851,28.456504842802666,1.4210854715202004e-13
4155,-140.939200470103,-533.341186206465,28.45824045888,A2256W000128,67447,-140.93920047010278,-533.3411862064646,28.45824045888003,4.0990372275064023e-13
4156,-141.301884204821,-532.997009658444,28.4599760749574,A2256W000128,67448,-141.30188420482148,-532.9970096584441,28.459976074957396,4.963638160851638e-13
4157,-141.655092184114,-532.643114423988,28.4614881575197,A2256W000128,67449,-141.65509218411376,-532.6431144239882,28.46148815751969,3.4224270219716276e-13
4158,-142.008300163406,-532.289219189532,28.463000240082,A2256W000128,67450,-142.00830016340603,-532.2892191895323,28.463000240081982,3.4224270219716276e-13
4159,-142.361508142698,-531.935323955076,28.4645123226443,A2256W000128,67451,-142.3615081426983,-531.9353239550765,28.464512322644275,5.518497755175417e-13
4160,-142.714716121991,-531.581428720621,28.4660244052066,A2256W000128,67452,-142.7147161219906,-531.5814287206206,28.466024405206568,6.042538309847401e-13
4161,-143.053600264274,-531.213792647299,28.4671449863153,A2256W000128,67453,-143.0536002642735,-531.2137926472992,28.46714498631532,5.339954392427426e-13
4162,-143.392484406556,-530.846156573978,28.4682655674241,A2256W000128,67454,-143.39248440655643,-530.8461565739779,28.46826556742407,4.412235823639328e-13
4163,-143.722292855533,-530.470356467439,28.4690822127178,A2256W000128,67455,-143.72229285553266,-530.4703564674394,28.469082212717822,4.823324033076557e-13
4164,-144.052101304509,-530.094556360901,28.4698988580116,A2256W000128,67456,-144.05210130450888,-530.0945563609009,28.469898858011575,1.6077746776921858e-13
4165,-144.381909753485,-529.718756254362,28.4707155033053,A2256W000128,67457,-144.3819097534851,-529.7187562543625,28.47071550330533,4.687428401686771e-13
4166,-144.706227358198,-529.33820705352,28.4713455921604,A2256W000128,67458,-144.7062273581977,-529.3382070535204,28.47134559216036,4.43961293735052e-13
4167,-145.03054496291,-528.957657852678,28.4719756810154,A2256W000128,67459,-145.0305449629103,-528.9576578526783,28.471975681015394,3.8657704262548816e-13
4168,-145.354862567623,-528.577108651836,28.4726057698704,A2256W000128,67460,-145.35486256762292,-528.5771086518362,28.472605769870427,1.4210854715202004e-13
4169,-145.666624606583,-528.186206860863,28.4730757461463,A2256W000128,67461,-145.6666246065826,-528.186206860863,28.473075746146264,4.263256414560601e-13
4170,-145.978386645542,-527.79530506989,28.4735457224221,A2256W000128,67462,-145.97838664554226,-527.7953050698898,28.473545722422102,3.4224270219716276e-13
4171,-146.290148684502,-527.404403278917,28.4740156986979,A2256W000128,67463,-146.29014868450193,-527.4044032789166,28.47401569869794,4.582862941503293e-13
4172,-146.601910723462,-527.013501487943,28.4744856749738,A2256W000128,67464,-146.6019107234616,-527.0135014879434,28.474485674973778,5.240704272917405e-13
4173,-146.896379219227,-526.609412121126,28.4747833781394,A2256W000128,67465,-146.89637921922687,-526.6094121211264,28.47478337813936,4.687428401686771e-13
4174,-147.190847714992,-526.205322754309,28.4750810813049,A2256W000128,67466,-147.19084771499215,-526.2053227543095,28.475081081304943,4.764346674119284e-13
4175,-147.479823704646,-525.797287498152,28.4754083984111,A2256W000128,67467,-147.47982370464564,-525.7972874981523,28.475408398411115,5.028313697992568e-13
4176,-147.768799694299,-525.389252241995,28.4757357155173,A2256W000128,67468,-147.76879969429913,-525.3892522419951,28.47573571551729,1.8198773652309366e-13
4177,-148.057775683953,-524.981216985838,28.4760630326235,A2256W000128,67469,-148.05777568395263,-524.9812169858379,28.47606303262346,3.8657704262548816e-13
4178,-148.342849006848,-524.570445675608,28.4764253375641,A2256W000128,67470,-148.3428490068485,-524.5704456756077,28.476425337564102,5.339954392427426e-13
4179,-148.627922329744,-524.159674365378,28.4767876425047,A2256W000128,67471,-148.62792232974437,-524.1596743653776,28.476787642504743,5.859285502108464e-13
4180,-148.907828237239,-523.745364514504,28.4769620519157,A2256W000128,67472,-148.9078282372385,-523.7453645145035,28.476962051915706,6.635114874557503e-13
4181,-149.187734144733,-523.33105466363,28.4771364613267,A2256W000128,67473,-149.18773414473264,-523.3310546636295,28.47713646132667,5.859285502108464e-13
4182,-149.467640052227,-522.916744812755,28.4773108707376,A2256W000128,67474,-149.46764005222678,-522.9167448127555,28.477310870737632,5.084229945850415e-13
4183,-149.719688048784,-522.48492120012,28.476892538715,A2256W000128,67475,-149.71968804878398,-522.4849212001197,28.47689253871504,2.2914314707516465e-13
4184,-149.971736045341,-522.053097587484,28.4764742066924,A2256W000128,67476,-149.97173604534117,-522.053097587484,28.476474206692444,1.7053025658242404e-13
4185,-150.223784041898,-521.621273974848,28.4760558746698,A2256W000128,67477,-150.22378404189837,-521.6212739748482,28.47605587466985,4.3383856571136184e-13
4186,-150.473516986067,-521.188107293828,28.4757676892713,A2256W000128,67478,-150.473516986067,-521.188107293828,28.475767689271255,0.0
4187,-150.723249930236,-520.754940612808,28.4754795038727,A2256W000128,67479,-150.72324993023565,-520.7549406128078,28.47547950387266,4.0990372275064023e-13
4188,-150.972982874404,-520.321773931788,28.4751913184741,A2256W000128,67480,-150.9729828744043,-520.3217739317876,28.475191318474064,5.362597410144533e-13
4189,-151.222715818573,-519.888607250767,28.4749031330755,A2256W000128,67481,-151.22271581857294,-519.8886072507673,28.47490313307547,3.457650183405701e-13
4190,-151.448238551479,-519.442357163854,28.4755005209639,A2256W000128,67482,-151.44823855147928,-519.442357163854,28.475500520963926,2.8421709430404007e-13
4191,-151.673761284386,-518.996107076941,28.4760979088524,A2256W000128,67483,-151.67376128438562,-518.9961070769407,28.476097908852385,5.028313697992568e-13
4192,-151.899284017292,-518.549856990027,28.4766952967408,A2256W000128,67484,-151.89928401729196,-518.5498569900274,28.476695296740843,3.4224270219716276e-13
4193,-152.124806750198,-518.103606903114,28.4772926846293,A2256W000128,67485,-152.1248067501983,-518.103606903114,28.4772926846293,3.126388037344441e-13
4194,-152.350329483105,-517.657356816201,28.4778900725178,A2256W000128,67486,-152.35032948310464,-517.6573568162007,28.47789007251776,4.3383856571136184e-13
4195,-152.552707049539,-517.200146437589,28.4793008502335,A2256W000128,67487,-152.55270704953932,-517.2001464375891,28.479300850233496,3.3266757983254893e-13
4196,-152.755084615974,-516.742936058977,28.4807116279492,A2256W000128,67488,-152.755084615974,-516.7429360589774,28.480711627949233,4.547473508864641e-13
4197,-152.957462182409,-516.285725680366,28.482122405665,A2256W000128,67489,-152.95746218240868,-516.2857256803658,28.48212240566497,3.8657704262548816e-13
4198,-153.148413265906,-515.823624337819,28.4823038659405,A2256W000128,67490,-153.14841326590573,-515.8236243378191,28.482303865940487,2.799213746640164e-13
4199,-153.339364349403,-515.361522995272,28.482485326216,A2256W000128,67491,-153.33936434940279,-515.3615229952724,28.482485326216004,4.0990372275064023e-13
4200,-153.5303154329,-514.899421652726,28.4826667864915,A2256W000128,67492,-153.53031543289984,-514.8994216527257,28.48266678649152,3.8131724593878115e-13
4201,-153.721266516397,-514.437320310179,28.482848246767,A2256W000128,67493,-153.7212665163969,-514.437320310179,28.482848246767038,1.1368683772161603e-13
4202,-153.912217599894,-513.975218967632,28.4830297070426,A2256W000128,67494,-153.91221759989395,-513.9752189676323,28.483029707042554,2.3437142008433856e-13
4203,-154.0891518791,-513.507574788507,28.481245730627,A2256W000128,67495,-154.08915187910046,-513.5075747885069,28.481245730627013,4.687428401686771e-13
4204,-154.266086158307,-513.039930609381,28.4794617542115,A2256W000128,67496,-154.26608615830696,-513.0399306093815,28.47946175421147,4.556346636343676e-13
4205,-154.443020437513,-512.572286430256,28.4776777777959,A2256W000128,67497,-154.44302043751347,-512.5722864302561,28.47767777779593,4.687428401686771e-13
4206,-154.610736035694,-512.101263223761,28.4747422931836,A2256W000128,67498,-154.61073603569392,-512.1012632237608,28.474742293183628,1.4210854715202004e-13
4207,-154.778451633874,-511.630240017266,28.4718068085713,A2256W000128,67499,-154.77845163387437,-511.6302400172656,28.471806808571326,5.429959962425187e-13
4208,-154.946167232055,-511.15921681077,28.468871323959,A2256W000128,67500,-154.94616723205482,-511.1592168107703,28.468871323959025,3.8131724593878115e-13
4209,-155.113882830235,-510.688193604275,28.4659358393467,A2256W000128,67501,-155.11388283023527,-510.68819360427506,28.465935839346724,2.6203521364587025e-13
4210,-155.274959105404,-510.214864333726,28.4622162669043,A2256W000128,67502,-155.2749591054038,-510.2148643337258,28.462216266904264,2.6203521364587025e-13
4211,-155.436035380572,-509.741535063177,28.4584966944618,A2256W000128,67503,-155.43603538057235,-509.74153506317657,28.458496694461804,5.684341886080801e-13
4212,-155.589348510215,-509.265622467634,28.4600085420273,A2256W000128,67504,-155.58934851021465,-509.2656224676338,28.460008542027325,3.8131724593878115e-13
4213,-155.742661639857,-508.789709872091,28.4615203895928,A2256W000128,67505,-155.74266163985695,-508.78970987209107,28.461520389592845,8.038873388460929e-14
4214,-155.895974769499,-508.313797276548,28.4630322371584,A2256W000128,67506,-155.89597476949925,-508.3137972765483,28.463032237158366,4.263256414560601e-13
4215,-156.049287899142,-507.837884681006,28.4645440847239,A2256W000128,67507,-156.04928789914155,-507.83788468100556,28.464544084723887,6.431098710768743e-13
4216,-156.195281453719,-507.359719259428,28.4711555618289,A2256W000128,67508,-156.19528145371928,-507.35971925942823,28.471155561828898,3.639754730461873e-13
4217,-156.341275008297,-506.881553837851,28.4777670389339,A2256W000128,67509,-156.341275008297,-506.8815538378509,28.47776703893391,1.1368683772161603e-13
4218,-156.487268562875,-506.403388416274,28.4843785160389,A2256W000128,67510,-156.48726856287473,-506.4033884162736,28.48437851603892,5.217532290852722e-13
4219,-156.622962740862,-505.922157736088,28.4864089121635,A2256W000128,67511,-156.6229627408622,-505.92215773608797,28.486408912163476,2.0691316789454157e-13
4220,-156.75865691885,-505.440927055902,28.488439308288,A2256W000128,67512,-156.75865691884965,-505.44092705590236,28.488439308288033,4.823324033076557e-13
4221,-156.894351096837,-504.959696375717,28.4904697044126,A2256W000128,67513,-156.8943510968371,-504.95969637571676,28.49046970441259,2.5421149729252077e-13
4222,-157.030045274825,-504.478465695531,28.4925001005371,A2256W000128,67514,-157.03004527482457,-504.47846569553116,28.492500100537146,4.591667681496435e-13
4223,-157.165739452812,-503.997235015346,28.4945304966617,A2256W000128,67515,-157.16573945281203,-503.99723501534555,28.494530496661703,4.556346636343676e-13
4224,-157.293638863099,-503.513880793418,28.4912998631513,A2256W000128,67516,-157.2936388630991,-503.51388079341785,28.491299863151337,1.9065862296939058e-13
4225,-157.421538273386,-503.03052657149,28.488069229641,A2256W000128,67517,-157.42153827338615,-503.03052657149016,28.48806922964097,2.21980646867526e-13
4226,-157.549437683673,-502.547172349562,28.4848385961306,A2256W000128,67518,-157.5494376836732,-502.54717234956246,28.484838596130604,4.963638160851638e-13
4227,-157.67733709396,-502.063818127635,28.4816079626202,A2256W000128,67519,-157.67733709396026,-502.06381812763476,28.481607962620238,3.4224270219716276e-13
4228,-157.791071072768,-501.576931084873,28.4792437175332,A2256W000128,67520,-157.79107107276806,-501.57693108487257,28.479243717533194,4.582862941503293e-13
4229,-157.904805051576,-501.09004404211,28.4768794724462,A2256W000128,67521,-157.90480505157586,-501.0900440421104,28.47687947244615,4.2251908630869667e-13
4230,-158.018539030384,-500.603156999348,28.4745152273591,A2256W000128,67522,-158.01853903038366,-500.6031569993482,28.474515227359106,3.8131724593878115e-13
4231,-158.132273009191,-500.116269956586,28.4721509822721,A2256W000128,67523,-158.13227300919147,-500.116269956586,28.472150982272062,4.547473508864641e-13
4232,-158.246006987999,-499.629382913824,28.469786737185,A2256W000128,67524,-158.24600698799927,-499.6293829138238,28.469786737185018,3.074277920629802e-13
4233,-158.34442127364,-499.139163993791,28.4695897012204,A2256W000128,67525,-158.34442127364034,-499.13916399379053,28.46958970122042,5.684341886080801e-13
4234,-158.442835559281,-498.648945073757,28.4693926652558,A2256W000128,67526,-158.4428355592814,-498.64894507375726,28.469392665255825,4.889855783314162e-13
4235,-158.541249844922,-498.158726153724,28.4691956292912,A2256W000128,67527,-158.54124984492248,-498.158726153724,28.469195629291228,4.831690603168681e-13
4236,-158.639664130564,-497.668507233691,28.4689985933266,A2256W000128,67528,-158.63966413056355,-497.6685072336907,28.46899859332663,5.362597410144533e-13
4237,-158.738078416205,-497.178288313657,28.468801557362,A2256W000128,67529,-158.73807841620462,-497.17828831365745,28.468801557362035,6.042538309847401e-13
4238,-158.836492701846,-496.688069393624,28.4686045213974,A2256W000128,67530,-158.83649270184569,-496.6880693936242,28.468604521397438,3.5612299842971617e-13
4239,-158.859551108442,-496.573211402167,28.4685583559921,A2256W000333,19917,-158.85955110844225,-496.57321140216663,28.468558355992123,4.263256414560601e-13
4240,-158.914463366359,-496.076236652806,28.4676967133164,A2256W000333,19918,-158.9144633663589,-496.0762366528057,28.467696713316357,3.595093471822542e-13
4241,-158.969375624276,-495.579261903445,28.4668350706406,A2256W000333,19919,-158.96937562427553,-495.5792619034447,28.46683507064059,5.605637319182512e-13
4242,-159.024287882192,-495.082287154084,28.4659734279648,A2256W000333,19920,-159.02428788219217,-495.08228715408376,28.465973427964826,2.8421709430404007e-13
4243,-159.079200140109,-494.585312404723,28.4651117852891,A2256W000333,19921,-159.0792001401088,-494.5853124047228,28.46511178528906,3.0212691549237007e-13
4244,-159.114628739663,-494.08657930642,28.4619320067892,A2256W000333,19922,-159.11462873966263,-494.0865793064204,28.46193200678921,5.429959962425187e-13
4245,-159.150057339216,-493.587846208118,28.4587522282894,A2256W000333,19923,-159.15005733921646,-493.587846208118,28.458752228289356,4.547473508864641e-13
4246,-159.18548593877,-493.089113109816,28.4555724497895,A2256W000333,19924,-159.18548593877028,-493.08911310981557,28.455572449789504,5.362597410144533e-13
4247,-159.220914538324,-492.590380011513,28.4523926712897,A2256W000333,19925,-159.2209145383241,-492.59038001151316,28.45239267128965,2.0495186137532011e-13
4248,-159.225223014798,-492.090443724713,28.445673581236,A2256W000333,19926,-159.22522301479844,-492.0904437247132,28.44567358123598,5.084229945850415e-13
4249,-159.229531491273,-491.590507437913,28.4389544911823,A2256W000333,19927,-159.22953149127278,-491.5905074379133,28.438954491182308,3.639754730461873e-13
4250,-159.233839967747,-491.090571151113,28.4322354011286,A2256W000333,19928,-159.23383996774712,-491.09057115111335,28.432235401128636,3.595093471822542e-13
4251,-159.238148444221,-490.590634864313,28.425516311075,A2256W000333,19929,-159.23814844422145,-490.5906348643134,28.425516311074965,6.042538309847401e-13
4252,-159.242456920696,-490.090698577513,28.4187972210213,A2256W000333,19930,-159.2424569206958,-490.0906985775135,28.418797221021293,4.963638160851638e-13
4253,-159.220307234199,-489.591189488509,28.4190449918913,A2256W000333,19931,-159.22030723419925,-489.5911894885094,28.419044991891322,4.73031519081054e-13
4254,-159.198157547703,-489.091680399505,28.4192927627614,A2256W000333,19932,-159.19815754770272,-489.09168039950526,28.41929276276135,4.0194366942304643e-13
4255,-159.176007861206,-488.592171310501,28.4195405336314,A2256W000333,19933,-159.1760078612062,-488.59217131050116,28.41954053363138,2.6203521364587025e-13
4256,-159.15385817471,-488.092662221497,28.4197883045014,A2256W000333,19934,-159.15385817470965,-488.09266222149705,28.41978830450141,3.457650183405701e-13
4257,-159.131708488213,-487.593153132493,28.4200360753714,A2256W000333,19935,-159.13170848821312,-487.59315313249294,28.42003607537144,1.2710574864626038e-13
4258,-159.091754508574,-487.094752183507,28.4204526813901,A2256W000333,19936,-159.0917545085735,-487.0947521835067,28.420452681390053,5.85238816540084e-13
4259,-159.051800528934,-486.596351234521,28.4208692874087,A2256W000333,19937,-159.05180052893388,-486.5963512345205,28.420869287408667,5.240704272917405e-13
4260,-159.011846549294,-486.097950285534,28.4212858934273,A2256W000333,19938,-159.01184654929426,-486.0979502855343,28.42128589342728,3.82374993451825e-13
4261,-158.971892569655,-485.599549336548,28.4217024994459,A2256W000333,19939,-158.97189256965464,-485.5995493365481,28.421702499445896,3.7382922181353437e-13
4262,-158.961110189033,-485.465045870747,28.4218149289136,A2256W000450,8413,-158.9611101890332,-485.4650458707474,28.421814928913555,4.4487012026191134e-13
4263,-158.874128029011,-484.972767966481,28.4119879858848,A2256W000154,32760,-158.8741280290111,-484.97276796648134,28.411987985884842,3.595093471822542e-13
4264,-158.787145868989,-484.480490062215,28.4021610428561,A2256W000154,32761,-158.787145868989,-484.48049006221527,28.40216104285613,2.8421709430404007e-13
4265,-158.692433577109,-483.989548117073,28.3997970913974,A2256W000154,32762,-158.69243357710897,-483.98954811707273,28.39979709139737,2.8563464471519893e-13
4266,-158.597721285229,-483.49860617193,28.3974331399386,A2256W000154,32763,-158.59772128522894,-483.4986061719302,28.397433139938613,1.797546735911271e-13
4267,-158.503008993349,-483.007664226788,28.3950691884799,A2256W000154,32764,-158.5030089933489,-483.00766422678765,28.395069188479855,3.515571301265078e-13
4268,-158.408296701469,-482.516722281645,28.3927052370211,A2256W000154,32765,-158.40829670146888,-482.5167222816451,28.392705237021097,1.6077746776921858e-13
4269,-158.295824554944,-482.029541487985,28.3949166945561,A2256W000154,32766,-158.29582455494392,-482.02954148798466,28.39491669455606,3.515571301265078e-13
4270,-158.183352408419,-481.542360694324,28.397128152091,A2256W000154,32767,-158.18335240841895,-481.5423606943242,28.39712815209102,2.3437142008433856e-13
4271,-158.070880261894,-481.055179900664,28.399339609626,A2256W000154,32768,-158.070880261894,-481.05517990066375,28.399339609625983,2.2737367544323206e-13
4272,-157.958408115369,-480.567999107003,28.4015510671609,A2256W000154,32769,-157.95840811536902,-480.5679991070033,28.401551067160945,2.8563464471519893e-13
4273,-157.845935968844,-480.080818313343,28.4037625246959,A2256W000154,32770,-157.84593596884406,-480.08081831334283,28.403762524695907,1.797546735911271e-13
4274,-157.715696307449,-479.598079562203,28.4047262401586,A2256W000154,32771,-157.71569630744943,-479.5980795622027,28.40472624015864,5.123796534383003e-13
4275,-157.585456646055,-479.115340811063,28.4056899556214,A2256W000154,32772,-157.5854566460548,-479.1153408110626,28.405689955621376,4.4487012026191134e-13
4276,-157.45521698466,-478.632602059922,28.4066536710841,A2256W000154,32773,-157.45521698466018,-478.6326020599225,28.40665367108411,4.856703836433968e-13
4277,-157.316460393066,-478.152248820447,28.4093691110833,A2256W000154,32774,-157.31646039306602,-478.1522488204468,28.40936911108332,2.2914314707516465e-13
4278,-157.177703801472,-477.671895580971,28.4120845510825,A2256W000154,32775,-157.17770380147186,-477.6718955809711,28.412084551082526,1.8198773652309366e-13
4279,-157.038947209878,-477.191542341495,28.4147999910817,A2256W000154,32776,-157.0389472098777,-477.19154234149545,28.414799991081733,5.362597410144533e-13
4280,-156.900190618284,-476.71118910202,28.4175154310809,A2256W000154,32777,-156.90019061828355,-476.7111891020198,28.41751543108094,5.084229945850415e-13
4281,-156.747067529074,-476.235221068691,28.4202994569632,A2256W000154,32778,-156.74706752907397,-476.2352210686911,28.420299456963185,1.1718571004216928e-13
4282,-156.593944439864,-475.759253035362,28.4230834828454,A2256W000154,32779,-156.5939444398644,-475.7592530353624,28.42308348284543,5.62721137192265e-13
4283,-156.440821350655,-475.283285002034,28.4258675087277,A2256W000154,32780,-156.44082135065483,-475.2832850020337,28.425867508727677,3.314512409159136e-13
4284,-156.287698261445,-474.807316968705,28.4286515346099,A2256W000154,32781,-156.28769826144526,-474.80731696870504,28.428651534609923,2.6203521364587025e-13
4285,-156.211411414959,-474.570186824072,28.4300385530941,A2256W000332,19848,-156.211411414959,-474.57018682407215,28.430038553094136,1.7053025658242404e-13
4286,-156.034168067136,-474.102672649001,28.4339490210968,A2256W000332,19849,-156.03416806713642,-474.1026726490008,28.4339490210968,4.831690603168681e-13
4287,-155.856924719314,-473.635158473929,28.4378594890995,A2256W000332,19850,-155.85692471931384,-473.63515847392944,28.437859489099466,4.856703836433968e-13
4288,-155.679681371491,-473.167644298858,28.4417699571021,A2256W000332,19851,-155.67968137149126,-473.1676442988581,28.44176995710213,2.6203521364587025e-13
4289,-155.490874757076,-472.704663504626,28.4426900249181,A2256W000332,19852,-155.49087475707563,-472.7046635046256,28.442690024918097,5.429959962425187e-13
4290,-155.30206814266,-472.241682710393,28.4436100927341,A2256W000332,19853,-155.30206814266,-472.24168271039315,28.443610092734062,1.7053025658242404e-13
4291,-155.113261528244,-471.778701916161,28.44453016055,A2256W000332,19854,-155.11326152824438,-471.7787019161607,28.444530160550027,5.028313697992568e-13
4292,-154.920887923205,-471.317197643603,28.4470206414191,A2256W000332,19855,-154.92088792320538,-471.31719764360264,28.447020641419055,5.240704272917405e-13
4293,-154.728514318166,-470.855693371045,28.4495111222881,A2256W000332,19856,-154.7285143181664,-470.8556933710446,28.449511122288083,5.62721137192265e-13
4294,-154.536140713127,-470.394189098487,28.4520016031571,A2256W000332,19857,-154.5361407131274,-470.39418909848655,28.45200160315711,6.042538309847401e-13
4295,-154.337119402406,-469.935524759969,28.4561899741439,A2256W000332,19858,-154.3371194024062,-469.9355247599695,28.456189974143857,5.48914383552641e-13
4296,-154.138098091685,-469.476860421452,28.4603783451306,A2256W000332,19859,-154.13809809168498,-469.47686042145244,28.460378345130604,4.556346636343676e-13
4297,-153.939076780964,-469.018196082935,28.4645667161173,A2256W000332,19860,-153.93907678096377,-469.0181960829354,28.46456671611735,4.582862941503293e-13
4298,-153.727838647715,-468.565009421472,28.4651152897764,A2256W000332,19861,-153.72783864771466,-468.565009421472,28.465115289776357,3.410605131648481e-13
4299,-153.516600514466,-468.111822760009,28.4656638634354,A2256W000332,19862,-153.51660051446555,-468.1118227600086,28.465663863435363,6.042538309847401e-13
4300,-153.305362381216,-467.658636098545,28.4662124370944,A2256W000332,19863,-153.30536238121644,-467.6586360985452,28.46621243709437,4.591667681496435e-13
4301,-153.094124247967,-467.205449437082,28.4667610107534,A2256W000332,19864,-153.09412424796733,-467.20544943708177,28.466761010753377,4.0990372275064023e-13
4302,-152.882886114718,-466.752262775618,28.4673095844124,A2256W000332,19865,-152.88288611471822,-466.75226277561836,28.467309584412384,4.0990372275064023e-13
4303,-152.656385218378,-466.306518464054,28.4703677970589,A2256W000332,19866,-152.65638521837752,-466.3065184640537,28.4703677970589,5.914174621092574e-13
4304,-152.429884322037,-465.860774152489,28.4734260097054,A2256W000332,19867,-152.42988432203683,-465.860774152489,28.473426009705413,1.7053025658242404e-13
4305,-152.203383425696,-465.415029840924,28.4764842223519,A2256W000332,19868,-152.20338342569613,-465.4150298409243,28.476484222351928,3.694822225952521e-13
4306,-151.976882529355,-464.96928552936,28.4795424349984,A2256W000332,19869,-151.97688252935544,-464.96928552935964,28.479542434998443,5.45963209569281e-13
4307,-151.740495365569,-464.528694629495,28.4804186506282,A2256W000332,19870,-151.74049536556907,-464.52869462949536,28.480418650628163,3.515571301265078e-13
4308,-151.504108201783,-464.088103729631,28.4812948662579,A2256W000332,19871,-151.5041082017827,-464.0881037296311,28.481294866257883,3.06111178766429e-13
4309,-151.267721037996,-463.647512829767,28.4821710818876,A2256W000332,19872,-151.26772103799635,-463.6475128297668,28.482171081887603,3.8131724593878115e-13
4310,-151.03133387421,-463.206921929903,28.4830472975173,A2256W000332,19873,-151.03133387421,-463.20692192990253,28.483047297517324,4.547473508864641e-13
4311,-150.794946710424,-462.766331030038,28.483923513147,A2256W000332,19874,-150.79494671042363,-462.76633103003826,28.483923513147044,4.661506939912876e-13
4312,-150.557317937679,-462.326407900115,28.4843775204909,A2256W000332,19875,-150.55731793767927,-462.32640790011516,28.484377520490895,3.314512409159136e-13
4313,-150.319689164935,-461.886484770192,28.4848315278347,A2256W000332,19876,-150.3196891649349,-461.88648477019206,28.484831527834746,1.0247593068766006e-13
4314,-150.082060392191,-461.446561640269,28.4852855351786,A2256W000332,19877,-150.08206039219056,-461.44656164026895,28.485285535178598,4.582862941503293e-13
4315,-149.844431619446,-461.006638510346,28.4857395425224,A2256W000332,19878,-149.8444316194462,-461.00663851034585,28.48573954252245,2.6203521364587025e-13
4316,-149.606802846702,-460.566715380423,28.4861935498663,A2256W000332,19879,-149.60680284670184,-460.56671538042275,28.4861935498663,2.8421709430404007e-13
4317,-149.366299247119,-460.128357063151,28.4862588639447,A2256W000332,19880,-149.36629924711892,-460.12835706315053,28.486258863944688,4.62671908852022e-13
4318,-149.125795647536,-459.689998745878,28.4863241780231,A2256W000332,19881,-149.125795647536,-459.6899987458783,28.486324178023075,3.410605131648481e-13
4319,-148.885292047953,-459.251640428606,28.4863894921015,A2256W000332,19882,-148.88529204795307,-459.2516404286061,28.486389492101463,1.4210854715202004e-13
4320,-148.64478844837,-458.813282111334,28.4864548061799,A2256W000332,19883,-148.64478844837015,-458.8132821113339,28.48645480617985,1.8198773652309366e-13
4321,-148.404284848787,-458.374923794062,28.4865201202582,A2256W000332,19884,-148.40428484878723,-458.37492379406166,28.486520120258238,4.0990372275064023e-13
4322,-148.163483673954,-457.936729760257,28.4856352829142,A2256W000332,19885,-148.16348367395364,-457.9367297602574,28.485635282914227,5.429959962425187e-13
4323,-147.92268249912,-457.498535726453,28.4847504455702,A2256W000332,19886,-147.92268249912004,-457.4985357264531,28.484750445570217,1.2710574864626038e-13
4324,-147.681881324286,-457.060341692649,28.4838656082262,A2256W000332,19887,-147.68188132428645,-457.0603416926488,28.483865608226207,4.856703836433968e-13
4325,-147.441080149453,-456.622147658845,28.4829807708822,A2256W000332,19888,-147.44108014945286,-456.62214765884454,28.482980770882197,4.764346674119284e-13
4326,-147.200278974619,-456.18395362504,28.4820959335382,A2256W000332,19889,-147.20027897461927,-456.18395362504026,28.482095933538186,3.82374993451825e-13
4327,-146.959477799786,-455.745759591236,28.4812110961942,A2256W000332,19890,-146.95947779978567,-455.745759591236,28.481211096194176,3.126388037344441e-13
4328,-146.716151379156,-455.308962184862,28.4817391196056,A2256W000332,19891,-146.716151379156,-455.30896218486225,28.48173911960556,2.2737367544323206e-13
4329,-146.472824958526,-454.872164778489,28.4822671430169,A2256W000332,19892,-146.47282495852633,-454.8721647784885,28.482267143016944,5.684341886080801e-13
4330,-146.229498537897,-454.435367372115,28.4827951664283,A2256W000332,19893,-146.22949853789666,-454.4353673721148,28.48279516642833,4.0990372275064023e-13
4331,-145.986172117267,-453.998569965741,28.4833231898397,A2256W000332,19894,-145.986172117267,-453.99856996574107,28.483323189839712,5.684341886080802e-14
4332,-145.74235778055,-453.56204643404,28.4846556621267,A2256W000332,19895,-145.74235778055015,-453.5620464340398,28.484655662126748,2.21980646867526e-13
4333,-145.498543443833,-453.125522902339,28.4859881344138,A2256W000332,19896,-145.4985434438333,-453.12552290233856,28.485988134413784,5.518497755175417e-13
4334,-145.254729107116,-452.688999370637,28.4873206067008,A2256W000332,19897,-145.25472910711648,-452.6889993706373,28.48732060670082,5.605637319182512e-13
4335,-145.0109147704,-452.252475838936,28.4886530789879,A2256W000332,19898,-145.01091477039964,-452.25247583893605,28.488653078987856,3.7382922181353437e-13
4336,-144.767100433683,-451.815952307235,28.4899855512749,A2256W000332,19899,-144.7671004336828,-451.8159523072348,28.48998555127489,3.0212691549237007e-13
4337,-144.527966208628,-451.376848845681,28.4917096334623,A2256W000332,19900,-144.5279662086283,-451.37684884568137,28.491709633462303,4.62671908852022e-13
4338,-144.288831983574,-450.937745384128,28.4934337156497,A2256W000332,19901,-144.2888319835738,-450.93774538412794,28.493433715649715,2.0691316789454157e-13
4339,-144.049697758519,-450.498641922575,28.4951577978371,A2256W000332,19902,-144.0496977585193,-450.4986419225745,28.495157797837127,5.995566172523748e-13
4340,-143.810563533465,-450.059538461021,28.4968818800245,A2256W000332,19903,-143.8105635334648,-450.0595384610211,28.49688188002454,2.0691316789454157e-13
4341,-143.57142930841,-449.620434999468,28.498605962212,A2256W000332,19904,-143.5714293084103,-449.62043499946765,28.49860596221195,4.62671908852022e-13
4342,-143.329979728609,-449.182602505194,28.5007985341554,A2256W000332,19905,-143.32997972860872,-449.182602505194,28.500798534155404,2.8421709430404007e-13
4343,-143.088530148807,-448.74477001092,28.5029911060989,A2256W000332,19906,-143.08853014880714,-448.7447700109203,28.502991106098857,3.694822225952521e-13
4344,-142.847080569006,-448.306937516647,28.5051836780423,A2256W000332,19907,-142.84708056900556,-448.30693751664666,28.50518367804231,5.684341886080801e-13
4345,-142.605630989204,-447.869105022373,28.5073762499858,A2256W000332,19908,-142.60563098920397,-447.869105022373,28.507376249985764,2.842170943040401e-14
4346,-142.357945988707,-447.434767644711,28.5091603168177,A2256W000332,19909,-142.35794598870712,-447.43476764471086,28.509160316817702,1.6077746776921858e-13
4347,-142.11026098821,-447.000430267049,28.5109443836496,A2256W000332,19910,-142.11026098821026,-447.0004302670487,28.51094438364964,3.82374993451825e-13
4348,-141.862575987713,-446.566092889387,28.5127284504816,A2256W000332,19911,-141.8625759877134,-446.5660928893866,28.51272845048158,5.62721137192265e-13
4349,-141.614890987217,-446.131755511724,28.5145125173135,A2256W000332,19912,-141.61489098721654,-446.13175551172446,28.514512517313516,6.431098710768743e-13
4350,-141.36720598672,-445.697418134062,28.5162965841455,A2256W000332,19913,-141.36720598671968,-445.69741813406233,28.516296584145454,4.62671908852022e-13
4351,-141.119520986223,-445.2630807564,28.5180806509774,A2256W000332,19914,-141.11952098622282,-445.2630807564002,28.518080650977392,2.8421709430404007e-13
4352,-140.871835985726,-444.828743378738,28.5198647178093,A2256W000332,19915,-140.87183598572597,-444.82874337873807,28.51986471780933,6.355287432313019e-14
4353,-140.860648079484,-444.809124403633,28.5199453039264,A2256W000332,19916,-140.86064807948424,-444.8091244036332,28.51994530392639,2.8421709430404007e-13
4354,-140.62042997254,-444.370611176518,28.5211330502746,A2256W000751,60545,-140.62042997253988,-444.3706111765183,28.521133050274628,3.06111178766429e-13
4355,-140.380211865596,-443.932097949403,28.5223207966229,A2256W000751,60546,-140.38021186559553,-443.93209794940344,28.522320796622864,6.635114874557503e-13
4356,-140.139993758651,-443.493584722289,28.5235085429711,A2256W000751,60547,-140.13999375865117,-443.4935847222886,28.5235085429711,4.3290658060549894e-13
4357,-139.899775651707,-443.055071495174,28.5246962893193,A2256W000751,60548,-139.89977565170682,-443.0550714951737,28.524696289319337,3.314512409159136e-13
4358,-139.659557544762,-442.616558268059,28.5258840356676,A2256W000751,60549,-139.65955754476246,-442.61655826805884,28.525884035667573,4.856703836433968e-13
4359,-139.416764622936,-442.179467372214,28.5276576987345,A2256W000751,60550,-139.4167646229364,-442.17946737221394,28.527657698734508,4.0194366942304643e-13
4360,-139.17397170111,-441.742376476369,28.5294313618014,A2256W000751,60551,-139.17397170111033,-441.74237647636903,28.529431361801443,3.457650183405701e-13
4361,-138.931178779284,-441.305285580524,28.5312050248684,A2256W000751,60552,-138.93117877928427,-441.3052855805241,28.531205024868378,2.799213746640164e-13
4362,-138.688385857458,-440.868194684679,28.5329786879353,A2256W000751,60553,-138.6883858574582,-440.8681946846792,28.532978687935312,3.0212691549237007e-13
4363,-138.445592935632,-440.431103788834,28.5347523510022,A2256W000751,60554,-138.44559293563213,-440.4311037888343,28.534752351002247,3.694822225952521e-13
4364,-138.202800013806,-439.994012892989,28.5365260140692,A2256W000751,60555,-138.20280001380607,-439.9940128929894,28.53652601406918,4.0194366942304643e-13
4365,-137.96000709198,-439.556921997145,28.5382996771361,A2256W000751,60556,-137.96000709198,-439.5569219971445,28.538299677136116,5.115907697472721e-13
4366,-137.717731866746,-439.119543504194,28.5399637510058,A2256W000751,60557,-137.71773186674622,-439.11954350419353,28.539963751005764,5.084229945850415e-13
4367,-137.475456641512,-438.682165011243,28.5416278248754,A2256W000751,60558,-137.47545664151244,-438.68216501124255,28.541627824875413,6.233367514443361e-13
4368,-137.233181416279,-438.244786518292,28.5432918987451,A2256W000751,60559,-137.23318141627865,-438.24478651829156,28.54329189874506,5.684341886080801e-13
4369,-136.990906191045,-437.807408025341,28.5449559726147,A2256W000751,60560,-136.99090619104487,-437.8074080253406,28.54495597261471,4.2251908630869667e-13
4370,-136.748630965811,-437.37002953239,28.5466200464844,A2256W000751,60561,-136.7486309658111,-437.3700295323896,28.546620046484357,4.0693694993695867e-13
4371,-136.50244997144,-436.934834739412,28.5472604960009,A2256W000751,60562,-136.50244997144026,-436.93483473941177,28.547260496000874,3.4224270219716276e-13
4372,-136.256268977069,-436.499639946434,28.5479009455174,A2256W000751,60563,-136.25626897706942,-436.49963994643394,28.54790094551739,4.300985082870044e-13
4373,-136.010087982699,-436.064445153456,28.5485413950339,A2256W000751,60564,-136.0100879826986,-436.0644451534561,28.548541395033908,4.1382633578908315e-13
4374,-135.763906988328,-435.629250360478,28.5491818445504,A2256W000751,60565,-135.76390698832776,-435.6292503604783,28.549181844550425,3.639754730461873e-13
4375,-135.517725993957,-435.1940555675,28.5498222940669,A2256W000751,60566,-135.51772599395693,-435.19405556750047,28.549822294066942,4.582862941503293e-13
4376,-135.273807205765,-434.757590767488,28.5483720815084,A2256W000751,60567,-135.2738072057646,-434.75759076748756,28.54837208150835,6.042538309847401e-13
4377,-135.029888417572,-434.321125967475,28.5469218689498,A2256W000751,60568,-135.02988841757227,-434.32112596747464,28.54692186894976,4.263256414560601e-13
4378,-134.78596962938,-433.884661167462,28.5454716563912,A2256W000751,60569,-134.78596962937993,-433.88466116746173,28.545471656391168,2.898457019905882e-13
4379,-134.542050841188,-433.448196367449,28.5440214438326,A2256W000751,60570,-134.5420508411876,-433.4481963674488,28.544021443832577,4.3290658060549894e-13
4380,-134.298132052995,-433.011731567436,28.542571231274,A2256W000751,60571,-134.29813205299527,-433.0117315674359,28.542571231273985,3.06111178766429e-13
4381,-134.05374395269,-432.575526966713,28.542623548728,A2256W000751,60572,-134.05374395269035,-432.5755269667125,28.542623548728002,6.148555841259604e-13
4382,-133.809355852385,-432.139322365989,28.542675866182,A2256W000751,60573,-133.80935585238544,-432.13932236598913,28.54267586618202,4.412235823639328e-13
4383,-133.564967752081,-431.703117765266,28.542728183636,A2256W000751,60574,-133.56496775208052,-431.70311776526574,28.542728183636036,5.339954392427426e-13
4384,-133.320579651776,-431.266913164542,28.5427805010901,A2256W000751,60575,-133.3205796517756,-431.26691316454236,28.542780501090053,5.240704272917405e-13
4385,-133.076191551471,-430.830708563819,28.5428328185441,A2256W000751,60576,-133.07619155147069,-430.830708563819,28.54283281854407,3.126388037344441e-13
4386,-132.831803451166,-430.394503963096,28.5428851359981,A2256W000751,60577,-132.83180345116577,-430.3945039630956,28.542885135998088,4.582862941503293e-13
4387,-132.587415350861,-429.958299362372,28.5429374534521,A2256W000751,60578,-132.58741535086085,-429.9582993623722,28.542937453452105,2.6812987050722663e-13
4388,-132.343027250556,-429.522094761649,28.5429897709061,A2256W000751,60579,-132.34302725055593,-429.5220947616488,28.54298977090612,1.797546735911271e-13
4389,-132.102593665893,-429.083698178902,28.5433469859107,A2256W000751,60580,-132.10259366589338,-429.08369817890235,28.543346985910713,5.028313697992568e-13
4390,-131.862160081231,-428.645301596156,28.5437042009153,A2256W000751,60581,-131.86216008123083,-428.6453015961559,28.543704200915304,2.0495186137532011e-13
4391,-131.689797550614,-428.331022937782,28.5439602819543,A2256W000748,60347,-131.68979755061446,-428.3310229377821,28.543960281954277,4.687428401686771e-13
