x,y,z
-130.5560302734375,-426.4605407714844,28.883821487426758
-130.30136108398438,-426.0266418457031,28.884645462036133
-130.04098510742188,-425.58343505859375,28.884872436523438
-129.78396606445312,-425.14599609375,28.88526153564453
-129.5213623046875,-424.6992492675781,28.885318756103516
-129.26324462890625,-424.260498046875,28.885316848754883
-129.00674438476562,-423.8245849609375,28.885318756103516
-128.74143981933594,-423.37396240234375,28.8659725189209
-128.4821014404297,-422.9351806640625,28.878131866455078
-128.2276611328125,-422.5047607421875,28.887317657470703
-127.9363021850586,-422.0117492675781,28.8889102935791
-127.66354370117188,-421.5504150390625,28.889659881591797
-127.39601135253906,-421.0978088378906,28.890365600585938
-127.1362075805664,-420.6585693359375,28.891910552978516
-126.85091400146484,-420.1759948730469,28.892494201660156
-126.58820343017578,-419.7314453125,28.89337158203125
-126.33171081542969,-419.2975158691406,28.894479751586914
-126.06568145751953,-418.8467102050781,28.89545440673828
-125.80245971679688,-418.39453125,28.896242141723633
-125.54552459716797,-417.9540710449219,28.896997451782227
-125.28361511230469,-417.49737548828125,28.897703170776367
-125.02190399169922,-417.0378112792969,28.898141860961914
-124.76356506347656,-416.5772399902344,28.896535873413086
-124.5135269165039,-416.13323974609375,28.89313316345215
-124.24724578857422,-415.6609802246094,28.900190353393555
-123.99161529541016,-415.2061767578125,28.898685455322266
-123.7152099609375,-414.7142639160156,28.88185691833496
-123.42875671386719,-414.2048645019531,28.890933990478516
-123.16535949707031,-413.73663330078125,28.90148162841797
-122.919677734375,-413.2998046875,28.902271270751953
-122.65830993652344,-412.8353271484375,28.902427673339844
-122.35885620117188,-412.30322265625,28.894439697265625
-122.06465148925781,-411.77996826171875,28.883140563964844
-121.76227569580078,-411.2423095703125,28.893959045410156
-121.45368957519531,-410.69384765625,28.9017333984375
-121.1512451171875,-410.1563415527344,28.901718139648438
-120.8497543334961,-409.62054443359375,28.900835037231445
-120.54557037353516,-409.0799865722656,28.900644302368164
-120.23394775390625,-408.5259704589844,28.900169372558594
-119.93545532226562,-407.99530029296875,28.899307250976562
-119.64566040039062,-407.4794921875,28.898666381835938
-119.37387084960938,-406.9878234863281,28.8983097076416
-119.09967041015625,-406.4840087890625,28.8978271484375
-118.82356262207031,-405.98321533203125,28.897062301635742
-118.55567932128906,-405.4977722167969,28.896146774291992
-118.2927017211914,-405.0207214355469,28.895282745361328
-118.02253723144531,-404.52960205078125,28.894691467285156
-117.76245880126953,-404.0566711425781,28.8945255279541
-117.49015808105469,-403.56182861328125,28.89459800720215
-117.22685241699219,-403.0835876464844,28.89455795288086
-116.968017578125,-402.61358642578125,28.894390106201172
-116.71552276611328,-402.15478515625,28.894630432128906
-116.46793365478516,-401.7043762207031,28.895061492919922
-116.21527862548828,-401.24456787109375,28.895605087280273
-115.94264221191406,-400.7490539550781,28.89591407775879
-115.68246459960938,-400.2764587402344,28.89604949951172
-115.41287994384766,-399.78656005859375,28.896434783935547
-115.16877746582031,-399.3424377441406,28.89684295654297
-114.89254760742188,-398.8394470214844,28.897071838378906
-114.6373519897461,-398.3751525878906,28.897157669067383
-114.36603546142578,-397.8821105957031,28.897071838378906
-114.11883544921875,-397.4328308105469,28.897216796875
-113.87073516845703,-396.9815368652344,28.898027420043945
-113.62832641601562,-396.54058837890625,28.898935317993164
-113.35960388183594,-396.0519714355469,28.899078369140625
-113.11375427246094,-395.60516357421875,28.89836311340332
-112.86306762695312,-395.1494445800781,28.897741317749023
-112.60015106201172,-394.6715087890625,28.897354125976562
-112.35035705566406,-394.2174377441406,28.896663665771484
-112.04591369628906,-393.6640319824219,28.89539337158203
-111.79045867919922,-393.19976806640625,28.894535064697266
-111.54893493652344,-392.76080322265625,28.89417266845703
-111.29034423828125,-392.29083251953125,28.893848419189453
-111.0252456665039,-391.8089599609375,28.893375396728516
-110.77743530273438,-391.3587646484375,28.892745971679688
-110.52680969238281,-390.903564453125,28.89218521118164
-110.27937316894531,-390.4541015625,28.891803741455078
-110.0333023071289,-390.00689697265625,28.89139175415039
-109.78692626953125,-389.55914306640625,28.890932083129883
-109.52708435058594,-389.0871276855469,28.890357971191406
-109.23051452636719,-388.5490417480469,28.890323638916016
-108.98019409179688,-388.0950622558594,28.890174865722656
-108.73040008544922,-387.6415100097656,28.889801025390625
-108.46804809570312,-387.16510009765625,28.889423370361328
-108.20639038085938,-386.6899108886719,28.87674903869629
-107.94158935546875,-386.2090759277344,28.885059356689453
-107.6951904296875,-385.7618713378906,28.889739990234375
-107.4258804321289,-385.27301025390625,28.889188766479492
-107.16351318359375,-384.7967834472656,28.88876724243164
-106.90472412109375,-384.3270263671875,28.88886833190918
-106.62944793701172,-383.8272399902344,28.888580322265625
-106.32545471191406,-383.2750244140625,28.887880325317383
-106.03189849853516,-382.74163818359375,28.88796615600586
-105.76039123535156,-382.2486572265625,28.888450622558594
-105.4508056640625,-381.686767578125,28.888744354248047
-105.17318725585938,-381.18280029296875,28.888887405395508
-104.89686584472656,-380.6812438964844,28.888774871826172
-104.60816955566406,-380.1572570800781,28.88840103149414
-104.34002685546875,-379.6705017089844,28.887901306152344
-104.07748413085938,-379.19384765625,28.887489318847656
-103.7862548828125,-378.6652526855469,28.886943817138672
-103.52448272705078,-378.1903991699219,28.880678176879883
-103.25242614746094,-377.69696044921875,28.87347412109375
-102.98177337646484,-377.20599365234375,28.881210327148438
-102.73747253417969,-376.7626037597656,28.8822021484375
-102.46797180175781,-376.27349853515625,28.880599975585938
-102.20441436767578,-375.7953186035156,28.879682540893555
-101.95419311523438,-375.3414306640625,28.87895965576172
-101.69822692871094,-374.877197265625,28.877437591552734
-101.43487548828125,-374.39947509765625,28.87565803527832
-101.1502685546875,-373.883056640625,28.87419891357422
-100.90453338623047,-373.4368896484375,28.873165130615234
-100.63579559326172,-372.948974609375,28.871793746948242
-100.3849105834961,-372.4937438964844,28.870561599731445
-100.13727569580078,-372.04486083984375,28.869983673095703
-99.84217834472656,-371.5094909667969,28.860855102539062
-99.5764389038086,-371.0270690917969,28.862651824951172
-99.3257827758789,-370.5719909667969,28.869083404541016
-99.06282806396484,-370.09503173828125,28.870750427246094
-98.79627990722656,-369.61199951171875,28.871109008789062
-98.52133178710938,-369.113525390625,28.872209548950195
-98.27355194091797,-368.66412353515625,28.87315559387207
-98.02921295166016,-368.2208557128906,28.873672485351562
-97.78280639648438,-367.773681640625,28.87425994873047
-97.52530670166016,-367.30096435546875,28.875385284423828
-97.27716064453125,-366.832275390625,28.87696075439453
-97.02415466308594,-366.36126708984375,28.879148483276367
-96.76602172851562,-365.87457275390625,28.88129997253418
-96.52827453613281,-365.4180908203125,28.883533477783203
-96.29256439208984,-364.93731689453125,28.88559341430664
-96.05662536621094,-364.42657470703125,28.887645721435547
-95.84500122070312,-363.9453125,28.890230178833008
-95.62865447998047,-363.37371826171875,28.893672943115234
-95.47695922851562,-362.8830871582031,28.897201538085938
-95.35303497314453,-362.362060546875,28.89743995666504
-95.24343872070312,-361.82293701171875,28.897733688354492
-95.13873291015625,-361.28485107421875,28.899093627929688
-95.04095458984375,-360.7873229980469,28.900924682617188
-94.94721221923828,-360.2928161621094,28.903522491455078
-94.86409759521484,-359.7657470703125,28.90545082092285
-94.78683471679688,-359.257080078125,28.90696907043457
-94.71981048583984,-358.7186584472656,28.9080810546875
-94.68480682373047,-358.20794677734375,28.90969467163086
-94.68463897705078,-357.68304443359375,28.911605834960938
-94.73283386230469,-357.1586608886719,28.911457061767578
-94.81652069091797,-356.6594543457031,28.908008575439453
-94.912109375,-356.1644592285156,28.895835876464844
-95.02588653564453,-355.6314697265625,28.89872169494629
-95.14443969726562,-355.0898742675781,28.903837203979492
-95.25665283203125,-354.59100341796875,28.901451110839844
-95.3671875,-354.1004943847656,28.900224685668945
-95.48786163330078,-353.60675048828125,28.899009704589844
-95.63434600830078,-353.0964050292969,28.897621154785156
-95.8065414428711,-352.6014404296875,28.897058486938477
-96.01399230957031,-352.1235656738281,28.895715713500977
-96.2654800415039,-351.6470642089844,28.889442443847656
-96.52599334716797,-351.1836242675781,28.885356903076172
-96.77755737304688,-350.74859619140625,28.88115119934082
-97.05447387695312,-350.278076171875,28.878475189208984
-97.32219696044922,-349.82598876953125,28.876279830932617
-97.61690521240234,-349.35491943359375,28.871389389038086
-97.9269027709961,-348.9044189453125,28.863765716552734
-98.24710083007812,-348.49554443359375,28.872346878051758
-98.5969009399414,-348.11273193359375,28.857166290283203
-98.99456024169922,-347.7432556152344,28.867206573486328
-99.42496490478516,-347.41717529296875,28.87185287475586
-99.852783203125,-347.1474304199219,28.856260299682617
-100.34679412841797,-346.8714599609375,28.862590789794922
-100.83033752441406,-346.62060546875,28.863910675048828
-101.30868530273438,-346.3695373535156,28.863346099853516
-101.80094909667969,-346.10595703125,28.863950729370117
-102.2766342163086,-345.8467712402344,28.863941192626953
-102.73505401611328,-345.5858154296875,28.861692428588867
-103.25016784667969,-345.3004150390625,28.858230590820312
-103.69447326660156,-345.05450439453125,28.85573959350586
-104.15798950195312,-344.7958679199219,28.853618621826172
-104.63846588134766,-344.52740478515625,28.85163688659668
-105.08467102050781,-344.27825927734375,28.848222732543945
-105.525634765625,-344.0326232910156,28.842472076416016
-106.01348876953125,-343.76104736328125,28.835800170898438
-106.53016662597656,-343.4730529785156,28.829158782958984
-107.02993774414062,-343.1942443847656,28.822933197021484
-107.55980682373047,-342.8983154296875,28.81632423400879
-108.04240417480469,-342.62890625,28.809608459472656
-108.50927734375,-342.3685302734375,28.803327560424805
-108.9548110961914,-342.1201477050781,28.797225952148438
-109.41967010498047,-341.860595703125,28.790058135986328
-109.9481201171875,-341.5655517578125,28.781192779541016
-110.42436981201172,-341.2995910644531,28.774639129638672
-110.94863891601562,-341.00677490234375,28.770946502685547
-111.41710662841797,-340.745361328125,28.76726531982422
-111.8575668334961,-340.49951171875,28.76289939880371
-112.30674743652344,-340.2488708496094,28.758981704711914
-112.76708984375,-339.9915771484375,28.755863189697266
-113.22322082519531,-339.736572265625,28.754287719726562
-113.67227172851562,-339.4869689941406,28.753429412841797
-114.13761901855469,-339.2275695800781,28.752119064331055
-114.58082580566406,-338.98077392578125,28.750513076782227
-115.05967712402344,-338.71368408203125,28.748111724853516
-115.5271224975586,-338.45281982421875,28.74651336669922
-115.9968490600586,-338.1907958984375,28.746061325073242
-116.45690155029297,-337.9339904785156,28.74652099609375
-116.90304565429688,-337.68524169921875,28.743614196777344
-117.34523010253906,-337.4386291503906,28.74807357788086
-117.82939147949219,-337.1688537597656,28.749378204345703
-118.27762603759766,-336.91937255859375,28.750732421875
-118.72432708740234,-336.67059326171875,28.7513370513916
-119.23509979248047,-336.3831481933594,28.751493453979492
-119.74707794189453,-336.0943603515625,28.752090454101562
-120.2171401977539,-335.8305358886719,28.75360870361328
-120.68153381347656,-335.5621337890625,28.75566864013672
-121.11853790283203,-335.2869873046875,28.757720947265625
-121.56953430175781,-334.9721984863281,28.758148193359375
-122.06723022460938,-334.61517333984375,28.75914764404297
-122.48670959472656,-334.3201904296875,28.760425567626953
-122.92660522460938,-334.0042419433594,28.761703491210938
-123.35203552246094,-333.69305419921875,28.76339340209961
-123.817138671875,-333.3414611816406,28.766159057617188
-124.25277709960938,-332.9842529296875,28.769052505493164
-124.66664123535156,-332.60882568359375,28.77245330810547
-125.01727294921875,-332.2330627441406,28.775390625
-125.33911895751953,-331.8238525390625,28.771873474121094
-125.64163208007812,-331.41815185546875,28.767086029052734
-125.93260192871094,-331.008056640625,28.773988723754883
-126.22958374023438,-330.594482421875,28.773544311523438
-126.5311279296875,-330.1742248535156,28.7740535736084
-126.8237075805664,-329.7564392089844,28.773635864257812
-127.10691833496094,-329.3303527832031,28.772144317626953
-127.39349365234375,-328.90716552734375,28.77216339111328
-127.67750549316406,-328.4611511230469,28.772106170654297
-127.92845153808594,-328.01641845703125,28.772018432617188
-128.157470703125,-327.53363037109375,28.772192001342773
-128.32843017578125,-327.0536193847656,28.76925277709961
-128.47303771972656,-326.55731201171875,28.764232635498047
-128.60597229003906,-326.05694580078125,28.757966995239258
-128.73712158203125,-325.53131103515625,28.764503479003906
-128.8521270751953,-325.0112609863281,28.763561248779297
-128.931884765625,-324.512939453125,28.763694763183594
-128.9817352294922,-324.0140380859375,28.759958267211914
-129.02334594726562,-323.51123046875,28.759218215942383
-129.0421600341797,-322.98992919921875,28.75823211669922
-129.03414916992188,-322.4556884765625,28.757097244262695
-128.99110412597656,-321.92816162109375,28.754364013671875
-128.92926025390625,-321.38897705078125,28.752901077270508
-128.85427856445312,-320.8721923828125,28.751453399658203
-128.76882934570312,-320.3697509765625,28.750782012939453
-128.6741485595703,-319.85870361328125,28.74989128112793
-128.5651397705078,-319.3442077636719,28.749740600585938
-128.42678833007812,-318.8526306152344,28.74953842163086
-128.25860595703125,-318.3663024902344,28.746482849121094
-128.08547973632812,-317.87890625,28.74567413330078
-127.89205932617188,-317.40118408203125,28.74428939819336
-127.70179748535156,-316.9345703125,28.74397850036621
-127.49662017822266,-316.47418212890625,28.743003845214844
-127.2758560180664,-315.9980773925781,28.74193572998047
-127.06216430664062,-315.5377197265625,28.742088317871094
-126.83409118652344,-315.06341552734375,28.742481231689453
-126.58946990966797,-314.60107421875,28.74101448059082
-126.29872131347656,-314.0367736816406,28.71990203857422
-126.05776977539062,-313.57281494140625,28.733631134033203
-125.79470825195312,-313.0677795410156,28.74304962158203
-125.54005432128906,-312.5798645019531,28.743152618408203
-125.20183563232422,-311.94415283203125,28.74465560913086
-124.95396423339844,-311.4768371582031,28.744705200195312
-124.64772033691406,-310.9129333496094,28.74496078491211
-124.40607452392578,-310.4613037109375,28.746328353881836
-124.1596908569336,-310.0040283203125,28.747907638549805
-123.90098571777344,-309.53759765625,28.748836517333984
-123.63664245605469,-309.0658264160156,28.74955177307129
-123.38770294189453,-308.61248779296875,28.75057601928711
-123.12504577636719,-308.13812255859375,28.751602172851562
-122.85711669921875,-307.6600646972656,28.75262451171875
-122.5921630859375,-307.1873474121094,28.7536678314209
-122.32119750976562,-306.7052307128906,28.75490951538086
-122.0673599243164,-306.26043701171875,28.75705337524414
-121.81739807128906,-305.81683349609375,28.73459243774414
-121.54481506347656,-305.3370056152344,28.75493049621582
-121.29145812988281,-304.8907775878906,28.761104583740234
-121.02197265625,-304.4154052734375,28.750045776367188
-120.74363708496094,-303.9244079589844,28.74379539489746
-120.4602279663086,-303.4246520996094,28.74605369567871
-120.19017028808594,-302.94873046875,28.74870491027832
-119.94076538085938,-302.50927734375,28.753820419311523
-119.68862915039062,-302.0655517578125,28.76614761352539
-119.43488311767578,-301.6190185546875,28.775930404663086
-119.13337707519531,-301.087890625,28.782102584838867
-118.83843994140625,-300.5680847167969,28.785812377929688
-118.55339050292969,-300.0659484863281,28.789663314819336
-118.27476501464844,-299.5760498046875,28.794652938842773
-117.97616577148438,-299.05096435546875,28.794971466064453
-117.72669219970703,-298.61187744140625,28.791854858398438
-117.4481201171875,-298.12152099609375,28.79344940185547
-117.14336395263672,-297.5852966308594,28.801464080810547
-116.85194396972656,-297.07305908203125,28.81747055053711
-116.55128479003906,-296.544677734375,28.83443832397461
-116.25347137451172,-296.0211181640625,28.847064971923828
-115.90597534179688,-295.41015625,28.858102798461914
-115.62843322753906,-294.92236328125,28.863101959228516
-115.31758117675781,-294.3765563964844,28.866708755493164
-115.02346801757812,-293.859375,28.870237350463867
-114.72145080566406,-293.32763671875,28.874984741210938
-114.45343017578125,-292.8558349609375,28.87896728515625
-114.16350555419922,-292.3462219238281,28.88058090209961
-113.86824035644531,-291.8275146484375,28.88408851623535
-113.6184310913086,-291.38812255859375,28.888999938964844
-113.32921600341797,-290.879150390625,28.895875930786133
-113.05297088623047,-290.39276123046875,28.90280532836914
-112.80587005615234,-289.9566650390625,28.90843963623047
-112.53729248046875,-289.4823303222656,28.912206649780273
-112.2760009765625,-289.02093505859375,28.914390563964844
-111.89777374267578,-288.3539733886719,28.917221069335938
-111.52272033691406,-287.69342041015625,28.920333862304688
-111.17271423339844,-287.0772705078125,28.92298126220703
-110.81007385253906,-286.4384460449219,28.924606323242188
-110.44778442382812,-285.8001708984375,28.92367935180664
-110.08951568603516,-285.16925048828125,28.92133331298828
-109.74591827392578,-284.5650634765625,28.91794776916504
-109.47608184814453,-284.0909423828125,28.915191650390625
-109.18850708007812,-283.58489990234375,28.91197967529297
-108.93379211425781,-283.1364440917969,28.90909767150879
-108.64335632324219,-282.62542724609375,28.905799865722656
-108.35687255859375,-282.12176513671875,28.902305603027344
-108.10719299316406,-281.6829528808594,28.899097442626953
-107.81575012207031,-281.1703186035156,28.89532470703125
-107.53070831298828,-280.66845703125,28.89119529724121
-107.262939453125,-280.1904296875,28.887004852294922
-106.99607849121094,-279.7007141113281,28.882827758789062
-106.73468017578125,-279.2239990234375,28.878814697265625
-106.44947814941406,-278.7078857421875,28.87306785583496
-106.19807434082031,-278.2530212402344,28.86075782775879
-105.92716217041016,-277.7620544433594,28.85760498046875
-105.68388366699219,-277.3204650878906,28.85679054260254
-105.43994140625,-276.87713623046875,28.852794647216797
-105.16131591796875,-276.3712463378906,28.844738006591797
-104.87582397460938,-275.8532409667969,28.835575103759766
-104.59625244140625,-275.34588623046875,28.82760238647461
-104.30130767822266,-274.81060791015625,28.819944381713867
-104.05809020996094,-274.3693542480469,28.813478469848633
-103.7831802368164,-273.87066650390625,28.805410385131836
-103.50586700439453,-273.3675537109375,28.796810150146484
-103.26048278808594,-272.9205017089844,28.789058685302734
-102.99166870117188,-272.42266845703125,28.78061866760254
-102.72135925292969,-271.92352294921875,28.773204803466797
-102.44758605957031,-271.41961669921875,28.766860961914062
-102.18553161621094,-270.9370422363281,28.761058807373047
-101.92121887207031,-270.45050048828125,28.75416374206543
-101.64376831054688,-269.9400329589844,28.745624542236328
-101.37416076660156,-269.4443054199219,28.739532470703125
-101.1067123413086,-268.95184326171875,28.73703384399414
-100.84014892578125,-268.4605407714844,28.73552703857422
-100.57492065429688,-267.9718322753906,28.73276138305664
-100.31703186035156,-267.4974060058594,28.728851318359375
-100.05327606201172,-267.01318359375,28.725215911865234
-99.79371643066406,-266.53656005859375,28.722763061523438
-99.53407287597656,-266.0589599609375,28.714683532714844
-99.2822494506836,-265.59552001953125,28.709392547607422
-98.99663543701172,-265.0703125,28.713485717773438
-98.70915222167969,-264.541748046875,28.71392059326172
-98.43144989013672,-264.0306701660156,28.714374542236328
-98.1651382446289,-263.54046630859375,28.718338012695312
-97.8936996459961,-263.04119873046875,28.723941802978516
-97.62487030029297,-262.5466003417969,28.7293758392334
-97.3599853515625,-262.05908203125,28.73373794555664
-97.11610412597656,-261.60986328125,28.73647689819336
-96.81198120117188,-261.05010986328125,28.738975524902344
-96.51423645019531,-260.5024108886719,28.742090225219727
-96.20372009277344,-259.9315185546875,28.74583625793457
-95.91557312011719,-259.40142822265625,28.74852180480957
-95.61599731445312,-258.84942626953125,28.751415252685547
-95.32304382324219,-258.31005859375,28.755916595458984
-95.02645874023438,-257.76458740234375,28.7609920501709
-94.7335433959961,-257.22576904296875,28.766456604003906
-94.44599151611328,-256.69586181640625,28.772808074951172
-94.14579010009766,-256.14239501953125,28.77195930480957
-93.83943939208984,-255.57846069335938,28.77193260192871
-93.52021026611328,-254.99099731445312,28.78435707092285
-93.22125244140625,-254.4407501220703,28.79380989074707
-92.91297912597656,-253.87954711914062,28.80229377746582
-92.60660552978516,-253.32229614257812,28.810693740844727
-92.32217407226562,-252.8028564453125,28.81676483154297
-92.04861450195312,-252.30165100097656,28.820310592651367
-91.8021469116211,-251.85079956054688,28.823732376098633
-91.55281066894531,-251.39608764648438,28.828187942504883
-91.24707794189453,-250.840576171875,28.834747314453125
-91.0027847290039,-250.39532470703125,28.83976936340332
-90.72820281982422,-249.89450073242188,28.842639923095703
-90.45854187011719,-249.4122314453125,28.842304229736328
-90.20413208007812,-248.961669921875,28.84164810180664
-89.92279815673828,-248.4573211669922,28.84185791015625
-89.64541625976562,-247.96005249023438,28.842796325683594
-89.37496185302734,-247.47544860839844,28.841989517211914
-89.1035385131836,-246.98965454101562,28.83904266357422
-88.83517456054688,-246.50933837890625,28.836135864257812
-88.57271575927734,-246.03948974609375,28.834260940551758
-88.31977081298828,-245.58657836914062,28.832904815673828
-88.06993865966797,-245.13926696777344,28.831134796142578
-87.81311798095703,-244.67935180664062,28.828536987304688
-87.55872344970703,-244.22377014160156,28.826061248779297
-87.30067443847656,-243.7617950439453,28.816287994384766
-87.05121612548828,-243.31503295898438,28.812698364257812
-86.73948669433594,-242.75685119628906,28.81722640991211
-86.44987487792969,-242.23875427246094,28.815717697143555
-86.1712875366211,-241.74063110351562,28.81209945678711
-85.91661834716797,-241.28512573242188,28.80904769897461
-85.63864135742188,-240.7874755859375,28.80577850341797
-85.35690307617188,-240.28318786621094,28.801851272583008
-85.0750961303711,-239.779296875,28.798856735229492
-84.82583618164062,-239.33396911621094,28.79741859436035
-84.55638885498047,-238.8526611328125,28.796091079711914
-84.29025268554688,-238.376708984375,28.794635772705078
-84.02869415283203,-237.90863037109375,28.792938232421875
-83.76376342773438,-237.43487548828125,28.79102325439453
-83.51788330078125,-236.99600219726562,28.789377212524414
-83.26492309570312,-236.54486083984375,28.78757095336914
-83.0132064819336,-236.09515380859375,28.785717010498047
-82.75460815429688,-235.63250732421875,28.784120559692383
-82.500244140625,-235.17861938476562,28.782459259033203
-82.23562622070312,-234.70748901367188,28.77967643737793
-81.98094940185547,-234.25436401367188,28.776443481445312
-81.72447967529297,-233.79681396484375,28.773540496826172
-81.45894622802734,-233.3221435546875,28.77062225341797
-81.21150970458984,-232.8809814453125,28.765613555908203
-80.9502944946289,-232.41656494140625,28.759767532348633
-80.70278930664062,-231.9762420654297,28.754825592041016
-80.45011138916016,-231.52609252929688,28.740009307861328
-80.19454193115234,-231.06997680664062,28.740436553955078
-79.91165161132812,-230.56539916992188,28.7452392578125
-79.64845275878906,-230.09579467773438,28.74428939819336
-79.35741424560547,-229.57723999023438,28.742084503173828
-79.10973358154297,-229.13632202148438,28.74032974243164
-78.81008911132812,-228.6024627685547,28.737764358520508
-78.54485321044922,-228.1293182373047,28.7349796295166
-78.27073669433594,-227.63662719726562,28.732709884643555
-78.0162124633789,-227.16537475585938,28.73208999633789
-77.73519134521484,-226.64622497558594,28.7330379486084
-77.47843933105469,-226.17764282226562,28.734481811523438
-77.20100402832031,-225.67025756835938,28.735578536987305
-76.94525146484375,-225.20132446289062,28.73648452758789
-76.68154907226562,-224.71737670898438,28.737730026245117
-76.40901947021484,-224.21755981445312,28.739364624023438
-76.1429214477539,-223.72879028320312,28.741039276123047
-75.88525390625,-223.24473571777344,28.74253273010254
-75.6473388671875,-222.7837371826172,28.74356460571289
-75.39332580566406,-222.30101013183594,28.74463653564453
-75.14925384521484,-221.8336181640625,28.745590209960938
-74.91981506347656,-221.37973022460938,28.74615478515625
-74.68663787841797,-220.9183349609375,28.74691390991211
-74.45703887939453,-220.4418487548828,28.747631072998047
-74.24911499023438,-219.9852294921875,28.74810791015625
-73.9683837890625,-219.3677978515625,28.74936866760254
-73.71118927001953,-218.76744079589844,28.749927520751953
-73.46803283691406,-218.20523071289062,28.750343322753906
-73.19960021972656,-217.59100341796875,28.746173858642578
-72.99600219726562,-217.1220245361328,28.74867820739746
-72.78504180908203,-216.63458251953125,28.75080108642578
-72.58045959472656,-216.1588134765625,28.75098419189453
-72.345458984375,-215.59115600585938,28.751338958740234
-72.09854888916016,-214.9980926513672,28.75223731994629
-71.88771057128906,-214.49530029296875,28.75292205810547
-71.68276977539062,-214.00009155273438,28.75326156616211
-71.48997497558594,-213.53427124023438,28.75364112854004
-71.28584289550781,-213.025634765625,28.75411605834961
-71.09132385253906,-212.53036499023438,28.75430679321289
-70.89419555664062,-212.0329132080078,28.754392623901367
-70.69051361083984,-211.50942993164062,28.742534637451172
-70.49417114257812,-211.0101776123047,28.742061614990234
-70.28572082519531,-210.47862243652344,28.752498626708984
-70.10028076171875,-210.005615234375,28.75481414794922
-69.90350341796875,-209.5006866455078,28.754379272460938
-69.71263885498047,-208.99327087402344,28.754552841186523
-69.51446533203125,-208.461181640625,28.75522232055664
-69.329833984375,-207.96348571777344,28.755186080932617
-69.14362335205078,-207.45327758789062,28.754968643188477
-68.95822143554688,-206.948974609375,28.755138397216797
-68.79080200195312,-206.47084045410156,28.75528907775879
-68.62044525146484,-205.97750854492188,28.755653381347656
-68.44664001464844,-205.47320556640625,28.755834579467773
-68.28142547607422,-204.97866821289062,28.755882263183594
-68.1104736328125,-204.4788818359375,28.75057601928711
-67.94171142578125,-203.98489379882812,28.742855072021484
-67.77726745605469,-203.50167846679688,28.751712799072266
-67.6120376586914,-203.00746154785156,28.758174896240234
-67.45848846435547,-202.5277862548828,28.75878143310547
-67.2801284790039,-201.9752197265625,28.75834083557129
-67.10302734375,-201.42373657226562,28.758527755737305
-66.95040130615234,-200.94264221191406,28.758647918701172
-66.78234100341797,-200.41552734375,28.75865936279297
-66.61524963378906,-199.86685180664062,28.758434295654297
-66.45381164550781,-199.33047485351562,28.758548736572266
-66.2945785522461,-198.79400634765625,28.758819580078125
-66.14675903320312,-198.27059936523438,28.758848190307617
-65.98966217041016,-197.72857666015625,28.758838653564453
-65.82605743408203,-197.152587890625,28.758264541625977
-65.68447875976562,-196.6510009765625,28.755308151245117
-65.5401382446289,-196.14414978027344,28.745952606201172
-65.3843994140625,-195.59515380859375,28.751976013183594
-65.24845123291016,-195.11196899414062,28.75583267211914
-65.11319732666016,-194.61312866210938,28.755508422851562
-64.9517822265625,-194.0172576904297,28.753887176513672
-64.79447174072266,-193.4358367919922,28.75289535522461
-64.63960266113281,-192.839599609375,28.75145721435547
-64.49026489257812,-192.2710418701172,28.749759674072266
-64.34211730957031,-191.68161010742188,28.747867584228516
-64.19501495361328,-191.1013946533203,28.746994018554688
-64.05044555664062,-190.52146911621094,28.74710464477539
-63.922637939453125,-189.9637908935547,28.74641990661621
-63.79572677612305,-189.4090576171875,28.745643615722656
-63.67915344238281,-188.87672424316406,28.74473762512207
-63.56591796875,-188.3153076171875,28.743572235107422
-63.44891357421875,-187.75375366210938,28.742839813232422
-63.344390869140625,-187.21533203125,28.741851806640625
-63.24710464477539,-186.68589782714844,28.74076271057129
-63.14183044433594,-186.12429809570312,28.739831924438477
-63.052181243896484,-185.62451171875,28.739337921142578
-62.96063995361328,-185.129150390625,28.739009857177734
-62.863136291503906,-184.59979248046875,28.738178253173828
-62.74820327758789,-183.97296142578125,28.72803497314453
-62.647789001464844,-183.4241180419922,28.732707977294922
-62.549354553222656,-182.87921142578125,28.734722137451172
-62.43939971923828,-182.24691772460938,28.733484268188477
-62.34623718261719,-181.72390747070312,28.732887268066406
-62.2498779296875,-181.18267822265625,28.73263931274414
-62.1529541015625,-180.63731384277344,28.731983184814453
-62.051307678222656,-180.06417846679688,28.718441009521484
-61.93639373779297,-179.4160614013672,28.721527099609375
-61.84650421142578,-178.8950653076172,28.728775024414062
-61.760799407958984,-178.3602294921875,28.730554580688477
-61.67497634887695,-177.83055114746094,28.7301082611084
-61.593082427978516,-177.3115692138672,28.729991912841797
-61.50358963012695,-176.68209838867188,28.729948043823242
-61.42220687866211,-176.11932373046875,28.72991943359375
-61.355648040771484,-175.61489868164062,28.72951316833496
-61.29375076293945,-175.09617614746094,28.72910499572754
-61.23005294799805,-174.5904083251953,28.729095458984375
-61.16907501220703,-174.08566284179688,28.729284286499023
-61.10152816772461,-173.49679565429688,28.729930877685547
-61.03511047363281,-172.91941833496094,28.73072052001953
-60.97775650024414,-172.35153198242188,28.731351852416992
-60.92613983154297,-171.85350036621094,28.732135772705078
-60.876930236816406,-171.35174560546875,28.732881546020508
-60.826202392578125,-170.78121948242188,28.73373794555664
-60.77182388305664,-170.2131805419922,28.73464584350586
-60.71994400024414,-169.66925048828125,28.731952667236328
-60.668785095214844,-169.13038635253906,28.72623634338379
-60.62194061279297,-168.62957763671875,28.73354721069336
-60.57489776611328,-168.10177612304688,28.738666534423828
-60.521263122558594,-167.50198364257812,28.739704132080078
-60.47624588012695,-167.00396728515625,28.740079879760742
-60.432090759277344,-166.46585083007812,28.741199493408203
-60.397010803222656,-165.966796875,28.742237091064453
-60.35377502441406,-165.39276123046875,28.742835998535156
-60.31751251220703,-164.82797241210938,28.742237091064453
-60.28913879394531,-164.31814575195312,28.74258041381836
-60.25492477416992,-163.771484375,28.744306564331055
-60.22018814086914,-163.21868896484375,28.745853424072266
-60.185020446777344,-162.65646362304688,28.746665954589844
-60.1546516418457,-162.15652465820312,28.747201919555664
-60.126121520996094,-161.59600830078125,28.747669219970703
-60.10400390625,-161.07650756835938,28.748371124267578
-60.08294677734375,-160.54586791992188,28.748977661132812
-60.064170837402344,-160.01589965820312,28.749473571777344
-60.04267883300781,-159.49185180664062,28.750003814697266
-60.02486038208008,-158.98239135742188,28.75048065185547
-60.00726318359375,-158.47048950195312,28.75113296508789
-59.99223327636719,-157.9654083251953,28.751815795898438
-59.980499267578125,-157.45101928710938,28.75249481201172
-59.96997833251953,-156.88539123535156,28.75305938720703
-59.96537780761719,-156.32386779785156,28.753555297851562
-59.95691680908203,-155.822998046875,28.75402069091797
-59.94828414916992,-155.27684020996094,28.741783142089844
-59.9405632019043,-154.753173828125,28.744152069091797
-59.93307876586914,-154.24754333496094,28.75160026550293
-59.92485046386719,-153.68429565429688,28.752948760986328
-59.91644287109375,-153.1046600341797,28.750490188598633
-59.90851974487305,-152.55422973632812,28.737781524658203
-59.90039825439453,-151.99017333984375,28.740697860717773
-59.89210510253906,-151.42181396484375,28.74574851989746
-59.88386917114258,-150.85733032226562,28.745847702026367
-59.87590026855469,-150.3047332763672,28.74401092529297
-59.867515563964844,-149.72544860839844,28.742572784423828
-59.8596305847168,-149.18212890625,28.74159812927246
-59.85175323486328,-148.64749145507812,28.740047454833984
-59.84365463256836,-148.09725952148438,28.737548828125
-59.83598327636719,-147.56988525390625,28.734907150268555
-59.82692337036133,-146.94483947753906,28.732101440429688
-59.81818389892578,-146.34474182128906,28.729942321777344
-59.808799743652344,-145.70372009277344,28.7242374420166
-59.79896926879883,-145.0188751220703,28.720043182373047
-59.78925704956055,-144.352294921875,28.72379493713379
-59.77909851074219,-143.65907287597656,28.723098754882812
-59.76947021484375,-142.99476623535156,28.721506118774414
-59.76057434082031,-142.35560607910156,28.720500946044922
-59.751564025878906,-141.71832275390625,28.721263885498047
-59.742671966552734,-141.1092987060547,28.721853256225586
-59.734169006347656,-140.5296630859375,28.721824645996094
-59.72526550292969,-139.9134521484375,28.72174835205078
-59.716766357421875,-139.30702209472656,28.722400665283203
-59.70792007446289,-138.6817169189453,28.723844528198242
-59.69917678833008,-138.07818603515625,28.72519302368164
-59.690643310546875,-137.48902893066406,28.726198196411133
-59.682106018066406,-136.89085388183594,28.72722625732422
-59.673606872558594,-136.2877197265625,28.728355407714844
-59.66482925415039,-135.67630004882812,28.729541778564453
-59.656124114990234,-135.07423400878906,28.730627059936523
-59.64796447753906,-134.50308227539062,28.731281280517578
-59.640159606933594,-133.9404296875,28.730947494506836
-59.6324348449707,-133.38429260253906,28.730117797851562
-59.6243896484375,-132.8180389404297,28.729642868041992
-59.616912841796875,-132.29412841796875,28.729530334472656
-59.60847854614258,-131.69961547851562,28.729324340820312
-59.601776123046875,-131.13833618164062,28.72867202758789
-59.59910583496094,-130.60716247558594,28.727846145629883
-59.594398498535156,-130.06954956054688,28.72732925415039
-59.589962005615234,-129.5306854248047,28.727073669433594
-59.592552185058594,-128.95437622070312,28.7263240814209
-59.599082946777344,-128.4407958984375,28.72538948059082
-59.60276412963867,-127.87801361083984,28.72465705871582
-59.612979888916016,-127.365966796875,28.72451400756836
-59.62522506713867,-126.79112243652344,28.724355697631836
-59.64438247680664,-126.23681640625,28.72383689880371
-59.66819381713867,-125.72504425048828,28.723318099975586
-59.688331604003906,-125.1794662475586,28.72293472290039
-59.712257385253906,-124.67198181152344,28.71756362915039
-59.74516296386719,-124.0404281616211,28.710247039794922
-59.77210998535156,-123.46649169921875,28.719444274902344
-59.798274993896484,-122.91149139404297,28.722301483154297
-59.82449722290039,-122.36302185058594,28.721872329711914
-59.853092193603516,-121.772216796875,28.714920043945312
-59.8787727355957,-121.24397277832031,28.713199615478516
-59.904170989990234,-120.71978759765625,28.71946144104004
-59.92951965332031,-120.19535064697266,28.72146224975586
-59.9542350769043,-119.6810531616211,28.72055435180664
-59.98383712768555,-119.06550598144531,28.71963119506836
-60.0108528137207,-118.50615692138672,28.71982765197754
-60.03834533691406,-117.93641662597656,28.720413208007812
-60.06604766845703,-117.35882568359375,28.7204532623291
-60.09254837036133,-116.80463409423828,28.720008850097656
-60.11912536621094,-116.24520874023438,28.71954345703125
-60.1463623046875,-115.58363342285156,28.718914031982422
-60.17017364501953,-114.98948669433594,28.718372344970703
-60.196041107177734,-114.35206604003906,28.7183895111084
-60.2135124206543,-113.717041015625,28.71818733215332
-60.23165512084961,-113.0628662109375,28.717731475830078
-60.24702835083008,-112.42122650146484,28.71709442138672
-60.26243591308594,-111.78778076171875,28.71631622314453
-60.27686309814453,-111.19743347167969,28.715654373168945
-60.2877197265625,-110.6146011352539,28.71500015258789
-60.29814910888672,-110.03539276123047,28.714313507080078
-60.30958938598633,-109.46006774902344,28.713558197021484
-60.31723403930664,-108.88470458984375,28.712692260742188
-60.323341369628906,-108.31592559814453,28.712377548217773
-60.32228088378906,-107.76937866210938,28.71200180053711
-60.3138427734375,-107.2080078125,28.711090087890625
-60.309967041015625,-106.64384460449219,28.710262298583984
-60.299034118652344,-106.08140563964844,28.709545135498047
-60.286041259765625,-105.5396499633789,28.709781646728516
-60.27605438232422,-104.99125671386719,28.710153579711914
-60.26557922363281,-104.45144653320312,28.709426879882812
-60.25520324707031,-103.93730163574219,28.70784568786621
-60.2437744140625,-103.36534881591797,28.705808639526367
-60.23275375366211,-102.81565856933594,28.70496368408203
-60.22176742553711,-102.27862548828125,28.70498275756836
-60.210418701171875,-101.72201538085938,28.705238342285156
-60.19977569580078,-101.19334411621094,28.705175399780273
-60.18901062011719,-100.65312194824219,28.696992874145508
-60.17758560180664,-100.0840835571289,28.694637298583984
-60.16716384887695,-99.56903076171875,28.702199935913086
-60.156517028808594,-99.03790283203125,28.703826904296875
-60.14605712890625,-98.50798034667969,28.70317840576172
-60.134307861328125,-97.91657257080078,28.703519821166992
-60.12346649169922,-97.38420104980469,28.69866943359375
-60.11161804199219,-96.79933166503906,28.6954288482666
-60.10040283203125,-96.24058532714844,28.702314376831055
-60.08963394165039,-95.6974105834961,28.704572677612305
-60.07855987548828,-95.13983917236328,28.705089569091797
-60.067237854003906,-94.58258819580078,28.706867218017578
-60.055301666259766,-93.99549102783203,28.709043502807617
-60.04414749145508,-93.44329833984375,28.710094451904297
-60.033058166503906,-92.89849090576172,28.71031951904297
-60.02228546142578,-92.37283325195312,28.71036148071289
-60.01158905029297,-91.84326934814453,28.710098266601562
-59.999725341796875,-91.24851989746094,28.709575653076172
-59.99125671386719,-90.6819839477539,28.709415435791016
-59.98701477050781,-90.05827331542969,28.70998764038086
-59.97949981689453,-89.46144104003906,28.71108627319336
-59.97211456298828,-88.86221313476562,28.71194839477539
-59.965232849121094,-88.27449035644531,28.712547302246094
-59.95909881591797,-87.6995849609375,28.712961196899414
-59.95458984375,-87.11308288574219,28.713171005249023
-59.949466705322266,-86.55007934570312,28.713584899902344
-59.9441032409668,-85.9841079711914,28.714319229125977
-59.93902587890625,-85.45327758789062,28.715024948120117
-59.93376159667969,-84.88883972167969,28.715606689453125
-59.92887496948242,-84.35091400146484,28.715761184692383
-59.92377471923828,-83.79052734375,28.71581268310547
-59.91831970214844,-83.20433044433594,28.71603012084961
-59.913047790527344,-82.64209747314453,28.71636962890625
-59.908050537109375,-82.10530853271484,28.71668815612793
-59.902992248535156,-81.55261993408203,28.71687126159668
-59.898468017578125,-81.02120208740234,28.716583251953125
-59.89384841918945,-80.50662231445312,28.716161727905273
-59.88904571533203,-79.99520874023438,28.716093063354492
-59.88383483886719,-79.43841552734375,28.716049194335938
-59.87921905517578,-78.93138885498047,28.715774536132812
-59.87500762939453,-78.42388916015625,28.714324951171875
-59.870513916015625,-77.87635040283203,28.712764739990234
-59.86554718017578,-77.33053588867188,28.712085723876953
-59.86039733886719,-76.77290344238281,28.711048126220703
-59.855323791503906,-76.19942474365234,28.70953941345215
-59.850563049316406,-75.64920043945312,28.7083740234375
-59.84580612182617,-75.09632110595703,28.70772933959961
-59.841243743896484,-74.59185028076172,28.706745147705078
-59.83646774291992,-74.0654525756836,28.700082778930664
-59.83140563964844,-73.496826171875,28.707321166992188
-59.82685470581055,-72.98047637939453,28.70850372314453
-59.822513580322266,-72.47425079345703,28.70814323425293
-59.820404052734375,-71.94219970703125,28.70855712890625
-59.821807861328125,-71.43070983886719,28.708866119384766
-59.820613861083984,-70.91841888427734,28.708969116210938
-59.825035095214844,-70.36161041259766,28.709030151367188
-59.83089065551758,-69.74285888671875,28.70949935913086
-59.84184265136719,-69.19161987304688,28.709735870361328
-59.848018646240234,-68.6855239868164,28.70659828186035
-59.85576248168945,-68.11650085449219,28.694869995117188
-59.86305618286133,-67.60612487792969,28.705120086669922
-59.870391845703125,-67.1056137084961,28.711132049560547
-59.87792205810547,-66.58451080322266,28.71161460876465
-59.88507080078125,-66.07595825195312,28.71181869506836
-59.89398193359375,-65.44242095947266,28.701570510864258
-59.901939392089844,-64.88663482666016,28.69607925415039
-59.90968322753906,-64.34210205078125,28.707042694091797
-59.91716766357422,-63.81250762939453,28.714149475097656
-59.924278259277344,-63.295692443847656,28.721057891845703
-59.93087387084961,-62.79335021972656,28.74839210510254
-59.937503814697266,-62.28606414794922,28.69390869140625
-59.944549560546875,-61.76990509033203,28.71440887451172
-59.951507568359375,-61.25434494018555,28.714866638183594
-59.95812225341797,-60.74262619018555,28.714733123779297
-59.965301513671875,-60.20148849487305,28.69845962524414
-59.97260284423828,-59.66428756713867,28.705215454101562
-59.979888916015625,-59.12700653076172,28.706363677978516
-59.986717224121094,-58.625701904296875,28.69549560546875
-59.993743896484375,-58.10205078125,28.707582473754883
-60.0018310546875,-57.488006591796875,28.717350006103516
-60.008731842041016,-56.96158218383789,28.71717071533203
-60.01545715332031,-56.45246124267578,28.716806411743164
-60.02239227294922,-55.933197021484375,28.71756935119629
-60.02964401245117,-55.39175033569336,28.71811294555664
-60.03642272949219,-54.88385772705078,28.71725082397461
-60.04524230957031,-54.22513961791992,28.701711654663086
-60.05305480957031,-53.64447784423828,28.708738327026367
-60.06041717529297,-53.09677505493164,28.71824836730957
-60.06721496582031,-52.59051513671875,28.720592498779297
-60.07544708251953,-51.97846603393555,28.720333099365234
-60.084068298339844,-51.35093688964844,28.720901489257812
-60.09235382080078,-50.75731658935547,28.721887588500977
-60.100868225097656,-50.13682556152344,28.722213745117188
-60.1087760925293,-49.548980712890625,28.722091674804688
-60.117061614990234,-48.93849182128906,28.72206687927246
-60.125728607177734,-48.30998992919922,28.722091674804688
-60.13505172729492,-47.63414001464844,28.709421157836914
-60.14422607421875,-46.95360565185547,28.714675903320312
-60.15330123901367,-46.282554626464844,28.725730895996094
-60.16017150878906,-45.77767562866211,28.728221893310547
-60.169734954833984,-45.07389831542969,28.724700927734375
-60.18024826049805,-44.2979736328125,28.715084075927734
-60.18699645996094,-43.79798126220703,28.71434211730957
-60.19527053833008,-43.19237518310547,28.723403930664062
-60.20416259765625,-42.55961608886719,28.732830047607422
-60.2117919921875,-42.01812744140625,28.73593521118164
-60.219825744628906,-41.437164306640625,28.736488342285156
-60.22754669189453,-40.872379302978516,28.736738204956055
-60.234745025634766,-40.351463317871094,28.73746681213379
-60.24308395385742,-39.770286560058594,28.738807678222656
-60.25151062011719,-39.19561004638672,28.74073600769043
-60.25885772705078,-38.68907165527344,28.742530822753906
-60.266578674316406,-38.1435432434082,28.74437713623047
-60.27419662475586,-37.59735870361328,28.746341705322266
-60.28525924682617,-36.81540298461914,28.749786376953125
-60.29261016845703,-36.314857482910156,28.751636505126953
-60.30078887939453,-35.76034164428711,28.752986907958984
-60.30846405029297,-35.230159759521484,28.75418472290039
-60.31620407104492,-34.686805725097656,28.755619049072266
-60.32344436645508,-34.17488479614258,28.75667953491211
-60.3321418762207,-33.55998229980469,28.75688362121582
-60.340797424316406,-32.953590393066406,28.756628036499023
-60.348052978515625,-32.44939422607422,28.75657081604004
-60.35552215576172,-31.93836784362793,28.75663948059082
-60.36317825317383,-31.423686981201172,28.756837844848633
-60.37206268310547,-30.819934844970703,28.758073806762695
-60.38051986694336,-30.220808029174805,28.760568618774414
-60.38765335083008,-29.71670150756836,28.762916564941406
-60.396148681640625,-29.13519859313965,28.764678955078125
-60.4046745300293,-28.568937301635742,28.765592575073242
-60.41354751586914,-27.97966766357422,28.767513275146484
-60.42190933227539,-27.40562629699707,28.77046012878418
-60.42983627319336,-26.844966888427734,28.77310562133789
-60.43799591064453,-26.278947830200195,28.775043487548828
-60.446434020996094,-25.703426361083984,28.77658462524414
-60.45370101928711,-25.158123016357422,28.778308868408203
-60.45799255371094,-24.607532501220703,28.77983283996582
-60.462684631347656,-24.088943481445312,28.780345916748047
-60.46900939941406,-23.471155166625977,28.78042984008789
-60.47315216064453,-22.950721740722656,28.780548095703125
-60.47494888305664,-22.427143096923828,28.780902862548828
-60.47795867919922,-21.89380645751953,28.781352996826172
-60.480308532714844,-21.363815307617188,28.781709671020508
-60.4786262512207,-20.84531021118164,28.78202247619629
-60.474884033203125,-20.315710067749023,28.78211784362793
-60.473846435546875,-19.792221069335938,28.78195571899414
-60.47300720214844,-19.227699279785156,28.78160858154297
-60.47222900390625,-18.686933517456055,28.781539916992188
-60.47093963623047,-18.127145767211914,28.781784057617188
-60.46940612792969,-17.58770751953125,28.782264709472656
-60.46788787841797,-17.021875381469727,28.782573699951172
-60.466773986816406,-16.509815216064453,28.772815704345703
-60.46569061279297,-15.916557312011719,28.772192001342773
-60.46479415893555,-15.413593292236328,28.77865982055664
-60.46366882324219,-14.906036376953125,28.781234741210938
-60.462486267089844,-14.397692680358887,28.78084945678711
-60.46112823486328,-13.79590129852295,28.779403686523438
-60.459747314453125,-13.187910079956055,28.77774429321289
-60.458282470703125,-12.591005325317383,28.774417877197266
-60.45709228515625,-12.083951950073242,28.770816802978516
-60.45588684082031,-11.577118873596191,28.7667236328125
-60.454463958740234,-11.028271675109863,28.76237678527832
-60.452964782714844,-10.459162712097168,28.75826072692871
-60.4515380859375,-9.886682510375977,28.754573822021484
-60.450157165527344,-9.300178527832031,28.75104522705078
-60.44845962524414,-8.65731430053711,28.747568130493164
-60.446327209472656,-8.014564514160156,28.74456024169922
-60.444305419921875,-7.381933689117432,28.742023468017578
-60.44266128540039,-6.771601676940918,28.739566802978516
-60.44102478027344,-6.125957489013672,28.736892700195312
-60.43902587890625,-5.484670162200928,28.73514747619629
-60.43674087524414,-4.871952056884766,28.73419189453125
-60.43424606323242,-4.227995872497559,28.732879638671875
-60.432498931884766,-3.664839506149292,28.731719970703125
-60.430728912353516,-3.062459945678711,28.730762481689453
-60.42854309082031,-2.4504613876342773,28.730308532714844
-60.42620849609375,-1.8881936073303223,28.729076385498047
-60.42390823364258,-1.332013487815857,28.727367401123047
-60.42194747924805,-0.7645557522773743,28.726234436035156
-60.42002868652344,-0.20703525841236115,28.72582244873047
-60.41803741455078,0.3518229126930237,28.72576904296875
-60.41611099243164,0.8818882703781128,28.725576400756836
-60.41408157348633,1.4382061958312988,28.725181579589844
-60.41202163696289,1.9990555047988892,28.724742889404297
-60.40987777709961,2.593177556991577,28.71406364440918
-60.40791320800781,3.1717896461486816,28.718582153320312
-60.4058837890625,3.7639169692993164,28.724733352661133
-60.403778076171875,4.361501693725586,28.72576904296875
-60.40164566040039,4.960869312286377,28.726024627685547
-60.399627685546875,5.523386478424072,28.72684097290039
-60.39751434326172,6.118831157684326,28.727561950683594
-60.39537811279297,6.69700813293457,28.72760772705078
-60.393341064453125,7.25533390045166,28.7274112701416
-60.391258239746094,7.8379058837890625,28.72751808166504
-60.3892822265625,8.396191596984863,28.72781753540039
-60.38753128051758,8.932665824890137,28.727760314941406
-60.385616302490234,9.488061904907227,28.727195739746094
-60.38356399536133,10.038414001464844,28.726776123046875
-60.38138198852539,10.6240816116333,28.726551055908203
-60.37944793701172,11.180719375610352,28.726112365722656
-60.37757110595703,11.749598503112793,28.725391387939453
-60.37574768066406,12.304960250854492,28.72507095336914
-60.373844146728516,12.84431266784668,28.72547149658203
-60.37189865112305,13.369274139404297,28.725753784179688
-60.3697509765625,13.965238571166992,28.71419906616211
-60.3677978515625,14.519875526428223,28.7178955078125
-60.36588668823242,15.061686515808105,28.724994659423828
-60.364013671875,15.59877872467041,28.725955963134766
-60.362037658691406,16.150882720947266,28.72480583190918
-60.360191345214844,16.667503356933594,28.72430419921875
-60.35820770263672,17.232881546020508,28.723846435546875
-60.35624694824219,17.761079788208008,28.722904205322266
-60.35261154174805,18.271743774414062,28.722291946411133
-60.341129302978516,18.78251075744629,28.72205352783203
-60.324005126953125,19.35934066772461,28.722278594970703
-60.312705993652344,19.932363510131836,28.722553253173828
-60.300968170166016,20.4901123046875,28.723037719726562
-60.28112030029297,21.06687355041504,28.724037170410156
-60.244415283203125,21.615081787109375,28.725505828857422
-60.190250396728516,22.139205932617188,28.725984573364258
-60.12293243408203,22.71249771118164,28.718935012817383
-60.0597038269043,23.292633056640625,28.709049224853516
-59.99791717529297,23.885818481445312,28.719562530517578
-59.93856430053711,24.448688507080078,28.72577667236328
-59.87556457519531,25.034011840820312,28.724716186523438
-59.814170837402344,25.59937286376953,28.72214126586914
-59.7510986328125,26.18292236328125,28.721084594726562
-59.69062042236328,26.744979858398438,28.720943450927734
-59.62471008300781,27.325536727905273,28.721275329589844
-59.556365966796875,27.880977630615234,28.721538543701172
-59.49179458618164,28.427759170532227,28.721923828125
-59.428070068359375,28.972259521484375,28.722457885742188
-59.36864471435547,29.47893714904785,28.722915649414062
-59.30573272705078,30.01305389404297,28.723323822021484
-59.24542236328125,30.523799896240234,28.723093032836914
-59.17718505859375,31.101608276367188,28.711637496948242
-59.09827423095703,31.770204544067383,28.711517333984375
-59.03821563720703,32.278202056884766,28.7206974029541
-58.97400665283203,32.8218994140625,28.725297927856445
-58.915225982666016,33.32036590576172,28.725265502929688
-58.85597229003906,33.823123931884766,28.72418785095215
-58.793155670166016,34.3564338684082,28.723697662353516
-58.72962951660156,34.89590835571289,28.723724365234375
-58.66635513305664,35.43339920043945,28.72357177734375
-58.603450775146484,35.967201232910156,28.72301483154297
-58.54146194458008,36.49272155761719,28.722335815429688
-58.48179244995117,36.99833679199219,28.721759796142578
-58.41999816894531,37.52167510986328,28.721288681030273
-58.351932525634766,38.09836959838867,28.72063446044922
-58.28242111206055,38.68793869018555,28.719545364379883
-58.21574401855469,39.25300216674805,28.71820068359375
-58.14639663696289,39.84044647216797,28.716657638549805
-58.082481384277344,40.381675720214844,28.715158462524414
-58.01844024658203,40.92408752441406,28.713693618774414
-57.947120666503906,41.528228759765625,28.71213150024414
-57.88292694091797,42.071807861328125,28.71080780029297
-57.81854248046875,42.61840057373047,28.709474563598633
-57.75928497314453,43.150997161865234,28.70809555053711
-57.702301025390625,43.701873779296875,28.706623077392578
-57.641143798828125,44.262359619140625,28.70518684387207
-57.58436584472656,44.79954528808594,28.703922271728516
-57.535240173339844,45.360191345214844,28.701969146728516
-57.49457550048828,45.881103515625,28.700538635253906
-57.45244598388672,46.42719268798828,28.699113845825195
-57.41664123535156,46.942054748535156,28.697763442993164
-57.378047943115234,47.45189666748047,28.696590423583984
-57.33570861816406,48.04029083251953,28.696718215942383
-57.3056640625,48.53989028930664,28.696788787841797
-57.269683837890625,49.13075256347656,28.69624137878418
-57.24016571044922,49.74486541748047,28.69524383544922
-57.21333694458008,50.32892608642578,28.694660186767578
-57.18836212158203,50.94690704345703,28.694320678710938
-57.174232482910156,51.50079345703125,28.692079544067383
-57.15985870361328,52.03628921508789,28.69009780883789
-57.15467071533203,52.62595748901367,28.68852424621582
-57.14870071411133,53.18927001953125,28.68740463256836
-57.14227294921875,53.70404052734375,28.685558319091797
-57.13998031616211,54.25437927246094,28.6816349029541
-57.13609313964844,54.798255920410156,28.680702209472656
-57.13747787475586,55.33998107910156,28.68128776550293
-57.14461898803711,55.882869720458984,28.681804656982422
-57.147666931152344,56.39134216308594,28.683177947998047
-57.15317153930664,56.90167236328125,28.686725616455078
-57.16339874267578,57.54439926147461,28.687862396240234
-57.16877365112305,58.047950744628906,28.687177658081055
-57.1759147644043,58.677734375,28.6871280670166
-57.18578338623047,59.3397216796875,28.688779830932617
-57.19780731201172,59.93461990356445,28.689346313476562
-57.206565856933594,60.5323600769043,28.687849044799805
-57.21724319458008,61.19489288330078,28.682464599609375
-57.22748565673828,61.80603790283203,28.682226181030273
-57.2369270324707,62.40235900878906,28.681854248046875
-57.24680709838867,63.04478454589844,28.67867660522461
-57.256465911865234,63.628597259521484,28.677019119262695
-57.26662063598633,64.23661041259766,28.67622947692871
-57.276710510253906,64.87178039550781,28.674409866333008
-57.285736083984375,65.44786071777344,28.672996520996094
-57.29518127441406,66.01526641845703,28.674983978271484
-57.30590057373047,66.61394500732422,28.678421020507812
-57.3157958984375,67.21009063720703,28.67902374267578
-57.324554443359375,67.76091003417969,28.678810119628906
-57.334556579589844,68.37129974365234,28.679494857788086
-57.34510803222656,68.99220275878906,28.680875778198242
-57.353912353515625,69.51056671142578,28.681713104248047
-57.362430572509766,70.03369140625,28.681961059570312
-57.37242126464844,70.6426010131836,28.6823673248291
-57.38087844848633,71.15264892578125,28.682758331298828
-57.38966369628906,71.68409729003906,28.68269157409668
-57.39814376831055,72.18891906738281,28.682662963867188
-57.40690612792969,72.71471405029297,28.6832275390625
-57.41514587402344,73.2212142944336,28.68445587158203
-57.42362594604492,73.73930358886719,28.685697555541992
-57.43209457397461,74.25103759765625,28.686725616455078
-57.44078826904297,74.7552719116211,28.688188552856445
-57.4495964050293,75.26104736328125,28.689655303955078
-57.45859909057617,75.80074310302734,28.690589904785156
-57.467132568359375,76.32009887695312,28.69179916381836
-57.47616958618164,76.86621856689453,28.693387985229492
-57.48537826538086,77.397705078125,28.695667266845703
-57.494327545166016,77.91517639160156,28.697429656982422
-57.502479553222656,78.44212341308594,28.697803497314453
-57.505165100097656,78.9613037109375,28.69796371459961
-57.50665283203125,79.49232482910156,28.699304580688477
-57.493038177490234,79.99624633789062,28.699901580810547
-57.4691276550293,80.51573181152344,28.700963973999023
-57.43034744262695,81.0345230102539,28.701251983642578
-57.37737274169922,81.6175537109375,28.702726364135742
-57.30982971191406,82.13069152832031,28.702510833740234
-57.23503494262695,82.65365600585938,28.70306968688965
-57.13655471801758,83.18377685546875,28.703174591064453
-57.031768798828125,83.68148803710938,28.70360565185547
-56.91696548461914,84.19346618652344,28.70460319519043
-56.77692413330078,84.70967102050781,28.706167221069336
-56.607032775878906,85.19806671142578,28.708023071289062
-56.38849639892578,85.68604278564453,28.707353591918945
-56.135684967041016,86.13981628417969,28.707059860229492
-55.85853576660156,86.56765747070312,28.702028274536133
-55.552059173583984,87.00885009765625,28.70561981201172
-55.254180908203125,87.43409729003906,28.706085205078125
-54.932960510253906,87.89456176757812,28.70644760131836
-54.621376037597656,88.3378677368164,28.70685577392578
-54.29388427734375,88.79166412353516,28.708152770996094
-53.9557991027832,89.21893310546875,28.708229064941406
-53.63423156738281,89.62390899658203,28.70876121520996
-53.304405212402344,90.03433990478516,28.709442138671875
-52.945640563964844,90.46204376220703,28.710739135742188
-52.58954620361328,90.84306335449219,28.711679458618164
-52.220558166503906,91.20126342773438,28.711999893188477
-51.8072509765625,91.53905487060547,28.712648391723633
-51.386207580566406,91.83705139160156,28.692726135253906
-50.943363189697266,92.12952423095703,28.70709228515625
-50.51896667480469,92.3992691040039,28.709457397460938
-50.078033447265625,92.67264556884766,28.70857048034668
-49.620521545410156,92.95198822021484,28.708005905151367
-49.18164825439453,93.19287872314453,28.70718765258789
-48.64443588256836,93.44813537597656,28.705120086669922
-48.17371368408203,93.65861511230469,28.703495025634766
-47.64897918701172,93.88958740234375,28.70184898376465
-47.17388153076172,94.096923828125,28.701326370239258
-46.70767593383789,94.27942657470703,28.70127296447754
-46.184913635253906,94.45967102050781,28.700275421142578
-45.63414764404297,94.63011169433594,28.698945999145508
-45.11531066894531,94.78120422363281,28.699295043945312
-44.620296478271484,94.89093780517578,28.699785232543945
-44.101932525634766,94.9697494506836,28.697307586669922
-43.60436248779297,95.03683471679688,28.696414947509766
-43.097129821777344,95.08665466308594,28.69571304321289
-42.55668640136719,95.13546752929688,28.677536010742188
-42.058372497558594,95.1839370727539,28.6904354095459
-41.535396575927734,95.23237609863281,28.69369125366211
-40.996456146240234,95.27961730957031,28.69427490234375
-40.47108840942383,95.31037902832031,28.695613861083984
-39.92237854003906,95.325439453125,28.694368362426758
-39.42170333862305,95.34528350830078,28.69468116760254
-38.92191696166992,95.36569213867188,28.694904327392578
-38.39312744140625,95.38070678710938,28.694610595703125
-37.889469146728516,95.39654541015625,28.694355010986328
-37.366966247558594,95.41371154785156,28.694286346435547
-36.84751510620117,95.43009948730469,28.694377899169922
-36.328712463378906,95.446533203125,28.69441795349121
-35.808406829833984,95.46304321289062,28.694318771362305
-35.302371978759766,95.4790267944336,28.694316864013672
-34.7662353515625,95.49588012695312,28.69456672668457
-34.19905090332031,95.51367950439453,28.694639205932617
-33.69834899902344,95.52944946289062,28.694753646850586
-33.18206024169922,95.54512023925781,28.69498634338379
-32.679290771484375,95.55699920654297,28.69509506225586
-32.17308044433594,95.57150268554688,28.695266723632812
-31.669593811035156,95.5817642211914,28.695430755615234
-31.15787124633789,95.5905990600586,28.695167541503906
-30.634510040283203,95.60214233398438,28.6950740814209
-30.123239517211914,95.62303924560547,28.695545196533203
-29.606678009033203,95.66923522949219,28.696346282958984
-29.08686637878418,95.75373077392578,28.697277069091797
-28.583820343017578,95.87175750732422,28.676538467407227
-28.058467864990234,96.01287078857422,28.672283172607422
-27.566015243530273,96.15889739990234,28.673843383789062
-27.06209945678711,96.3160400390625,28.687091827392578
-26.582550048828125,96.46465301513672,28.69418716430664
-26.065670013427734,96.61451721191406,28.69537925720215
-25.555206298828125,96.7515869140625,28.695236206054688
-25.033496856689453,96.89280700683594,28.695425033569336
-24.513032913208008,97.0395736694336,28.695247650146484
-23.983253479003906,97.18814849853516,28.694677352905273
-23.462080001831055,97.3325424194336,28.69449234008789
-22.923431396484375,97.47581481933594,28.69577407836914
-22.40516471862793,97.60301208496094,28.697181701660156
-21.913711547851562,97.7259521484375,28.698177337646484
-21.4238338470459,97.85222625732422,28.698856353759766
-20.91179656982422,97.97952270507812,28.699758529663086
-20.335493087768555,98.10452270507812,28.701528549194336
-19.8419132232666,98.19290161132812,28.702505111694336
-19.317975997924805,98.27950286865234,28.703296661376953
-18.75482940673828,98.37977600097656,28.70438003540039
-18.21078872680664,98.47562408447266,28.70526123046875
-17.707460403442383,98.5606689453125,28.706096649169922
-17.170303344726562,98.64768981933594,28.707565307617188
-16.63431167602539,98.72232055664062,28.708904266357422
-16.023319244384766,98.80962371826172,28.711139678955078
-15.498973846435547,98.8807373046875,28.71291732788086
-14.975988388061523,98.94926452636719,28.71462631225586
-14.443408966064453,99.01966857910156,28.716461181640625
-13.92261791229248,99.08589935302734,28.71751594543457
-13.384912490844727,99.15626525878906,28.70652198791504
-12.838445663452148,99.22769165039062,28.71709442138672
-12.296908378601074,99.30198669433594,28.725160598754883
-11.688528060913086,99.38506317138672,28.726566314697266
-11.189176559448242,99.45323181152344,28.72768783569336
-10.68870735168457,99.5299072265625,28.729820251464844
-10.058046340942383,99.65093994140625,28.732389450073242
-9.52574348449707,99.78093719482422,28.7340087890625
-8.986589431762695,99.94017028808594,28.7340087890625
-8.40968132019043,100.12187194824219,28.735454559326172
-7.883071422576904,100.29784393310547,28.73672103881836
-7.354085922241211,100.47452545166016,28.73822784423828
-6.8152337074279785,100.65194702148438,28.740062713623047
-6.287320613861084,100.83366394042969,28.742916107177734
-5.777698516845703,101.02642059326172,28.745248794555664
-5.237959861755371,101.235107421875,28.747556686401367
-4.763576507568359,101.41732025146484,28.75088882446289
-4.170116424560547,101.67532348632812,28.755746841430664
-3.6413512229919434,101.94608306884766,28.759790420532227
-3.1292524337768555,102.26104736328125,28.76291847229004
-2.7042980194091797,102.58587646484375,28.76409912109375
-2.2716517448425293,102.97377014160156,28.76299285888672
-1.8607100248336792,103.36607360839844,28.764232635498047
-1.426328182220459,103.7939682006836,28.756685256958008
-1.0562725067138672,104.15609741210938,28.7493839263916
-0.6887677907943726,104.52098083496094,28.764862060546875
-0.28785622119903564,104.9456787109375,28.770469665527344
0.05459935963153839,105.34483337402344,28.77189826965332
0.3592154383659363,105.7418212890625,28.772768020629883
0.6590781211853027,106.1778564453125,28.7699031829834
0.9734102487564087,106.66275024414062,28.76878547668457
1.2300673723220825,107.09357452392578,28.767879486083984
1.502780556678772,107.56556701660156,28.76865577697754
1.7444912195205688,108.02960205078125,28.769672393798828
1.961228370666504,108.52449035644531,28.771503448486328
2.125030279159546,108.99919891357422,28.77312660217285
2.250028133392334,109.51305389404297,28.770048141479492
2.3536205291748047,110.04495239257812,28.757984161376953
2.4390175342559814,110.5517807006836,28.757110595703125
2.5149285793304443,111.06825256347656,28.767738342285156
2.594538688659668,111.60269165039062,28.768882751464844
2.6832427978515625,112.17994689941406,28.7562313079834
2.7614002227783203,112.701904296875,28.759746551513672
2.8350329399108887,113.20211791992188,28.769245147705078
2.909712791442871,113.77596282958984,28.771202087402344
2.9652152061462402,114.39939880371094,28.77151107788086
2.989978313446045,114.93685913085938,28.771827697753906
3.007206439971924,115.43742370605469,28.77245330810547
3.021928548812866,115.95321655273438,28.772842407226562
3.025804042816162,116.46337890625,28.772573471069336
3.030590057373047,116.97767639160156,28.773006439208984
3.0292816162109375,117.50508117675781,28.77351188659668
3.023390293121338,118.0098876953125,28.774234771728516
3.016540288925171,118.51097106933594,28.775665283203125
2.993687868118286,119.03152465820312,28.777263641357422
2.962204694747925,119.54896545410156,28.77841567993164
2.9350550174713135,120.07666015625,28.77973175048828
2.900535821914673,120.62378692626953,28.780933380126953
2.861372947692871,121.2381591796875,28.782520294189453
2.818740129470825,121.77407836914062,28.784046173095703
2.7611935138702393,122.31974029541016,28.784914016723633
2.708686590194702,122.82583618164062,28.786216735839844
2.6442251205444336,123.33822631835938,28.787071228027344
2.570761203765869,123.87432098388672,28.77720069885254
2.505068063735962,124.39693450927734,28.777099609375
2.4378156661987305,124.92515563964844,28.78824234008789
2.367943286895752,125.45271301269531,28.790800094604492
2.2995119094848633,125.97015380859375,28.790205001831055
2.2188618183135986,126.5349349975586,28.790752410888672
2.1254076957702637,127.06632995605469,28.791397094726562
2.0139453411102295,127.58281707763672,28.790189743041992
1.882993459701538,128.13458251953125,28.788494110107422
1.7585722208023071,128.68165588378906,28.788042068481445
1.637030839920044,129.23797607421875,28.787845611572266
1.5177760124206543,129.77146911621094,28.781232833862305
1.39031982421875,130.33279418945312,28.768646240234375
1.2599079608917236,130.908935546875,28.774784088134766
1.13791823387146,131.4490966796875,28.786142349243164
1.0169141292572021,131.97897338867188,28.78963851928711
0.8900942206382751,132.49673461914062,28.789417266845703
0.754559338092804,133.0130157470703,28.789417266845703
0.6203069686889648,133.5361785888672,28.790225982666016
0.4937109351158142,134.04196166992188,28.790958404541016
0.36700087785720825,134.54730224609375,28.791351318359375
0.2243759036064148,135.10299682617188,28.7919864654541
0.07148997485637665,135.64614868164062,28.7926082611084
-0.07823321968317032,136.13201904296875,28.792613983154297
-0.22736234962940216,136.61672973632812,28.793058395385742
-0.3740807771682739,137.11279296875,28.794025421142578
-0.5185450911521912,137.60400390625,28.78841209411621
-0.6808898448944092,138.15188598632812,28.780588150024414
-0.8344718813896179,138.66627502441406,28.78875732421875
-0.9896930456161499,139.1773681640625,28.796756744384766
-1.1445287466049194,139.65878295898438,28.800010681152344
-1.3224130868911743,140.17088317871094,28.80046272277832
-1.5170496702194214,140.71405029296875,28.800703048706055
-1.694629430770874,141.22177124023438,28.801410675048828
-1.8741440773010254,141.72982788085938,28.802001953125
-2.065351963043213,142.26080322265625,28.802383422851562
-2.23835825920105,142.7449951171875,28.802900314331055
-2.4173672199249268,143.23410034179688,28.803953170776367
-2.6109981536865234,143.72842407226562,28.80525016784668
-2.8206186294555664,144.21922302246094,28.805830001831055
-3.03517484664917,144.69142150878906,28.805673599243164
-3.265453338623047,145.19854736328125,28.8056583404541
-3.4806573390960693,145.66920471191406,28.80568504333496
-3.6971702575683594,146.12159729003906,28.805469512939453
-3.9151973724365234,146.5772247314453,28.805591583251953
-4.1414642333984375,147.05661010742188,28.797632217407227
-4.369420528411865,147.5399932861328,28.791467666625977
-4.654297351837158,148.14059448242188,28.801376342773438
-4.938880920410156,148.72677612304688,28.807010650634766
-5.2264933586120605,149.28387451171875,28.806936264038086
-5.5343122482299805,149.8443603515625,28.80515480041504
-5.854974746704102,150.42388916015625,28.804218292236328
-6.155643939971924,150.9626007080078,28.803796768188477
-6.464803695678711,151.5223388671875,28.80306053161621
-6.781856536865234,152.09568786621094,28.802021026611328
-7.096149921417236,152.65895080566406,28.80141258239746
-7.402294158935547,153.18873596191406,28.80113983154297
-7.701650619506836,153.6982879638672,28.800994873046875
-8.012720108032227,154.23165893554688,28.80100440979004
-8.319829940795898,154.73553466796875,28.800411224365234
-8.631346702575684,155.23545837402344,28.799774169921875
-8.941184043884277,155.7366485595703,28.799699783325195
-9.251167297363281,156.21514892578125,28.79960823059082
-9.576006889343262,156.6905517578125,28.798566818237305
-9.883925437927246,157.14114379882812,28.797683715820312
-10.209875106811523,157.61328125,28.797496795654297
-10.536120414733887,158.06375122070312,28.79728889465332
-10.867523193359375,158.52056884765625,28.797121047973633
-11.19171142578125,158.97483825683594,28.796545028686523
-11.490564346313477,159.3931121826172,28.795589447021484
-11.845747947692871,159.8888702392578,28.78208351135254
-12.196053504943848,160.3763427734375,28.78615951538086
-12.569631576538086,160.88853454589844,28.794597625732422
-12.955458641052246,161.39810180664062,28.796030044555664
-13.35482406616211,161.92718505859375,28.795543670654297
-13.71569538116455,162.4086151123047,28.795909881591797
-14.084379196166992,162.88323974609375,28.79623031616211
-14.43524169921875,163.3066864013672,28.796104431152344
-14.808161735534668,163.7237548828125,28.795398712158203
-15.233888626098633,164.16494750976562,28.793270111083984
-15.635215759277344,164.57122802734375,28.791770935058594
-16.067989349365234,165.01571655273438,28.79092788696289
-16.45885467529297,165.4220733642578,28.79032325744629
-16.849838256835938,165.82839965820312,28.78952980041504
-17.235069274902344,166.22821044921875,28.788707733154297
-17.612403869628906,166.6175537109375,28.788267135620117
-18.00693702697754,167.02735900878906,28.788192749023438
-18.376365661621094,167.41656494140625,28.78811264038086
-18.78660774230957,167.84576416015625,28.78813934326172
-19.164644241333008,168.24078369140625,28.788211822509766
-19.525131225585938,168.6175079345703,28.78823471069336
-19.892696380615234,169.00186157226562,28.788311004638672
-20.251689910888672,169.37716674804688,28.788497924804688
-20.622467041015625,169.76470947265625,28.783647537231445
-21.00035858154297,170.159912109375,28.77246856689453
-21.352062225341797,170.52780151367188,28.772510528564453
-21.75864028930664,170.95252990722656,28.785072326660156
-22.149106979370117,171.3604278564453,28.792118072509766
-22.517292022705078,171.74493408203125,28.793861389160156
-22.930599212646484,172.1730499267578,28.795244216918945
-23.33147430419922,172.5730743408203,28.797286987304688
-23.72588348388672,172.94996643066406,28.798768997192383
-24.099281311035156,173.30496215820312,28.799636840820312
-24.51841163635254,173.7100372314453,28.80048370361328
-24.909334182739258,174.08163452148438,28.80146026611328
-25.310283660888672,174.45132446289062,28.802703857421875
-25.717514038085938,174.8243408203125,28.804542541503906
-26.112682342529297,175.17330932617188,28.80626106262207
-26.551753997802734,175.53640747070312,28.807893753051758
-26.955284118652344,175.84506225585938,28.808361053466797
-27.431659698486328,176.1873321533203,28.807960510253906
-27.842361450195312,176.47976684570312,28.808116912841797
-28.247549057006836,176.77301025390625,28.808738708496094
-28.656635284423828,177.0726776123047,28.80947494506836
-29.111827850341797,177.4039764404297,28.810100555419922
-29.547786712646484,177.71923828125,28.80255699157715
-30.02936363220215,178.06680297851562,28.793411254882812
-30.448226928710938,178.36956787109375,28.796642303466797
-30.868318557739258,178.67337036132812,28.80643081665039
-31.296905517578125,178.9835662841797,28.811838150024414
-31.771610260009766,179.32620239257812,28.812746047973633
-32.20372772216797,179.63143920898438,28.81249237060547
-32.6314697265625,179.9254608154297,28.812633514404297
-33.06954574584961,180.227783203125,28.81315803527832
-33.549705505371094,180.5625,28.81354331970215
-34.0325927734375,180.89979553222656,28.813318252563477
-34.46582794189453,181.20217895507812,28.80544662475586
-34.910579681396484,181.51199340820312,28.799497604370117
-35.436885833740234,181.87783813476562,28.806259155273438
-35.88013458251953,182.18148803710938,28.812496185302734
-36.35409164428711,182.49404907226562,28.814979553222656
-36.80432891845703,182.77789306640625,28.814807891845703
-37.27821731567383,183.07330322265625,28.814544677734375
-37.75160217285156,183.37188720703125,28.814870834350586
-38.2030029296875,183.6534423828125,28.815122604370117
-38.66682434082031,183.934326171875,28.814849853515625
-39.139366149902344,184.2179718017578,28.814849853515625
-39.57928466796875,184.4771728515625,28.815223693847656
-40.0305061340332,184.732177734375,28.815351486206055
-40.49140167236328,184.98558044433594,28.815433502197266
-40.958641052246094,185.2403564453125,28.815750122070312
-41.4317512512207,185.48916625976562,28.815776824951172
-41.904884338378906,185.7296142578125,28.815568923950195
-42.43206024169922,185.9985809326172,28.81557846069336
-42.95558166503906,186.2610321044922,28.815811157226562
-43.559410095214844,186.5521240234375,28.81576156616211
-44.07910919189453,186.8013153076172,28.8157958984375
-44.59151840209961,187.03955078125,28.815879821777344
-45.060935974121094,187.25477600097656,28.81618881225586
-45.536094665527344,187.4718017578125,28.816776275634766
-46.020042419433594,187.68421936035156,28.817142486572266
-46.54412841796875,187.91102600097656,28.817474365234375
-47.06963348388672,188.13821411132812,28.818069458007812
-47.58887481689453,188.35635375976562,28.818653106689453
-48.118438720703125,188.57945251464844,28.819425582885742
-48.592132568359375,188.77195739746094,28.81987762451172
-49.10918426513672,188.96719360351562,28.81955337524414
-49.68418502807617,189.17364501953125,28.81964683532715
-50.16703796386719,189.33932495117188,28.819713592529297
-50.67815017700195,189.50491333007812,28.818517684936523
-51.202964782714844,189.67665100097656,28.8076171875
-51.68177032470703,189.83712768554688,28.808509826660156
-52.245147705078125,190.02606201171875,28.814359664916992
-52.72303771972656,190.18588256835938,28.809612274169922
-53.19889831542969,190.3446044921875,28.80255699157715
-53.767433166503906,190.5338134765625,28.806659698486328
-54.32073211669922,190.71778869628906,28.812347412109375
-54.81123352050781,190.88108825683594,28.81385612487793
-55.383018493652344,191.07177734375,28.812929153442383
-55.88279724121094,191.23870849609375,28.811614990234375
-56.381561279296875,191.40518188476562,28.81032943725586
-56.85673522949219,191.5635986328125,28.80914306640625
-57.41193389892578,191.74864196777344,28.807443618774414
-57.971031188964844,191.93511962890625,28.805530548095703
-58.491676330566406,192.10910034179688,28.803993225097656
-58.98051452636719,192.2725372314453,28.802513122558594
-59.54705810546875,192.46173095703125,28.800918579101562
-60.036373138427734,192.62493896484375,28.794612884521484
-60.51076889038086,192.78323364257812,28.79338836669922
-61.00139617919922,192.94711303710938,28.794767379760742
-61.497982025146484,193.11317443847656,28.795082092285156
-61.978816986083984,193.2745361328125,28.79407501220703
-62.483062744140625,193.44705200195312,28.79256820678711
-63.046722412109375,193.64459228515625,28.79096221923828
-63.60875701904297,193.8411407470703,28.789508819580078
-64.16232299804688,194.04257202148438,28.788524627685547
-64.7037353515625,194.2537841796875,28.787311553955078
-65.2237319946289,194.46408081054688,28.7863826751709
-65.73947143554688,194.680419921875,28.785797119140625
-66.2559814453125,194.9153594970703,28.784889221191406
-66.7662124633789,195.16891479492188,28.783103942871094
-67.28169250488281,195.43484497070312,28.781280517578125
-67.76048278808594,195.67868041992188,28.779958724975586
-68.25167083740234,195.92372131347656,28.778850555419922
-68.771728515625,196.1831817626953,28.772674560546875
-69.29298400878906,196.44505310058594,28.768680572509766
-69.77323913574219,196.68756103515625,28.77334213256836
-70.23544311523438,196.9229736328125,28.776382446289062
-70.70065307617188,197.16488647460938,28.776748657226562
-71.21900939941406,197.435302734375,28.776037216186523
-71.7409896850586,197.71218872070312,28.77585792541504
-72.2603988647461,198.00396728515625,28.7762451171875
-72.7472915649414,198.295654296875,28.776222229003906
-73.22615814208984,198.59451293945312,28.7764949798584
-73.68502807617188,198.8990020751953,28.776836395263672
-74.10649108886719,199.20326232910156,28.776071548461914
-74.52583312988281,199.52734375,28.774478912353516
-74.93538665771484,199.85084533691406,28.773265838623047
-75.36675262451172,200.18870544433594,28.76926612854004
-75.83574676513672,200.5501251220703,28.758499145507812
-76.29476165771484,200.9044189453125,28.75857162475586
-76.86598205566406,201.34759521484375,28.768388748168945
-77.45308685302734,201.8049774169922,28.77114486694336
-78.00596618652344,202.24205017089844,28.769939422607422
-78.54457092285156,202.669921875,28.769248962402344
-79.09336853027344,203.1071319580078,28.769306182861328
-79.6009521484375,203.52655029296875,28.769062042236328
-80.14544677734375,203.99468994140625,28.768035888671875
-80.68173217773438,204.46337890625,28.767498016357422
-81.17019653320312,204.9134063720703,28.76709747314453
-81.62649536132812,205.3559112548828,28.766441345214844
-82.08679962158203,205.8085479736328,28.766483306884766
-82.54869079589844,206.28341674804688,28.766769409179688
-82.99089813232422,206.7703857421875,28.765869140625
-83.430419921875,207.26608276367188,28.764949798583984
-83.83412170410156,207.72796630859375,28.76461410522461
-84.22711181640625,208.20065307617188,28.76383399963379
-84.62431335449219,208.68724060058594,28.763113021850586
-85.02322387695312,209.16799926757812,28.762582778930664
-85.40160369873047,209.622314453125,28.76219940185547
-85.80418395996094,210.10693359375,28.753999710083008
-86.23613739013672,210.62844848632812,28.753387451171875
-86.64957427978516,211.12799072265625,28.76041030883789
-87.05156707763672,211.61331176757812,28.762271881103516
-87.467529296875,212.11532592773438,28.761640548706055
-87.90615844726562,212.64898681640625,28.761491775512695
-88.28834533691406,213.13192749023438,28.761642456054688
-88.66477966308594,213.62741088867188,28.76113510131836
-89.02739715576172,214.11392211914062,28.76062774658203
-89.38261413574219,214.61563110351562,28.75948715209961
-89.73139953613281,215.12667846679688,28.758167266845703
-90.07968139648438,215.6299591064453,28.757389068603516
-90.40744018554688,216.11151123046875,28.756881713867188
-90.74099731445312,216.63536071777344,28.75564193725586
-91.04240417480469,217.1361083984375,28.753860473632812
-91.33647155761719,217.62596130371094,28.752613067626953
-91.6225814819336,218.11561584472656,28.751537322998047
-91.90088653564453,218.6249542236328,28.749614715576172
-92.16375732421875,219.11508178710938,28.747928619384766
-92.43018341064453,219.60072326660156,28.74648666381836
-92.69622802734375,220.09225463867188,28.745174407958984
-92.93852996826172,220.56971740722656,28.743839263916016
-93.16505432128906,221.05836486816406,28.742515563964844
-93.37393951416016,221.56121826171875,28.73986053466797
-93.5630111694336,222.05508422851562,28.73662567138672
-93.7511978149414,222.5481719970703,28.73419189453125
-93.947265625,223.04925537109375,28.732158660888672
-94.13202667236328,223.51690673828125,28.72795867919922
-94.32474517822266,224.0109405517578,28.727258682250977
-94.50848388671875,224.48460388183594,28.71595001220703
-94.70170593261719,224.98263549804688,28.70639991760254
-94.91143798828125,225.523681640625,28.703397750854492
-95.10021209716797,226.0103759765625,28.708932876586914
-95.2870864868164,226.49203491210938,28.716552734375
-95.46815490722656,226.95848083496094,28.719690322875977
-95.65605926513672,227.44241333007812,28.71955108642578
-95.87250518798828,228.00387573242188,28.718353271484375
-96.05581665039062,228.4964599609375,28.717988967895508
-96.2509994506836,229.05438232421875,28.717662811279297
-96.41704559326172,229.5452117919922,28.717063903808594
-96.58316040039062,230.02874755859375,28.716327667236328
-96.75582122802734,230.529052734375,28.715604782104492
-96.93524932861328,231.07200622558594,28.71525764465332
-97.10183715820312,231.6180419921875,28.71493911743164
-97.26081085205078,232.1596221923828,28.714750289916992
-97.42150115966797,232.69723510742188,28.714691162109375
-97.5801010131836,233.24029541015625,28.71480369567871
-97.7344970703125,233.79205322265625,28.714885711669922
-97.88601684570312,234.32797241210938,28.71531105041504
-98.0400390625,234.87258911132812,28.716049194335938
-98.18637084960938,235.41664123535156,28.716922760009766
-98.3124008178711,235.9355010986328,28.717937469482422
-98.41911315917969,236.4466552734375,28.718997955322266
-98.51039123535156,236.9884033203125,28.718997955322266
-98.57958221435547,237.5033721923828,28.71786117553711
-98.64531707763672,238.03683471679688,28.716915130615234
-98.71397399902344,238.57852172851562,28.716567993164062
-98.78555297851562,239.10987854003906,28.716524124145508
-98.85781860351562,239.64773559570312,28.71637535095215
-98.92887878417969,240.20880126953125,28.715744018554688
-98.99412536621094,240.76138305664062,28.714881896972656
-99.05738830566406,241.2813720703125,28.714237213134766
-99.11929321289062,241.8175506591797,28.713863372802734
-99.16731262207031,242.33505249023438,28.713642120361328
-99.1993408203125,242.86959838867188,28.713245391845703
-99.21299743652344,243.4380340576172,28.711524963378906
-99.21675872802734,243.98812866210938,28.709671020507812
-99.22403717041016,244.53915405273438,28.708354949951172
-99.23593139648438,245.08792114257812,28.707332611083984
-99.24647521972656,245.62184143066406,28.706382751464844
-99.25476837158203,246.1385498046875,28.70570945739746
-99.26270294189453,246.67599487304688,28.70518684387207
-99.27070617675781,247.19677734375,28.70465850830078
-99.28014373779297,247.778076171875,28.70397186279297
-99.28938293457031,248.3349609375,28.70342254638672
-99.29824829101562,248.8839111328125,28.703258514404297
-99.30668640136719,249.41549682617188,28.703371047973633
-99.31565856933594,249.98040771484375,28.70344352722168
-99.32388305664062,250.49351501464844,28.703359603881836
-99.33283996582031,251.04510498046875,28.703327178955078
-99.34210205078125,251.6160888671875,28.703636169433594
-99.3507308959961,252.1563720703125,28.704166412353516
-99.35964965820312,252.71804809570312,28.704669952392578
-99.36845397949219,253.27041625976562,28.70497703552246
-99.37838745117188,253.89224243164062,28.705215454101562
-99.38827514648438,254.5140380859375,28.705642700195312
-99.39643096923828,255.02931213378906,28.70609474182129
-99.40559387207031,255.6081085205078,28.706518173217773
-99.4151382446289,256.21112060546875,28.706953048706055
-99.42449951171875,256.80413818359375,28.70744514465332
-99.43350219726562,257.37103271484375,28.707889556884766
-99.44319915771484,257.98248291015625,28.70819854736328
-99.45264434814453,258.5845031738281,28.70839500427246
-99.46298217773438,259.2430114746094,28.708589553833008
-99.47251892089844,259.84332275390625,28.708730697631836
-99.48190307617188,260.4301452636719,28.7091007232666
-99.49154663085938,261.04046630859375,28.709491729736328
-99.50091552734375,261.6383056640625,28.709671020507812
-99.51008605957031,262.221435546875,28.709869384765625
-99.51968383789062,262.82440185546875,28.71018409729004
-99.52851867675781,263.37823486328125,28.71051025390625
-99.5374526977539,263.94549560546875,28.710783004760742
-99.5452651977539,264.5442199707031,28.711172103881836
-99.53903198242188,265.14459228515625,28.711807250976562
-99.511474609375,265.71038818359375,28.710737228393555
-99.47886657714844,266.3276672363281,28.70075035095215
-99.4547119140625,266.9088134765625,28.689315795898438
-99.4251937866211,267.5760192871094,28.68944549560547
-99.39479064941406,268.216552734375,28.703628540039062
-99.35725402832031,268.86883544921875,28.709321975708008
-99.29862976074219,269.5523986816406,28.708751678466797
-99.2244873046875,270.25006103515625,28.708223342895508
-99.1569595336914,270.9341735839844,28.7081298828125
-99.09070587158203,271.55316162109375,28.707250595092773
-99.02001953125,272.1875,28.706401824951172
-98.94618225097656,272.8342590332031,28.706562042236328
-98.84991455078125,273.51458740234375,28.707273483276367
-98.74028015136719,274.12762451171875,28.70669174194336
-98.6209716796875,274.7502746582031,28.705717086791992
-98.50647735595703,275.385986328125,28.705108642578125
-98.39864349365234,275.9947204589844,28.704593658447266
-98.29109191894531,276.5888977050781,28.704025268554688
-98.18341064453125,277.1774597167969,28.703092575073242
-98.07948303222656,277.7467041015625,28.702091217041016
-97.98942565917969,278.24212646484375,28.701126098632812
-97.89299011230469,278.7729797363281,28.70020866394043
-97.79156494140625,279.33062744140625,28.699514389038086
-97.69288635253906,279.87359619140625,28.699256896972656
-97.59760284423828,280.39801025390625,28.699111938476562
-97.49919128417969,280.9392395019531,28.698863983154297
-97.4094467163086,281.4326477050781,28.698514938354492
-97.31005859375,281.97900390625,28.698110580444336
-97.2122573852539,282.5171203613281,28.697895050048828
-97.11439514160156,283.05584716796875,28.69794273376465
-97.01762390136719,283.588134765625,28.69811248779297
-96.92710876464844,284.0857849121094,28.698192596435547
-96.8282241821289,284.62969970703125,28.69821548461914
-96.73902130126953,285.13104248046875,28.69826316833496
-96.64820861816406,285.680419921875,28.698043823242188
-96.56165313720703,286.1873474121094,28.69765281677246
-96.46794128417969,286.73760986328125,28.69757080078125
-96.39341735839844,287.2330322265625,28.697917938232422
-96.32933044433594,287.77618408203125,28.69626235961914
-96.27505493164062,288.2847900390625,28.6934871673584
-96.20343017578125,288.8768310546875,28.68964385986328
-96.13947296142578,289.3980407714844,28.675521850585938
-96.08009338378906,289.89990234375,28.679431915283203
-96.02275085449219,290.3982238769531,28.684364318847656
-95.96929168701172,290.9437561035156,28.683002471923828
-95.9294204711914,291.50469970703125,28.679458618164062
-95.889892578125,292.0566711425781,28.67864990234375
-95.84557342529297,292.5994873046875,28.67816162109375
-95.80897521972656,293.1373291015625,28.67658233642578
-95.77960968017578,293.65740966796875,28.674762725830078
-95.74890899658203,294.210205078125,28.673370361328125
-95.72936248779297,294.7136535644531,28.672378540039062
-95.70603942871094,295.2447509765625,28.671581268310547
-95.68448638916016,295.78118896484375,28.670658111572266
-95.66885375976562,296.3007507324219,28.669639587402344
-95.64871215820312,296.8459777832031,28.668771743774414
-95.62783813476562,297.3526611328125,28.668394088745117
-95.59927368164062,297.855224609375,28.667619705200195
-95.56600952148438,298.4590148925781,28.667131423950195
-95.5412368774414,298.9590148925781,28.667037963867188
-95.50689697265625,299.51483154296875,28.667078018188477
-95.44851684570312,300.116455078125,28.667232513427734
-95.37068176269531,300.6815185546875,28.66546630859375
-95.29374694824219,301.2068786621094,28.66449737548828
-95.22065734863281,301.75079345703125,28.664316177368164
-95.14480590820312,302.316650390625,28.656856536865234
-95.06953430175781,302.8580322265625,28.65560531616211
-94.99726104736328,303.3750305175781,28.662057876586914
-94.91900634765625,303.90802001953125,28.66329574584961
-94.82406616210938,304.46258544921875,28.662473678588867
-94.72756958007812,304.99725341796875,28.662357330322266
-94.63264465332031,305.506103515625,28.662160873413086
-94.52940368652344,306.0012512207031,28.661211013793945
-94.41999816894531,306.5113220214844,28.660921096801758
-94.28593444824219,307.0597839355469,28.660354614257812
-94.15068054199219,307.58233642578125,28.660350799560547
-94.01891326904297,308.0752868652344,28.66045379638672
-93.86701965332031,308.5930480957031,28.659748077392578
-93.71533966064453,309.1187744140625,28.659526824951172
-93.56717681884766,309.6137390136719,28.659236907958984
-93.41451263427734,310.1195373535156,28.658939361572266
-93.248291015625,310.64794921875,28.658885955810547
-93.06831359863281,311.1512451171875,28.658981323242188
-92.8800048828125,311.61724853515625,28.657480239868164
-92.675048828125,312.10894775390625,28.6509952545166
-92.47377014160156,312.6053466796875,28.644588470458984
-92.28001403808594,313.0872802734375,28.65256118774414
-92.0749282836914,313.58978271484375,28.654325485229492
-91.87297058105469,314.06207275390625,28.653179168701172
-91.64362335205078,314.5571594238281,28.652088165283203
-91.40257263183594,315.0616455078125,28.651283264160156
-91.14641571044922,315.61822509765625,28.650558471679688
-90.93232727050781,316.077880859375,28.650569915771484
-90.68904876708984,316.563232421875,28.650909423828125
-90.40818786621094,317.0823669433594,28.64987564086914
-90.1572265625,317.54290771484375,28.649166107177734
-89.8923110961914,318.0102844238281,28.647438049316406
-89.64498901367188,318.4454345703125,28.6461181640625
-89.39424133300781,318.8927307128906,28.645307540893555
-89.1376953125,319.3303527832031,28.644086837768555
-88.87181854248047,319.7666320800781,28.64185905456543
-88.60774230957031,320.2066650390625,28.640451431274414
-88.30947875976562,320.6781921386719,28.63959503173828
-88.02182006835938,321.11602783203125,28.639568328857422
-87.71355438232422,321.5694580078125,28.639795303344727
-87.40506744384766,321.9806213378906,28.638856887817383
-87.0574951171875,322.4144287109375,28.636899948120117
-86.71697998046875,322.8450927734375,28.625484466552734
-86.37765502929688,323.2794189453125,28.634578704833984
-86.04619598388672,323.7015380859375,28.637962341308594
-85.70268249511719,324.13079833984375,28.63726043701172
-85.33011627197266,324.5736999511719,28.636381149291992
-84.96619415283203,324.99871826171875,28.635345458984375
-84.63288116455078,325.39715576171875,28.63441276550293
-84.2553939819336,325.8375244140625,28.63491439819336
-83.90196228027344,326.24737548828125,28.63627052307129
-83.53443908691406,326.66668701171875,28.63814926147461
-83.16781616210938,327.0572509765625,28.64069366455078
-82.80926513671875,327.4060974121094,28.64276885986328
-82.33467102050781,327.8227233886719,28.641969680786133
-81.94218444824219,328.1568298339844,28.64189910888672
-81.46490478515625,328.5672302246094,28.642879486083984
-81.07843017578125,328.90087890625,28.643489837646484
-80.61518859863281,329.29608154296875,28.64419174194336
-80.18708801269531,329.65966796875,28.645076751708984
-79.72572326660156,330.03533935546875,28.64585304260254
-79.23998260498047,330.4165954589844,28.64282989501953
-78.82302856445312,330.7534484863281,28.635560989379883
-78.39468383789062,331.0976867675781,28.64615249633789
-77.92243957519531,331.4669494628906,28.6492977142334
-77.49525451660156,331.7784118652344,28.649879455566406
-77.05768585205078,332.0773010253906,28.65000343322754
-76.60472869873047,332.3880310058594,28.650325775146484
-76.17839050292969,332.686279296875,28.65062713623047
-75.63922882080078,333.05926513671875,28.65096664428711
-75.13142395019531,333.40216064453125,28.651447296142578
-74.68087005615234,333.6851501464844,28.65191078186035
-74.18064880371094,333.9677734375,28.65142822265625
-73.73526763916016,334.1965637207031,28.6492977142334
-73.24400329589844,334.44854736328125,28.648237228393555
-72.78628540039062,334.6878662109375,28.644115447998047
-72.29475402832031,334.94329833984375,28.641189575195312
-71.84494018554688,335.17449951171875,28.646385192871094
-71.383056640625,335.40863037109375,28.646831512451172
-70.84130096435547,335.66497802734375,28.6467342376709
-70.36137390136719,335.88165283203125,28.64707374572754
-69.88602447509766,336.10211181640625,28.648113250732422
-69.41212463378906,336.3163146972656,28.64881134033203
-68.9312515258789,336.53271484375,28.649951934814453
-68.42393493652344,336.74493408203125,28.65186882019043
-67.94717407226562,336.9246520996094,28.65249252319336
-67.45184326171875,337.10858154296875,28.652868270874023
-66.96859741210938,337.29449462890625,28.653339385986328
-66.48157501220703,337.46875,28.65406608581543
-65.93082427978516,337.6371765136719,28.654680252075195
-65.38912200927734,337.77960205078125,28.652191162109375
-64.86538696289062,337.91888427734375,28.65073013305664
-64.3255386352539,338.06695556640625,28.649566650390625
-63.758094787597656,338.2184753417969,28.6480770111084
-63.27118682861328,338.3476867675781,28.646881103515625
-62.74358367919922,338.48883056640625,28.645503997802734
-62.22418975830078,338.6251525878906,28.644447326660156
-61.71608352661133,338.74420166015625,28.642940521240234
-61.19136428833008,338.86376953125,28.64206886291504
-60.680362701416016,338.9797058105469,28.64186668395996
-60.18069839477539,339.076416015625,28.640933990478516
-59.67949676513672,339.16802978515625,28.641082763671875
-59.15257263183594,339.2456970214844,28.639873504638672
-58.63035202026367,339.32452392578125,28.638961791992188
-58.11760711669922,339.40069580078125,28.63188934326172
-57.58959197998047,339.479736328125,28.616596221923828
-57.07250213623047,339.5561218261719,28.62799835205078
-56.51416015625,339.6385192871094,28.63455581665039
-55.95332717895508,339.721435546875,28.632932662963867
-55.45524978637695,339.7950439453125,28.632217407226562
-54.89906311035156,339.877197265625,28.632347106933594
-54.31096267700195,339.96429443359375,28.627227783203125
-53.773529052734375,340.0437927246094,28.614238739013672
-53.23173904418945,340.12371826171875,28.622983932495117
-52.71377182006836,340.2000732421875,28.631576538085938
-52.18946075439453,340.2794494628906,28.633342742919922
-51.69254684448242,340.3629150390625,28.632823944091797
-51.147850036621094,340.4595947265625,28.6329402923584
-50.636314392089844,340.54534912109375,28.633129119873047
-50.072731018066406,340.63897705078125,28.62165069580078
-49.53746032714844,340.72845458984375,28.61560821533203
-48.97538375854492,340.82293701171875,28.61851692199707
-48.38979721069336,340.9215087890625,28.630756378173828
-47.734710693359375,341.03179931640625,28.638399124145508
-47.20399475097656,341.1212158203125,28.639877319335938
-46.61477279663086,341.2203369140625,28.640605926513672
-46.119266510009766,341.30364990234375,28.64175033569336
-45.56474685668945,341.3968505859375,28.643314361572266
-45.06495666503906,341.4808044433594,28.644458770751953
-44.53467559814453,341.5698547363281,28.64525032043457
-43.9141845703125,341.6741943359375,28.6461238861084
-43.36943054199219,341.7657470703125,28.641828536987305
-42.84085464477539,341.8545227050781,28.637035369873047
-42.26884460449219,341.95050048828125,28.64385223388672
-41.745513916015625,342.0382385253906,28.651609420776367
-41.04353713989258,342.15594482421875,28.65677833557129
-40.52513122558594,342.2429504394531,28.657970428466797
-39.966392517089844,342.3366394042969,28.658878326416016
-39.3928108215332,342.432861328125,28.660255432128906
-38.89009475708008,342.5171813964844,28.661678314208984
-38.36627197265625,342.6049499511719,28.6630916595459
-37.84454345703125,342.6924133300781,28.66427993774414
-37.303688049316406,342.7830810546875,28.665340423583984
-36.735897064208984,342.8783264160156,28.666534423828125
-36.20314025878906,342.96771240234375,28.667762756347656
-35.6643180847168,343.0581359863281,28.669031143188477
-35.06595993041992,343.158447265625,28.67043685913086
-34.5417366027832,343.2463073730469,28.672119140625
-33.978572845458984,343.34075927734375,28.674057006835938
-33.45647048950195,343.428466796875,28.67572021484375
-32.904762268066406,343.52117919921875,28.677154541015625
-32.384090423583984,343.6085510253906,28.678226470947266
-31.772884368896484,343.7109375,28.679317474365234
-31.25998878479004,343.79705810546875,28.679977416992188
-30.715930938720703,343.8885192871094,28.680564880371094
-30.214866638183594,343.972900390625,28.68093490600586
-29.69114875793457,344.06085205078125,28.681076049804688
-29.145465850830078,344.1524353027344,28.681182861328125
-28.470428466796875,344.26446533203125,28.68162727355957
-27.834888458251953,344.3628845214844,28.68202781677246
-27.32708740234375,344.44195556640625,28.682178497314453
-26.77730369567871,344.52911376953125,28.682157516479492
-26.23159408569336,344.61383056640625,28.682065963745117
-25.71920394897461,344.69122314453125,28.682147979736328
-25.144636154174805,344.7763671875,28.682682037353516
-24.6257266998291,344.842529296875,28.683223724365234
-24.115821838378906,344.89434814453125,28.682846069335938
-23.56511688232422,344.9454345703125,28.682241439819336
-23.058313369750977,344.99761962890625,28.681974411010742
-22.47015953063965,345.0606689453125,28.682222366333008
-21.91543197631836,345.11883544921875,28.682340621948242
-21.351158142089844,345.17657470703125,28.682334899902344
-20.799728393554688,345.2295227050781,28.682661056518555
-20.29094696044922,345.26824951171875,28.68290901184082
-19.780916213989258,345.2961730957031,28.682241439819336
-19.15058135986328,345.33203125,28.68114471435547
-18.44118309020996,345.3794250488281,28.680269241333008
-17.933181762695312,345.41217041015625,28.679651260375977
-17.309391021728516,345.4510192871094,28.67859649658203
-16.709402084350586,345.48822021484375,28.677915573120117
-16.20380401611328,345.5198974609375,28.678054809570312
-15.538330078125,345.5616455078125,28.678468704223633
-14.91547679901123,345.6007080078125,28.678497314453125
-14.305440902709961,345.63763427734375,28.678442001342773
-13.693273544311523,345.67242431640625,28.6795597076416
-13.094717979431152,345.7077331542969,28.681217193603516
-12.508294105529785,345.7358093261719,28.682510375976562
-11.895931243896484,345.75634765625,28.683151245117188
-11.308788299560547,345.7803955078125,28.68380355834961
-10.739192008972168,345.79888916015625,28.683948516845703
-10.124361991882324,345.82073974609375,28.68362808227539
-9.590982437133789,345.8380126953125,28.683589935302734
-9.046625137329102,345.8456115722656,28.683494567871094
-8.475061416625977,345.8435363769531,28.683029174804688
-7.926709175109863,345.84820556640625,28.683237075805664
-7.353594779968262,345.8543701171875,28.671993255615234
-6.821887016296387,345.8582763671875,28.671436309814453
-6.299155235290527,345.8613586425781,28.681861877441406
-5.606296539306641,345.86248779296875,28.685781478881836
-5.100192070007324,345.85479736328125,28.68541717529297
-4.4342851638793945,345.8437194824219,28.685911178588867
-3.8055384159088135,345.8380432128906,28.685951232910156
-3.266742706298828,345.8323974609375,28.68513298034668
-2.7113304138183594,345.8258361816406,28.684329986572266
-2.1561992168426514,345.81903076171875,28.684032440185547
-1.6383695602416992,345.81292724609375,28.680557250976562
-1.0448265075683594,345.80609130859375,28.669456481933594
-0.4212339520454407,345.7989196777344,28.67782974243164
0.19166803359985352,345.7918395996094,28.682348251342773
0.7683961391448975,345.7850646972656,28.681474685668945
1.328655481338501,345.77862548828125,28.680950164794922
1.8561503887176514,345.7725524902344,28.681678771972656
2.399164915084839,345.76611328125,28.682300567626953
2.935800790786743,345.7573547363281,28.682247161865234
3.4458329677581787,345.74267578125,28.68169593811035
4.008984565734863,345.72760009765625,28.681394577026367
4.638672828674316,345.71173095703125,28.681705474853516
5.21535587310791,345.689453125,28.68186378479004
5.772819995880127,345.6679992675781,28.68190574645996
6.295022964477539,345.6498107910156,28.681943893432617
6.800508499145508,345.6285400390625,28.682064056396484
7.341828346252441,345.59600830078125,28.68169593811035
7.843397617340088,345.564453125,28.681621551513672
8.359091758728027,345.5277099609375,28.681949615478516
8.892403602600098,345.4735107421875,28.681686401367188
9.459030151367188,345.403564453125,28.681724548339844
9.979554176330566,345.3286437988281,28.681774139404297
10.520143508911133,345.2326354980469,28.680774688720703
11.027188301086426,345.13970947265625,28.68085289001465
11.605321884155273,345.0271911621094,28.681026458740234
12.098931312561035,344.9254455566406,28.681177139282227
12.593990325927734,344.8280029296875,28.681537628173828
13.138916969299316,344.7203369140625,28.682004928588867
13.631216049194336,344.61968994140625,28.682653427124023
14.202560424804688,344.4881896972656,28.683185577392578
14.722708702087402,344.35626220703125,28.680744171142578
15.330154418945312,344.2086181640625,28.667343139648438
15.848342895507812,344.0858459472656,28.67650032043457
16.45301628112793,343.93939208984375,28.68545150756836
16.95017433166504,343.80889892578125,28.687307357788086
17.435579299926758,343.66522216796875,28.688507080078125
17.961177825927734,343.4871520996094,28.68976402282715
18.460338592529297,343.2991027832031,28.689865112304688
18.966590881347656,343.10491943359375,28.690185546875
19.507722854614258,342.9021911621094,28.679317474365234
20.039901733398438,342.705322265625,28.673385620117188
20.57404327392578,342.5062255859375,28.683666229248047
21.066396713256836,342.3215637207031,28.693471908569336
21.600343704223633,342.1187744140625,28.697662353515625
22.096853256225586,341.92156982421875,28.69906234741211
22.56209945678711,341.7238464355469,28.700645446777344
23.03372573852539,341.50787353515625,28.70215606689453
23.553241729736328,341.2602844238281,28.703567504882812
24.084714889526367,341.0107116699219,28.704618453979492
24.6589298248291,340.7464599609375,28.70539093017578
25.12639617919922,340.5267333984375,28.706432342529297
25.591598510742188,340.29840087890625,28.70777130126953
26.161075592041016,340.01824951171875,28.709754943847656
26.701662063598633,339.7547302246094,28.711870193481445
27.183349609375,339.51165771484375,28.714277267456055
27.66386604309082,339.25189208984375,28.716493606567383
28.138652801513672,338.9731140136719,28.717884063720703
28.608715057373047,338.6770935058594,28.718017578125
29.03502655029297,338.4053039550781,28.718454360961914
29.531200408935547,338.09478759765625,28.719219207763672
30.0178165435791,337.7906494140625,28.71971321105957
30.53486442565918,337.4651184082031,28.720335006713867
30.989479064941406,337.1741943359375,28.7214412689209
31.418819427490234,336.8858337402344,28.722515106201172
31.829030990600586,336.59765625,28.723018646240234
32.27498245239258,336.28692626953125,28.723453521728516
32.7012825012207,335.99603271484375,28.723560333251953
33.12577438354492,335.7007751464844,28.723617553710938
33.53022003173828,335.4027099609375,28.723960876464844
34.041419982910156,334.99261474609375,28.724279403686523
34.44777297973633,334.6402282714844,28.720441818237305
34.832706451416016,334.3026428222656,28.707021713256836
35.22804641723633,333.96014404296875,28.70148277282715
35.63389205932617,333.611328125,28.71044158935547
36.04043197631836,333.261962890625,28.7175235748291
36.46990203857422,332.8914489746094,28.71813201904297
36.873985290527344,332.54180908203125,28.716182708740234
37.29835510253906,332.17364501953125,28.714595794677734
37.71410369873047,331.8065490722656,28.713443756103516
38.09708786010742,331.45343017578125,28.71183967590332
38.47704315185547,331.0869445800781,28.709247589111328
38.88013458251953,330.6938171386719,28.70656967163086
39.27420425415039,330.316650390625,28.70460319519043
39.655548095703125,329.9542236328125,28.696414947509766
40.08300018310547,329.5467529296875,28.686708450317383
40.52672576904297,329.1221618652344,28.691715240478516
41.05266571044922,328.61285400390625,28.697153091430664
41.53224182128906,328.1277770996094,28.696115493774414
41.99559020996094,327.6246337890625,28.69464874267578
42.40636444091797,327.13580322265625,28.693395614624023
42.80938720703125,326.61456298828125,28.69075584411621
43.201416015625,326.0909729003906,28.688222885131836
43.60792541503906,325.55126953125,28.686420440673828
43.990318298339844,325.051025390625,28.68536949157715
44.370025634765625,324.5525817871094,28.684457778930664
44.74414825439453,324.05865478515625,28.683475494384766
45.13584899902344,323.53973388671875,28.682369232177734
45.50343704223633,323.04583740234375,28.681739807128906
45.87770080566406,322.5206298828125,28.68097686767578
46.23768615722656,322.0027160644531,28.68014144897461
46.57368469238281,321.5210876464844,28.67972183227539
46.91718292236328,321.0072326660156,28.679306030273438
47.25773239135742,320.470458984375,28.67860984802246
47.57003402709961,319.9809265136719,28.67826271057129
47.8887825012207,319.4809265136719,28.678146362304688
48.18994140625,318.98333740234375,28.67767333984375
48.48773193359375,318.4783020019531,28.677398681640625
48.7780647277832,317.9961242675781,28.677412033081055
49.06877136230469,317.512451171875,28.677570343017578
49.35616683959961,317.0142517089844,28.67776870727539
49.614601135253906,316.5369873046875,28.677471160888672
49.875892639160156,316.0481262207031,28.67730140686035
50.13636779785156,315.57269287109375,28.677331924438477
50.3769645690918,315.12603759765625,28.677230834960938
50.62274932861328,314.6576232910156,28.677001953125
50.88799285888672,314.1589050292969,28.676738739013672
51.13023376464844,313.70379638671875,28.676424026489258
51.37912368774414,313.23651123046875,28.67601776123047
51.64885711669922,312.7296142578125,28.675514221191406
51.90199661254883,312.2533264160156,28.674985885620117
52.16044998168945,311.7669677734375,28.674280166625977
52.415924072265625,311.28643798828125,28.673152923583984
52.6964111328125,310.75555419921875,28.67254638671875
52.9330940246582,310.2921447753906,28.671985626220703
53.16423416137695,309.836181640625,28.671072006225586
53.39209747314453,309.3909912109375,28.67026138305664
53.61341094970703,308.9373474121094,28.669769287109375
53.843116760253906,308.41900634765625,28.669204711914062
54.063926696777344,307.8404235839844,28.667572021484375
54.226654052734375,307.3377685546875,28.663436889648438
54.40778732299805,306.74041748046875,28.65921401977539
54.592376708984375,306.1366882324219,28.65643882751465
54.779502868652344,305.535400390625,28.64800453186035
54.944664001464844,304.99591064453125,28.632427215576172
55.12480926513672,304.4040222167969,28.639089584350586
55.30103302001953,303.8255615234375,28.64500617980957
55.47272872924805,303.26318359375,28.64305877685547
55.637176513671875,302.7251281738281,28.6400089263916
55.78529739379883,302.2409973144531,28.637962341308594
55.93210220336914,301.7604675292969,28.634033203125
56.08680725097656,301.2546081542969,28.620662689208984
56.258453369140625,300.693603515625,28.611995697021484
56.407562255859375,300.2052917480469,28.60935401916504
56.57103729248047,299.67010498046875,28.60784912109375
56.749290466308594,299.08544921875,28.613046646118164
56.91918182373047,298.5268859863281,28.61983871459961
57.08572006225586,297.9791564941406,28.622970581054688
57.25434494018555,297.4248352050781,28.623218536376953
57.42095184326172,296.8774108886719,28.622516632080078
57.58300018310547,296.3426208496094,28.622724533081055
57.73847961425781,295.8160705566406,28.623247146606445
57.888118743896484,295.27679443359375,28.623451232910156
58.02275085449219,294.7513122558594,28.62276840209961
58.15815734863281,294.2019958496094,28.621734619140625
58.283790588378906,293.69964599609375,28.62090301513672
58.42041778564453,293.1621398925781,28.619871139526367
58.554752349853516,292.6268615722656,28.61864471435547
58.67658996582031,292.1094970703125,28.61742401123047
58.78972625732422,291.5784606933594,28.615367889404297
58.893035888671875,291.0601806640625,28.61300277709961
58.99358367919922,290.5610046386719,28.6109619140625
59.11663818359375,289.9685974121094,28.609556198120117
59.22575378417969,289.4501037597656,28.608963012695312
59.33203125,288.9439697265625,28.608509063720703
59.45149230957031,288.356689453125,28.60821533203125
59.56495666503906,287.7689208984375,28.608123779296875
59.684295654296875,287.1566162109375,28.60849380493164
59.79582214355469,286.5906982421875,28.60915756225586
59.91086196899414,286.0006408691406,28.60988998413086
60.01555633544922,285.4196472167969,28.61088752746582
60.1008415222168,284.86834716796875,28.611862182617188
60.16658401489258,284.36346435546875,28.612266540527344
60.22900390625,283.8531799316406,28.612628936767578
60.304168701171875,283.2706298828125,28.613170623779297
60.37866973876953,282.72021484375,28.613855361938477
60.4512825012207,282.183349609375,28.614124298095703
60.52401351928711,281.6383056640625,28.613780975341797
60.59490966796875,281.1009826660156,28.61264419555664
60.660316467285156,280.603515625,28.611221313476562
60.73112106323242,280.0660705566406,28.609725952148438
60.80698776245117,279.49200439453125,28.608346939086914
60.87685775756836,278.9637756347656,28.607196807861328
60.95060729980469,278.4046325683594,28.606245040893555
61.017967224121094,277.8792419433594,28.605833053588867
61.07777786254883,277.3489990234375,28.605268478393555
61.13014221191406,276.8101806640625,28.60432243347168
61.18072509765625,276.30914306640625,28.603595733642578
61.24091720581055,275.74737548828125,28.603084564208984
61.29637145996094,275.2261962890625,28.60285758972168
61.35262680053711,274.6294860839844,28.602535247802734
61.39230728149414,274.1090393066406,28.601844787597656
61.4390869140625,273.5252380371094,28.600841522216797
61.48724365234375,272.96405029296875,28.600215911865234
61.53401565551758,272.419921875,28.600317001342773
61.57948684692383,271.8839111328125,28.600770950317383
61.622283935546875,271.3721008300781,28.60118865966797
61.663856506347656,270.84637451171875,28.601646423339844
61.697288513183594,270.2737121582031,28.602027893066406
61.71344757080078,269.73236083984375,28.60155487060547
61.72740173339844,269.2020263671875,28.601482391357422
61.752315521240234,268.562255859375,28.601844787597656
61.77446746826172,268.00640869140625,28.602100372314453
61.7938232421875,267.4804992675781,28.600751876831055
61.81553649902344,266.8631591796875,28.587905883789062
61.83726119995117,266.26007080078125,28.584196090698242
61.85618591308594,265.72528076171875,28.593534469604492
61.8746337890625,265.2033386230469,28.60382652282715
61.894378662109375,264.64898681640625,28.608806610107422
61.913063049316406,264.12506103515625,28.608091354370117
61.9324951171875,263.57891845703125,28.60135841369629
61.95277786254883,263.0045166015625,28.598329544067383
61.970672607421875,262.4969482421875,28.604576110839844
61.990928649902344,261.92120361328125,28.61315155029297
62.010223388671875,261.3735046386719,28.617576599121094
62.02961349487305,260.82427978515625,28.619239807128906
62.049034118652344,260.2762451171875,28.620338439941406
62.072021484375,259.62750244140625,28.622251510620117
62.09080123901367,259.0953369140625,28.624177932739258
62.11032485961914,258.5363464355469,28.626134872436523
62.13883590698242,257.7184753417969,28.628190994262695
62.16627502441406,256.9404602050781,28.628334045410156
62.191131591796875,256.23577880859375,28.628253936767578
62.21540832519531,255.5389404296875,28.628005981445312
62.24037551879883,254.8180389404297,28.62774658203125
62.264869689941406,254.1162567138672,28.62747573852539
62.29050827026367,253.38504028320312,28.627050399780273
62.31517028808594,252.67935180664062,28.62640380859375
62.33961486816406,251.9765167236328,28.625301361083984
62.3642578125,251.26925659179688,28.623144149780273
62.3897705078125,250.53787231445312,28.617919921875
62.415740966796875,249.7891845703125,28.620071411132812
62.442039489746094,249.0363006591797,28.620685577392578
62.46876525878906,248.31788635253906,28.62033462524414
62.50708770751953,247.60723876953125,28.620607376098633
62.56470489501953,246.93507385253906,28.621017456054688
62.645015716552734,246.23126220703125,28.620716094970703
62.72559356689453,245.52484130859375,28.620494842529297
62.79996109008789,244.85531616210938,28.620834350585938
62.88833236694336,244.1986541748047,28.62226676940918
63.00360107421875,243.54168701171875,28.62485122680664
63.15367889404297,242.88546752929688,28.62770652770996
63.33028030395508,242.2789306640625,28.628887176513672
63.535179138183594,241.68441772460938,28.628910064697266
63.72429275512695,241.1713104248047,28.623306274414062
63.92247009277344,240.64151000976562,28.616300582885742
64.10409545898438,240.15597534179688,28.615442276000977
64.29912567138672,239.63082885742188,28.61787223815918
64.50833892822266,239.06626892089844,28.621231079101562
64.68640899658203,238.58676147460938,28.623706817626953
64.87529754638672,238.07913208007812,28.62582778930664
65.06576538085938,237.56809997558594,28.627662658691406
65.26792907714844,237.02603149414062,28.629192352294922
65.52024841308594,236.34597778320312,28.630409240722656
65.73188781738281,235.7611541748047,28.63115692138672
65.93122863769531,235.18463134765625,28.631776809692383
66.1314697265625,234.56504821777344,28.636249542236328
66.31394958496094,233.9449462890625,28.64447593688965
66.5049057006836,233.1942596435547,28.65206527709961
66.63369750976562,232.58297729492188,28.654541015625
66.7394790649414,231.97848510742188,28.65481185913086
66.83634948730469,231.32516479492188,28.654407501220703
66.90386962890625,230.81072998046875,28.65444564819336
66.97081756591797,230.2203369140625,28.65473175048828
67.02192687988281,229.6439666748047,28.654529571533203
67.06005096435547,229.02357482910156,28.653474807739258
67.08518981933594,228.40118408203125,28.652280807495117
67.10035705566406,227.81515502929688,28.651634216308594
67.1051025390625,227.18789672851562,28.651390075683594
67.09442138671875,226.58758544921875,28.650806427001953
67.06961059570312,226.00782775878906,28.649803161621094
67.03424072265625,225.41798400878906,28.648956298828125
66.99461364746094,224.82257080078125,28.648420333862305
66.95628356933594,224.23330688476562,28.648216247558594
66.91903686523438,223.63003540039062,28.648258209228516
66.88217163085938,223.0109405517578,28.648508071899414
66.847900390625,222.42922973632812,28.648958206176758
66.81097412109375,221.80599975585938,28.64952850341797
66.7763671875,221.2285614013672,28.650066375732422
66.7425308227539,220.66806030273438,28.65055274963379
66.70435333251953,220.0374298095703,28.650938034057617
66.6694564819336,219.46090698242188,28.651016235351562
66.63371276855469,218.86569213867188,28.650882720947266
66.59998321533203,218.2478790283203,28.650623321533203
66.57586669921875,217.66021728515625,28.65023422241211
66.56433868408203,217.0936737060547,28.649662017822266
66.56705474853516,216.51611328125,28.648353576660156
66.58240509033203,215.91041564941406,28.64679527282715
66.60252380371094,215.32766723632812,28.645631790161133
66.62255096435547,214.72311401367188,28.644628524780273
66.63855743408203,214.1754608154297,28.64383316040039
66.65418243408203,213.58961486816406,28.643083572387695
66.6688461303711,213.02215576171875,28.64238929748535
66.6838607788086,212.4517059326172,28.641685485839844
66.70063018798828,211.8978729248047,28.641128540039062
66.72279357910156,211.35850524902344,28.640846252441406
66.75453186035156,210.81707763671875,28.640953063964844
66.79788208007812,210.2910614013672,28.64134979248047
66.85872650146484,209.747314453125,28.641849517822266
66.93467712402344,209.22230529785156,28.641651153564453
67.0247573852539,208.6995086669922,28.641210556030273
67.12388610839844,208.17672729492188,28.641021728515625
67.23277282714844,207.62289428710938,28.641416549682617
67.33495330810547,207.09927368164062,28.642221450805664
67.43524932861328,206.572998046875,28.64334487915039
67.53785705566406,206.0269012451172,28.64479637145996
67.63180541992188,205.52552795410156,28.646310806274414
67.73192596435547,204.99342346191406,28.648040771484375
67.84193420410156,204.4123077392578,28.650020599365234
67.93701934814453,203.9121856689453,28.651819229125977
68.0340576171875,203.40283203125,28.653759002685547
68.15086364746094,202.7895965576172,28.656221389770508
68.24806213378906,202.2786407470703,28.65839958190918
68.36665344238281,201.65432739257812,28.661144256591797
68.48370361328125,201.03811645507812,28.663619995117188
68.59630584716797,200.44622802734375,28.66562271118164
68.71602630615234,199.81707763671875,28.667236328125
68.83363342285156,199.1985626220703,28.668617248535156
68.9298095703125,198.69241333007812,28.669689178466797
69.02400970458984,198.19656372070312,28.67059326171875
69.1335678100586,197.62026977539062,28.671295166015625
69.24215698242188,197.04812622070312,28.671730041503906
69.34878540039062,196.47494506835938,28.672199249267578
69.4456787109375,195.91281127929688,28.672874450683594
69.53291320800781,195.32803344726562,28.67405891418457
69.60054779052734,194.7525177001953,28.67569923400879
69.64762115478516,194.1571502685547,28.67681121826172
69.67195129394531,193.56655883789062,28.67694091796875
69.68167877197266,193.0615234375,28.673728942871094
69.69043731689453,192.3035430908203,28.66545295715332
69.69683837890625,191.7589569091797,28.662874221801758
69.70404815673828,191.25067138671875,28.66268539428711
69.71277618408203,190.67117309570312,28.663869857788086
69.72103881835938,190.11260986328125,28.66986846923828
69.72903442382812,189.54586791992188,28.676528930664062
69.7366943359375,188.97181701660156,28.680870056152344
69.74407958984375,188.4004669189453,28.683021545410156
69.75145721435547,187.8205108642578,28.684085845947266
69.75924682617188,187.2050323486328,28.684646606445312
69.76617431640625,186.65811157226562,28.685009002685547
69.77323150634766,186.1026153564453,28.685230255126953
69.78074645996094,185.5181884765625,28.684627532958984
69.78875732421875,184.9117431640625,28.678855895996094
69.79833984375,184.17428588867188,28.672008514404297
69.8058853149414,183.5828399658203,28.668907165527344
69.8138427734375,182.95643615722656,28.668563842773438
69.82196044921875,182.30856323242188,28.67404556274414
69.82989501953125,181.67127990722656,28.67933464050293
69.83767700195312,181.05294799804688,28.681930541992188
69.84410095214844,180.54954528808594,28.682395935058594
69.85075378417969,180.03216552734375,28.681793212890625
69.85787200927734,179.4757080078125,28.68057632446289
69.86719512939453,178.74002075195312,28.674312591552734
69.87410736083984,178.19985961914062,28.66863250732422
69.8808822631836,177.66697692871094,28.66421890258789
69.8878402709961,177.1148681640625,28.661178588867188
69.89520263671875,176.52536010742188,28.65924072265625
69.902587890625,175.93038940429688,28.659645080566406
69.90980529785156,175.3451385498047,28.66393280029297
69.91729736328125,174.7360076904297,28.668540954589844
69.92451477050781,174.15045166015625,28.671466827392578
69.931396484375,173.59120178222656,28.672826766967773
69.93914794921875,172.96131896972656,28.673294067382812
69.94711303710938,172.31134033203125,28.67341423034668
69.95521545410156,171.64381408691406,28.673633575439453
69.96283721923828,171.00738525390625,28.674190521240234
69.97088623046875,170.33348083496094,28.675048828125
69.9791488647461,169.6432647705078,28.675872802734375
69.98747253417969,168.9423065185547,28.676376342773438
69.99514770507812,168.28858947753906,28.676593780517578
70.00251007080078,167.6614990234375,28.676788330078125
70.01033782958984,166.9986114501953,28.677064895629883
70.01791381835938,166.36004638671875,28.67731285095215
70.02525329589844,165.74127197265625,28.677528381347656
70.0331039428711,165.0780029296875,28.67766571044922
70.04066467285156,164.4390869140625,28.67768096923828
70.04765319824219,163.8387908935547,28.677642822265625
70.05523681640625,162.9319305419922,28.677581787109375
70.05870819091797,162.0941162109375,28.677446365356445
70.0606460571289,161.56594848632812,28.677324295043945
70.06426239013672,160.65841674804688,28.676925659179688
70.06658172607422,160.133544921875,28.676485061645508
70.07090759277344,159.22329711914062,28.675369262695312
70.07343292236328,158.70166015625,28.674362182617188
70.0758285522461,158.19927978515625,28.673240661621094
70.08036041259766,157.22097778320312,28.671354293823242
70.08444213867188,156.31130981445312,28.670368194580078
70.08668518066406,155.79653930664062,28.670148849487305
70.08879089355469,154.89834594726562,28.670021057128906
70.08903503417969,154.386962890625,28.670013427734375
70.08927917480469,153.4779052734375,28.670047760009766
70.0894546508789,152.97000122070312,28.670120239257812
70.08969116210938,152.4698944091797,28.670238494873047
70.09033203125,151.53529357910156,28.67072868347168
70.0908432006836,150.66836547851562,28.671669006347656
70.09104919433594,150.16744995117188,28.672447204589844
70.09144592285156,149.35972595214844,28.670658111572266
70.09196472167969,148.46432495117188,28.66465187072754
70.09221649169922,147.58139038085938,28.664464950561523
70.09229278564453,146.80722045898438,28.669692993164062
70.09235382080078,145.9921875,28.67308807373047
70.09246063232422,145.15365600585938,28.673831939697266
70.09262084960938,144.41827392578125,28.673709869384766
70.09273529052734,143.91552734375,28.673892974853516
70.09297180175781,143.12850952148438,28.6713924407959
70.0931396484375,142.6234893798828,28.66796112060547
70.09333038330078,141.8775634765625,28.665592193603516
70.09345245361328,141.0086669921875,28.670364379882812
70.093505859375,140.11138916015625,28.674400329589844
70.09352111816406,139.313720703125,28.674877166748047
70.09356689453125,138.76788330078125,28.674028396606445
70.09375,137.9354248046875,28.672245025634766
70.09383392333984,137.42764282226562,28.671276092529297
70.09391784667969,136.5849151611328,28.670318603515625
70.09394073486328,136.03758239746094,28.670238494873047
70.09400939941406,135.0923309326172,28.670621871948242
70.09402465820312,134.55332946777344,28.670963287353516
70.09402465820312,133.73402404785156,28.671398162841797
70.09398651123047,133.1934814453125,28.6716251373291
70.09380340576172,132.29531860351562,28.67201042175293
70.09364318847656,131.75823974609375,28.672420501708984
70.0928955078125,130.89352416992188,28.673368453979492
70.0863265991211,129.97959899902344,28.674484252929688
70.07301330566406,129.01463317871094,28.67535400390625
70.06149291992188,128.19313049316406,28.675758361816406
70.05445861816406,127.66616821289062,28.675765991210938
70.04330444335938,126.78973388671875,28.675119400024414
70.03678131103516,126.2659912109375,28.674495697021484
70.025634765625,125.36695861816406,28.673320770263672
70.01914978027344,124.8465576171875,28.672746658325195
70.00837707519531,123.99368286132812,28.672338485717773
70.00177764892578,123.47659301757812,28.67236328125
69.99102020263672,122.63817596435547,28.672805786132812
69.98446655273438,122.12786865234375,28.673179626464844
69.97335815429688,121.26228332519531,28.67362403869629
69.96685791015625,120.75173950195312,28.673686981201172
69.95600891113281,119.89091491699219,28.67334747314453
69.94962310791016,119.38359069824219,28.672962188720703
69.93936157226562,118.57286071777344,28.67226219177246
69.92863464355469,117.72116088867188,28.671207427978516
69.91744995117188,116.83570861816406,28.670347213745117
69.90776824951172,116.07728576660156,28.6698055267334
69.8960189819336,115.16326904296875,28.669509887695312
69.88505554199219,114.32721710205078,28.669647216796875
69.8763427734375,113.67668151855469,28.67005157470703
69.86832427978516,113.07681274414062,28.670591354370117
69.86095428466797,112.52698516845703,28.671117782592773
69.85298156738281,111.94441986083984,28.671871185302734
69.8446044921875,111.34686279296875,28.672805786132812
69.83654022216797,110.77200317382812,28.673992156982422
69.82880401611328,110.21222686767578,28.67531967163086
69.82132720947266,109.66944885253906,28.676151275634766
69.81367492675781,109.11904907226562,28.67677116394043
69.80580139160156,108.55697631835938,28.67646026611328
69.79810333251953,107.99775695800781,28.675052642822266
69.79045867919922,107.43527221679688,28.672788619995117
69.78308868408203,106.891357421875,28.67037582397461
69.77611541748047,106.36785888671875,28.668079376220703
69.76899719238281,105.81607055664062,28.665748596191406
69.76167297363281,105.2481460571289,28.664119720458984
69.75477600097656,104.72512817382812,28.663257598876953
69.7476577758789,104.1929931640625,28.662954330444336
69.74061584472656,103.66279602050781,28.663362503051758
69.73345184326172,103.11273193359375,28.664403915405273
69.72681427001953,102.59032440185547,28.66608428955078
69.7200698852539,102.05661010742188,28.668153762817383
69.71296691894531,101.49435424804688,28.67049789428711
69.70609283447266,100.9559555053711,28.673009872436523
69.69926452636719,100.42800903320312,28.675559997558594
69.6924057006836,99.89988708496094,28.677797317504883
69.68545532226562,99.36148834228516,28.679790496826172
69.67906188964844,98.86119079589844,28.68128204345703
69.67229461669922,98.33409881591797,28.682044982910156
69.66534423828125,97.80130004882812,28.682022094726562
69.6584243774414,97.27430725097656,28.681598663330078
69.65160369873047,96.75254821777344,28.680973052978516
69.64503479003906,96.2469711303711,28.680374145507812
69.63851928710938,95.74322509765625,28.679960250854492
69.63201904296875,95.23843383789062,28.679927825927734
69.62374877929688,94.59284210205078,28.680402755737305
69.61376190185547,93.81719207763672,28.681379318237305
69.603515625,93.04563903808594,28.682296752929688
69.59668731689453,92.54193115234375,28.682579040527344
69.58987426757812,92.04131317138672,28.68260383605957
69.58160400390625,91.42971801757812,28.68252182006836
69.57137298583984,90.67256927490234,28.68175506591797
69.56283569335938,90.04963684082031,28.680648803710938
69.55577850341797,89.53694152832031,28.680274963378906
69.54728698730469,88.9133071899414,28.680498123168945
69.53728485107422,88.16960144042969,28.68120765686035
69.52880859375,87.53114318847656,28.68182373046875
69.52108001708984,86.94778442382812,28.682170867919922
69.51274108886719,86.32493591308594,28.682279586791992
69.50485229492188,85.74335479736328,28.682214736938477
69.49734497070312,85.19219970703125,28.68202781677246
69.48974609375,84.63402557373047,28.681833267211914
69.48332214355469,84.0947494506836,28.681650161743164
69.48123168945312,83.55448150634766,28.681411743164062
69.48738098144531,83.00160217285156,28.68083953857422
69.50250244140625,82.41702270507812,28.67568016052246
69.51789093017578,81.88694763183594,28.669673919677734
69.53352355957031,81.30252075195312,28.66497802734375
69.55256652832031,80.52182006835938,28.663240432739258
69.56482696533203,79.9921875,28.667707443237305
69.57626342773438,79.49165344238281,28.672466278076172
69.59089660644531,78.85423278808594,28.67604637145996
69.60594940185547,78.22150421142578,28.67684555053711
69.62299346923828,77.6412353515625,28.676532745361328
69.64799499511719,77.05056762695312,28.67630386352539
69.68882751464844,76.40858459472656,28.676965713500977
69.74241638183594,75.82258605957031,28.678394317626953
69.82083129882812,75.19316101074219,28.679798126220703
69.91602325439453,74.59117126464844,28.678001403808594
70.02518463134766,73.98847961425781,28.672222137451172
70.15217590332031,73.3231201171875,28.670034408569336
70.27056121826172,72.69970703125,28.674625396728516
70.38496398925781,72.06153106689453,28.679981231689453
70.48370361328125,71.4501724243164,28.683807373046875
70.5704345703125,70.81875610351562,28.686920166015625
70.63443756103516,70.22715759277344,28.689311981201172
70.67981719970703,69.65022277832031,28.69095230102539
70.71347045898438,69.0480728149414,28.692447662353516
70.73939514160156,68.45330810546875,28.693843841552734
70.76338195800781,67.87367248535156,28.694957733154297
70.79216003417969,67.23355865478516,28.69590187072754
70.8178939819336,66.6992416381836,28.69655990600586
70.84642791748047,66.12222290039062,28.697359085083008
70.87530517578125,65.51373291015625,28.698444366455078
70.89842224121094,64.90620422363281,28.699752807617188
70.91070556640625,64.33421325683594,28.70096206665039
70.91118621826172,63.6901741027832,28.701671600341797
70.90357971191406,63.102210998535156,28.701984405517578
70.89498901367188,62.5368766784668,28.702045440673828
70.88748168945312,61.93235397338867,28.701847076416016
70.88190460205078,61.357154846191406,28.701583862304688
70.87545776367188,60.756935119628906,28.701133728027344
70.86648559570312,60.143646240234375,28.70053482055664
70.8575439453125,59.57304763793945,28.7000732421875
70.84814453125,58.983184814453125,28.69985008239746
70.83856964111328,58.38459396362305,28.6998291015625
70.82955932617188,57.819427490234375,28.70003890991211
70.82038879394531,57.23408126831055,28.697141647338867
70.81046295166016,56.59674072265625,28.69156837463379
70.80054473876953,55.96843719482422,28.68783187866211
70.79014587402344,55.31537628173828,28.686256408691406
70.7818832397461,54.8009033203125,28.686233520507812
70.77348327636719,54.27796936035156,28.686798095703125
70.76451110839844,53.720069885253906,28.687644958496094
70.75474548339844,53.11276626586914,28.688701629638672
70.74478149414062,52.49522018432617,28.689857482910156
70.73541259765625,51.91957092285156,28.691070556640625
70.72520446777344,51.29326629638672,28.692615509033203
70.7139663696289,50.60382080078125,28.694440841674805
70.7026596069336,49.91069793701172,28.696374893188477
70.69062042236328,49.17315673828125,28.698341369628906
70.6781234741211,48.40874481201172,28.699729919433594
70.66590118408203,47.660526275634766,28.700498580932617
70.65396881103516,46.916744232177734,28.702396392822266
70.646728515625,46.38511657714844,28.706069946289062
70.64237976074219,45.86798095703125,28.709949493408203
70.64127349853516,45.33549499511719,28.713565826416016
70.643798828125,44.53401565551758,28.71769905090332
70.64620208740234,44.00859069824219,28.719772338867188
70.64873504638672,43.46065902709961,28.721607208251953
70.65123748779297,42.883750915527344,28.723331451416016
70.6533203125,42.338111877441406,28.72478485107422
70.65533447265625,41.72854995727539,28.72625160217285
70.65690612792969,41.17646408081055,28.727323532104492
70.65971374511719,40.10479736328125,28.72848129272461
70.66111755371094,39.57834243774414,28.728382110595703
70.66407775878906,38.484798431396484,28.726966857910156
70.66565704345703,37.92095947265625,28.72602081298828
70.66732025146484,37.354156494140625,28.72513771057129
70.66929626464844,36.703006744384766,28.724361419677734
70.67091369628906,36.16616439819336,28.72352409362793
70.67249298095703,35.63639450073242,28.720584869384766
70.67445373535156,34.966644287109375,28.715900421142578
70.6761703491211,34.36048126220703,28.712116241455078
70.67784118652344,33.755393981933594,28.709205627441406
70.67976379394531,33.05141830444336,28.706850051879883
70.6814193725586,32.44047164916992,28.705493927001953
70.68305206298828,31.841754913330078,28.704856872558594
70.68498229980469,31.11551284790039,28.707691192626953
70.68650817871094,30.524595260620117,28.71139907836914
70.6880874633789,29.920154571533203,28.714933395385742
70.68997955322266,29.209434509277344,28.71794319152832
70.69170379638672,28.56521987915039,28.719558715820312
70.69317626953125,27.991710662841797,28.720260620117188
70.69498443603516,27.272354125976562,28.720478057861328
70.69635009765625,26.718643188476562,28.720382690429688
70.69776916503906,26.145618438720703,28.72008514404297
70.69944763183594,25.440340042114258,28.719484329223633
70.70063018798828,24.90869140625,28.718944549560547
70.70183563232422,24.35198974609375,28.718416213989258
70.70339965820312,23.639446258544922,28.717792510986328
70.70467376708984,23.07101821899414,28.71725845336914
70.70589447021484,22.535568237304688,28.716703414916992
70.7075424194336,21.826473236083984,28.715904235839844
70.70890045166016,21.2667293548584,28.715259552001953
70.71025848388672,20.711910247802734,28.714628219604492
70.7120132446289,20.00625991821289,28.713825225830078
70.71337127685547,19.475360870361328,28.713211059570312
70.71472930908203,18.956722259521484,28.712610244750977
70.716552734375,18.25436019897461,28.71172332763672
70.71793365478516,17.710311889648438,28.71100425720215
70.71929168701172,17.16463279724121,28.710418701171875
70.72095489501953,16.486358642578125,28.71000099182129
70.722412109375,15.907374382019043,28.70989990234375
70.72383880615234,15.342960357666016,28.710012435913086
70.72560119628906,14.647699356079102,28.710363388061523
70.72720336914062,14.018220901489258,28.71086311340332
70.72863006591797,13.460928916931152,28.711366653442383
70.73042297363281,12.769465446472168,28.712093353271484
70.73204040527344,12.133902549743652,28.71283721923828
70.73345947265625,11.570297241210938,28.713478088378906
70.73512268066406,10.882646560668945,28.714122772216797
70.73646545410156,10.298311233520508,28.714500427246094
70.7376937866211,9.747056007385254,28.714630126953125
70.73906707763672,9.13619613647461,28.714567184448242
70.74024963378906,8.59543228149414,28.71438980102539
70.74236297607422,7.55568265914917,28.713476181030273
70.744140625,6.671905994415283,28.71281623840332
70.74531555175781,6.095492362976074,28.71222686767578
70.74626922607422,5.592423915863037,28.711257934570312
70.7488021850586,4.577791690826416,28.708192825317383
70.75725555419922,3.684272289276123,28.705272674560547
70.76881408691406,3.1495208740234375,28.704051971435547
70.80604553222656,2.23667311668396,28.703197479248047
70.84717559814453,1.6216672658920288,28.703466415405273
70.89175415039062,1.11795175075531,28.703811645507812
71.00862121582031,0.11619137227535248,28.704429626464844
71.1298828125,-0.7417356967926025,28.704608917236328
71.21263885498047,-1.2949762344360352,28.70421600341797
71.33790588378906,-2.1344780921936035,28.702741622924805
71.42230987548828,-2.7095556259155273,28.701171875
71.49536895751953,-3.208775281906128,28.699726104736328
71.65208435058594,-4.235713958740234,28.697376251220703
71.75049591064453,-4.842756271362305,28.696945190429688
71.8441390991211,-5.408118724822998,28.697507858276367
71.93292236328125,-5.941754341125488,28.69915771484375
72.03085327148438,-6.529831886291504,28.702167510986328
72.12169647216797,-7.075900077819824,28.705636978149414
72.20936584472656,-7.603817939758301,28.709325790405273
72.29509735107422,-8.121138572692871,28.71305274963379
72.38118743896484,-8.641693115234375,28.71664810180664
72.4715576171875,-9.189122200012207,28.720094680786133
72.56817626953125,-9.775191307067871,28.723180770874023
72.66439819335938,-10.359111785888672,28.7255859375
72.75680541992188,-10.919827461242676,28.727378845214844
72.85531616210938,-11.51712417602539,28.728927612304688
72.95171356201172,-12.100931167602539,28.730308532714844
73.07341766357422,-12.837299346923828,28.732057571411133
73.16783905029297,-13.408227920532227,28.73333168029785
73.26800537109375,-14.013713836669922,28.734752655029297
73.37062072753906,-14.633445739746094,28.733535766601562
73.47386169433594,-15.257035255432129,28.731399536132812
73.58348846435547,-15.91946029663086,28.731962203979492
73.68611145019531,-16.53998374938965,28.73602294921875
73.78120422363281,-17.119171142578125,28.740402221679688
73.90205383300781,-17.881973266601562,28.744972229003906
73.9924545288086,-18.491886138916016,28.746782302856445
74.07766723632812,-19.09988021850586,28.74710464477539
74.16150665283203,-19.712589263916016,28.746463775634766
74.23963165283203,-20.287755966186523,28.745302200317383
74.31552124023438,-20.858768463134766,28.744068145751953
74.39030456542969,-21.453733444213867,28.74300765991211
74.4587173461914,-22.056795120239258,28.742462158203125
74.51914978027344,-22.68025779724121,28.7420654296875
74.5708999633789,-23.319929122924805,28.74181365966797
74.61022186279297,-23.88083267211914,28.741905212402344
74.64405822753906,-24.440597534179688,28.742279052734375
74.67256164550781,-25.035930633544922,28.742897033691406
74.6898193359375,-25.574831008911133,28.743511199951172
74.6966323852539,-26.268877029418945,28.743953704833984
74.687255859375,-26.901931762695312,28.74405288696289
74.66653442382812,-27.510482788085938,28.744108200073242
74.6396713256836,-28.096317291259766,28.74439239501953
74.61048126220703,-28.674949645996094,28.74493980407715
74.5791015625,-29.304630279541016,28.74570083618164
74.55144500732422,-29.912382125854492,28.746715545654297
74.52890014648438,-30.540252685546875,28.747962951660156
74.51410675048828,-31.160842895507812,28.749311447143555
74.50505828857422,-31.713214874267578,28.750762939453125
74.49728393554688,-32.28785705566406,28.752737045288086
74.49201965332031,-32.87135314941406,28.755285263061523
74.49125671386719,-33.408226013183594,28.757661819458008
74.49475860595703,-33.98676300048828,28.760276794433594
74.50030517578125,-34.561676025390625,28.76280403137207
74.50559997558594,-35.10047912597656,28.76470184326172
74.51069641113281,-35.662628173828125,28.764999389648438
74.51667785644531,-36.41175079345703,28.763227462768555
74.52085876464844,-36.99618148803711,28.759695053100586
74.52479553222656,-37.57453536987305,28.75484275817871
74.528564453125,-38.134361267089844,28.749813079833984
74.53239440917969,-38.69656753540039,28.74559783935547
74.5367660522461,-39.331932067871094,28.74214744567871
74.54078674316406,-39.910682678222656,28.740543365478516
74.54508972167969,-40.517356872558594,28.7402286529541
74.54931640625,-41.10362243652344,28.740673065185547
74.55341339111328,-41.66963577270508,28.741403579711914
74.55784606933594,-42.28156661987305,28.739885330200195
74.56193542480469,-42.85029220581055,28.735897064208984
74.56649780273438,-43.485931396484375,28.73135757446289
74.57098388671875,-44.1162109375,28.727863311767578
74.57557678222656,-44.76608657836914,28.725330352783203
74.58003234863281,-45.39797592163086,28.724781036376953
74.58460235595703,-46.05086898803711,28.728673934936523
74.58894348144531,-46.674232482910156,28.73363494873047
74.59327697753906,-47.29875564575195,28.738224029541016
74.59783172607422,-47.95301818847656,28.74245262145996
74.6024169921875,-48.60676956176758,28.74610137939453
74.60690307617188,-49.24494171142578,28.749557495117188
74.61166381835938,-49.92024230957031,28.75310516357422
74.6162109375,-50.564674377441406,28.75562286376953
74.62108612060547,-51.255950927734375,28.75708770751953
74.62628936767578,-51.9984130859375,28.756954193115234
74.63141632080078,-52.73504638671875,28.75527000427246
74.63640594482422,-53.457313537597656,28.753145217895508
74.64146423339844,-54.19489288330078,28.751449584960938
74.64643859863281,-54.921504974365234,28.750398635864258
74.65133666992188,-55.633277893066406,28.74985122680664
74.65608978271484,-56.319026947021484,28.749805450439453
74.66112518310547,-57.046329498291016,28.750415802001953
74.66609191894531,-57.76606750488281,28.751327514648438
74.66957092285156,-58.27245330810547,28.751964569091797
74.67334747314453,-58.825016021728516,28.752559661865234
74.67696380615234,-59.356910705566406,28.752948760986328
74.68196105957031,-60.099098205566406,28.753131866455078
74.68681335449219,-60.8323860168457,28.753097534179688
74.69145965576172,-61.53399658203125,28.752607345581055
74.69656372070312,-62.29156494140625,28.74803924560547
74.70156860351562,-63.03781509399414,28.74305534362793
74.70674896240234,-63.819122314453125,28.739439010620117
74.71186828613281,-64.59768676757812,28.73952865600586
74.71683502197266,-65.36170196533203,28.74449920654297
74.72149658203125,-66.07841491699219,28.74905014038086
74.72623443603516,-66.80065155029297,28.751943588256836
74.72956085205078,-67.30508422851562,28.751096725463867
74.73321533203125,-67.85897064208984,28.74831771850586
74.73673248291016,-68.39408874511719,28.74563217163086
74.74175262451172,-69.16949462890625,28.7467041015625
74.74517822265625,-69.69967651367188,28.749732971191406
74.74881744384766,-70.26334381103516,28.753475189208984
74.7520751953125,-70.76953125,28.756271362304688
74.75857543945312,-71.77273559570312,28.75442886352539
74.76278686523438,-72.42363739013672,28.75106430053711
74.7664566040039,-72.9937973022461,28.74875259399414
74.7698745727539,-73.53633880615234,28.749406814575195
74.77403259277344,-74.2005615234375,28.752042770385742
74.77749633789062,-74.7567367553711,28.754409790039062
74.78095245361328,-75.31010437011719,28.756248474121094
74.78523254394531,-75.98858642578125,28.757545471191406
74.78877258300781,-76.54525756835938,28.757909774780273
74.7921142578125,-77.06816101074219,28.75786781311035
74.7964096069336,-77.74030303955078,28.75765609741211
74.80015563964844,-78.32540893554688,28.757526397705078
74.8037109375,-78.88420104980469,28.757400512695312
74.80815124511719,-79.5925064086914,28.7572021484375
74.8115234375,-80.13666534423828,28.75644874572754
74.81499481201172,-80.70467376708984,28.75310516357422
74.81925964355469,-81.41787719726562,28.747907638549805
74.82244873046875,-81.95970153808594,28.744300842285156
74.82586669921875,-82.53221893310547,28.74175262451172
74.83018493652344,-83.2475814819336,28.742950439453125
74.83356475830078,-83.80489349365234,28.745452880859375
74.83695983886719,-84.36333465576172,28.748044967651367
74.84127044677734,-85.0688705444336,28.750444412231445
74.84501647949219,-85.67530822753906,28.75145721435547
74.84857940673828,-86.2496566772461,28.751771926879883
74.85313415527344,-86.97502136230469,28.750507354736328
74.85686492919922,-87.55390167236328,28.747539520263672
74.86066436767578,-88.13269805908203,28.744598388671875
74.86558532714844,-88.89302062988281,28.741806030273438
74.86985778808594,-89.57294464111328,28.741100311279297
74.87367248535156,-90.1860580444336,28.74390983581543
74.8785171508789,-90.96492767333984,28.749195098876953
74.88250732421875,-91.61363220214844,28.75301742553711
74.88616943359375,-92.21355438232422,28.75537872314453
74.8905029296875,-92.92891693115234,28.755970001220703
74.89462280273438,-93.60891723632812,28.75248908996582
74.89836120605469,-94.22236633300781,28.7481689453125
74.903076171875,-95.00279235839844,28.743045806884766
74.9069595336914,-95.64796447753906,28.740318298339844
74.91088104248047,-96.30026245117188,28.74111557006836
74.91573333740234,-97.11257934570312,28.744142532348633
74.91957092285156,-97.75833129882812,28.746549606323242
74.92346954345703,-98.41793823242188,28.74823760986328
74.92794799804688,-99.18091583251953,28.7490291595459
74.931396484375,-99.77869415283203,28.748727798461914
74.93498229980469,-100.40428924560547,28.747638702392578
74.93942260742188,-101.17987060546875,28.745555877685547
74.94298553466797,-101.80180358886719,28.743480682373047
74.94624328613281,-102.37216186523438,28.741418838500977
74.95073699951172,-103.16100311279297,28.73855972290039
74.95436096191406,-103.79045104980469,28.736371994018555
74.9578628540039,-104.3940658569336,28.734397888183594
74.96226501464844,-105.14889526367188,28.73212432861328
74.96574401855469,-105.74195861816406,28.730514526367188
74.96934509277344,-106.35360717773438,28.729042053222656
74.97367858886719,-107.09111022949219,28.727514266967773
74.9774398803711,-107.73193359375,28.726530075073242
74.9809341430664,-108.32325744628906,28.725889205932617
74.98558044433594,-109.10084533691406,28.72543716430664
74.98916625976562,-109.69805908203125,28.72531509399414
74.99320983886719,-110.37213134765625,28.725252151489258
74.99762725830078,-111.10546875,28.725154876708984
75.0014419555664,-111.73435974121094,28.72496223449707
75.00508117675781,-112.33700561523438,28.72468376159668
75.00981140136719,-113.1223373413086,28.724212646484375
75.01358032226562,-113.75721740722656,28.723787307739258
75.01700592041016,-114.33213806152344,28.723400115966797
75.02151489257812,-115.08895874023438,28.723003387451172
75.0251235961914,-115.69114685058594,28.722806930541992
75.02886199951172,-116.31672668457031,28.722705841064453
75.03331756591797,-117.05750274658203,28.722745895385742
75.03742980957031,-117.73588562011719,28.722820281982422
75.0411376953125,-118.34706115722656,28.722829818725586
75.04581451416016,-119.12155151367188,28.72266387939453
75.0495834350586,-119.74951171875,28.722076416015625
75.05294036865234,-120.31756591796875,28.721176147460938
75.05741882324219,-121.08867645263672,28.719440460205078
75.06087493896484,-121.68678283691406,28.71780776977539
75.06465911865234,-122.35481262207031,28.7160587310791
75.06793212890625,-123.0645980834961,28.714712142944336
75.06849670410156,-123.66754913330078,28.714067459106445
75.06627655029297,-124.22064208984375,28.713884353637695
75.06092834472656,-124.89469146728516,28.714120864868164
75.05538940429688,-125.48007202148438,28.714557647705078
75.04986572265625,-126.04412841796875,28.715028762817383
75.04286193847656,-126.76426696777344,28.715599060058594
75.03713989257812,-127.36792755126953,28.715993881225586
75.03195190429688,-127.93336486816406,28.716289520263672
75.0255126953125,-128.66258239746094,28.716840744018555
75.02056884765625,-129.24266052246094,28.717470169067383
75.01571655273438,-129.82553100585938,28.718355178833008
75.00956726074219,-130.5729522705078,28.71990966796875
75.0047607421875,-131.15786743164062,28.721290588378906
74.99993896484375,-131.74986267089844,28.72254753112793
74.99510192871094,-132.47743225097656,28.72385025024414
74.9937515258789,-133.09361267089844,28.724632263183594
74.99454498291016,-133.64089965820312,28.725133895874023
74.9966812133789,-134.37010192871094,28.72575569152832
74.99852752685547,-134.92562866210938,28.72641944885254
75.00050354003906,-135.52359008789062,28.72733497619629
75.00261688232422,-136.20848083496094,28.728605270385742
75.00424194335938,-136.78260803222656,28.729785919189453
75.005615234375,-137.31105041503906,28.73089599609375
75.00721740722656,-137.9893341064453,28.732255935668945
75.00847625732422,-138.5658416748047,28.733205795288086
75.0096435546875,-139.12037658691406,28.733793258666992
75.01104736328125,-139.78770446777344,28.73366355895996
75.01237487792969,-140.3861083984375,28.730506896972656
75.01361083984375,-140.91134643554688,28.726581573486328
75.01529693603516,-141.67312622070312,28.722591400146484
75.0166015625,-142.25787353515625,28.72309684753418
75.01793670654297,-142.85678100585938,28.725326538085938
75.01912689208984,-143.3949432373047,28.727741241455078
75.02034759521484,-143.94923400878906,28.729719161987305
75.02161407470703,-144.5255889892578,28.730518341064453
75.02291107177734,-145.11485290527344,28.72998809814453
75.02461242675781,-145.8953857421875,28.727733612060547
75.0257797241211,-146.42855834960938,28.725751876831055
75.02716064453125,-147.04351806640625,28.723491668701172
75.0284652709961,-147.6132049560547,28.721874237060547
75.03030395507812,-148.4125213623047,28.72062873840332
75.03160095214844,-148.97389221191406,28.720623016357422
75.03304290771484,-149.5875244140625,28.7199764251709
75.03446960449219,-150.18792724609375,28.71796989440918
75.03581237792969,-150.75802612304688,28.71603775024414
75.03713989257812,-151.33245849609375,28.714534759521484
75.03858947753906,-151.9727783203125,28.713973999023438
75.03994750976562,-152.56893920898438,28.716041564941406
75.04133605957031,-153.18263244628906,28.719131469726562
75.04263305664062,-153.75967407226562,28.721965789794922
75.0439453125,-154.33804321289062,28.72416877746582
75.04533386230469,-154.94808959960938,28.72577476501465
75.04673767089844,-155.55325317382812,28.726886749267578
75.04803466796875,-156.10906982421875,28.727092742919922
75.04957580566406,-156.74081420898438,28.72480010986328
75.05106353759766,-157.35122680664062,28.72173309326172
75.05245971679688,-157.93710327148438,28.71880340576172
75.053955078125,-158.58941650390625,28.715993881225586
75.05540466308594,-159.240234375,28.713600158691406
75.0567626953125,-159.8582763671875,28.712675094604492
75.05823516845703,-160.53993225097656,28.713512420654297
75.0595703125,-161.17105102539062,28.714069366455078
75.06089782714844,-161.80052185058594,28.713546752929688
75.06238555908203,-162.5110626220703,28.711551666259766
75.06367492675781,-163.11871337890625,28.707902908325195
75.06490325927734,-163.6986083984375,28.702653884887695
75.06649780273438,-164.3958740234375,28.69659996032715
75.06796264648438,-165.02549743652344,28.692520141601562
75.0693130493164,-165.61289978027344,28.691869735717773
75.0708236694336,-166.27723693847656,28.69397735595703
75.07225799560547,-166.904541015625,28.697126388549805
75.07416534423828,-167.79086303710938,28.701221466064453
75.0760726928711,-168.72561645507812,28.70306396484375
75.0773696899414,-169.36607360839844,28.702625274658203
75.07872772216797,-170.04022216796875,28.700897216796875
75.07987976074219,-170.64266967773438,28.698841094970703
75.08108520507812,-171.26890563964844,28.69698715209961
75.08247375488281,-171.9713897705078,28.695703506469727
75.08375549316406,-172.59103393554688,28.69536590576172
75.08497619628906,-173.18101501464844,28.69588279724121
75.08628845214844,-173.80723571777344,28.697540283203125
75.08760070800781,-174.40818786621094,28.700092315673828
75.0889892578125,-175.0340118408203,28.703367233276367
75.09038543701172,-175.65420532226562,28.706825256347656
75.09175109863281,-176.26052856445312,28.709861755371094
75.09303283691406,-176.8217315673828,28.71188735961914
75.09443664550781,-177.4564208984375,28.712955474853516
75.09571838378906,-178.034912109375,28.712846755981445
75.09703826904297,-178.62831115722656,28.7119083404541
75.09845733642578,-179.28521728515625,28.71035385131836
75.09973907470703,-179.89352416992188,28.708953857421875
75.10171508789062,-180.82211303710938,28.707366943359375
75.1030044555664,-181.42970275878906,28.706764221191406
75.10444641113281,-182.11322021484375,28.70661735534668
75.10564422607422,-182.68588256835938,28.706972122192383
75.10694885253906,-183.2845458984375,28.707765579223633
75.10851287841797,-183.9821319580078,28.709115982055664
75.10984802246094,-184.56658935546875,28.71048355102539
75.1112060546875,-185.15524291992188,28.71188735961914
75.11267852783203,-185.7830810546875,28.713424682617188
75.11408996582031,-186.3617706298828,28.71505355834961
75.11538696289062,-186.88978576660156,28.716732025146484
75.11695098876953,-187.54177856445312,28.718917846679688
75.11837768554688,-188.1439971923828,28.720840454101562
75.11973571777344,-188.7111358642578,28.72231674194336
75.12127685546875,-189.37115478515625,28.72336196899414
75.12261962890625,-189.94369506835938,28.72358512878418
75.12398529052734,-190.53050231933594,28.723255157470703
75.12553405761719,-191.19223022460938,28.72234344482422
75.12686920166016,-191.76812744140625,28.721206665039062
75.1281967163086,-192.34654235839844,28.719928741455078
75.12957763671875,-192.96923828125,28.718597412109375
75.1308822631836,-193.55422973632812,28.717517852783203
75.13209533691406,-194.1100616455078,28.71681022644043
75.13343811035156,-194.7386016845703,28.71654510498047
75.13465881347656,-195.31265258789062,28.716720581054688
75.1358642578125,-195.86846923828125,28.7171573638916
75.13717651367188,-196.46548461914062,28.717819213867188
75.13839721679688,-197.014404296875,28.71849822998047
75.13959503173828,-197.5411834716797,28.71914291381836
75.14096069335938,-198.12583923339844,28.719831466674805
75.1424560546875,-198.75360107421875,28.720521926879883
75.14370727539062,-199.28353881835938,28.72100830078125
75.14517211914062,-199.89047241210938,28.721406936645508
75.146484375,-200.43821716308594,28.721511840820312
75.14778137207031,-200.97425842285156,28.72130012512207
75.14915466308594,-201.5439453125,28.72071647644043
75.15054321289062,-202.11773681640625,28.71987533569336
75.15193176269531,-202.684326171875,28.718908309936523
75.1533432006836,-203.2582244873047,28.71784782409668
75.15478515625,-203.84011840820312,28.71685791015625
75.15618896484375,-204.4110107421875,28.71609115600586
75.15765380859375,-205.00955200195312,28.715553283691406
75.1590576171875,-205.59129333496094,28.715238571166992
75.16038513183594,-206.15078735351562,28.715045928955078
75.16172790527344,-206.7552490234375,28.71493911743164
75.16293334960938,-207.31405639648438,28.714962005615234
75.16407775878906,-207.85110473632812,28.715076446533203
75.16539764404297,-208.48226928710938,28.71527862548828
75.16658020019531,-209.03883361816406,28.715503692626953
75.16778564453125,-209.618896484375,28.71581268310547
75.1689453125,-210.18624877929688,28.71623992919922
75.170166015625,-210.77999877929688,28.716773986816406
75.17137145996094,-211.3480224609375,28.717342376708984
75.17266845703125,-211.9569091796875,28.71807098388672
75.17393493652344,-212.54881286621094,28.71889877319336
75.17514038085938,-213.09661865234375,28.719799041748047
75.17643737792969,-213.6769256591797,28.720867156982422
75.17774963378906,-214.259521484375,28.722023010253906
75.17900085449219,-214.81051635742188,28.7232666015625
75.18038177490234,-215.4170379638672,28.724868774414062
75.18168640136719,-215.97207641601562,28.726383209228516
75.18290710449219,-216.4945831298828,28.727848052978516
75.18427276611328,-217.0821533203125,28.729480743408203
75.18563842773438,-217.667724609375,28.73093032836914
75.18739318847656,-218.42587280273438,28.732168197631836
75.18904113769531,-219.1490478515625,28.732694625854492
75.19029235839844,-219.69927978515625,28.73276138305664
75.19146728515625,-220.21453857421875,28.732662200927734
75.19303894042969,-220.90513610839844,28.73241424560547
75.19430541992188,-221.45932006835938,28.732189178466797
75.19550323486328,-221.9918212890625,28.73198699951172
75.19717407226562,-222.74383544921875,28.731786727905273
75.1996841430664,-223.85899353027344,28.731767654418945
75.2011947631836,-224.5324249267578,28.73185920715332
75.202392578125,-225.06524658203125,28.73208236694336
75.2036361694336,-225.61221313476562,28.7324161529541
75.205322265625,-226.3385009765625,28.732942581176758
75.20663452148438,-226.90579223632812,28.733356475830078
75.20796203613281,-227.46482849121094,28.733684539794922
75.20967864990234,-228.187255859375,28.733829498291016
75.21087646484375,-228.70013427734375,28.733762741088867
75.21356201171875,-229.86135864257812,28.733257293701172
75.21484375,-230.42274475097656,28.732986450195312
75.21597290039062,-230.9235076904297,28.73272705078125
75.2176284790039,-231.65541076660156,28.732309341430664
75.21883392333984,-232.19041442871094,28.73200035095215
75.2200927734375,-232.75311279296875,28.731708526611328
75.22157287597656,-233.41336059570312,28.731430053710938
75.22285461425781,-233.97940063476562,28.73134994506836
75.22413635253906,-234.53915405273438,28.731388092041016
75.22576904296875,-235.26763916015625,28.731496810913086
75.22694396972656,-235.79766845703125,28.731552124023438
75.22811126708984,-236.33609008789062,28.731403350830078
75.22958374023438,-237.03311157226562,28.7305965423584
75.230712890625,-237.57376098632812,28.729459762573242
75.23193359375,-238.15443420410156,28.727890014648438
75.23332214355469,-238.8202667236328,28.72585105895996
75.2344970703125,-239.39730834960938,28.724218368530273
75.23686981201172,-240.56076049804688,28.722267150878906
75.2379379272461,-241.07049560546875,28.721908569335938
75.23900604248047,-241.5731964111328,28.721759796142578
75.240478515625,-242.254638671875,28.721933364868164
75.2425537109375,-243.21749877929688,28.723121643066406
75.24385833740234,-243.80218505859375,28.724166870117188
75.24507904052734,-244.35157775878906,28.725261688232422
75.24633026123047,-244.92286682128906,28.726404190063477
75.2476806640625,-245.56031799316406,28.7275390625
75.24876403808594,-246.0880889892578,28.728322982788086
75.24984741210938,-246.62469482421875,28.72899055480957
75.25115966796875,-247.2828369140625,28.72956657409668
75.25216674804688,-247.80523681640625,28.729738235473633
75.253173828125,-248.33229064941406,28.72980499267578
75.25439453125,-248.99359130859375,28.730016708374023
75.25495910644531,-249.5327606201172,28.730350494384766
75.25421142578125,-250.04591369628906,28.730854034423828
75.24906921386719,-250.68716430664062,28.731691360473633
75.240234375,-251.21018981933594,28.7324275970459
75.21115112304688,-252.31466674804688,28.733814239501953
75.19563293457031,-252.84451293945312,28.734373092651367
75.17964172363281,-253.39059448242188,28.73482894897461
75.15974426269531,-254.08103942871094,28.735137939453125
75.14558410644531,-254.583984375,28.735271453857422
75.11589813232422,-255.67234802246094,28.735422134399414
75.08901977539062,-256.6833190917969,28.735431671142578
75.07058715820312,-257.35980224609375,28.735492706298828
75.05381774902344,-257.9093933105469,28.735631942749023
75.00398254394531,-259.0822448730469,28.736034393310547
74.9693374633789,-259.6474914550781,28.735950469970703
74.9311752319336,-260.1658020019531,28.735536575317383
74.87517547607422,-260.8382873535156,28.7347412109375
74.83069610595703,-261.34503173828125,28.734020233154297
74.78302001953125,-261.88482666015625,28.733173370361328
74.72932434082031,-262.4979553222656,28.732131958007812
74.68582916259766,-263.0010681152344,28.731212615966797
74.64315795898438,-263.5005798339844,28.73027992248535
74.5868911743164,-264.1664733886719,28.72906494140625
74.51215362548828,-265.0594482421875,28.72774314880371
74.46449279785156,-265.6312255859375,28.72705078125
74.38946533203125,-266.5304870605469,28.725914001464844
74.34146881103516,-267.1038818359375,28.72504425048828
74.27328491210938,-267.91650390625,28.72357177734375
74.22569274902344,-268.48236083984375,28.722429275512695
74.15034484863281,-269.37744140625,28.720592498779297
74.10199737548828,-269.9518737792969,28.7194881439209
74.02649688720703,-270.84979248046875,28.717985153198242
73.97898864746094,-271.4214782714844,28.71724510192871
73.93390655517578,-271.9940185546875,28.716819763183594
73.88892364501953,-272.63751220703125,28.716705322265625
73.85275268554688,-273.2804870605469,28.716487884521484
73.82332611083984,-273.948974609375,28.71619415283203
73.79840850830078,-274.61541748046875,28.71595573425293
73.77678680419922,-275.2804260253906,28.715734481811523
73.76134490966797,-275.8970642089844,28.715381622314453
73.74945068359375,-276.5379638671875,28.71506118774414
73.73896789550781,-277.1749267578125,28.7149658203125
73.7282943725586,-277.8101806640625,28.715232849121094
73.71636199951172,-278.4889221191406,28.71590805053711
73.70475006103516,-279.12115478515625,28.71692657470703
73.69380950927734,-279.72576904296875,28.71816635131836
73.6854248046875,-280.3362121582031,28.719594955444336
73.68299865722656,-280.9826354980469,28.721065521240234
73.6897201538086,-281.6151428222656,28.722017288208008
73.70352172851562,-282.2290954589844,28.722660064697266
73.72058868408203,-282.8388671875,28.723241806030273
73.73865509033203,-283.4656982421875,28.72374725341797
73.75513458251953,-284.0543212890625,28.724136352539062
73.77055358886719,-284.6300964355469,28.724571228027344
73.7856674194336,-285.218505859375,28.72516632080078
73.80583190917969,-286.03131103515625,28.7264461517334
73.82078552246094,-286.64324951171875,28.72764015197754
73.83655548095703,-287.2877197265625,28.728923797607422
73.85012817382812,-287.83837890625,28.72988510131836
73.86575317382812,-288.4649963378906,28.730712890625
73.88029479980469,-289.04461669921875,28.731229782104492
73.89530944824219,-289.6405029296875,28.731693267822266
73.91075134277344,-290.252197265625,28.732254028320312
73.92717742919922,-290.90362548828125,28.733028411865234
73.94257354736328,-291.5163879394531,28.733816146850586
73.95738983154297,-292.108154296875,28.73460578918457
73.97216796875,-292.6990661621094,28.73539924621582
73.98754119873047,-293.31646728515625,28.736186981201172
74.00254821777344,-293.92120361328125,28.7369327545166
74.0180435180664,-294.5467834472656,28.73774528503418
74.0316390991211,-295.0954284667969,28.738489151000977
74.04490661621094,-295.6309814453125,28.739059448242188
74.05819702148438,-296.166015625,28.73940658569336
74.0709457397461,-296.6773376464844,28.739503860473633
74.08454132080078,-297.22015380859375,28.739351272583008
74.09820556640625,-297.7635192871094,28.73904800415039
74.11095428466797,-298.2702941894531,28.73873519897461
74.12533569335938,-298.841796875,28.73863983154297
74.13835144042969,-299.35931396484375,28.738719940185547
74.1510238647461,-299.8630676269531,28.738937377929688
74.16696166992188,-300.4990234375,28.73917007446289
74.18311309814453,-301.14581298828125,28.739276885986328
74.20066833496094,-301.85247802734375,28.739013671875
74.21371459960938,-302.3798522949219,28.738529205322266
74.2273941040039,-302.9351806640625,28.737722396850586
74.2410888671875,-303.49188232421875,28.736684799194336
74.25462341308594,-304.0404052734375,28.735605239868164
74.27044677734375,-304.6800842285156,28.73442840576172
74.28382110595703,-305.22015380859375,28.733633041381836
74.29839324951172,-305.80908203125,28.733097076416016
74.31250762939453,-306.3799133300781,28.733165740966797
74.32715606689453,-306.97235107421875,28.733657836914062
74.3410873413086,-307.535888671875,28.73427391052246
74.3570785522461,-308.1822814941406,28.734743118286133
74.38288879394531,-309.22113037109375,28.734546661376953
74.39581298828125,-309.7406311035156,28.733970642089844
74.40879821777344,-310.2626953125,28.73322296142578
74.421630859375,-310.77960205078125,28.73259925842285
74.43460845947266,-311.3023681640625,28.732337951660156
74.4471435546875,-311.8086853027344,28.732383728027344
74.46402740478516,-312.49310302734375,28.732715606689453
74.47795867919922,-313.06103515625,28.733123779296875
74.490234375,-313.5826721191406,28.733491897583008
74.50361633300781,-314.23028564453125,28.733642578125
74.51640319824219,-314.8866882324219,28.733530044555664
74.5289306640625,-315.5316467285156,28.733291625976562
74.54100036621094,-316.14501953125,28.733001708984375
74.55387115478516,-316.7900695800781,28.73257064819336
74.56471252441406,-317.328125,28.731901168823242
74.57498168945312,-317.83184814453125,28.731107711791992
74.58604431152344,-318.37384033203125,28.73012924194336
74.60107421875,-319.14471435546875,28.72867202758789
74.61187744140625,-319.8078308105469,28.72759437561035
74.6240463256836,-320.601318359375,28.727384567260742
74.63423156738281,-321.2655029296875,28.727264404296875
74.64305114746094,-321.83428955078125,28.72696304321289
74.6510238647461,-322.3440246582031,28.72658348083496
74.66154479980469,-323.01153564453125,28.725706100463867
74.67105102539062,-323.61566162109375,28.724496841430664
74.68109130859375,-324.2652587890625,28.723575592041016
74.68913269042969,-324.88568115234375,28.723175048828125
74.696044921875,-325.5089416503906,28.723094940185547
74.70317077636719,-326.16436767578125,28.723003387451172
74.70899963378906,-326.6884765625,28.722814559936523
74.71590423583984,-327.2911682128906,28.72250747680664
74.72283935546875,-327.8880615234375,28.722103118896484
74.73039245605469,-328.5328063964844,28.721586227416992
74.73804473876953,-329.1904602050781,28.72118377685547
74.7438735961914,-329.7903137207031,28.72095489501953
74.74725341796875,-330.4522705078125,28.720605850219727
74.74972534179688,-331.17852783203125,28.720121383666992
74.7518081665039,-331.7801513671875,28.71978759765625
74.75405883789062,-332.3701477050781,28.719966888427734
74.75665283203125,-332.9859619140625,28.720211029052734
74.75898742675781,-333.5180969238281,28.720169067382812
74.76192474365234,-334.25433349609375,28.719928741455078
74.76192474365234,-334.802734375,28.7196044921875
74.75798797607422,-335.4353942871094,28.718900680541992
74.75096130371094,-336.26904296875,28.718578338623047
74.74603271484375,-336.88348388671875,28.71901512145996
74.7408447265625,-337.59002685546875,28.719894409179688
74.73628234863281,-338.2635192871094,28.72103500366211
74.73246765136719,-338.8507385253906,28.722082138061523
74.72769165039062,-339.5881042480469,28.723106384277344
74.72315216064453,-340.2718811035156,28.723796844482422
74.71903991699219,-340.8776550292969,28.72439193725586
74.7141342163086,-341.59747314453125,28.72542381286621
74.70948791503906,-342.28167724609375,28.726762771606445
74.70552062988281,-342.86920166015625,28.728069305419922
74.70082092285156,-343.5643005371094,28.729663848876953
74.69609069824219,-344.26202392578125,28.731416702270508
74.69178009033203,-344.90069580078125,28.733028411865234
74.68707275390625,-345.5985107421875,28.734378814697266
74.6826400756836,-346.2542724609375,28.73523712158203
74.67878723144531,-346.8232727050781,28.735849380493164
74.67402648925781,-347.51348876953125,28.73613166809082
74.66925811767578,-348.18621826171875,28.73581314086914
74.66510009765625,-348.7684020996094,28.73541259765625
74.66043090820312,-349.4300231933594,28.735076904296875
74.65552520751953,-350.124755859375,28.7348690032959
74.65142822265625,-350.6882629394531,28.734760284423828
74.64649200439453,-351.3501892089844,28.734779357910156
74.64131927490234,-352.04876708984375,28.735057830810547
74.63697052001953,-352.64434814453125,28.735340118408203
74.63192749023438,-353.32476806640625,28.735233306884766
74.62688446044922,-353.9685363769531,28.734718322753906
74.622314453125,-354.54119873046875,28.733863830566406
74.61664581298828,-355.2672119140625,28.732406616210938
74.61183166503906,-355.8923034667969,28.731124877929688
74.60733032226562,-356.47540283203125,28.730152130126953
74.6024169921875,-357.109130859375,28.72899627685547
74.59767150878906,-357.73638916015625,28.727336883544922
74.59375762939453,-358.2579345703125,28.725725173950195
74.58853149414062,-358.95941162109375,28.723209381103516
74.58338165283203,-359.6575927734375,28.72027587890625
74.57913970947266,-360.24053955078125,28.717453002929688
74.57420349121094,-360.91424560546875,28.71438217163086
74.56949615478516,-361.5384521484375,28.71183967590332
74.56512451171875,-362.09869384765625,28.7097110748291
74.560302734375,-362.7069396972656,28.707321166992188
74.5561294555664,-363.2310791015625,28.705116271972656
74.5511474609375,-363.8643798828125,28.7022647857666
74.5471420288086,-364.3735656738281,28.699867248535156
74.54206848144531,-365.0119934082031,28.69677734375
74.53695678710938,-365.643798828125,28.693504333496094
74.53267669677734,-366.169189453125,28.690317153930664
74.52801513671875,-366.74212646484375,28.68608283996582
74.52289581298828,-367.3680725097656,28.680824279785156
74.51753234863281,-368.0235290527344,28.675071716308594
74.51304626464844,-368.5699462890625,28.67013168334961
74.50784301757812,-369.1920471191406,28.664518356323242
74.5030517578125,-369.7542419433594,28.659894943237305
74.49833679199219,-370.3072814941406,28.6557674407959
74.49412536621094,-370.80810546875,28.652053833007812
74.48892211914062,-371.4270935058594,28.647144317626953
74.48280334472656,-372.1584777832031,28.640914916992188
74.47843933105469,-372.6915588378906,28.636249542236328
74.474365234375,-373.1949462890625,28.631954193115234
74.47019958496094,-373.7068176269531,28.627777099609375
74.46483612060547,-374.35919189453125,28.62274169921875
74.45882415771484,-375.0964050292969,28.617979049682617
74.45464324951172,-375.6063537597656,28.615686416625977
74.4494400024414,-376.2350158691406,28.613819122314453
74.44523620605469,-376.7397766113281,28.612632751464844
74.44044494628906,-377.31060791015625,28.611188888549805
74.43587493896484,-377.8480224609375,28.609636306762695
74.43069458007812,-378.44915771484375,28.607995986938477
74.42621612548828,-378.96356201171875,28.60658073425293
74.4212875366211,-379.5308532714844,28.604921340942383
74.4164810180664,-380.08697509765625,28.603275299072266
74.41120910644531,-380.69256591796875,28.601215362548828
74.40584564208984,-381.28887939453125,28.598678588867188
74.4005126953125,-381.8641052246094,28.595844268798828
74.3951644897461,-382.4331970214844,28.593046188354492
74.38999938964844,-382.99456787109375,28.59052276611328
74.38511657714844,-383.53436279296875,28.588102340698242
74.37968444824219,-384.1376953125,28.585294723510742
74.37464141845703,-384.6921691894531,28.582839965820312
74.36958312988281,-385.23577880859375,28.58091926574707
74.36382293701172,-385.8028564453125,28.579586029052734
74.35174560546875,-386.4620361328125,28.578548431396484
74.31924438476562,-387.29736328125,28.577003479003906
74.29280090332031,-387.82080078125,28.575828552246094
74.26173400878906,-388.42266845703125,28.574195861816406
74.22354125976562,-389.0599365234375,28.572202682495117
74.18024444580078,-389.60491943359375,28.570188522338867
74.11767578125,-390.19317626953125,28.567304611206055
74.0447998046875,-390.751953125,28.564250946044922
73.97453308105469,-391.2542724609375,28.561634063720703
73.8959732055664,-391.822509765625,28.55916976928711
73.82745361328125,-392.3385009765625,28.557353973388672
73.75838470458984,-392.8617248535156,28.55575942993164
73.68411254882812,-393.3890380859375,28.55419158935547
73.60198974609375,-393.9090881347656,28.55205726623535
73.46965026855469,-394.6598205566406,28.548362731933594
73.38008117675781,-395.1650695800781,28.545944213867188
73.28933715820312,-395.68731689453125,28.54330825805664
73.19549560546875,-396.21527099609375,28.540666580200195
73.05786895751953,-396.91632080078125,28.536928176879883
72.9054946899414,-397.6184387207031,28.532615661621094
72.75027465820312,-398.336669921875,28.52811050415039
72.60279846191406,-399.0351257324219,28.523977279663086
72.45472717285156,-399.74029541015625,28.519981384277344
72.30398559570312,-400.4552001953125,28.51608657836914
72.16010284423828,-401.1346435546875,28.51276397705078
72.01610565185547,-401.813232421875,28.509679794311523
71.87110137939453,-402.496826171875,28.506389617919922
71.71279907226562,-403.24383544921875,28.502710342407227
71.55289459228516,-403.9992370605469,28.499141693115234
71.40593719482422,-404.71539306640625,28.49603271484375
71.27765655517578,-405.39459228515625,28.493093490600586
71.16120910644531,-406.0108642578125,28.490541458129883
71.060546875,-406.55181884765625,28.48862075805664
70.96701049804688,-407.0988464355469,28.486785888671875
70.8735122680664,-407.67041015625,28.48502540588379
70.78343963623047,-408.2198486328125,28.48358154296875
70.69837188720703,-408.792724609375,28.482542037963867
70.63311767578125,-409.3231201171875,28.481510162353516
70.57056427001953,-409.9139709472656,28.480876922607422
70.51215362548828,-410.4576416015625,28.481056213378906
70.45247650146484,-411.0236511230469,28.481578826904297
70.38873291015625,-411.6541442871094,28.480960845947266
70.31671142578125,-412.3431396484375,28.478540420532227
70.26530456542969,-412.84527587890625,28.47630500793457
70.21807861328125,-413.3582763671875,28.47455596923828
70.16935729980469,-414.0028076171875,28.47294807434082
70.13055419921875,-414.5041198730469,28.47182846069336
70.08978271484375,-415.02862548828125,28.47063446044922
70.05474853515625,-415.5923156738281,28.468826293945312
70.02761840820312,-416.09173583984375,28.462478637695312
69.99453735351562,-416.64569091796875,28.460102081298828
69.96179962158203,-417.169677734375,28.46306800842285
69.9290771484375,-417.6856689453125,28.462974548339844
69.89520263671875,-418.210205078125,28.46037483215332
69.86114501953125,-418.7091369628906,28.459762573242188
69.82051849365234,-419.3205871582031,28.46187973022461
69.78076934814453,-419.9322204589844,28.462936401367188
69.74330139160156,-420.48895263671875,28.462072372436523
69.70439910888672,-420.9886779785156,28.460908889770508
69.65162658691406,-421.51629638671875,28.46055793762207
69.58760070800781,-422.0130615234375,28.46072006225586
69.49562072753906,-422.58782958984375,28.459762573242188
69.40445709228516,-423.1239318847656,28.458511352539062
69.3171157836914,-423.6640930175781,28.4573974609375
69.23975372314453,-424.1641845703125,28.457050323486328
69.1504898071289,-424.736328125,28.455177307128906
69.06599426269531,-425.26849365234375,28.44522476196289
68.98016357421875,-425.80352783203125,28.44589614868164
68.89507293701172,-426.33209228515625,28.453113555908203
68.8105239868164,-426.859130859375,28.457151412963867
68.7186279296875,-427.4354248046875,28.450923919677734
68.6228256225586,-428.03668212890625,28.448942184448242
68.52241516113281,-428.65765380859375,28.456436157226562
68.42235565185547,-429.2435607910156,28.46103286743164
68.33541870117188,-429.740478515625,28.462255477905273
68.23860168457031,-430.30438232421875,28.462648391723633
68.14884948730469,-430.8209228515625,28.46367835998535
68.03382110595703,-431.4311828613281,28.465951919555664
67.91178894042969,-431.9945068359375,28.46839714050293
67.77485656738281,-432.5365295410156,28.47029685974121
67.61768341064453,-433.0787658691406,28.470788955688477
67.45916748046875,-433.5912170410156,28.470966339111328
67.30001831054688,-434.1055908203125,28.471580505371094
67.14025115966797,-434.636474609375,28.472789764404297
66.96188354492188,-435.23699951171875,28.474323272705078
66.8086929321289,-435.749267578125,28.475427627563477
66.64432525634766,-436.29449462890625,28.47333526611328
66.47916412353516,-436.84033203125,28.46817970275879
66.29257202148438,-437.4569091796875,28.47707748413086
66.11845397949219,-438.03277587890625,28.486507415771484
65.97400665283203,-438.5115966796875,28.485157012939453
65.82084655761719,-439.0194091796875,28.482160568237305
65.65422058105469,-439.5709228515625,28.481143951416016
65.48988342285156,-440.1143798828125,28.486141204833984
65.31790161132812,-440.6823425292969,28.4960994720459
65.14495849609375,-441.2533264160156,28.502456665039062
64.96929931640625,-441.83367919921875,28.505069732666016
64.81182861328125,-442.3538818359375,28.50656509399414
64.64562225341797,-442.903076171875,28.508941650390625
64.47796630859375,-443.45709228515625,28.512187957763672
64.31771850585938,-443.98516845703125,28.515581130981445
64.1395263671875,-444.5582275390625,28.519207000732422
63.96746063232422,-445.0860595703125,28.521486282348633
63.809295654296875,-445.5617370605469,28.522897720336914
63.59544372558594,-446.21075439453125,28.52457046508789
63.39838790893555,-446.815673828125,28.527469635009766
63.22058868408203,-447.3565673828125,28.52941131591797
63.044273376464844,-447.872314453125,28.53188705444336
62.85133361816406,-448.417236328125,28.535062789916992
62.66146469116211,-448.95404052734375,28.53815269470215
62.47703552246094,-449.4712829589844,28.54070472717285
62.26918029785156,-450.0285339355469,28.542766571044922
62.082061767578125,-450.5042724609375,28.544052124023438
61.888763427734375,-450.9881591796875,28.54588508605957
61.655731201171875,-451.5771484375,28.54876136779785
61.39303207397461,-452.228515625,28.55257225036621
61.122962951660156,-452.8656921386719,28.556358337402344
60.86237335205078,-453.47467041015625,28.560359954833984
60.659751892089844,-453.94378662109375,28.56378173828125
60.387908935546875,-454.5462341308594,28.567798614501953
60.11351776123047,-455.1356201171875,28.57159423828125
59.838706970214844,-455.7318420410156,28.576026916503906
59.55915832519531,-456.34173583984375,28.58038330078125
59.284793853759766,-456.9364929199219,28.584508895874023
59.01174545288086,-457.50347900390625,28.588703155517578
58.71437072753906,-458.0799255371094,28.591331481933594
58.42417526245117,-458.6246337890625,28.592365264892578
58.12921905517578,-459.18951416015625,28.59446907043457
57.84690856933594,-459.7336730957031,28.597230911254883
57.542259216308594,-460.2986755371094,28.600236892700195
57.229434967041016,-460.8516845703125,28.603534698486328
56.93482208251953,-461.3734130859375,28.60751724243164
56.63433837890625,-461.8971862792969,28.61178207397461
56.339500427246094,-462.3822021484375,28.61507797241211
56.032588958740234,-462.859130859375,28.617353439331055
55.72174835205078,-463.3371276855469,28.620655059814453
55.42557907104492,-463.7965087890625,28.624980926513672
55.10063934326172,-464.2822265625,28.629348754882812
54.762577056884766,-464.7635192871094,28.631431579589844
54.44031524658203,-465.2227783203125,28.632795333862305
54.112159729003906,-465.6853942871094,28.63418197631836
53.77178192138672,-466.1369323730469,28.636154174804688
53.430511474609375,-466.5557556152344,28.63894271850586
53.00350570678711,-467.0311584472656,28.641706466674805
52.58222579956055,-467.45819091796875,28.641389846801758
52.186378479003906,-467.8471984863281,28.64128875732422
51.82526397705078,-468.2032775878906,28.64228630065918
51.41899108886719,-468.60943603515625,28.644020080566406
51.033477783203125,-468.994384765625,28.645374298095703
50.66806411743164,-469.3566589355469,28.646238327026367
50.28439712524414,-469.736083984375,28.64739990234375
49.90041732788086,-470.11627197265625,28.639528274536133
49.539451599121094,-470.4739685058594,28.645244598388672
49.171730041503906,-470.83782958984375,28.64803695678711
48.77385330200195,-471.23187255859375,28.642484664916992
48.396018981933594,-471.6063232421875,28.64206314086914
48.00761032104492,-471.9908447265625,28.6513614654541
47.651119232177734,-472.3438415527344,28.658367156982422
47.243499755859375,-472.7512512207031,28.66140365600586
46.85025405883789,-473.15380859375,28.662242889404297
46.451351165771484,-473.56317138671875,28.66352653503418
46.01552200317383,-474.0068054199219,28.665565490722656
45.62290954589844,-474.40509033203125,28.667621612548828
45.193153381347656,-474.8403625488281,28.66933822631836
44.79792785644531,-475.2396240234375,28.66891860961914
44.402137756347656,-475.6316833496094,28.666933059692383
44.00520706176758,-476.01971435546875,28.664644241333008
43.58784103393555,-476.4297180175781,28.662790298461914
43.168182373046875,-476.8324279785156,28.66166114807129
42.7083625793457,-477.25042724609375,28.66067123413086
42.30024719238281,-477.5970458984375,28.659339904785156
41.900177001953125,-477.9192810058594,28.657108306884766
41.48710250854492,-478.24810791015625,28.655515670776367
41.08686828613281,-478.57122802734375,28.65521240234375
40.594242095947266,-478.97393798828125,28.6554012298584
40.148475646972656,-479.33697509765625,28.654891967773438
39.7457160949707,-479.6634216308594,28.65398406982422
39.34819030761719,-479.985107421875,28.653038024902344
38.905635833740234,-480.3438720703125,28.652587890625
38.492637634277344,-480.67913818359375,28.652786254882812
38.05302810668945,-481.0359191894531,28.651226043701172
37.621524810791016,-481.3856201171875,28.64264488220215
37.192264556884766,-481.7332763671875,28.64845085144043
36.7602653503418,-482.0831298828125,28.65532112121582
36.24540328979492,-482.5005187988281,28.656513214111328
35.71688461303711,-482.92816162109375,28.668357849121094
35.320133209228516,-483.2489013671875,28.675613403320312
34.8909912109375,-483.5957946777344,28.679994583129883
34.466712951660156,-483.9385986328125,28.68221664428711
34.030792236328125,-484.2900390625,28.683996200561523
33.5802001953125,-484.65045166015625,28.685935974121094
33.159000396728516,-484.97906494140625,28.68726921081543
32.71815490722656,-485.31365966796875,28.687999725341797
32.30292892456055,-485.62835693359375,28.688209533691406
31.869565963745117,-485.95452880859375,28.68760871887207
31.38758087158203,-486.3101806640625,28.686656951904297
30.940841674804688,-486.641357421875,28.68616485595703
30.396217346191406,-487.04736328125,28.68563461303711
29.906217575073242,-487.4122009277344,28.68533706665039
29.462322235107422,-487.73870849609375,28.685955047607422
28.918415069580078,-488.1347351074219,28.687232971191406
28.43496322631836,-488.48724365234375,28.689075469970703
28.010807037353516,-488.7873229980469,28.691001892089844
27.546199798583984,-489.10089111328125,28.692153930664062
27.099910736083984,-489.39544677734375,28.692543029785156
26.675098419189453,-489.6789855957031,28.693143844604492
26.203712463378906,-489.9893493652344,28.693317413330078
25.766353607177734,-490.27337646484375,28.69260025024414
25.298751831054688,-490.5797119140625,28.69178009033203
24.859575271606445,-490.86700439453125,28.69101905822754
24.401155471801758,-491.1636962890625,28.68999671936035
23.95663833618164,-491.43988037109375,28.68874168395996
23.50436782836914,-491.70458984375,28.68715476989746
22.885608673095703,-492.0575866699219,28.68610382080078
22.398662567138672,-492.3425598144531,28.686006546020508
21.959760665893555,-492.6012268066406,28.686214447021484
21.486446380615234,-492.8792419433594,28.68640899658203
21.05304527282715,-493.13250732421875,28.686492919921875
20.6058406829834,-493.390380859375,28.68687629699707
20.15456199645996,-493.6426086425781,28.687137603759766
19.682308197021484,-493.9068603515625,28.687236785888672
19.225200653076172,-494.1662902832031,28.687471389770508
18.775875091552734,-494.42132568359375,28.687782287597656
18.325977325439453,-494.67620849609375,28.687606811523438
17.766456604003906,-494.9895324707031,28.68707847595215
17.308320999145508,-495.2401428222656,28.68661880493164
16.85043716430664,-495.49298095703125,28.686981201171875
16.288352966308594,-495.8055725097656,28.687959671020508
15.715507507324219,-496.12371826171875,28.68926239013672
15.177434921264648,-496.421630859375,28.691043853759766
14.6356201171875,-496.72125244140625,28.692785263061523
14.160028457641602,-496.985107421875,28.693973541259766
13.6007080078125,-497.2965087890625,28.695682525634766
13.053268432617188,-497.6007385253906,28.697202682495117
12.506940841674805,-497.9029846191406,28.69915008544922
11.950889587402344,-498.2098388671875,28.701536178588867
11.424097061157227,-498.495361328125,28.704416275024414
10.901533126831055,-498.7809143066406,28.70720672607422
10.362677574157715,-499.0749206542969,28.707420349121094
9.851004600524902,-499.3532409667969,28.70806312561035
9.381978988647461,-499.6071472167969,28.708906173706055
8.933344841003418,-499.8470153808594,28.709362030029297
8.460799217224121,-500.10198974609375,28.71027946472168
7.981757640838623,-500.36053466796875,28.709247589111328
7.472569465637207,-500.63482666015625,28.69504737854004
7.019339561462402,-500.8786315917969,28.69827651977539
6.525326728820801,-501.14447021484375,28.710689544677734
6.075562477111816,-501.3870849609375,28.70634651184082
5.614774703979492,-501.6360778808594,28.709148406982422
5.171516418457031,-501.875244140625,28.715839385986328
4.611275672912598,-502.17730712890625,28.72122573852539
4.081976890563965,-502.4625549316406,28.723791122436523
3.5847795009613037,-502.73101806640625,28.71991539001465
3.0882065296173096,-502.99945068359375,28.721141815185547
2.609025001525879,-503.25830078125,28.72698402404785
2.052647113800049,-503.5585632324219,28.73163604736328
1.559920072555542,-503.8241882324219,28.726316452026367
1.0603611469268799,-504.093994140625,28.727243423461914
0.6168962121009827,-504.3336486816406,28.735124588012695
0.1637980192899704,-504.5787658691406,28.741689682006836
-0.38583192229270935,-504.875732421875,28.74541664123535
-0.8945415616035461,-505.15032958984375,28.747085571289062
-1.3875060081481934,-505.4165344238281,28.748313903808594
-1.8729948997497559,-505.6788635253906,28.74403953552246
-2.3856136798858643,-505.95611572265625,28.744043350219727
-2.892693042755127,-506.230224609375,28.751033782958984
-3.3792643547058105,-506.4930419921875,28.752952575683594
-3.834406614303589,-506.7388916015625,28.748437881469727
-4.335521221160889,-507.00970458984375,28.751890182495117
-4.840487480163574,-507.28265380859375,28.759382247924805
-5.302286624908447,-507.53204345703125,28.764041900634766
-5.753065586090088,-507.7731628417969,28.766582489013672
-6.312569618225098,-508.0679016113281,28.768882751464844
-6.9462504386901855,-508.4031982421875,28.771217346191406
-7.549160003662109,-508.7231750488281,28.772911071777344
-8.18748950958252,-509.06243896484375,28.768274307250977
-8.882672309875488,-509.431640625,28.762451171875
-9.32531452178955,-509.6664123535156,28.761934280395508
-9.845943450927734,-509.94268798828125,28.76592254638672
-10.375872611999512,-510.2240295410156,28.7756404876709
-10.820962905883789,-510.4603271484375,28.782012939453125
-11.36946964263916,-510.7514953613281,28.78150177001953
-11.907865524291992,-511.03729248046875,28.777189254760742
-12.4261474609375,-511.3125305175781,28.774662017822266
-12.994304656982422,-511.6142578125,28.779861450195312
-13.535037994384766,-511.90142822265625,28.78689193725586
-14.104131698608398,-512.20361328125,28.79142951965332
-14.725340843200684,-512.5333862304688,28.792856216430664
-15.350566864013672,-512.8654174804688,28.792617797851562
-15.881597518920898,-513.1476440429688,28.79238510131836
-16.505565643310547,-513.479248046875,28.792259216308594
-17.138683319091797,-513.815673828125,28.792160034179688
-17.68033218383789,-514.1033935546875,28.791648864746094
-18.377540588378906,-514.4740600585938,28.78502655029297
-19.0782527923584,-514.8465576171875,28.78607749938965
-19.6318416595459,-515.1407470703125,28.789182662963867
-20.279111862182617,-515.4847412109375,28.79082679748535
-20.879575729370117,-515.803955078125,28.79082489013672
-21.3856143951416,-516.0728759765625,28.79036521911621
-21.9698429107666,-516.3834228515625,28.78963279724121
-22.568740844726562,-516.7017822265625,28.788867950439453
-23.062246322631836,-516.964111328125,28.788063049316406
-23.682941436767578,-517.2940673828125,28.78687858581543
-24.236793518066406,-517.588623046875,28.78494644165039
-24.78360366821289,-517.8792724609375,28.778453826904297
-25.420204162597656,-518.2177734375,28.776966094970703
-26.03302001953125,-518.5435791015625,28.77908706665039
-26.54180908203125,-518.814208984375,28.780200958251953
-27.129838943481445,-519.126953125,28.78006935119629
-27.759328842163086,-519.4616088867188,28.778968811035156
-28.25421142578125,-519.724853515625,28.778064727783203
-28.866283416748047,-520.0504150390625,28.777212142944336
-29.46036720275879,-520.3663940429688,28.776670455932617
-29.95374870300293,-520.6288452148438,28.776325225830078
-30.500782012939453,-520.9197998046875,28.77590560913086
-31.066082000732422,-521.2205200195312,28.77548599243164
-31.546340942382812,-521.4760131835938,28.775161743164062
-32.171546936035156,-521.8087158203125,28.774761199951172
-32.7355842590332,-522.10888671875,28.774402618408203
-33.21928787231445,-522.3662109375,28.774131774902344
-33.79590606689453,-522.6729125976562,28.773967742919922
-34.337982177734375,-522.961181640625,28.77381134033203
-34.8096923828125,-523.212158203125,28.773601531982422
-35.360145568847656,-523.5050048828125,28.770578384399414
-35.896236419677734,-523.7902221679688,28.76421356201172
-36.42705535888672,-524.0725708007812,28.763221740722656
-36.94167709350586,-524.3462524414062,28.76629638671875
-37.43453598022461,-524.608642578125,28.769153594970703
-37.9178581237793,-524.8657836914062,28.77046775817871
-38.367374420166016,-525.10498046875,28.770524978637695
-38.83399963378906,-525.3533935546875,28.77000617980957
-39.38377380371094,-525.6460571289062,28.769155502319336
-39.83757781982422,-525.8875122070312,28.768451690673828
-40.36054229736328,-526.165771484375,28.76760482788086
-40.819515228271484,-526.4100341796875,28.766788482666016
-41.36042785644531,-526.6978759765625,28.765777587890625
-42.0140380859375,-527.045654296875,28.7646484375
-42.48181915283203,-527.2946166992188,28.76407241821289
-42.993404388427734,-527.56689453125,28.763690948486328
-43.456851959228516,-527.8134765625,28.763521194458008
-43.90045166015625,-528.049560546875,28.763513565063477
-44.35131072998047,-528.2896118164062,28.76361656188965
-44.8477897644043,-528.5537719726562,28.763744354248047
-45.37522888183594,-528.83447265625,28.76409912109375
-46.00569152832031,-529.1699829101562,28.7647762298584
-46.46490478515625,-529.4143676757812,28.765316009521484
-46.922821044921875,-529.6580810546875,28.765851974487305
-47.36985778808594,-529.89599609375,28.766366958618164
-47.83330535888672,-530.1427001953125,28.766826629638672
-48.292945861816406,-530.3872680664062,28.764223098754883
-48.752906799316406,-530.632080078125,28.759307861328125
-49.224178314208984,-530.8828735351562,28.7584228515625
-49.67088317871094,-531.12060546875,28.76177215576172
-50.19049835205078,-531.3973388671875,28.76606559753418
-50.73497009277344,-531.68701171875,28.76886749267578
-51.19784927368164,-531.9334716796875,28.769920349121094
-51.65251159667969,-532.1755981445312,28.770347595214844
-52.11098861694336,-532.4197387695312,28.77066993713379
-52.62166213989258,-532.691650390625,28.77120018005371
-53.07550811767578,-532.9332885742188,28.77191925048828
-53.546199798583984,-533.183837890625,28.772850036621094
-54.029815673828125,-533.4412841796875,28.77382469177246
-54.473793029785156,-533.6776123046875,28.774574279785156
-55.00522994995117,-533.96044921875,28.77537727355957
-55.52777862548828,-534.238525390625,28.776268005371094
-55.98829650878906,-534.4835815429688,28.777063369750977
-56.47341537475586,-534.7418823242188,28.777912139892578
-57.001827239990234,-535.023193359375,28.778825759887695
-57.517024993896484,-535.2974243164062,28.779600143432617
-58.14063262939453,-535.6292114257812,28.78022003173828
-58.59109115600586,-535.8689575195312,28.78045654296875
-59.1336555480957,-536.15771484375,28.78063201904297
-59.59910583496094,-536.4054565429688,28.780685424804688
-60.11698913574219,-536.68115234375,28.780672073364258
-60.570037841796875,-536.9222412109375,28.780818939208984
-61.104400634765625,-537.2064208984375,28.7810115814209
-61.751617431640625,-537.5505981445312,28.78108787536621
-62.210662841796875,-537.7947387695312,28.781047821044922
-62.660736083984375,-538.0341796875,28.780832290649414
-63.200504302978516,-538.3212890625,28.78042984008789
-63.82461166381836,-538.653076171875,28.78026580810547
-64.26791381835938,-538.8887329101562,28.780410766601562
-64.7811508178711,-539.1615600585938,28.78076171875
-65.29234313964844,-539.4334716796875,28.781169891357422
-65.74073791503906,-539.671875,28.781837463378906
-66.24922180175781,-539.9420166015625,28.78281021118164
-66.70669555664062,-540.1851196289062,28.783493041992188
-67.1742172241211,-540.43359375,28.783971786499023
-67.68489074707031,-540.705078125,28.784324645996094
-68.21526336669922,-540.98681640625,28.78473663330078
-68.720703125,-541.2553100585938,28.78504180908203
-69.23515319824219,-541.5284423828125,28.791465759277344
-69.75091552734375,-541.8020629882812,28.809123992919922
-70.26454162597656,-542.0747680664062,28.802425384521484
-70.7649154663086,-542.3404541015625,28.790164947509766
-71.27395629882812,-542.6102905273438,28.785564422607422
-71.77169036865234,-542.8707275390625,28.78553009033203
-72.24707794189453,-543.1171875,28.785612106323242
-72.72450256347656,-543.3663330078125,28.78493881225586
-73.1958236694336,-543.6112670898438,28.78461456298828
-73.65185546875,-543.842041015625,28.784931182861328
-74.11981201171875,-544.0751953125,28.785476684570312
-74.58032989501953,-544.3068237304688,28.785856246948242
-75.04785919189453,-544.5377807617188,28.785768508911133
-75.51974487304688,-544.763427734375,28.78555679321289
-75.98786926269531,-544.9877319335938,28.78601837158203
-76.51892852783203,-545.2391357421875,28.78717803955078
-76.98979187011719,-545.4495239257812,28.787918090820312
-77.45246124267578,-545.6473388671875,28.788272857666016
-78.06851196289062,-545.9118041992188,28.788827896118164
-78.57003784179688,-546.1203002929688,28.78936767578125
-79.16505432128906,-546.3558959960938,28.790069580078125
-79.66548919677734,-546.5572509765625,28.790973663330078
-80.14891815185547,-546.7510375976562,28.792020797729492
-80.66275024414062,-546.9469604492188,28.792966842651367
-81.17493438720703,-547.1375732421875,28.793909072875977
-81.66732788085938,-547.3251342773438,28.794702529907227
-82.17743682861328,-547.52001953125,28.79535675048828
-82.67138671875,-547.7059326171875,28.796077728271484
-83.23538970947266,-547.9078369140625,28.796749114990234
-83.78453063964844,-548.1033325195312,28.797887802124023
-84.25841522216797,-548.2684326171875,28.79878807067871
-84.84546661376953,-548.4522705078125,28.799850463867188
-85.3446044921875,-548.5857543945312,28.800880432128906
-85.84359741210938,-548.6964111328125,28.800689697265625
-86.3519287109375,-548.7921142578125,28.799333572387695
-86.87528228759766,-548.8873901367188,28.798320770263672
-87.37384033203125,-548.9818725585938,28.798179626464844
-87.94114685058594,-549.09814453125,28.79821014404297
-88.49052429199219,-549.2080078125,28.79819679260254
-88.99488067626953,-549.3054809570312,28.79825782775879
-89.5492172241211,-549.413330078125,28.79837989807129
-90.09513092041016,-549.5206298828125,28.79840850830078
-90.5865249633789,-549.6173706054688,28.798093795776367
-91.09928894042969,-549.718017578125,28.797637939453125
-91.65679931640625,-549.8260498046875,28.797405242919922
-92.23320007324219,-549.9263916015625,28.79745864868164
-92.79853057861328,-550.0072021484375,28.796497344970703
-93.38661193847656,-550.0909423828125,28.795452117919922
-94.0440444946289,-550.1923217773438,28.78134536743164
-94.60091400146484,-550.2763671875,28.777507781982422
-95.14773559570312,-550.357421875,28.788284301757812
-95.66360473632812,-550.4324951171875,28.792577743530273
-96.20681762695312,-550.50390625,28.792194366455078
-96.73714447021484,-550.558349609375,28.791606903076172
-97.28036499023438,-550.5968017578125,28.79084014892578
-97.80303192138672,-550.626953125,28.78992462158203
-98.30620574951172,-550.657958984375,28.789031982421875
-98.9110107421875,-550.6893920898438,28.787796020507812
-99.43091583251953,-550.7094116210938,28.78713607788086
-99.95633697509766,-550.7318115234375,28.787097930908203
-100.46868896484375,-550.7459716796875,28.787364959716797
-100.9688720703125,-550.7451171875,28.787200927734375
-101.60515594482422,-550.7252807617188,28.785736083984375
-102.2253189086914,-550.6990966796875,28.78571319580078
-102.88377380371094,-550.6456298828125,28.785249710083008
-103.48191833496094,-550.57958984375,28.784597396850586
-104.0577621459961,-550.5139770507812,28.78456687927246
-104.72213745117188,-550.4232177734375,28.779422760009766
-105.2745132446289,-550.347900390625,28.765783309936523
-105.841064453125,-550.2743530273438,28.767099380493164
-106.44696807861328,-550.1949462890625,28.77896499633789
-107.10517883300781,-550.107421875,28.782821655273438
-107.67823791503906,-550.024658203125,28.782108306884766
-108.23452758789062,-549.9320678710938,28.781204223632812
-108.77330017089844,-549.8394775390625,28.780879974365234
-109.35232543945312,-549.7452392578125,28.780677795410156
-109.8861312866211,-549.659423828125,28.780460357666016
-110.4207763671875,-549.5709838867188,28.780574798583984
-111.06892395019531,-549.44970703125,28.78133773803711
-111.56480407714844,-549.3396606445312,28.782087326049805
-112.08235168457031,-549.2052612304688,28.78233528137207
-112.6573715209961,-549.0321044921875,28.78053092956543
-113.20230102539062,-548.8587036132812,28.771482467651367
-113.70341491699219,-548.7009887695312,28.764570236206055
-114.1925048828125,-548.5490112304688,28.771751403808594
-114.77210998535156,-548.3699340820312,28.779117584228516
-115.32820129394531,-548.1969604492188,28.780424118041992
-115.8074951171875,-548.047119140625,28.779781341552734
-116.30406951904297,-547.8916625976562,28.779680252075195
-116.80693054199219,-547.734130859375,28.777851104736328
-117.28514099121094,-547.584716796875,28.770021438598633
-117.78643798828125,-547.427978515625,28.77035903930664
-118.30245208740234,-547.2666015625,28.77772331237793
-118.85122680664062,-547.0946044921875,28.783092498779297
-119.45849609375,-546.8978271484375,28.78488540649414
-120.0444107055664,-546.69921875,28.785730361938477
-120.57948303222656,-546.51953125,28.787139892578125
-121.10015869140625,-546.3465576171875,28.788654327392578
-121.6052474975586,-546.1769409179688,28.79005241394043
-122.10215759277344,-546.0017700195312,28.791715621948242
-122.57978057861328,-545.820068359375,28.793359756469727
-123.1089096069336,-545.59814453125,28.794898986816406
-123.6546630859375,-545.345947265625,28.795207977294922
-124.15707397460938,-545.1053466796875,28.795143127441406
-124.61724853515625,-544.8876342773438,28.795291900634766
-125.1621322631836,-544.6353759765625,28.796022415161133
-125.61885070800781,-544.423828125,28.796783447265625
-126.13204193115234,-544.183837890625,28.79758071899414
-126.60697174072266,-543.9564819335938,28.7984619140625
-127.1825942993164,-543.6633911132812,28.7998104095459
-127.63263702392578,-543.4158935546875,28.800033569335938
-128.11045837402344,-543.1380615234375,28.799413681030273
-128.54385375976562,-542.885498046875,28.799169540405273
-129.00689697265625,-542.6217041015625,28.799312591552734
-129.49374389648438,-542.3463745117188,28.799766540527344
-129.99465942382812,-542.0579223632812,28.800628662109375
-130.45816040039062,-541.7764282226562,28.801692962646484
-130.90992736816406,-541.4822998046875,28.802021026611328
-131.33946228027344,-541.1884765625,28.801481246948242
-131.87295532226562,-540.82666015625,28.80121421813965
-132.3375244140625,-540.5187377929688,28.801490783691406
-132.76931762695312,-540.2303466796875,28.801990509033203
-133.20533752441406,-539.927490234375,28.802757263183594
-133.6843719482422,-539.5702514648438,28.8032283782959
-134.09449768066406,-539.2464599609375,28.802642822265625
-134.59286499023438,-538.8550415039062,28.802120208740234
-135.12899780273438,-538.4431762695312,28.802288055419922
-135.5283660888672,-538.1312255859375,28.80274200439453
-136.01870727539062,-537.7338256835938,28.80291748046875
-136.50827026367188,-537.3375854492188,28.80318260192871
-137.00543212890625,-536.9197387695312,28.802791595458984
-137.45169067382812,-536.53662109375,28.803119659423828
-137.90501403808594,-536.1554565429688,28.804595947265625
-138.36097717285156,-535.767822265625,28.805828094482422
-138.80230712890625,-535.3911743164062,28.806751251220703
-139.26470947265625,-534.9893188476562,28.807958602905273
-139.74044799804688,-534.5675659179688,28.81020736694336
-140.1685028076172,-534.1842651367188,28.81240463256836
-140.55645751953125,-533.8219604492188,28.8135986328125
-140.9565887451172,-533.4535522460938,28.81507110595703
-141.35704040527344,-533.0772094726562,28.81662940979004
-141.7589111328125,-532.687255859375,28.81790542602539
-142.20794677734375,-532.2569580078125,28.81972885131836
-142.58905029296875,-531.8735961914062,28.820884704589844
-142.9580841064453,-531.4932861328125,28.82213020324707
-143.32241821289062,-531.1123046875,28.823413848876953
-143.66177368164062,-530.7381591796875,28.824016571044922
-144.024169921875,-530.3310546875,28.825653076171875
-144.37525939941406,-529.9095458984375,28.82587242126465
-144.72802734375,-529.4844360351562,28.826461791992188
-145.07034301757812,-529.0816040039062,28.8272762298584
-145.41845703125,-528.6671142578125,28.827898025512695
-145.75306701660156,-528.2548828125,28.828411102294922
-146.08143615722656,-527.8431396484375,28.828798294067383
-146.40863037109375,-527.4378051757812,28.82938575744629
-146.7689666748047,-526.9713745117188,28.829540252685547
-147.10598754882812,-526.5399780273438,28.829936981201172
-147.40615844726562,-526.13623046875,28.830280303955078
-147.73251342773438,-525.671630859375,28.82990074157715
-148.02610778808594,-525.2586669921875,28.83023452758789
-148.31520080566406,-524.83935546875,28.830272674560547
-148.61688232421875,-524.4049682617188,28.830644607543945
-148.9046173095703,-523.9711303710938,28.830717086791992
-149.18898010253906,-523.5420532226562,28.831043243408203
-149.47833251953125,-523.0995483398438,28.831037521362305
-149.76113891601562,-522.6691284179688,28.830921173095703
-150.04644775390625,-522.2237548828125,28.83122444152832
-150.3258514404297,-521.7530517578125,28.830602645874023
-150.58200073242188,-521.3111572265625,28.8304386138916
-150.8258056640625,-520.870361328125,28.83038902282715
-151.07717895507812,-520.421630859375,28.830976486206055
-151.3268280029297,-519.9635620117188,28.83077621459961
-151.5789337158203,-519.5009155273438,28.83078384399414
-151.83657836914062,-518.9925537109375,28.830852508544922
-152.0833740234375,-518.4461059570312,28.825336456298828
-152.3017578125,-517.9596557617188,28.812583923339844
-152.53564453125,-517.4453735351562,28.827281951904297
-152.7577667236328,-516.9552612304688,28.82988166809082
-152.97348022460938,-516.4656372070312,28.829490661621094
-153.18898010253906,-515.9472045898438,28.829408645629883
-153.39247131347656,-515.4639892578125,28.82855224609375
-153.5906524658203,-514.9871826171875,28.82729148864746
-153.81373596191406,-514.4487915039062,28.826684951782227
-154.0081787109375,-513.9788818359375,28.82645606994629
-154.19256591796875,-513.5101318359375,28.82619285583496
-154.37423706054688,-513.0066528320312,28.824928283691406
-154.57443237304688,-512.4635009765625,28.823211669921875
-154.770751953125,-511.94342041015625,28.821914672851562
-154.99325561523438,-511.3431701660156,28.81991195678711
-155.18167114257812,-510.83404541015625,28.818090438842773
-155.3754119873047,-510.31146240234375,28.816513061523438
-155.55174255371094,-509.8347473144531,28.815521240234375
-155.73831176757812,-509.33123779296875,28.836580276489258
-155.92684936523438,-508.8224792480469,28.804677963256836
-156.10020446777344,-508.3421936035156,28.816057205200195
-156.27334594726562,-507.8277587890625,28.816911697387695
-156.44573974609375,-507.30316162109375,28.816879272460938
-156.6025848388672,-506.808349609375,28.81842613220215
-156.77206420898438,-506.26593017578125,28.815004348754883
-156.92330932617188,-505.78228759765625,28.803009033203125
-157.0972442626953,-505.2214050292969,28.8242244720459
-157.24085998535156,-504.71478271484375,28.827411651611328
-157.36508178710938,-504.2063903808594,28.82869529724121
-157.4773406982422,-503.7165832519531,28.830463409423828
-157.5790557861328,-503.18115234375,28.827653884887695
-157.68212890625,-502.6453857421875,28.81070327758789
-157.78903198242188,-502.1079406738281,28.807228088378906
-157.88941955566406,-501.5995788574219,28.807655334472656
-157.99391174316406,-501.0638427734375,28.810815811157227
-158.10411071777344,-500.4979248046875,28.822383880615234
-158.20431518554688,-499.9832763671875,28.827678680419922
-158.30934143066406,-499.4449462890625,28.827802658081055
-158.42149353027344,-498.8693542480469,28.826473236083984
-158.53099060058594,-498.288818359375,28.8258113861084
-158.61985778808594,-497.76580810546875,28.825016021728516
-158.71531677246094,-497.1255187988281,28.82286834716797
-158.7987060546875,-496.56951904296875,28.821027755737305
-158.88499450683594,-496.02288818359375,28.81954002380371
-158.97047424316406,-495.482177734375,28.8177490234375
-159.05419921875,-494.94879150390625,28.816028594970703
-159.1382293701172,-494.40863037109375,28.814380645751953
-159.22067260742188,-493.8768615722656,28.812705993652344
-159.30250549316406,-493.3375244140625,28.810749053955078
-159.37437438964844,-492.814453125,28.808353424072266
-159.4429931640625,-492.27008056640625,28.80559730529785
-159.51007080078125,-491.7659912109375,28.803207397460938
-159.58090209960938,-491.2469177246094,28.800844192504883
-159.65162658691406,-490.72509765625,28.79856300354004
-159.7239990234375,-490.15606689453125,28.796554565429688
-159.77935791015625,-489.65655517578125,28.79496955871582
-159.83523559570312,-489.1590576171875,28.793720245361328
-159.90061950683594,-488.60223388671875,28.792404174804688
-159.95559692382812,-488.07904052734375,28.791095733642578
-159.99749755859375,-487.5255126953125,28.789718627929688
-160.0174560546875,-487.0029602050781,28.789220809936523
-160.01429748535156,-486.4432678222656,28.789649963378906
-159.98199462890625,-485.913818359375,28.789947509765625
-159.9114990234375,-485.3714599609375,28.78989601135254
-159.7970733642578,-484.8341064453125,28.786834716796875
-159.6549530029297,-484.3396301269531,28.781368255615234
-159.48460388183594,-483.82257080078125,28.777362823486328
-159.2732391357422,-483.228759765625,28.775217056274414
-159.06460571289062,-482.6507873535156,28.773576736450195
-158.86080932617188,-482.0714416503906,28.76779556274414
-158.67340087890625,-481.5481262207031,28.75342559814453
-158.4506072998047,-480.9286804199219,28.7492733001709
-158.2762908935547,-480.44366455078125,28.750497817993164
-158.09661865234375,-479.9434814453125,28.751794815063477
-157.91897583007812,-479.44866943359375,28.752635955810547
-157.70985412597656,-478.8659973144531,28.754314422607422
-157.47640991210938,-478.21612548828125,28.758190155029297
-157.29273986816406,-477.705078125,28.76688575744629
-157.0806121826172,-477.1148376464844,28.77614974975586
-156.85842895507812,-476.4968566894531,28.781906127929688
-156.67311096191406,-475.9870300292969,28.78470230102539
-156.45245361328125,-475.3990783691406,28.786901473999023
-156.23609924316406,-474.83349609375,28.789020538330078
-156.047119140625,-474.33782958984375,28.791046142578125
-155.83099365234375,-473.7691345214844,28.79346466064453
-155.61117553710938,-473.198486328125,28.795814514160156
-155.42227172851562,-472.72198486328125,28.797527313232422
-155.1916046142578,-472.14691162109375,28.799556732177734
-154.99679565429688,-471.65936279296875,28.801584243774414
-154.7601318359375,-471.0694580078125,28.804548263549805
-154.51541137695312,-470.4803466796875,28.807863235473633
-154.29092407226562,-469.97149658203125,28.810422897338867
-154.07821655273438,-469.5136413574219,28.81234359741211
-153.81300354003906,-468.953857421875,28.814321517944336
-153.53814697265625,-468.3680114746094,28.815860748291016
-153.27655029296875,-467.8037414550781,28.817707061767578
-153.01089477539062,-467.2283935546875,28.819934844970703
-152.76377868652344,-466.6939697265625,28.822551727294922
-152.5166778564453,-466.1622619628906,28.825864791870117
-152.27603149414062,-465.6572265625,28.828632354736328
-152.0277099609375,-465.15985107421875,28.830963134765625
-151.7452392578125,-464.62127685546875,28.832977294921875
-151.47021484375,-464.1030578613281,28.835119247436523
-151.2187042236328,-463.62261962890625,28.83723258972168
-150.95181274414062,-463.1083984375,28.839210510253906
-150.6895751953125,-462.6023864746094,28.840816497802734
-150.43746948242188,-462.11700439453125,28.841989517211914
-150.1799774169922,-461.62261962890625,28.843076705932617
-149.91668701171875,-461.11785888671875,28.84406089782715
-149.62924194335938,-460.5670166015625,28.844844818115234
-149.38006591796875,-460.0893859863281,28.84540557861328
-149.07960510253906,-459.5145568847656,28.845827102661133
-148.80946350097656,-459.0078430175781,28.846118927001953
-148.55006408691406,-458.5328369140625,28.8463077545166
-148.29986572265625,-458.07244873046875,28.84653663635254
-148.0467529296875,-457.6031494140625,28.846744537353516
-147.79766845703125,-457.140380859375,28.846683502197266
-147.55030822753906,-456.6822814941406,28.84638023376465
-147.29269409179688,-456.21514892578125,28.84609603881836
-147.03366088867188,-455.7654113769531,28.845815658569336
-146.76986694335938,-455.32598876953125,28.845794677734375
-146.5042724609375,-454.8851623535156,28.846355438232422
-146.2388916015625,-454.43719482421875,28.847164154052734
-145.93698120117188,-453.9242858886719,28.848037719726562
-145.68284606933594,-453.4928894042969,28.848554611206055
-145.3863067626953,-452.9911804199219,28.848907470703125
-145.1234588623047,-452.5475769042969,28.849353790283203
-144.84033203125,-452.0699462890625,28.850364685058594
-144.5699920654297,-451.6136474609375,28.851686477661133
-144.28591918945312,-451.1339111328125,28.85317611694336
-143.92681884765625,-450.5272216796875,28.854637145996094
-143.62911987304688,-450.02374267578125,28.855175018310547
-143.3277130126953,-449.5055236816406,28.855546951293945
-143.0185089111328,-448.9654541015625,28.856273651123047
-142.71990966796875,-448.449462890625,28.857345581054688
-142.42271423339844,-447.9266357421875,28.85839080810547
-142.1339874267578,-447.4044494628906,28.859058380126953
-141.84938049316406,-446.89556884765625,28.859355926513672
-141.557861328125,-446.377197265625,28.859081268310547
-141.27294921875,-445.8702392578125,28.858867645263672
-140.98599243164062,-445.35595703125,28.859155654907227
-140.71798706054688,-444.8611755371094,28.860057830810547
-140.45030212402344,-444.3612060546875,28.859540939331055
-140.19534301757812,-443.89361572265625,28.858503341674805
-139.91940307617188,-443.3876037597656,28.857925415039062
-139.65711975097656,-442.9057312011719,28.857831954956055
-139.40240478515625,-442.4366455078125,28.856597900390625
-139.14768981933594,-441.96722412109375,28.844879150390625
-138.89927673339844,-441.5096435546875,28.83882713317871
-138.6397705078125,-441.03204345703125,28.838308334350586
-138.37490844726562,-440.5448303222656,28.839832305908203
-138.04428100585938,-439.93682861328125,28.84147071838379
-137.79794311523438,-439.4837341308594,28.842214584350586
-137.5557861328125,-439.03826904296875,28.845911026000977
-137.25704956054688,-438.48895263671875,28.85500144958496
-136.9651336669922,-437.95220947265625,28.861797332763672
-136.71392822265625,-437.4903259277344,28.865049362182617
-136.4259033203125,-436.9608459472656,28.86721420288086
-136.18099975585938,-436.5106201171875,28.86869239807129
-135.89413452148438,-435.9831848144531,28.870189666748047
-135.59979248046875,-435.4420166015625,28.871482849121094
-135.35293579101562,-434.98809814453125,28.872425079345703
-135.05332946777344,-434.4372863769531,28.873443603515625
-134.76231384277344,-433.90216064453125,28.874305725097656
-134.52232360839844,-433.46087646484375,28.874773025512695
-134.2325439453125,-432.9280700683594,28.875213623046875
-133.992431640625,-432.4867248535156,28.87561798095703
-133.70068359375,-431.9505615234375,28.87616539001465
-133.4143524169922,-431.4244384765625,28.876632690429688
-133.16925048828125,-430.97418212890625,28.877262115478516
-132.880859375,-430.4444580078125,28.87856674194336
-132.64122009277344,-430.00421142578125,28.879871368408203
-132.35919189453125,-429.4859313964844,28.881450653076172
-132.0992431640625,-429.00830078125,28.882980346679688
-131.82302856445312,-428.5008850097656,28.88447380065918
-131.57847595214844,-428.0517272949219,28.885337829589844
-131.26132202148438,-427.46881103515625,28.885528564453125
-130.98170471191406,-426.9544982910156,28.885597229003906
-130.7224578857422,-426.47784423828125,28.885906219482422
-130.45233154296875,-425.9813232421875,28.88646697998047
-130.183837890625,-425.4878845214844,28.88726806640625
-129.8603515625,-424.89337158203125,28.888172149658203
-129.5880889892578,-424.39276123046875,28.88858985900879
-129.327392578125,-423.9136962890625,28.888765335083008
-129.04666137695312,-423.39776611328125,28.888835906982422
-128.76022338867188,-422.8714294433594,28.889022827148438
-128.4970245361328,-422.3877258300781,28.8896541595459
-128.24644470214844,-421.9271240234375,28.89078140258789
-127.97844696044922,-421.43450927734375,28.8923282623291
-127.7233657836914,-420.9656677246094,28.893884658813477
-127.45565795898438,-420.4737854003906,28.89544105529785
-127.20851135253906,-420.01971435546875,28.89655303955078
-126.90580749511719,-419.46343994140625,28.897430419921875
-126.54978942871094,-418.8092041015625,28.898447036743164
-126.2138671875,-418.1920166015625,28.89978790283203
-125.85061645507812,-417.52471923828125,28.901287078857422
-125.51063537597656,-416.9002685546875,28.90240478515625
-125.17350006103516,-416.2811279296875,28.903141021728516
-124.84814453125,-415.6839599609375,28.9180850982666
-124.55430603027344,-415.1470947265625,28.942169189453125
