x,y,z
-131.689798,-428.331023,28.543960
-131.449671,-427.892458,28.544341
-131.209545,-427.453893,28.544722
-130.969419,-427.015328,28.545103
-130.729293,-426.576763,28.545484
-130.489167,-426.138198,28.545865
-130.244996,-425.701872,28.545037
-130.000824,-425.265547,28.544210
-129.756653,-424.829222,28.543383
-129.512482,-424.392897,28.542555
-129.268311,-423.956572,28.541728
-129.024139,-423.520246,28.540901
-128.779968,-423.083921,28.540073
-128.535797,-422.647596,28.539246
-128.291617,-422.211278,28.540900
-128.047436,-421.774960,28.542554
-127.803256,-421.338642,28.544208
-127.559076,-420.902324,28.545863
-127.314896,-420.466006,28.547517
-127.070716,-420.029689,28.549171
-126.826535,-419.593371,28.550825
-126.582355,-419.157053,28.552479
-126.339841,-418.719804,28.552844
-126.097328,-418.282554,28.553208
-125.854814,-417.845305,28.553573
-125.612300,-417.408056,28.553938
-125.369786,-416.970806,28.554302
-125.127272,-416.533557,28.554667
-124.884759,-416.096308,28.555032
-124.642245,-415.659059,28.555396
-124.399306,-415.222046,28.555623
-124.156366,-414.785032,28.555850
-123.913427,-414.348019,28.556077
-123.670488,-413.911006,28.556303
-123.427548,-413.473993,28.556530
-123.184609,-413.036980,28.556757
-122.941670,-412.599967,28.556984
-122.698731,-412.162954,28.557210
-122.455791,-411.725941,28.557437
-122.211935,-411.289439,28.557154
-121.968078,-410.852937,28.556872
-121.724221,-410.416435,28.556589
-121.480365,-409.979933,28.556306
-121.236508,-409.543432,28.556023
-120.992651,-409.106930,28.555740
-120.748795,-408.670428,28.555457
-120.504938,-408.233926,28.555175
-120.261081,-407.797424,28.554892
-120.018131,-407.360418,28.554034
-119.775181,-406.923411,28.553176
-119.532232,-406.486405,28.552318
-119.289282,-406.049399,28.551459
-119.046332,-405.612392,28.550601
-118.803382,-405.175386,28.549743
-118.560432,-404.738379,28.548885
-118.317482,-404.301373,28.548027
-118.073934,-403.864699,28.547768
-117.830387,-403.428024,28.547509
-117.586839,-402.991350,28.547250
-117.343292,-402.554675,28.546991
-117.099744,-402.118001,28.546731
-116.856196,-401.681327,28.546472
-116.612649,-401.244652,28.546213
-116.369914,-400.807526,28.546111
-116.127178,-400.370399,28.546009
-115.884443,-399.933273,28.545907
-115.641708,-399.496146,28.545804
-115.398973,-399.059020,28.545702
-115.156238,-398.621893,28.545600
-114.913503,-398.184766,28.545498
-114.670572,-397.747748,28.545754
-114.427642,-397.310730,28.546010
-114.184711,-396.873712,28.546266
-113.941781,-396.436694,28.546522
-113.698851,-395.999676,28.546778
-113.455920,-395.562658,28.547034
-113.211101,-395.126696,28.546628
-112.966281,-394.690733,28.546221
-112.721462,-394.254771,28.545815
-112.476643,-393.818808,28.545409
-112.231824,-393.382846,28.545003
-111.987004,-392.946883,28.544597
-111.742185,-392.510921,28.544191
-111.499940,-392.073522,28.543740
-111.257695,-391.636124,28.543289
-111.015450,-391.198726,28.542838
-110.773205,-390.761328,28.542387
-110.530960,-390.323930,28.541936
-110.288715,-389.886532,28.541485
-110.046470,-389.449133,28.541034
-109.804225,-389.011735,28.540583
-109.561980,-388.574337,28.540133
-109.320723,-388.136393,28.539717
-109.079465,-387.698450,28.539302
-108.838207,-387.260506,28.538887
-108.596950,-386.822562,28.538472
-108.355692,-386.384619,28.538057
-108.114435,-385.946675,28.537642
-107.871790,-385.509498,28.537665
-107.629145,-385.072322,28.537689
-107.386500,-384.635145,28.537713
-107.143856,-384.197968,28.537736
-106.901211,-383.760791,28.537760
-106.658566,-383.323615,28.537783
-106.415921,-382.886438,28.537807
-106.173277,-382.449261,28.537831
-105.930632,-382.012084,28.537854
-105.689391,-381.574132,28.538134
-105.448150,-381.136179,28.538414
-105.206909,-380.698226,28.538693
-104.965668,-380.260273,28.538973
-104.724427,-379.822320,28.539253
-104.483186,-379.384367,28.539532
-104.241945,-378.946414,28.539812
-104.000704,-378.508462,28.540092
-103.755916,-378.072483,28.538922
-103.511128,-377.636504,28.537751
-103.266340,-377.200526,28.536581
-103.021551,-376.764547,28.535411
-102.776763,-376.328568,28.534241
-102.531975,-375.892590,28.533070
-102.287187,-375.456611,28.531900
-102.042399,-375.020632,28.530730
-101.800322,-374.583144,28.528991
-101.558245,-374.145656,28.527251
-101.316168,-373.708169,28.525512
-101.074090,-373.270681,28.523772
-100.832013,-372.833193,28.522033
-100.589936,-372.395705,28.520293
-100.347859,-371.958217,28.518554
-100.105782,-371.520729,28.516814
-99.855502,-371.087879,28.517587
-99.605223,-370.655028,28.518361
-99.354944,-370.222178,28.519134
-99.104664,-369.789327,28.519907
-98.854385,-369.356476,28.520680
-98.604105,-368.923626,28.521453
-98.353826,-368.490775,28.522226
-98.103546,-368.057925,28.522999
-97.860840,-367.620787,28.525179
-97.618134,-367.183650,28.527358
-97.375428,-366.746513,28.529537
-97.132722,-366.309375,28.531717
-96.890016,-365.872238,28.533896
-96.647310,-365.435101,28.536075
-96.404604,-364.997963,28.538255
-96.341945,-364.885108,28.538817
-96.123180,-364.435508,28.540246
-95.904415,-363.985909,28.541674
-95.685650,-363.536309,28.543102
-95.497579,-363.073033,28.545241
-95.309508,-362.609757,28.547380
-95.121438,-362.146480,28.549519
-94.975152,-361.668368,28.552581
-94.828866,-361.190256,28.555643
-94.729215,-360.700295,28.558312
-94.629564,-360.210333,28.560981
-94.560031,-359.715196,28.563219
-94.490498,-359.220060,28.565456
-94.466419,-358.720647,28.568166
-94.442341,-358.221235,28.570876
-94.448798,-357.721287,28.574070
-94.455254,-357.221339,28.577265
-94.507302,-356.724056,28.578218
-94.559350,-356.226773,28.579171
-94.611398,-355.729490,28.580124
-94.708586,-355.239032,28.577887
-94.805774,-354.748574,28.575650
-94.949669,-354.269733,28.573222
-95.093563,-353.790892,28.570793
-95.266422,-353.321728,28.568624
-95.439280,-352.852563,28.566455
-95.654205,-352.401119,28.564055
-95.869130,-351.949676,28.561655
-96.111214,-351.512196,28.559014
-96.353297,-351.074716,28.556373
-96.634280,-350.661157,28.552166
-96.915262,-350.247598,28.547960
-97.196245,-349.834039,28.543754
-97.513927,-349.447981,28.537625
-97.857552,-349.084794,28.533483
-98.201176,-348.721607,28.529342
-98.544801,-348.358419,28.525200
-98.916742,-348.024266,28.523921
-99.288683,-347.690113,28.522642
-99.692211,-347.394877,28.522256
-100.095740,-347.099640,28.521869
-100.517538,-346.831151,28.521579
-100.939335,-346.562661,28.521290
-101.366966,-346.303563,28.520840
-101.794597,-346.044465,28.520390
-102.072141,-345.874253,28.519238
-102.514611,-345.641406,28.517572
-102.957210,-345.408805,28.515920
-103.399842,-345.176267,28.514271
-103.842620,-344.944032,28.510443
-104.285398,-344.711798,28.506616
-104.728280,-344.479797,28.501004
-105.171161,-344.247795,28.495392
-105.614151,-344.016061,28.487711
-106.057141,-343.784327,28.480031
-106.500216,-343.552818,28.470611
-106.943290,-343.321309,28.461191
-107.385944,-343.088948,28.453090
-107.828599,-342.856587,28.444989
-108.270974,-342.623653,28.438272
-108.713350,-342.390718,28.431556
-109.155383,-342.157090,28.426551
-109.597415,-341.923462,28.421547
-110.039113,-341.689171,28.418190
-110.480811,-341.454881,28.414834
-110.922275,-341.220139,28.412526
-111.363739,-340.985397,28.410218
-111.805172,-340.750593,28.408005
-112.246604,-340.515790,28.405792
-112.688004,-340.280926,28.403642
-113.129405,-340.046062,28.401492
-113.569511,-339.808774,28.400655
-114.009617,-339.571485,28.399818
-114.448590,-339.332106,28.400090
-114.887564,-339.092727,28.400362
-115.325214,-338.850943,28.401914
-115.762865,-338.609158,28.403465
-116.199423,-338.365416,28.406062
-116.634388,-338.118838,28.408073
-117.069354,-337.872259,28.410083
-117.502958,-337.623289,28.411193
-117.936562,-337.374318,28.412303
-118.367877,-337.121402,28.411701
-118.797260,-336.865226,28.409603
-119.223108,-336.603217,28.407351
-119.646933,-336.337945,28.405743
-120.068307,-336.068791,28.405310
-120.487420,-335.796131,28.406141
-120.903146,-335.518337,28.407843
-121.317627,-335.238690,28.409419
-121.731061,-334.957494,28.410586
-122.141345,-334.671719,28.411147
-122.549346,-334.382696,28.411653
-122.953898,-334.088863,28.412114
-123.349115,-333.782595,28.413854
-123.739257,-333.469899,28.417040
-124.122834,-333.149209,28.422256
-124.495540,-332.815980,28.429226
-124.863954,-332.478002,28.435706
-125.225037,-332.132181,28.440908
-125.580172,-331.780239,28.444923
-125.914982,-331.408892,28.446650
-126.235692,-331.025297,28.447104
-126.541588,-330.629788,28.446202
-126.847483,-330.234279,28.445300
-127.128557,-329.820768,28.442837
-127.409630,-329.407257,28.440374
-127.679605,-328.986415,28.437977
-127.935839,-328.557068,28.435691
-128.174112,-328.117498,28.433562
-128.367970,-327.656613,28.431649
-128.550480,-327.191117,28.429743
-128.704200,-326.715336,28.428055
-128.846154,-326.235913,28.426608
-128.968295,-325.751061,28.425623
-129.070626,-325.261647,28.424463
-129.150419,-324.768057,28.422852
-129.221386,-324.273122,28.421031
-129.264786,-323.775014,28.419044
-129.290871,-323.275698,28.417071
-129.298328,-322.775758,28.415173
-129.273904,-322.276357,28.413477
-129.236735,-321.777743,28.411875
-129.182952,-321.280647,28.410398
-129.114617,-320.785340,28.409033
-129.018286,-320.294709,28.407680
-128.900019,-319.808900,28.406193
-128.772240,-319.325506,28.404628
-128.624554,-318.847817,28.403135
-128.460344,-318.375553,28.401920
-128.277297,-317.910265,28.400832
-128.083198,-317.449478,28.399631
-127.875232,-316.994783,28.398231
-127.650004,-316.548386,28.396911
-127.421023,-316.103901,28.395878
-127.188517,-315.661249,28.395204
-126.956011,-315.218597,28.394531
-126.718774,-314.778463,28.394619
-126.481537,-314.338328,28.394707
-126.244681,-313.897988,28.394917
-126.008073,-313.457515,28.395196
-125.771465,-313.017042,28.395475
-125.535142,-312.576416,28.395833
-125.296532,-312.137024,28.396437
-125.057922,-311.697633,28.397040
-124.817493,-311.259234,28.397819
-124.577064,-310.820836,28.398597
-124.334436,-310.383651,28.399583
-124.091808,-309.946466,28.400569
-123.847032,-309.510480,28.401756
-123.601877,-309.074707,28.402834
-123.356722,-308.638935,28.403912
-123.111679,-308.203099,28.404861
-122.866635,-307.767263,28.405811
-122.621865,-307.331273,28.406583
-122.377096,-306.895283,28.407355
-122.132653,-306.459110,28.407941
-121.888232,-306.022924,28.408608
-121.643810,-305.586739,28.409275
-121.399321,-305.150592,28.410058
-121.154832,-304.714444,28.410842
-120.910230,-304.278361,28.411788
-120.665627,-303.842277,28.412735
-120.420901,-303.406264,28.413850
-120.176318,-302.970171,28.415252
-119.931735,-302.534078,28.416655
-119.687281,-302.097913,28.418232
-119.442828,-301.661748,28.419809
-119.198572,-301.225473,28.421625
-118.954316,-300.789198,28.423441
-118.710061,-300.352923,28.425258
-118.465959,-299.916562,28.427254
-118.221857,-299.480202,28.429251
-117.977755,-299.043842,28.431247
-117.733653,-298.607482,28.433244
-117.489550,-298.171122,28.435240
-117.462207,-298.122243,28.435464
-117.222047,-297.684168,28.455786
-116.981886,-297.246092,28.476108
-116.741725,-296.808017,28.496430
-116.499178,-296.370821,28.501936
-116.256630,-295.933625,28.507442
-116.014083,-295.496429,28.512947
-115.771535,-295.059233,28.518453
-115.528988,-294.622037,28.523958
-115.286440,-294.184841,28.529464
-115.043893,-293.747645,28.534969
-114.801345,-293.310449,28.540475
-114.558798,-292.873253,28.545980
-114.316250,-292.436057,28.551486
-114.073703,-291.998860,28.556992
-113.831155,-291.561664,28.562497
-113.588457,-291.124534,28.566356
-113.345758,-290.687404,28.570214
-113.103060,-290.250275,28.574072
-112.860361,-289.813145,28.577931
-112.617663,-289.376015,28.581789
-112.374965,-288.938885,28.585647
-112.132266,-288.501755,28.589506
-111.889568,-288.064625,28.593364
-111.646858,-287.627484,28.593101
-111.404148,-287.190344,28.592838
-111.161438,-286.753203,28.592576
-110.918728,-286.316063,28.592313
-110.676018,-285.878922,28.592050
-110.433308,-285.441782,28.591787
-110.190598,-285.004642,28.591525
-109.947888,-284.567501,28.591262
-109.705180,-284.130366,28.588847
-109.462473,-283.693230,28.586431
-109.219766,-283.256095,28.584016
-108.977058,-282.818960,28.581601
-108.734351,-282.381825,28.579185
-108.491643,-281.944689,28.576770
-108.248936,-281.507554,28.574355
-108.006228,-281.070419,28.571939
-107.763536,-280.633312,28.565769
-107.520844,-280.196205,28.559600
-107.278153,-279.759098,28.553430
-107.035461,-279.321991,28.547260
-106.792769,-278.884883,28.541090
-106.550077,-278.447776,28.534920
-106.307385,-278.010669,28.528751
-106.064693,-277.573562,28.522581
-105.822001,-277.136455,28.516411
-105.579310,-276.699348,28.510241
-105.336618,-276.262241,28.504071
-105.093926,-275.825134,28.497902
-104.851234,-275.388027,28.491732
-104.715885,-275.144252,28.488291
-104.474258,-274.706790,28.472688
-104.232631,-274.269328,28.457085
-103.991004,-273.831866,28.441482
-103.747946,-273.394971,28.434775
-103.504887,-272.958075,28.428068
-103.261829,-272.521180,28.421361
-103.018770,-272.084284,28.414654
-102.775712,-271.647389,28.407947
-102.532654,-271.210493,28.401240
-102.289595,-270.773598,28.394533
-102.046537,-270.336702,28.387825
-101.804885,-269.898984,28.385083
-101.563234,-269.461267,28.382341
-101.321582,-269.023549,28.379598
-101.079931,-268.585831,28.376856
-100.838279,-268.148113,28.374113
-100.596628,-267.710395,28.371371
-100.354976,-267.272677,28.368628
-100.113920,-266.834624,28.369843
-99.872864,-266.396571,28.371057
-99.631807,-265.958518,28.372271
-99.390751,-265.520465,28.373485
-99.149694,-265.082412,28.374700
-98.908638,-264.644359,28.375914
-98.667582,-264.206306,28.377128
-98.426525,-263.768253,28.378342
-98.185469,-263.330201,28.379557
-97.944412,-262.892148,28.380771
-97.703356,-262.454095,28.381985
-97.459487,-262.017605,28.384091
-97.215618,-261.581115,28.386197
-96.971750,-261.144625,28.388303
-96.727881,-260.708134,28.390409
-96.484012,-260.271644,28.392515
-96.240143,-259.835154,28.394621
-95.996275,-259.398664,28.396727
-95.752406,-258.962174,28.398832
-95.508537,-258.525684,28.400938
-95.265805,-258.088568,28.404113
-95.023072,-257.651451,28.407287
-94.780340,-257.214334,28.410461
-94.537607,-256.777218,28.413636
-94.294875,-256.340101,28.416810
-94.052142,-255.902985,28.419984
-93.967442,-255.750455,28.421092
-93.725810,-255.312802,28.429710
-93.484179,-254.875149,28.438328
-93.242548,-254.437497,28.446946
-93.000916,-253.999844,28.455564
-92.759285,-253.562191,28.464182
-92.517654,-253.124538,28.472800
-92.276022,-252.686885,28.481418
-92.034391,-252.249232,28.490037
-91.792759,-251.811580,28.498655
-91.551128,-251.373927,28.507273
-91.309470,-250.936210,28.504903
-91.067812,-250.498494,28.502534
-90.826154,-250.060777,28.500164
-90.584496,-249.623061,28.497795
-90.342838,-249.185344,28.495426
-90.101180,-248.747627,28.493056
-89.859522,-248.309911,28.490687
-89.617864,-247.872194,28.488317
-89.376206,-247.434478,28.485948
-89.134548,-246.996761,28.483578
-88.892890,-246.559044,28.481209
-88.651232,-246.121328,28.478840
-88.409574,-245.683611,28.476470
-88.167916,-245.245895,28.474101
-87.926259,-244.808180,28.471262
-87.684603,-244.370466,28.468422
-87.442946,-243.932751,28.465583
-87.201290,-243.495036,28.462744
-86.959633,-243.057322,28.459905
-86.717977,-242.619607,28.457066
-86.476320,-242.181893,28.454227
-86.234664,-241.744178,28.451388
-85.993007,-241.306464,28.448548
-85.751351,-240.868749,28.445709
-85.509694,-240.431034,28.442870
-85.268038,-239.993320,28.440031
-85.026377,-239.555598,28.440431
-84.784717,-239.117877,28.440832
-84.543056,-238.680155,28.441232
-84.301396,-238.242434,28.441632
-84.059736,-237.804712,28.442032
-83.818075,-237.366991,28.442433
-83.576415,-236.929269,28.442833
-83.334755,-236.491548,28.443233
-83.093094,-236.053826,28.443634
-82.851439,-235.616114,28.440339
-82.609784,-235.178402,28.437045
-82.368129,-234.740690,28.433750
-82.126474,-234.302978,28.430456
-81.884818,-233.865266,28.427161
-81.643163,-233.427553,28.423867
-81.401508,-232.989841,28.420572
-81.159853,-232.552129,28.417277
-80.918198,-232.114417,28.413983
-80.676542,-231.676705,28.410688
-80.434887,-231.238993,28.407394
-80.193232,-230.801281,28.404099
-79.968537,-230.394288,28.401036
-79.726882,-229.956578,28.397460
-79.485228,-229.518867,28.393884
-79.243574,-229.081157,28.390308
-79.001920,-228.643446,28.386732
-78.760265,-228.205736,28.383157
-78.523975,-227.765094,28.384626
-78.287685,-227.324453,28.386095
-78.051395,-226.883812,28.387564
-77.815105,-226.443170,28.389033
-77.578815,-226.002529,28.390502
-77.342525,-225.561887,28.391971
-77.106235,-225.121246,28.393440
-76.869945,-224.680604,28.394909
-76.642239,-224.235464,28.395123
-76.414534,-223.790324,28.395336
-76.186828,-223.345183,28.395550
-75.959122,-222.900043,28.395764
-75.735066,-222.453055,28.396644
-75.511011,-222.006067,28.397524
-75.286956,-221.559078,28.398405
-75.062900,-221.112090,28.399285
-74.848130,-220.660567,28.399882
-74.633361,-220.209043,28.400479
-74.418591,-219.757519,28.401076
-74.207252,-219.304380,28.401581
-73.995914,-218.851240,28.402087
-73.784575,-218.398100,28.402593
-73.573237,-217.944960,28.403099
-73.368695,-217.488712,28.403936
-73.164152,-217.032465,28.404774
-72.959610,-216.576217,28.405612
-72.755068,-216.119970,28.406449
-72.561011,-215.659165,28.407243
-72.366955,-215.198359,28.408037
-72.172898,-214.737554,28.408830
-71.978842,-214.276749,28.409624
-71.784785,-213.815944,28.410418
-71.598280,-213.352030,28.410515
-71.411774,-212.888117,28.410612
-71.225268,-212.424204,28.410709
-71.038763,-211.960290,28.410806
-70.852257,-211.496377,28.410903
-70.670420,-211.030614,28.410656
-70.488584,-210.564850,28.410409
-70.306747,-210.099087,28.410162
-70.124910,-209.633324,28.409915
-69.943074,-209.167561,28.409668
-69.773628,-208.697148,28.409980
-69.604183,-208.226735,28.410291
-69.434737,-207.756323,28.410603
-69.265292,-207.285910,28.410915
-69.095846,-206.815497,28.411227
-68.926401,-206.345084,28.411539
-68.756955,-205.874672,28.411851
-68.595555,-205.401439,28.412578
-68.434155,-204.928206,28.413306
-68.272755,-204.454973,28.414034
-68.111354,-203.981740,28.414761
-67.949954,-203.508507,28.415489
-67.788554,-203.035274,28.416217
-67.633963,-202.559773,28.416562
-67.479371,-202.084271,28.416907
-67.324780,-201.608770,28.417252
-67.170189,-201.133269,28.417596
-67.015597,-200.657768,28.417941
-66.869378,-200.179626,28.417962
-66.723158,-199.701484,28.417983
-66.576938,-199.223342,28.418004
-66.430718,-198.745200,28.418024
-66.284498,-198.267058,28.418045
-66.138278,-197.788916,28.418066
-66.002779,-197.307626,28.418294
-65.867280,-196.826336,28.418522
-65.731781,-196.345046,28.418751
-65.596282,-195.863756,28.418979
-65.460783,-195.382466,28.419208
-65.332006,-194.899336,28.417961
-65.203229,-194.416206,28.416714
-65.074452,-193.933076,28.415466
-64.945674,-193.449945,28.414219
-64.816897,-192.966815,28.412972
-64.694941,-192.481919,28.411293
-64.572984,-191.997024,28.409613
-64.451028,-191.512128,28.407933
-64.329072,-191.027232,28.406253
-64.209187,-190.541818,28.405256
-64.089302,-190.056404,28.404259
-63.969417,-189.570991,28.403261
-63.849533,-189.085577,28.402264
-63.740663,-188.597574,28.401483
-63.631794,-188.109571,28.400701
-63.522925,-187.621568,28.399920
-63.414056,-187.133565,28.399138
-63.312612,-186.643965,28.397865
-63.211168,-186.154366,28.396591
-63.109724,-185.664767,28.395317
-63.008280,-185.175167,28.394043
-62.906837,-184.685568,28.392769
-62.805393,-184.195969,28.391496
-62.716130,-183.704005,28.389638
-62.626867,-183.212040,28.387781
-62.537605,-182.720076,28.385924
-62.448342,-182.228112,28.384066
-62.359079,-181.736148,28.382209
-62.276533,-181.243009,28.382041
-62.193986,-180.749870,28.381874
-62.111440,-180.256731,28.381707
-62.028894,-179.763592,28.381539
-61.946347,-179.270453,28.381372
-61.874021,-178.775712,28.381927
-61.801694,-178.280971,28.382483
-61.729367,-177.786230,28.383038
-61.657040,-177.291490,28.383594
-61.592382,-176.795689,28.382403
-61.527723,-176.299889,28.381213
-61.463064,-175.804089,28.380022
-61.398406,-175.308289,28.378831
-61.335295,-174.812288,28.378681
-61.272184,-174.316287,28.378531
-61.209073,-173.820286,28.378381
-61.150973,-173.323675,28.379749
-61.092874,-172.827064,28.381116
-61.034774,-172.330453,28.382484
-60.982266,-171.833219,28.383902
-60.929759,-171.335986,28.385320
-60.877251,-170.838753,28.386738
-60.824743,-170.341519,28.388156
-60.772235,-169.844286,28.389574
-60.730324,-169.346047,28.390482
-60.688413,-168.847807,28.391390
-60.646501,-168.349568,28.392298
-60.604590,-167.851328,28.393205
-60.562678,-167.353089,28.394113
-60.518237,-166.855068,28.395021
-60.473796,-166.357048,28.395928
-60.429355,-165.859028,28.396836
-60.392526,-165.360386,28.396711
-60.355697,-164.861744,28.396587
-60.318867,-164.363103,28.396462
-60.282038,-163.864461,28.396337
-60.248304,-163.365602,28.397788
-60.214569,-162.866744,28.399239
-60.180835,-162.367885,28.400689
-60.147100,-161.869027,28.402140
-60.121562,-161.369682,28.403766
-60.096024,-160.870337,28.405392
-60.070486,-160.370992,28.407017
-60.044948,-159.871648,28.408643
-60.019410,-159.372303,28.410269
-59.993871,-158.872958,28.411895
-59.969768,-158.373540,28.411891
-59.945664,-157.874121,28.411887
-59.921561,-157.374702,28.411883
-59.897457,-156.875283,28.411879
-59.873354,-156.375865,28.411875
-59.849250,-155.876446,28.411871
-59.832937,-155.393210,28.411430
-59.833776,-154.893213,28.409870
-59.834615,-154.393216,28.408310
-59.835453,-153.893219,28.406750
-59.836292,-153.393222,28.405189
-59.837131,-152.893225,28.403629
-59.837970,-152.393229,28.402069
-59.838808,-151.893232,28.400509
-59.839647,-151.393235,28.398949
-59.840486,-150.893238,28.397389
-59.841325,-150.393241,28.395828
-59.842164,-149.893248,28.393394
-59.843002,-149.393254,28.390959
-59.843841,-148.893261,28.388525
-59.844680,-148.393268,28.386090
-59.845519,-147.893274,28.383656
-59.846357,-147.393281,28.381221
-59.847196,-146.893287,28.378787
-59.848035,-146.393294,28.376352
-59.848874,-145.893301,28.373918
-59.849713,-145.393307,28.371483
-59.850551,-144.893308,28.370998
-59.851390,-144.393309,28.370512
-59.852229,-143.893310,28.370027
-59.853068,-143.393311,28.369541
-59.853906,-142.893312,28.369056
-59.854745,-142.393313,28.368570
-59.855584,-141.893314,28.368085
-59.856423,-141.393315,28.367600
-59.857262,-140.893316,28.367114
-59.858100,-140.393317,28.366629
-59.858939,-139.893318,28.366143
-59.859778,-139.393325,28.368620
-59.860617,-138.893331,28.371097
-59.861455,-138.393338,28.373575
-59.862294,-137.893345,28.376052
-59.863133,-137.393352,28.378529
-59.863972,-136.893359,28.381006
-59.864811,-136.393366,28.383483
-59.865649,-135.893372,28.385960
-59.866488,-135.393379,28.388437
-59.867327,-134.893386,28.390914
-59.868166,-134.393393,28.393391
-59.869004,-133.893400,28.395868
-59.869843,-133.393401,28.395067
-59.870682,-132.893402,28.394266
-59.871521,-132.393404,28.393465
-59.872360,-131.893405,28.392664
-59.873198,-131.393406,28.391863
-59.874037,-130.893408,28.391062
-59.874876,-130.393409,28.390261
-59.875715,-129.893411,28.389460
-59.876553,-129.393412,28.388658
-59.877392,-128.893413,28.387857
-59.878231,-128.393415,28.387056
-59.879070,-127.893416,28.386255
-59.879909,-127.393417,28.385454
-59.880747,-126.893419,28.384653
-59.881586,-126.393420,28.383852
-59.882425,-125.893421,28.383051
-59.883264,-125.393423,28.382250
-59.884103,-124.893424,28.381448
-59.884666,-124.557528,28.380910
-59.909091,-124.058126,28.382262
-59.933516,-123.558725,28.383614
-59.957940,-123.059324,28.384965
-59.982365,-122.559923,28.386317
-60.006790,-122.060521,28.387669
-60.031215,-121.561120,28.389020
-60.033371,-121.061125,28.388525
-60.035528,-120.561130,28.388030
-60.037684,-120.061135,28.387535
-60.039841,-119.561140,28.387041
-60.041997,-119.061145,28.386546
-60.044153,-118.561150,28.386051
-60.046310,-118.061154,28.385556
-60.048466,-117.561159,28.385061
-60.048755,-117.061160,28.384085
-60.049044,-116.561161,28.383108
-60.049333,-116.061162,28.382132
-60.049622,-115.561164,28.381156
-60.049911,-115.061165,28.380180
-60.050200,-114.561166,28.379203
-60.050489,-114.061167,28.378227
-60.050778,-113.561168,28.377251
-60.051067,-113.061169,28.376275
-60.044058,-112.561218,28.375535
-60.037048,-112.061268,28.374795
-60.030038,-111.561318,28.374055
-60.023029,-111.061367,28.373315
-60.016019,-110.561417,28.372576
-60.009009,-110.061467,28.371836
-60.002000,-109.561517,28.371096
-59.994990,-109.061566,28.370356
-59.982743,-108.561717,28.369368
-59.970496,-108.061868,28.368380
-59.958248,-107.562019,28.367392
-59.946001,-107.062170,28.366403
-59.933754,-106.562321,28.365415
-59.921507,-106.062472,28.364427
-59.908324,-105.562647,28.363689
-59.907429,-105.528709,28.363639
-59.891206,-105.028972,28.363715
-59.874984,-104.529235,28.363791
-59.858761,-104.029499,28.363867
-59.842539,-103.529762,28.363943
-59.826316,-103.030025,28.364019
-59.810094,-102.530288,28.364095
-59.793871,-102.030552,28.364171
-59.777649,-101.530815,28.364247
-59.780601,-101.030824,28.364401
-59.783554,-100.530832,28.364555
-59.786507,-100.030841,28.364709
-59.789459,-99.530850,28.364863
-59.792412,-99.030859,28.365017
-59.795365,-98.530867,28.365171
-59.798317,-98.030876,28.365325
-59.801270,-97.530885,28.365478
-59.804223,-97.030894,28.365632
-59.806424,-96.530899,28.366501
-59.808625,-96.030905,28.367370
-59.810827,-95.530910,28.368239
-59.813028,-95.030916,28.369107
-59.815229,-94.530922,28.369976
-59.817430,-94.030927,28.370845
-59.819632,-93.530933,28.371714
-59.821833,-93.030938,28.372582
-59.825267,-92.530951,28.373148
-59.828701,-92.030963,28.373713
-59.832135,-91.530975,28.374278
-59.835569,-91.030987,28.374844
-59.839003,-90.530999,28.375409
-59.842437,-90.031011,28.375974
-59.845871,-89.531023,28.376540
-59.849304,-89.031035,28.377105
-59.850448,-88.531037,28.377532
-59.851592,-88.031038,28.377959
-59.852735,-87.531040,28.378386
-59.853879,-87.031041,28.378813
-59.855022,-86.531043,28.379240
-59.856166,-86.031044,28.379667
-59.857309,-85.531046,28.380094
-59.858453,-85.031047,28.380521
-59.859596,-84.531049,28.380948
-59.863728,-84.031066,28.381597
-59.867861,-83.531084,28.382245
-59.871993,-83.031101,28.382893
-59.876125,-82.531119,28.383542
-59.880257,-82.031136,28.384190
-59.884389,-81.531154,28.384838
-59.888521,-81.031171,28.385486
-59.892653,-80.531189,28.386135
-59.896343,-80.031204,28.384995
-59.900033,-79.531219,28.383856
-59.903723,-79.031233,28.382717
-59.907414,-78.531248,28.381578
-59.911104,-78.031263,28.380438
-59.914794,-77.531278,28.379299
-59.918484,-77.031293,28.378160
-59.920339,-76.531297,28.378293
-59.922194,-76.031300,28.378427
-59.924049,-75.531304,28.378560
-59.925905,-75.031307,28.378693
-59.927760,-74.531310,28.378827
-59.929615,-74.031314,28.378960
-59.931470,-73.531317,28.379093
-59.935991,-73.031338,28.379424
-59.940512,-72.531358,28.379755
-59.945033,-72.031379,28.380086
-59.949554,-71.531400,28.380418
-59.954076,-71.031420,28.380749
-59.958597,-70.531441,28.381080
-59.963118,-70.031461,28.381411
-59.966258,-69.531471,28.381831
-59.969398,-69.031481,28.382252
-59.972538,-68.531491,28.382673
-59.975678,-68.031501,28.383094
-59.978818,-67.531511,28.383514
-59.981958,-67.031521,28.383935
-59.985098,-66.531531,28.384356
-59.987876,-66.031539,28.384396
-59.990654,-65.531547,28.384436
-59.993432,-65.031555,28.384477
-59.996210,-64.531562,28.384517
-59.998988,-64.031570,28.384557
-60.001766,-63.531578,28.384597
-60.004544,-63.031585,28.384638
-60.006266,-62.531589,28.384994
-60.007988,-62.031592,28.385351
-60.009710,-61.531595,28.385707
-60.011432,-61.031598,28.386064
-60.013154,-60.531601,28.386420
-60.014876,-60.031604,28.386776
-60.016598,-59.531607,28.387133
-60.021244,-59.031629,28.386578
-60.025890,-58.531651,28.386023
-60.030536,-58.031673,28.385467
-60.035182,-57.531695,28.384912
-60.039828,-57.031717,28.384357
-60.044474,-56.531738,28.383802
-60.049120,-56.031760,28.383247
-60.051330,-55.531765,28.383631
-60.053541,-55.031770,28.384015
-60.055752,-54.531775,28.384399
-60.057963,-54.031781,28.384784
-60.060174,-53.531786,28.385168
-60.062385,-53.031791,28.385552
-60.064595,-52.531796,28.385936
-60.066806,-52.031801,28.386321
-60.068345,-51.531803,28.386658
-60.069884,-51.031806,28.386996
-60.071423,-50.531808,28.387334
-60.072962,-50.031811,28.387671
-60.074501,-49.531813,28.388009
-60.076040,-49.031816,28.388347
-60.077578,-48.531818,28.388684
-60.080351,-48.031826,28.389076
-60.083124,-47.531834,28.389468
-60.085896,-47.031842,28.389860
-60.088669,-46.531849,28.390252
-60.091441,-46.031857,28.390644
-60.094214,-45.531865,28.391036
-60.096987,-45.031873,28.391428
-60.099787,-44.531881,28.392041
-60.102587,-44.031889,28.392653
-60.105388,-43.531898,28.393265
-60.105814,-43.455763,28.393359
-60.108622,-42.955772,28.394028
-60.111429,-42.455780,28.394698
-60.114237,-41.955788,28.395367
-60.117044,-41.455797,28.396037
-60.119852,-40.955805,28.396707
-60.122659,-40.455813,28.397376
-60.125467,-39.955822,28.398046
-60.128274,-39.455830,28.398716
-60.131082,-38.955838,28.399385
-60.133889,-38.455849,28.401118
-60.136697,-37.955860,28.402851
-60.139504,-37.455871,28.404584
-60.142312,-36.955882,28.406317
-60.145119,-36.455893,28.408050
-60.147927,-35.955904,28.409783
-60.150734,-35.455915,28.411516
-60.153542,-34.955925,28.413249
-60.156045,-34.510182,28.414794
-60.158852,-34.010193,28.416649
-60.161660,-33.510204,28.418505
-60.164467,-33.010216,28.420360
-60.167275,-32.510224,28.421277
-60.170082,-32.010233,28.422194
-60.172890,-31.510242,28.423111
-60.175697,-31.010250,28.424028
-60.178505,-30.510259,28.424945
-60.181312,-30.010268,28.425863
-60.184120,-29.510277,28.426780
-60.186927,-29.010285,28.427697
-60.189735,-28.510294,28.428614
-60.192542,-28.010303,28.429531
-60.195350,-27.510312,28.430448
-60.198157,-27.010320,28.431365
-60.200965,-26.510328,28.431724
-60.203772,-26.010336,28.432083
-60.206580,-25.510344,28.432443
-60.209387,-25.010352,28.432802
-60.212195,-24.510360,28.433161
-60.215003,-24.010368,28.433520
-60.217810,-23.510376,28.433879
-60.220618,-23.010384,28.434238
-60.223425,-22.510392,28.434598
-60.226233,-22.010400,28.434957
-60.229040,-21.510408,28.435316
-60.231848,-21.010416,28.435675
-60.234655,-20.510425,28.435163
-60.237463,-20.010433,28.434652
-60.240270,-19.510441,28.434140
-60.243078,-19.010449,28.433628
-60.245885,-18.510457,28.433117
-60.248693,-18.010465,28.432605
-60.251500,-17.510473,28.432093
-60.254308,-17.010482,28.431582
-60.257115,-16.510490,28.430960
-60.259923,-16.010498,28.430338
-60.262730,-15.510506,28.429717
-60.265538,-15.010515,28.429095
-60.268345,-14.510526,28.427268
-60.271153,-14.010537,28.425441
-60.273960,-13.510548,28.423613
-60.276768,-13.010560,28.421786
-60.279575,-12.510571,28.419959
-60.282383,-12.010582,28.418131
-60.285190,-11.510593,28.416304
-60.287998,-11.010604,28.414477
-60.290805,-10.510616,28.412649
-60.293613,-10.010627,28.410822
-60.296420,-9.510638,28.408994
-60.299228,-9.010649,28.407167
-60.302035,-8.510660,28.405340
-60.302845,-8.366548,28.404813
-60.305652,-7.866557,28.403477
-60.308460,-7.366567,28.402141
-60.311267,-6.866577,28.400806
-60.314075,-6.366586,28.399470
-60.316882,-5.866596,28.398134
-60.319690,-5.366606,28.396798
-60.322497,-4.866615,28.395462
-60.325305,-4.366625,28.394127
-60.328112,-3.866635,28.392791
-60.330920,-3.366644,28.391455
-60.333727,-2.866654,28.390119
-60.336535,-2.366664,28.388783
-60.339342,-1.866673,28.387447
-60.342150,-1.366683,28.386112
-60.344957,-0.866693,28.384776
-60.347765,-0.366702,28.383440
-60.348607,-0.216689,28.383039
-60.351415,0.283301,28.381736
-60.354222,0.783292,28.380433
-60.357030,1.283282,28.379129
-60.359837,1.783272,28.377826
-60.363243,2.283261,28.378227
-60.366648,2.783249,28.378629
-60.370054,3.283237,28.379030
-60.373459,3.783225,28.379431
-60.376865,4.283214,28.379832
-60.380270,4.783202,28.380234
-60.383676,5.283190,28.380635
-60.387081,5.783178,28.381036
-60.390487,6.283167,28.381438
-60.394737,6.783148,28.381644
-60.398986,7.283130,28.381850
-60.399181,7.783130,28.381556
-60.399375,8.283130,28.381262
-60.399569,8.783130,28.380967
-60.399763,9.283130,28.380673
-60.401777,9.783126,28.381066
-60.403790,10.283121,28.381459
-60.405803,10.783117,28.381852
-60.407816,11.283113,28.382246
-60.408766,11.510706,28.382415
-60.412508,12.010692,28.382307
-60.416249,12.510678,28.382198
-60.419991,13.010664,28.382090
-60.421448,13.510661,28.383222
-60.422906,14.010657,28.384354
-60.424363,14.510654,28.385486
-60.425821,15.010651,28.386617
-60.427610,15.510647,28.387218
-60.429399,16.010643,28.387819
-60.431187,16.510640,28.388419
-60.432976,17.010636,28.389020
-60.434765,17.510633,28.389620
-60.436554,18.010629,28.390221
-60.438343,18.510626,28.390821
-60.440132,19.010622,28.391422
-60.441921,19.510618,28.392022
-60.443710,20.010615,28.392623
-60.445499,20.510611,28.393224
-60.447288,21.010608,28.393824
-60.449077,21.510604,28.394425
-60.450866,22.010601,28.395025
-60.452655,22.510597,28.395626
-60.457181,23.010577,28.395593
-60.461706,23.510556,28.395559
-60.466232,24.010536,28.395526
-60.470758,24.510515,28.395493
-60.475284,25.010495,28.395460
-60.479810,25.510474,28.395427
-60.484335,26.010454,28.395393
-60.488861,26.510433,28.395360
-60.493387,27.010413,28.395327
-60.497913,27.510392,28.395294
-60.502439,28.010372,28.395261
-60.506964,28.510351,28.395228
-60.511490,29.010331,28.395194
-60.516016,29.510310,28.395161
-60.520542,30.010290,28.395128
-60.525068,30.510269,28.395095
-60.529593,31.010249,28.395062
-60.534119,31.510228,28.395029
-60.538645,32.010208,28.394995
-60.539041,32.510208,28.394596
-60.539437,33.010207,28.394197
-60.539833,33.510207,28.393797
-60.540229,34.010207,28.393398
-60.540625,34.510206,28.392999
-60.541021,35.010206,28.392599
-60.541417,35.510206,28.392200
-60.541813,36.010205,28.391801
-60.543870,36.510201,28.391376
-60.545926,37.010197,28.390952
-60.547983,37.510192,28.390528
-60.550040,38.010188,28.390103
-60.552097,38.510183,28.389679
-60.554153,39.010179,28.389254
-60.560558,39.510137,28.388274
-60.566964,40.010095,28.387293
-60.573369,40.510053,28.386312
-60.579774,41.010011,28.385331
-60.586179,41.509969,28.384350
-60.592584,42.009927,28.383370
-60.598989,42.509885,28.382389
-60.605394,43.009843,28.381408
-60.610643,43.509813,28.379710
-60.615892,44.009782,28.378011
-60.621141,44.509752,28.376313
-60.626390,45.009721,28.374615
-60.631640,45.509691,28.372917
-60.636889,46.009660,28.371218
-60.642138,46.509630,28.369520
-60.647387,47.009599,28.367822
-60.648729,47.509598,28.367416
-60.650071,48.009596,28.367010
-60.651413,48.509594,28.366604
-60.652755,49.009592,28.366198
-60.654097,49.509590,28.365792
-60.655439,50.009588,28.365386
-60.663218,50.509527,28.365640
-60.670998,51.009467,28.365893
-60.678777,51.509406,28.366147
-60.686557,52.009345,28.366401
-60.694336,52.509285,28.366654
-60.702116,53.009224,28.366908
-60.709895,53.509164,28.367161
-60.717675,54.009103,28.367415
-60.726055,54.509033,28.367154
-60.734436,55.008962,28.366892
-60.742817,55.508892,28.366631
-60.751198,56.008822,28.366370
-60.759579,56.508751,28.366108
-60.767960,57.008681,28.365847
-60.776341,57.508611,28.365585
-60.784722,58.008540,28.365324
-60.789812,58.508515,28.365281
-60.794902,59.008489,28.365237
-60.799993,59.508463,28.365194
-60.805083,60.008437,28.365151
-60.810173,60.508411,28.365108
-60.815263,61.008385,28.365064
-60.820353,61.508359,28.365021
-60.825443,62.008333,28.364978
-60.833564,62.508267,28.365375
-60.841684,63.008201,28.365771
-60.849804,63.508135,28.366168
-60.857924,64.008069,28.366565
-60.866045,64.508003,28.366961
-60.874165,65.007937,28.367358
-60.882285,65.507870,28.367755
-60.890405,66.007804,28.368151
-60.899132,66.507728,28.368416
-60.907858,67.007652,28.368682
-60.916585,67.507576,28.368947
-60.925311,68.007499,28.369212
-60.934037,68.507423,28.369477
-60.942764,69.007347,28.369742
-60.951490,69.507271,28.370007
-60.960217,70.007195,28.370273
-60.955713,70.507174,28.370112
-60.951210,71.007154,28.369952
-60.946706,71.507134,28.369792
-60.942203,72.007113,28.369632
-60.937699,72.507093,28.369472
-60.933196,73.007073,28.369312
-60.928693,73.507052,28.369152
-60.924189,74.007032,28.368992
-60.919686,74.507012,28.368832
-60.915182,75.006992,28.368672
-60.910679,75.506971,28.368511
-60.906175,76.006951,28.368351
-60.901672,76.506931,28.368191
-60.897169,77.006910,28.368031
-60.892665,77.506890,28.367871
-60.888162,78.006870,28.367711
-60.883658,78.506849,28.367551
-60.879155,79.006829,28.367391
-60.876456,79.306415,28.367295
-60.863334,79.806243,28.367008
-60.850211,80.306070,28.366721
-60.837088,80.805898,28.366434
-60.794343,81.304068,28.366054
-60.751598,81.802237,28.365675
-60.708853,82.300406,28.365295
-60.626003,82.793494,28.364792
-60.519679,83.282058,28.364237
-60.413356,83.770623,28.363682
-60.307032,84.259187,28.363128
-60.173784,84.741104,28.362519
-60.040536,85.223022,28.361911
-59.870445,85.693201,28.360933
-59.700353,86.163379,28.359954
-59.504923,86.623603,28.358674
-59.309494,87.083826,28.357394
-59.081692,87.528917,28.357328
-58.853890,87.974008,28.357263
-58.608346,88.409563,28.358195
-58.362803,88.845118,28.359127
-58.093085,89.266130,28.360073
-57.823367,89.687142,28.361019
-57.553649,90.108154,28.361966
-57.261877,90.514194,28.362542
-56.970105,90.920234,28.363118
-56.657984,91.310849,28.364094
-56.345863,91.701464,28.365070
-56.020705,92.081292,28.366416
-55.695546,92.461121,28.367762
-55.346390,92.819017,28.368767
-54.997233,93.176912,28.369773
-54.648077,93.534807,28.370778
-54.272404,93.864760,28.371115
-53.875884,94.169346,28.371325
-53.479365,94.473931,28.371535
-53.082845,94.778516,28.371744
-52.668128,95.057819,28.371844
-52.253412,95.337122,28.371943
-51.829529,95.602308,28.372254
-51.405647,95.867494,28.372565
-50.972945,96.118030,28.373221
-50.540243,96.368567,28.373877
-50.094274,96.594643,28.374686
-49.637902,96.798910,28.374685
-49.181530,97.003177,28.374685
-48.723382,97.203427,28.374264
-48.263549,97.399777,28.373708
-47.803716,97.596128,28.373152
-47.334875,97.769870,28.371816
-46.866035,97.943613,28.370480
-46.391033,98.099722,28.368502
-45.912497,98.244616,28.365537
-45.430567,98.377761,28.361537
-44.938938,98.468811,28.358370
-44.443139,98.533452,28.356149
-43.944873,98.575066,28.356022
-43.446608,98.616681,28.355895
-42.947708,98.649821,28.356713
-42.448808,98.682961,28.357530
-41.949909,98.716101,28.358348
-41.700694,98.732655,28.358756
-41.200712,98.736641,28.359919
-40.700729,98.740627,28.361082
-40.200746,98.744613,28.362244
-39.700763,98.748599,28.363407
-39.200781,98.752585,28.364570
-38.700798,98.756571,28.365732
-38.200815,98.760557,28.366895
-37.700864,98.767420,28.368082
-37.200912,98.774283,28.369270
-36.700961,98.781145,28.370457
-36.201009,98.788008,28.371644
-35.701058,98.794870,28.372831
-35.201106,98.801733,28.374019
-34.701155,98.808596,28.375206
-34.201203,98.815458,28.376393
-33.701252,98.822321,28.377580
-33.201300,98.829183,28.378768
-32.701301,98.829838,28.377944
-32.201302,98.830492,28.377121
-31.701303,98.831146,28.376297
-31.201305,98.831800,28.375474
-30.701306,98.832454,28.374650
-30.201307,98.833108,28.373827
-29.701308,98.833763,28.373003
-29.201309,98.834417,28.372180
-28.701310,98.835071,28.371356
-28.201311,98.835725,28.370533
-27.701315,98.837689,28.370336
-27.201319,98.839654,28.370139
-26.701323,98.841618,28.369943
-26.201327,98.843583,28.369746
-25.701331,98.845547,28.369550
-25.201335,98.847511,28.369353
-24.701338,98.849476,28.369157
-24.201342,98.851440,28.368960
-23.701346,98.853405,28.368764
-23.201350,98.855369,28.368567
-22.701367,98.859414,28.368884
-22.201383,98.863459,28.369201
-21.701400,98.867505,28.369518
-21.201416,98.871550,28.369835
-20.701432,98.875595,28.370152
-20.201449,98.879640,28.370468
-19.701465,98.883685,28.370785
-19.201492,98.888862,28.371080
-18.701519,98.894039,28.371374
-18.201546,98.899215,28.371668
-17.701573,98.904392,28.371962
-17.201600,98.909569,28.372256
-16.701627,98.914746,28.372550
-16.201632,98.916978,28.373149
-15.701637,98.919210,28.373748
-15.201643,98.921443,28.374347
-14.701648,98.923675,28.374946
-14.201653,98.925907,28.375545
-13.701659,98.928140,28.376144
-13.201664,98.930372,28.376743
-12.701669,98.932581,28.377345
-12.693222,98.932618,28.377355
-12.193511,98.949610,28.378028
-11.693800,98.966601,28.378702
-11.194089,98.983592,28.379375
-10.696459,99.032210,28.380114
-10.198829,99.080827,28.380853
-9.701199,99.129444,28.381592
-9.208543,99.214825,28.382404
-8.715888,99.300206,28.383216
-8.232831,99.429250,28.385100
-7.749774,99.558294,28.386984
-7.266716,99.687338,28.388869
-6.795651,99.854930,28.391957
-6.324585,100.022523,28.395046
-5.870310,100.231381,28.398674
-5.416036,100.440239,28.402302
-4.961762,100.649098,28.405930
-4.526406,100.894964,28.409883
-4.091051,101.140830,28.413837
-3.678614,101.423475,28.416421
-3.266176,101.706121,28.419005
-2.870241,102.011462,28.420572
-2.474307,102.316804,28.422139
-2.105345,102.654246,28.422748
-1.736384,102.991688,28.423357
-1.367423,103.329130,28.423966
-1.025709,103.694139,28.423826
-0.683996,104.059149,28.423686
-0.376659,104.453539,28.423401
-0.069322,104.847930,28.423116
0.238015,105.242321,28.422832
0.512456,105.660270,28.422607
0.786898,106.078220,28.422382
1.023028,106.518949,28.421877
1.259157,106.959679,28.421372
1.495287,107.400408,28.420866
1.693992,107.859228,28.420034
1.892696,108.318048,28.419202
2.050923,108.792352,28.419321
2.209151,109.266656,28.419440
2.340519,109.749089,28.420267
2.471887,110.231522,28.421093
2.545591,110.726059,28.422108
2.619295,111.220596,28.423122
2.693000,111.715133,28.424137
2.766704,112.209669,28.425151
2.791574,112.709050,28.426123
2.816444,113.208430,28.427094
2.841314,113.707810,28.428065
2.866185,114.207190,28.429037
2.891055,114.706570,28.430008
2.902789,114.942184,28.430466
2.890213,115.442026,28.430895
2.877637,115.941867,28.431324
2.865061,116.441709,28.431753
2.852485,116.941550,28.432181
2.839909,117.441392,28.432610
2.804910,117.940161,28.434683
2.769911,118.438931,28.436756
2.734913,118.937700,28.438829
2.699914,119.436469,28.440902
2.664915,119.935238,28.442975
2.629916,120.434008,28.445048
2.586688,120.932131,28.447280
2.543460,121.430253,28.449512
2.500231,121.928376,28.451744
2.457003,122.426499,28.453976
2.413775,122.924622,28.456207
2.356044,123.421278,28.456542
2.298314,123.917934,28.456877
2.240584,124.414590,28.457211
2.182854,124.911245,28.457546
2.119824,125.407255,28.456212
2.056794,125.903265,28.454877
1.993764,126.399274,28.453543
1.930735,126.895284,28.452208
1.853697,127.389311,28.450883
1.776659,127.883339,28.449558
1.699621,128.377367,28.448233
1.622584,128.871395,28.446908
1.545546,129.365422,28.445584
1.444288,129.855062,28.445219
1.343029,130.344701,28.444854
1.241771,130.834340,28.444489
1.140513,131.323980,28.444125
1.025790,131.810640,28.444386
0.911066,132.297301,28.444647
0.796343,132.783961,28.444908
0.681619,133.270622,28.445170
0.558698,133.755276,28.445914
0.435777,134.239930,28.446657
0.312856,134.724585,28.447401
0.189935,135.209239,28.448145
0.067014,135.693893,28.448889
-0.055908,136.178548,28.449633
-0.201320,136.656934,28.450882
-0.346732,137.135321,28.452130
-0.492144,137.613708,28.453379
-0.637557,138.092094,28.454628
-0.782969,138.570481,28.455876
-0.928381,139.048867,28.457125
-1.099455,139.518687,28.455485
-1.270530,139.988507,28.453844
-1.441604,140.458327,28.452204
-1.612678,140.928148,28.450563
-1.799453,141.391946,28.452975
-1.986228,141.855745,28.455387
-2.173002,142.319544,28.457798
-2.359777,142.783343,28.460210
-2.546551,143.247142,28.462622
-2.733326,143.710941,28.465034
-2.938621,144.166851,28.465158
-3.143915,144.622761,28.465281
-3.349210,145.078671,28.465405
-3.558891,145.532581,28.465030
-3.768572,145.986490,28.464656
-3.978253,146.440399,28.464281
-4.187935,146.894309,28.463906
-4.397616,147.348218,28.463532
-4.625292,147.793373,28.462737
-4.852969,148.238527,28.461942
-5.080646,148.683682,28.461147
-5.308323,149.128837,28.460352
-5.549244,149.566966,28.459987
-5.790165,150.005094,28.459621
-6.031086,150.443223,28.459256
-6.272007,150.881352,28.458890
-6.512928,151.319481,28.458525
-6.762421,151.752786,28.458072
-7.011914,152.186091,28.457620
-7.261407,152.619396,28.457167
-7.510900,153.052700,28.456714
-7.760393,153.486005,28.456261
-8.009886,153.919310,28.455809
-8.274131,154.343779,28.455326
-8.538377,154.768248,28.454842
-8.802622,155.192717,28.454359
-9.066868,155.617187,28.453876
-9.331113,156.041656,28.453393
-9.595359,156.466125,28.452910
-9.875681,156.880153,28.452720
-10.156003,157.294181,28.452530
-10.436326,157.708210,28.452340
-10.716648,158.122238,28.452150
-10.996970,158.536266,28.451961
-11.277292,158.950295,28.451771
-11.557614,159.364323,28.451581
-11.848377,159.771087,28.451611
-12.139140,160.177851,28.451641
-12.429903,160.584615,28.451671
-12.720665,160.991379,28.451701
-13.011428,161.398143,28.451731
-13.302191,161.804908,28.451761
-13.592953,162.211672,28.451791
-13.902611,162.604241,28.450533
-14.212269,162.996809,28.449276
-14.521928,163.389378,28.448018
-14.831586,163.781947,28.446760
-15.141244,164.174516,28.445502
-15.466476,164.554283,28.444400
-15.791708,164.934049,28.443298
-16.116941,165.313816,28.442196
-16.442173,165.693583,28.441094
-16.767405,166.073349,28.439992
-17.100617,166.446136,28.439580
-17.433829,166.818923,28.439168
-17.767040,167.191709,28.438756
-18.100252,167.564496,28.438344
-18.433464,167.937282,28.437932
-18.781240,168.296520,28.437869
-19.129017,168.655757,28.437806
-19.476793,169.014994,28.437744
-19.824569,169.374232,28.437681
-20.172346,169.733469,28.437618
-20.520122,170.092707,28.437556
-20.884447,170.435148,28.438754
-21.248772,170.777589,28.439953
-21.613097,171.120030,28.441152
-21.977422,171.462472,28.442350
-22.341747,171.804913,28.443549
-22.706071,172.147354,28.444747
-23.070396,172.489795,28.445946
-23.434721,172.832236,28.447145
-23.799046,173.174677,28.448343
-24.175450,173.503796,28.449463
-24.551853,173.832915,28.450583
-24.928257,174.162033,28.451703
-25.304661,174.491152,28.452823
-25.681064,174.820270,28.453942
-26.057468,175.149389,28.455062
-26.447748,175.461927,28.456287
-26.838028,175.774465,28.457512
-27.228308,176.087003,28.458737
-27.618588,176.399541,28.459961
-28.008868,176.712079,28.461186
-28.399148,177.024617,28.462411
-28.799595,177.324020,28.462659
-29.200043,177.623422,28.462907
-29.600490,177.922825,28.463156
-30.000937,178.222227,28.463404
-30.401384,178.521630,28.463652
-30.801832,178.821032,28.463900
-31.214808,179.102903,28.464332
-31.627783,179.384773,28.464764
-32.040759,179.666643,28.465195
-32.453735,179.948513,28.465627
-32.866711,180.230383,28.466059
-33.279687,180.512253,28.466490
-33.692663,180.794123,28.466922
-34.105639,181.075993,28.467354
-34.531746,181.337590,28.467607
-34.957852,181.599187,28.467861
-35.383959,181.860784,28.468114
-35.810066,182.122381,28.468367
-36.236173,182.383978,28.468621
-36.662279,182.645575,28.468874
-37.093555,182.898559,28.469151
-37.524831,183.151543,28.469428
-37.956107,183.404528,28.469705
-38.387383,183.657512,28.469982
-38.818658,183.910497,28.470258
-39.249934,184.163481,28.470535
-39.681210,184.416466,28.470812
-40.125567,184.645696,28.470852
-40.569925,184.874926,28.470893
-41.014282,185.104157,28.470933
-41.458639,185.333387,28.470973
-41.902997,185.562617,28.471014
-42.347354,185.791848,28.471054
-42.791711,186.021078,28.471094
-43.246924,186.227914,28.470983
-43.702137,186.434751,28.470872
-44.157350,186.641587,28.470760
-44.612563,186.848423,28.470649
-45.067775,187.055260,28.470538
-45.522988,187.262096,28.470426
-45.987226,187.447791,28.471072
-46.451464,187.633487,28.471718
-46.915702,187.819182,28.472364
-47.379940,188.004878,28.473009
-47.844177,188.190573,28.473655
-48.308415,188.376269,28.474301
-48.772653,188.561964,28.474947
-49.243015,188.731550,28.474691
-49.713377,188.901136,28.474436
-50.183740,189.070722,28.474180
-50.654102,189.240308,28.473924
-51.124464,189.409894,28.473669
-51.594826,189.579480,28.473413
-52.065188,189.749065,28.473158
-52.537757,189.912400,28.472306
-53.010326,190.075734,28.471455
-53.482894,190.239069,28.470604
-53.955463,190.402404,28.469752
-54.428031,190.565738,28.468901
-54.900600,190.729073,28.468049
-55.373851,190.890417,28.466922
-55.847102,191.051762,28.465795
-56.320354,191.213106,28.464668
-56.793605,191.374451,28.463541
-57.266856,191.535795,28.462414
-57.740107,191.697140,28.461287
-58.212200,191.861840,28.459844
-58.684293,192.026541,28.458400
-59.156385,192.191242,28.456957
-59.628478,192.355943,28.455514
-60.100571,192.520643,28.454070
-60.572664,192.685344,28.452627
-61.044757,192.850045,28.451183
-61.516849,193.014746,28.449740
-61.988942,193.179446,28.448296
-62.457862,193.352977,28.447056
-62.926781,193.526507,28.445815
-63.395701,193.700038,28.444574
-63.864621,193.873569,28.443333
-64.333540,194.047099,28.442093
-64.802460,194.220630,28.440852
-65.262690,194.416042,28.439526
-65.722921,194.611454,28.438200
-66.183152,194.806867,28.436874
-66.635332,195.020247,28.435648
-67.087513,195.233627,28.434422
-67.539694,195.447007,28.433196
-67.991874,195.660388,28.431970
-68.435241,195.891526,28.431041
-68.878608,196.122665,28.430111
-69.321975,196.353804,28.429182
-69.765341,196.584943,28.428252
-70.208708,196.816081,28.427323
-70.635423,197.076684,28.427148
-71.062139,197.337287,28.426974
-71.488854,197.597890,28.426800
-71.915570,197.858493,28.426625
-72.342285,198.119096,28.426451
-72.760788,198.392692,28.426039
-73.179291,198.666289,28.425628
-73.597794,198.939886,28.425217
-74.016297,199.213483,28.424805
-74.418456,199.510582,28.424575
-74.820615,199.807681,28.424344
-75.222774,200.104780,28.424114
-75.624933,200.401880,28.423883
-76.027093,200.698979,28.423653
-76.423085,201.004247,28.422359
-76.819077,201.309514,28.421066
-77.215070,201.614782,28.419772
-77.611062,201.920050,28.418478
-78.007055,202.225317,28.417185
-78.387228,202.550075,28.416481
-78.767401,202.874833,28.415776
-79.147575,203.199591,28.415072
-79.527748,203.524349,28.414368
-79.907921,203.849107,28.413663
-80.270542,204.193353,28.412609
-80.633162,204.537599,28.411554
-80.995783,204.881845,28.410499
-81.358403,205.226091,28.409445
-81.712781,205.578818,28.409580
-82.067159,205.931545,28.409715
-82.421536,206.284272,28.409850
-82.775914,206.636999,28.409985
-83.123403,206.996515,28.409649
-83.470892,207.356030,28.409312
-83.818381,207.715546,28.408976
-84.165870,208.075061,28.408640
-84.492994,208.453200,28.408724
-84.820119,208.831340,28.408809
-85.147244,209.209479,28.408894
-85.474369,209.587618,28.408979
-85.790551,209.974954,28.409688
-86.106733,210.362289,28.410397
-86.422914,210.749624,28.411106
-86.739096,211.136959,28.411815
-87.041881,211.534855,28.411363
-87.344666,211.932751,28.410911
-87.647451,212.330647,28.410459
-87.950236,212.728543,28.410007
-88.253021,213.126439,28.409555
-88.543782,213.533203,28.410085
-88.834544,213.939967,28.410616
-89.125306,214.346731,28.411146
-89.401575,214.763475,28.410519
-89.677843,215.180219,28.409893
-89.954112,215.596963,28.409266
-90.230380,216.013707,28.408639
-90.483945,216.444639,28.407144
-90.737509,216.875572,28.405649
-90.991074,217.306504,28.404154
-91.244638,217.737436,28.402659
-91.498203,218.168369,28.401164
-91.751767,218.599301,28.399669
-92.005332,219.030234,28.398174
-92.231757,219.476021,28.395885
-92.458183,219.921808,28.393597
-92.684609,220.367595,28.391309
-92.913002,220.812378,28.389158
-93.141395,221.257161,28.387008
-93.369788,221.701945,28.384857
-93.589376,222.151142,28.383213
-93.808965,222.600339,28.381570
-94.028553,223.049536,28.379926
-94.227218,223.508371,28.378177
-94.425882,223.967206,28.376428
-94.617661,224.428959,28.374295
-94.809441,224.890713,28.372163
-95.001220,225.352466,28.370030
-95.181284,225.818912,28.367834
-95.361347,226.285359,28.365639
-95.541411,226.751805,28.363443
-95.692040,227.228577,28.363630
-95.842669,227.705348,28.363817
-95.993298,228.182119,28.364004
-96.145294,228.658456,28.363524
-96.297289,229.134794,28.363045
-96.449285,229.611131,28.362565
-96.601281,230.087468,28.362086
-96.745436,230.566236,28.361710
-96.889590,231.045005,28.361333
-97.033744,231.523774,28.360957
-97.177899,232.002542,28.360581
-97.297972,232.487910,28.360824
-97.418045,232.973279,28.361068
-97.538119,233.458647,28.361311
-97.658192,233.944015,28.361554
-97.778265,234.429383,28.361798
-97.884783,234.917905,28.362612
-97.991301,235.406427,28.363426
-98.097818,235.894948,28.364240
-98.204336,236.383470,28.365055
-98.291941,236.875735,28.365603
-98.379547,237.368000,28.366151
-98.467152,237.860265,28.366699
-98.554758,238.352530,28.367247
-98.642363,238.844795,28.367795
-98.704927,239.340866,28.367558
-98.767491,239.836936,28.367321
-98.830055,240.333006,28.367084
-98.892619,240.829076,28.366846
-98.955183,241.325147,28.366609
-98.991999,241.823787,28.365118
-99.028814,242.322428,28.363627
-99.065630,242.821068,28.362137
-99.102445,243.319709,28.360646
-99.139261,243.818349,28.359155
-99.158456,244.317981,28.358617
-99.177651,244.817612,28.358080
-99.196846,245.317243,28.357542
-99.216041,245.816874,28.357004
-99.235237,246.316505,28.356467
-99.242430,246.816453,28.356198
-99.249623,247.316401,28.355929
-99.256817,247.816350,28.355660
-99.264010,248.316298,28.355391
-99.271203,248.816246,28.355122
-99.271369,249.316245,28.355852
-99.271534,249.816245,28.356581
-99.271699,250.316244,28.357311
-99.271865,250.816244,28.358041
-99.272030,251.316243,28.358771
-99.273791,251.816240,28.359123
-99.275551,252.316237,28.359476
-99.277311,252.816233,28.359829
-99.279072,253.316230,28.360181
-99.280832,253.816227,28.360534
-99.284063,254.316216,28.360958
-99.287295,254.816206,28.361383
-99.290526,255.316195,28.361807
-99.293758,255.816185,28.362231
-99.296989,256.316174,28.362655
-99.295460,256.816172,28.362466
-99.293931,257.316169,28.362277
-99.292402,257.816167,28.362088
-99.290872,258.316164,28.361899
-99.289343,258.816162,28.361710
-99.294079,259.316139,28.362068
-99.298815,259.816117,28.362427
-99.303552,260.316094,28.362785
-99.308288,260.816072,28.363144
-99.313024,261.316049,28.363502
-99.314353,261.816047,28.363870
-99.315681,262.316045,28.364238
-99.317010,262.816044,28.364606
-99.318339,263.316042,28.364974
-99.319667,263.816040,28.365341
-99.320996,264.316038,28.365709
-99.323616,264.816031,28.365787
-99.326236,265.316024,28.365865
-99.328856,265.816017,28.365944
-99.331476,266.316010,28.366022
-99.334096,266.816003,28.366100
-99.336716,267.315997,28.366178
-99.337581,267.815996,28.366049
-99.338446,268.315995,28.365920
-99.339312,268.815994,28.365791
-99.340177,269.315994,28.365662
-99.341042,269.815993,28.365533
-99.341908,270.315992,28.365404
-99.342773,270.815991,28.365275
-99.347245,271.315971,28.365307
-99.351716,271.815951,28.365340
-99.356188,272.315931,28.365373
-99.360660,272.815911,28.365405
-99.365132,273.315891,28.365438
-99.369604,273.815871,28.365470
-99.371062,274.315869,28.365405
-99.372521,274.815867,28.365340
-99.373979,275.315865,28.365275
-99.375438,275.815863,28.365211
-99.376896,276.315861,28.365146
-99.378355,276.815858,28.365081
-99.379813,277.315856,28.365016
-99.382806,277.815847,28.365037
-99.385799,278.315838,28.365059
-99.388792,278.815829,28.365080
-99.391785,279.315821,28.365102
-99.394777,279.815812,28.365123
-99.397770,280.315803,28.365145
-99.400763,280.815794,28.365166
-99.404319,281.315781,28.365596
-99.407874,281.815768,28.366026
-99.411430,282.315755,28.366456
-99.414986,282.815742,28.366886
-99.418541,283.315729,28.367316
-99.422097,283.815717,28.367746
-99.422106,284.315716,28.368598
-99.422115,284.815715,28.369451
-99.422124,285.315714,28.370303
-99.422133,285.815714,28.371156
-99.422142,286.315713,28.372008
-99.422151,286.815712,28.372861
-99.422160,287.315712,28.373713
-99.424774,287.815705,28.374075
-99.427388,288.315698,28.374437
-99.430001,288.815691,28.374798
-99.432615,289.315684,28.375160
-99.435229,289.815677,28.375522
-99.437842,290.315670,28.375884
-99.440002,290.815660,28.378063
-99.441688,291.205833,28.379763
-99.443748,291.705828,28.378918
-99.445808,292.205823,28.378073
-99.447868,292.705818,28.377228
-99.443001,293.205794,28.377180
-99.438133,293.705771,28.377132
-99.433266,294.205747,28.377083
-99.428399,294.705723,28.377035
-99.423531,295.205699,28.376987
-99.419589,295.705684,28.376761
-99.415647,296.205668,28.376534
-99.411705,296.705653,28.376308
-99.407764,297.205637,28.376081
-99.403822,297.705622,28.375855
-99.399880,298.205606,28.375629
-99.397685,298.705601,28.374917
-99.395491,299.205595,28.374204
-99.393297,299.705590,28.373492
-99.391102,300.205585,28.372780
-99.388908,300.705579,28.372068
-99.386714,301.205574,28.371356
-99.384519,301.705569,28.370644
-99.399341,302.205348,28.369590
-99.414163,302.705127,28.368537
-99.428985,303.204906,28.367484
-99.443807,303.704685,28.366430
-99.458629,304.204464,28.365377
-99.473451,304.704244,28.364324
-99.488273,305.204023,28.363270
-99.492771,305.704002,28.362410
-99.497269,306.203981,28.361551
-99.501767,306.703960,28.360691
-99.506265,307.203939,28.359831
-99.510763,307.703918,28.358971
-99.515261,308.203897,28.358111
-99.519759,308.703876,28.357251
-99.515383,309.203856,28.356235
-99.511006,309.703836,28.355219
-99.506630,310.203815,28.354203
-99.502253,310.703795,28.353187
-99.497876,311.203775,28.352171
-99.493500,311.703755,28.351155
-99.489123,312.203735,28.350139
-99.484747,312.703714,28.349123
-99.480370,313.203694,28.348107
-99.462135,313.703361,28.347087
-99.443901,314.203027,28.346068
-99.425666,314.702693,28.345048
-99.407432,315.202360,28.344029
-99.389197,315.702026,28.343009
-99.370962,316.201692,28.341990
-99.352728,316.701359,28.340970
-99.334493,317.201025,28.339950
-99.316258,317.700691,28.338931
-99.312672,317.798955,28.338730
-99.197994,318.285608,28.342906
-99.083316,318.772262,28.347081
-98.953236,319.255029,28.350865
-98.823155,319.737797,28.354649
-98.693075,320.220565,28.358433
-98.535448,320.695059,28.361498
-98.364072,321.164764,28.364207
-98.192696,321.634469,28.366916
-97.999778,322.095748,28.369055
-97.774870,322.542308,28.369298
-97.532060,322.979393,28.369279
-97.271501,323.406136,28.369185
-96.984704,323.815705,28.368818
-96.686234,324.216848,28.368283
-96.377755,324.610345,28.367504
-96.060306,324.996642,28.366445
-95.718810,325.361854,28.365812
-95.366064,325.716213,28.365697
-95.003189,326.060192,28.366183
-94.626545,326.389037,28.366258
-94.249901,326.717882,28.366332
-93.869128,327.041937,28.365464
-93.486341,327.363608,28.364086
-93.103554,327.685279,28.362708
-92.719002,328.004835,28.360868
-92.334450,328.324391,28.359028
-91.950457,328.644619,28.357089
-91.567432,328.966005,28.355250
-91.184407,329.287390,28.353411
-90.804306,329.612230,28.351879
-90.434362,329.948593,28.351144
-90.070318,330.291336,28.350658
-89.717957,330.646077,28.350516
-89.373728,331.008716,28.350470
-89.034659,331.376183,28.350433
-88.700714,331.748312,28.350399
-88.367621,332.121206,28.350365
-88.098746,332.422209,28.350338
-87.787913,332.813849,28.351231
-87.483779,333.210714,28.352233
-87.179645,333.607578,28.353235
-86.882975,334.010053,28.354355
-86.590370,334.415491,28.355540
-86.297764,334.820930,28.356725
-86.008786,335.228962,28.357966
-85.718939,335.636376,28.359535
-85.429091,336.043790,28.361104
-85.137060,336.449640,28.363065
-84.840325,336.852058,28.365772
-84.543589,337.254477,28.368480
-84.235705,337.648415,28.372951
-83.903806,338.022315,28.379445
-83.558279,338.383663,28.385672
-83.196386,338.728674,28.386673
-82.816340,339.053537,28.381312
-82.426122,339.366101,28.375508
-82.020589,339.658520,28.369714
-81.602823,339.933207,28.365305
-81.182002,340.203208,28.362369
-80.899904,340.380930,28.362891
-80.446104,340.590807,28.367072
-79.980979,340.774263,28.368880
-79.504532,340.925910,28.367892
-79.025067,341.067719,28.366053
-78.538066,341.180974,28.364045
-78.048161,341.280922,28.362289
-77.555788,341.367911,28.360882
-77.063416,341.454900,28.359474
-76.567096,341.515456,28.358881
-76.070777,341.576012,28.358288
-75.573453,341.627669,28.357986
-75.075124,341.668508,28.358039
-74.576794,341.709347,28.358093
-74.077642,341.738447,28.358531
-73.578490,341.767547,28.358969
-73.079219,341.794530,28.359477
-72.579948,341.821513,28.359984
-72.080676,341.848496,28.360492
-71.581653,341.876516,28.374310
-71.082630,341.904535,28.388127
-70.583607,341.932554,28.401945
-70.084584,341.960573,28.415763
-69.585561,341.988593,28.429581
-69.086538,342.016612,28.443399
-68.587515,342.044631,28.457216
-68.088492,342.072650,28.471034
-67.589469,342.100669,28.484852
-67.090600,342.134282,28.484664
-66.591731,342.167894,28.484476
-66.092862,342.201506,28.484288
-65.593993,342.235118,28.484100
-65.328246,342.253024,28.484000
-64.829970,342.293821,28.476483
-64.331694,342.334618,28.468965
-63.833418,342.375416,28.461448
-63.335142,342.416213,28.453931
-62.836865,342.457010,28.446414
-62.338589,342.497808,28.438896
-61.840313,342.538605,28.431379
-61.342037,342.579403,28.423862
-60.843761,342.620200,28.416344
-60.345485,342.660997,28.408827
-59.847209,342.701795,28.401310
-59.348933,342.742592,28.393792
-58.850657,342.783389,28.386275
-58.352381,342.824187,28.378758
-57.854105,342.864984,28.371241
-57.355828,342.905782,28.363723
-56.857552,342.946579,28.356206
-56.359276,342.987376,28.348689
-55.861000,343.028174,28.341171
-55.362724,343.068971,28.333654
-54.864448,343.109769,28.326137
-54.366172,343.150566,28.318619
-53.867896,343.191363,28.311102
-53.369620,343.232161,28.303585
-52.871022,343.269574,28.304210
-52.372424,343.306988,28.304836
-51.873826,343.344402,28.305461
-51.375228,343.381815,28.306087
-50.876630,343.419229,28.306712
-50.378033,343.456643,28.307338
-49.879435,343.494057,28.307963
-49.380837,343.531470,28.308589
-48.882239,343.568884,28.309214
-48.383641,343.606298,28.309839
-47.885043,343.643711,28.310465
-47.386445,343.681125,28.311090
-46.887848,343.718539,28.311716
-46.389250,343.755952,28.312341
-45.890652,343.793366,28.312967
-45.392054,343.830780,28.313592
-44.893456,343.868193,28.314218
-44.394858,343.905607,28.314843
-43.896260,343.943021,28.315469
-43.397663,343.980435,28.316094
-42.899065,344.017848,28.316719
-42.400467,344.055262,28.317345
-41.901869,344.092676,28.317970
-41.403271,344.130089,28.318596
-40.904673,344.167503,28.319221
-40.406075,344.204917,28.319847
-39.907478,344.242330,28.320472
-39.408880,344.279744,28.321098
-38.910282,344.317158,28.321723
-38.411684,344.354572,28.322349
-37.913086,344.391985,28.322974
-37.414488,344.429399,28.323599
-36.915890,344.466813,28.324225
-36.417293,344.504226,28.324850
-35.918173,344.533883,28.325369
-35.419054,344.563540,28.325888
-34.919934,344.593196,28.326407
-34.420815,344.622853,28.326926
-33.921695,344.652510,28.327445
-33.422576,344.682166,28.327964
-32.923456,344.711823,28.328483
-32.424337,344.741480,28.329001
-31.925218,344.771136,28.329520
-31.426098,344.800793,28.330039
-30.926979,344.830450,28.330558
-30.427859,344.860106,28.331077
-29.928740,344.889763,28.331596
-29.429620,344.919420,28.332115
-28.930501,344.949076,28.332634
-28.431382,344.978733,28.333153
-27.932262,345.008390,28.333671
-27.433143,345.038046,28.334190
-26.934023,345.067703,28.334709
-26.434904,345.097360,28.335228
-25.935784,345.127016,28.335747
-25.436665,345.156673,28.336266
-24.937545,345.186330,28.336785
-24.438426,345.215986,28.337304
-23.939307,345.245643,28.337823
-23.440187,345.275300,28.338341
-22.941068,345.304956,28.338860
-22.441948,345.334613,28.339379
-21.942829,345.364270,28.339898
-21.443709,345.393926,28.340417
-20.944590,345.423583,28.340936
-20.445471,345.453240,28.341455
-19.946351,345.482896,28.341974
-19.446568,345.497606,28.341966
-18.946784,345.512315,28.341959
-18.447000,345.527025,28.341951
-17.947217,345.541734,28.341944
-17.447433,345.556444,28.341936
-16.947650,345.571154,28.341928
-16.447866,345.585863,28.341921
-15.948082,345.600573,28.341913
-15.448299,345.615282,28.341906
-14.948515,345.629992,28.341898
-14.448732,345.644701,28.341891
-13.948948,345.659411,28.341883
-13.449165,345.674120,28.341876
-12.949381,345.688830,28.341868
-12.449597,345.703539,28.341861
-11.949814,345.718249,28.341853
-11.450030,345.732958,28.341846
-11.338825,345.736231,28.341844
-10.839068,345.751803,28.341641
-10.339152,345.760983,28.342229
-9.839237,345.770163,28.342818
-9.339262,345.775095,28.343408
-8.839286,345.780027,28.343999
-8.339311,345.784959,28.344589
-7.839336,345.789891,28.345180
-7.339336,345.790041,28.345437
-6.839336,345.790190,28.345693
-6.339336,345.790339,28.345950
-5.839336,345.790488,28.346207
-5.339351,345.786891,28.344851
-4.839365,345.783293,28.343495
-4.339380,345.779695,28.342139
-3.839395,345.776098,28.340783
-3.339416,345.771625,28.340099
-2.839436,345.767152,28.339415
-2.339456,345.762680,28.338731
-1.839477,345.758207,28.338047
-1.339497,345.753734,28.337363
-0.839518,345.749262,28.336679
-0.339538,345.744789,28.335995
0.160375,345.735469,28.335601
0.660288,345.726149,28.335207
1.160201,345.716830,28.334813
1.660114,345.707510,28.334419
2.160027,345.698190,28.334025
2.659940,345.688870,28.333631
3.159429,345.666294,28.333902
3.658919,345.643717,28.334172
4.158409,345.621140,28.334443
4.657899,345.598563,28.334713
5.156824,345.565795,28.334300
5.655749,345.533026,28.333886
6.154674,345.500257,28.333473
6.653599,345.467488,28.333059
7.151334,345.419952,28.332857
7.649069,345.372415,28.332654
8.146804,345.324878,28.332452
8.643314,345.265902,28.332419
9.139823,345.206925,28.332386
9.636333,345.147949,28.332352
10.131099,345.075790,28.332189
10.625864,345.003632,28.332025
11.120630,344.931473,28.331861
11.613000,344.844459,28.332559
12.105370,344.757446,28.333258
12.597740,344.670432,28.333956
13.087333,344.568951,28.334011
13.576926,344.467470,28.334066
14.066520,344.365989,28.334121
14.551995,344.246350,28.334096
15.037471,344.126711,28.334071
15.522946,344.007072,28.334045
16.004699,343.873227,28.334546
16.486451,343.739382,28.335047
16.968203,343.605536,28.335548
17.449955,343.471691,28.336049
17.925591,343.317519,28.337280
18.401227,343.163346,28.338512
18.876862,343.009174,28.339743
19.347807,342.841215,28.340900
19.818751,342.673255,28.342058
20.289695,342.505296,28.343215
20.760639,342.337337,28.344372
21.224866,342.151617,28.345616
21.689093,341.965897,28.346861
22.153320,341.780178,28.348105
22.617546,341.594458,28.349350
23.073277,341.388772,28.351184
23.529007,341.183087,28.353018
23.984737,340.977401,28.354851
24.431710,340.753318,28.356225
24.878683,340.529234,28.357598
25.325656,340.305151,28.358972
25.772629,340.081067,28.360345
26.211706,339.841885,28.362051
26.650784,339.602703,28.363757
27.089861,339.363521,28.365463
27.528938,339.124339,28.367169
27.959925,338.870862,28.367752
28.390911,338.617386,28.368335
28.821898,338.363909,28.368918
29.252884,338.110433,28.369501
29.678333,337.847770,28.370686
30.103782,337.585107,28.371870
30.529231,337.322444,28.373055
30.945903,337.046069,28.374013
31.362576,336.769694,28.374971
31.779248,336.493319,28.375929
32.195921,336.216944,28.376887
32.602079,335.925335,28.376503
33.008237,335.633727,28.376118
33.414395,335.342118,28.375734
33.810917,335.037537,28.375135
34.207439,334.732955,28.374537
34.603961,334.428374,28.373939
34.990701,334.111465,28.373203
35.377442,333.794556,28.372467
35.764183,333.477647,28.371731
36.150923,333.160738,28.370995
36.527532,332.831858,28.369140
36.904142,332.502979,28.367284
37.280751,332.174099,28.365429
37.657361,331.845219,28.363574
38.021825,331.502932,28.361326
38.386290,331.160645,28.359079
38.750755,330.818358,28.356832
39.115220,330.476071,28.354585
39.466516,330.120280,28.352790
39.817813,329.764488,28.350995
40.169109,329.408697,28.349200
40.504217,329.037619,28.347275
40.839325,328.666540,28.345351
41.174432,328.295462,28.343426
41.509540,327.924383,28.341501
41.834559,327.544433,28.340860
42.159578,327.164483,28.340219
42.484596,326.784532,28.339577
42.809615,326.404582,28.338936
43.134634,326.024631,28.338295
43.459653,325.644681,28.337654
43.766679,325.250048,28.337014
44.073704,324.855415,28.336374
44.380729,324.460783,28.335735
44.676904,324.057943,28.335192
44.973079,323.655102,28.334648
45.269254,323.252262,28.334105
45.565428,322.849422,28.333562
45.861603,322.446582,28.333019
46.144471,322.034289,28.332030
46.427339,321.621997,28.331041
46.710206,321.209705,28.330051
46.993074,320.797413,28.329062
47.261940,320.375855,28.328898
47.530807,319.954297,28.328734
47.799673,319.532740,28.328570
48.068539,319.111182,28.328406
48.326225,318.682699,28.327761
48.583910,318.254216,28.327116
48.841596,317.825733,28.326472
49.091085,317.392426,28.326856
49.340573,316.959118,28.327239
49.590062,316.525811,28.327623
49.839551,316.092504,28.328007
50.078365,315.653223,28.327281
50.317179,315.213943,28.326555
50.555994,314.774663,28.325830
50.794808,314.335382,28.325104
51.033622,313.896102,28.324378
51.272436,313.456822,28.323652
51.490597,313.006926,28.323688
51.708758,312.557031,28.323723
51.926919,312.107136,28.323758
52.145080,311.657240,28.323794
52.363241,311.207345,28.323829
52.581402,310.757450,28.323864
52.799563,310.307554,28.323900
53.017724,309.857659,28.323935
53.235885,309.407764,28.323971
53.433115,308.948311,28.322141
53.630346,308.488858,28.320311
53.827576,308.029406,28.318481
54.024807,307.569953,28.316650
54.222037,307.110500,28.314820
54.419268,306.651048,28.312990
54.616499,306.191595,28.311160
54.785174,305.720912,28.308758
54.953850,305.250228,28.306355
55.122526,304.779545,28.303952
55.291202,304.308862,28.301549
55.459878,303.838179,28.299147
55.628554,303.367496,28.296744
55.797230,302.896812,28.294341
55.936291,302.416541,28.293323
56.075353,301.936269,28.292305
56.214415,301.455998,28.291287
56.353477,300.975726,28.290269
56.492539,300.495455,28.289251
56.631601,300.015183,28.288233
56.770663,299.534912,28.287215
56.909724,299.054640,28.286197
57.048786,298.574368,28.285179
57.187848,298.094097,28.284161
57.319612,297.611771,28.283831
57.451377,297.129446,28.283502
57.583141,296.647120,28.283172
57.714905,296.164794,28.282843
57.846670,295.682469,28.282513
57.978434,295.200143,28.282184
58.094460,294.713796,28.280058
58.210486,294.227449,28.277932
58.326512,293.741102,28.275806
58.442537,293.254755,28.273680
58.558563,292.768407,28.271555
58.674589,292.282060,28.269429
58.790615,291.795713,28.267303
58.906641,291.309366,28.265177
59.009308,290.820021,28.264502
59.111975,290.330675,28.263827
59.214642,289.841330,28.263152
59.317310,289.351984,28.262477
59.419977,288.862639,28.261803
59.522644,288.373293,28.261128
59.625311,287.883948,28.260453
59.727978,287.394602,28.259778
59.830646,286.905257,28.259103
59.908029,286.411282,28.260074
59.985413,285.917308,28.261045
60.062797,285.423333,28.262016
60.140180,284.929359,28.262987
60.217564,284.435384,28.263959
60.294948,283.941410,28.264930
60.372332,283.447435,28.265901
60.449715,282.953461,28.266872
60.515316,282.457783,28.266331
60.580916,281.962106,28.265789
60.646516,281.466428,28.265248
60.712117,280.970750,28.264707
60.777717,280.475073,28.264166
60.843317,279.979395,28.263625
60.908918,279.483718,28.263083
60.959555,278.986292,28.261186
61.010193,278.488866,28.259288
61.060830,277.991441,28.257390
61.107191,277.493595,28.257177
61.153553,276.995749,28.256964
61.199914,276.497903,28.256752
61.246275,276.000057,28.256539
61.292637,275.502211,28.256326
61.338998,275.004365,28.256113
61.381618,274.506185,28.255769
61.424237,274.008005,28.255424
61.466857,273.509825,28.255079
61.509476,273.011644,28.254735
61.552095,272.513464,28.254390
61.594715,272.015284,28.254046
61.626745,271.516312,28.255084
61.658776,271.017340,28.256123
61.690807,270.518368,28.257162
61.722837,270.019397,28.258201
61.754868,269.520425,28.259239
61.778681,269.020992,28.259368
61.802494,268.521559,28.259496
61.826308,268.022127,28.259624
61.850121,267.522694,28.259752
61.873934,267.023262,28.259880
61.884872,266.523381,28.260248
61.895810,266.023501,28.260616
61.906747,265.523621,28.260983
61.917685,265.023741,28.261351
61.928623,264.523861,28.261718
61.939560,264.023980,28.262086
61.950498,263.524100,28.262454
61.961436,263.024220,28.262821
61.970048,262.524294,28.263278
61.978660,262.024369,28.263735
61.987272,261.524443,28.264192
61.995884,261.024517,28.264649
62.004496,260.524592,28.265106
62.013108,260.024666,28.265563
62.021720,259.524741,28.266020
62.030332,259.024815,28.266477
62.038944,258.524889,28.266934
62.047556,258.024964,28.267391
62.056168,257.525038,28.267848
62.064780,257.025113,28.268305
62.073392,256.525187,28.268762
62.073914,256.494928,28.268789
62.081494,255.994986,28.269992
62.089075,255.495045,28.271194
62.096656,254.995104,28.272396
62.104237,254.495163,28.273598
62.111817,253.995222,28.274800
62.121562,253.495321,28.272717
62.131306,252.995421,28.270635
62.141050,252.495520,28.268552
62.150795,251.995619,28.266470
62.157415,251.495664,28.267061
62.164036,250.995708,28.267653
62.170656,250.495752,28.268244
62.177277,249.995796,28.268836
62.183897,249.495840,28.269427
62.190518,248.995884,28.270019
62.199753,248.495970,28.269919
62.208987,247.996055,28.269820
62.218222,247.496140,28.269720
62.227456,246.996226,28.269621
62.236691,246.496311,28.269522
62.245925,245.996396,28.269422
62.255160,245.496482,28.269323
62.264395,244.996567,28.269223
62.273629,244.496652,28.269124
62.282864,243.996737,28.269024
62.287272,243.496757,28.268430
62.291680,242.996777,28.267836
62.296089,242.496797,28.267241
62.300497,241.996817,28.266647
62.304905,241.496836,28.266052
62.306698,240.996842,28.267581
62.308491,240.496847,28.269110
62.310285,239.996853,28.270639
62.312078,239.496859,28.272168
62.313871,238.996864,28.273697
62.313839,238.496864,28.273615
62.313807,237.996864,28.273534
62.313775,237.496864,28.273453
62.313743,236.996864,28.273372
62.313711,236.496864,28.273290
62.319003,235.996892,28.272768
62.324296,235.496921,28.272245
62.329589,234.996949,28.271723
62.334882,234.496977,28.271200
62.340174,233.997006,28.270678
62.339494,233.497006,28.270894
62.338814,232.997007,28.271110
62.338133,232.497007,28.271326
62.337453,231.997008,28.271542
62.336773,231.497008,28.271759
62.343787,230.997057,28.271472
62.350802,230.497107,28.271185
62.357817,229.997156,28.270898
62.364831,229.497205,28.270611
62.371846,228.997255,28.270324
62.374984,228.497267,28.268790
62.378122,227.997279,28.267256
62.381260,227.497291,28.265722
62.384398,226.997303,28.264188
62.385467,226.497305,28.264753
62.386537,225.997306,28.265317
62.387606,225.497308,28.265881
62.388676,224.997309,28.266446
62.389745,224.497311,28.267010
62.390814,223.997312,28.267574
62.391759,223.497313,28.267956
62.392703,222.997314,28.268337
62.393648,222.497315,28.268718
62.394592,221.997316,28.269100
62.395537,221.497317,28.269481
62.396650,220.997319,28.269142
62.397764,220.497320,28.268804
62.398877,219.997321,28.268465
62.399990,219.497323,28.268126
62.401103,218.997324,28.267787
62.407404,218.497364,28.267731
62.413706,217.997404,28.267674
62.420007,217.497443,28.267617
62.426308,216.997483,28.267561
62.432609,216.497523,28.267504
62.432993,215.997523,28.266787
62.433376,215.497524,28.266069
62.433760,214.997525,28.265352
62.434144,214.497525,28.264634
62.434527,213.997526,28.263917
62.439715,213.497554,28.263106
62.444903,212.997581,28.262296
62.450091,212.497609,28.261485
62.455278,211.997636,28.260675
62.460466,211.497664,28.259864
62.460243,210.997664,28.260128
62.460021,210.497664,28.260393
62.459798,209.997664,28.260657
62.459575,209.497664,28.260921
62.459353,208.997664,28.261185
62.459911,208.497665,28.261047
62.460469,207.997665,28.260909
62.461027,207.497665,28.260771
62.461584,206.997666,28.260633
62.465807,206.497685,28.261725
62.470029,205.997704,28.262818
62.474252,205.497723,28.263910
62.478474,204.997742,28.265003
62.482697,204.497761,28.266095
62.486919,203.997780,28.267188
62.489537,203.497787,28.267900
62.492154,202.997795,28.268613
62.494772,202.497802,28.269325
62.497389,201.997809,28.270038
62.500007,201.497817,28.270750
62.500399,200.997818,28.269738
62.500790,200.497819,28.268726
62.501182,199.997820,28.267713
62.501574,199.497821,28.266701
62.501966,198.997823,28.265689
62.506966,198.497848,28.265990
62.511967,197.997873,28.266291
62.516968,197.497898,28.266592
62.521968,196.997923,28.266893
62.526969,196.497948,28.267194
62.529043,195.997952,28.267456
62.531118,195.497957,28.267718
62.533192,194.997961,28.267981
62.535267,194.497966,28.268243
62.537342,193.997970,28.268505
62.539416,193.497974,28.268767
62.541491,192.997979,28.269030
62.543565,192.497983,28.269292
62.545640,191.997987,28.269554
62.547714,191.497992,28.269816
62.549789,190.997996,28.270078
62.551863,190.498001,28.270341
62.553938,189.998005,28.270603
62.556013,189.498009,28.270865
62.558087,188.998014,28.271127
62.560162,188.498018,28.271390
62.562236,187.998022,28.271652
62.564311,187.498027,28.271914
62.566385,186.998031,28.272176
62.568460,186.498035,28.272438
62.571618,185.998046,28.271674
62.574776,185.498057,28.270910
62.577933,184.998067,28.270145
62.581091,184.498078,28.269381
62.584249,183.998088,28.268616
62.587407,183.498099,28.267852
62.590565,182.998109,28.267087
62.593723,182.498120,28.266323
62.596880,181.998130,28.265558
62.600038,181.498141,28.264794
62.603196,180.998152,28.264029
62.606354,180.498162,28.263265
62.609512,179.998173,28.262501
62.612670,179.498183,28.261736
62.615827,178.998194,28.260972
62.618985,178.498204,28.260207
62.622143,177.998215,28.259443
62.625301,177.498226,28.258678
62.628459,176.998236,28.257914
62.631617,176.498247,28.257149
62.639974,175.998317,28.257673
62.648331,175.498387,28.258197
62.656688,174.998457,28.258721
62.665045,174.498527,28.259244
62.673402,173.998597,28.259768
62.681759,173.498667,28.260292
62.690116,172.998737,28.260816
62.698473,172.498808,28.261339
62.706830,171.998878,28.261863
62.715187,171.498948,28.262387
62.723544,170.999018,28.262911
62.731901,170.499088,28.263434
62.740258,169.999158,28.263958
62.748615,169.499228,28.264482
62.756972,168.999298,28.265006
62.769671,168.499460,28.264684
62.782370,167.999621,28.264361
62.795070,167.499783,28.264039
62.807769,166.999944,28.263717
62.820468,166.500105,28.263395
62.833167,166.000267,28.263073
62.845866,165.500428,28.262751
62.858565,165.000590,28.262428
62.871264,164.500751,28.262106
62.883963,164.000912,28.261784
62.896662,163.501074,28.261462
62.909361,163.001235,28.261140
62.922060,162.501397,28.260817
62.934759,162.001558,28.260495
62.954364,161.501943,28.260843
62.973969,161.002327,28.261191
62.993574,160.502712,28.261540
63.013179,160.003096,28.261888
63.032784,159.503481,28.262236
63.052389,159.003866,28.262584
63.071993,158.504250,28.262932
63.091598,158.004635,28.263280
63.111203,157.505020,28.263628
63.130808,157.005404,28.263976
63.150413,156.505789,28.264324
63.174462,156.006369,28.265412
63.198512,155.506949,28.266501
63.222561,155.007528,28.267589
63.246610,154.508108,28.268677
63.270660,154.008688,28.269766
63.294709,153.509268,28.270854
63.318758,153.009848,28.271942
63.342808,152.510428,28.273031
63.366857,152.011008,28.274119
63.390907,151.511588,28.275207
63.417366,151.012288,28.275504
63.443826,150.512989,28.275801
63.470286,150.013690,28.276098
63.496745,149.514390,28.276395
63.523205,149.015091,28.276692
63.549665,148.515792,28.276989
63.576125,148.016493,28.277286
63.602584,147.517193,28.277583
63.629044,147.017894,28.277880
63.659204,146.518804,28.278001
63.689363,146.019715,28.278122
63.719523,145.520625,28.278243
63.749683,145.021536,28.278365
63.779842,144.522446,28.278486
63.810002,144.023357,28.278607
63.840161,143.524267,28.278728
63.870321,143.025178,28.278849
63.900481,142.526088,28.278970
63.930640,142.026998,28.279091
63.960800,141.527909,28.279212
63.993303,141.028967,28.278251
64.025806,140.530026,28.277291
64.058309,140.031084,28.276330
64.090812,139.532143,28.275369
64.123315,139.033201,28.274408
64.155818,138.534260,28.273448
64.188321,138.035318,28.272487
64.220824,137.536377,28.271526
64.253328,137.037435,28.270565
64.279948,136.538146,28.271751
64.306569,136.038856,28.272937
64.333190,135.539567,28.274122
64.359811,135.040278,28.275308
64.386432,134.540988,28.276494
64.413053,134.041699,28.277679
64.439673,133.542409,28.278865
64.466294,133.043120,28.280051
64.492915,132.543831,28.281236
64.519536,132.044541,28.282422
64.548338,131.545371,28.282787
64.577140,131.046202,28.283151
64.605942,130.547032,28.283516
64.634744,130.047863,28.283880
64.663546,129.548693,28.284245
64.692347,129.049523,28.284609
64.721149,128.550354,28.284974
64.749951,128.051184,28.285338
64.778753,127.552014,28.285703
64.807555,127.052845,28.286067
64.836357,126.553675,28.286432
64.865982,126.054554,28.286332
64.895607,125.555432,28.286233
64.925232,125.056310,28.286134
64.954857,124.557189,28.286034
64.984482,124.058067,28.285935
65.014107,123.558946,28.285836
65.043732,123.059824,28.285736
65.073357,122.560703,28.285637
65.102982,122.061581,28.285538
65.132607,121.562459,28.285438
65.161139,121.063274,28.285314
65.189671,120.564089,28.285190
65.218203,120.064904,28.285065
65.246736,119.565718,28.284941
65.275268,119.066533,28.284817
65.303800,118.567348,28.284693
65.332332,118.068163,28.284568
65.360864,117.568978,28.284444
65.389396,117.069792,28.284320
65.420547,116.570765,28.283298
65.451699,116.071737,28.282277
65.482850,115.572709,28.281256
65.514001,115.073682,28.280235
65.545152,114.574654,28.279214
65.576303,114.075627,28.278192
65.607454,113.576599,28.277171
65.638606,113.077571,28.276150
65.669757,112.578544,28.275129
65.698638,112.079380,28.274026
65.727519,111.580216,28.272924
65.756401,111.081052,28.271821
65.785282,110.581888,28.270719
65.814163,110.082724,28.269616
65.843044,109.583560,28.268514
65.871926,109.084396,28.267411
65.900807,108.585232,28.266309
65.929688,108.086068,28.265206
65.958570,107.586904,28.264104
65.987451,107.087740,28.263002
66.018749,106.588722,28.264179
66.050048,106.089704,28.265356
66.081346,105.590686,28.266534
66.112645,105.091668,28.267711
66.143943,104.592650,28.268889
66.175242,104.093632,28.270066
66.206540,103.594614,28.271244
66.237839,103.095596,28.272421
66.269137,102.596578,28.273599
66.300436,102.097560,28.274776
66.326557,101.598244,28.275861
66.352678,101.098928,28.276945
66.378800,100.599612,28.278030
66.404921,100.100296,28.279114
66.431042,99.600980,28.280199
66.457164,99.101663,28.281284
66.483285,98.602347,28.282368
66.509406,98.103031,28.283453
66.535528,97.603715,28.284537
66.556295,97.104148,28.285418
66.577062,96.604580,28.286299
66.597829,96.105012,28.287180
66.618597,95.605444,28.288060
66.639364,95.105877,28.288941
66.660131,94.606309,28.289822
66.680898,94.106741,28.290702
66.701666,93.607173,28.291583
66.722433,93.107606,28.292464
66.743200,92.608038,28.293345
66.763967,92.108470,28.294225
66.784735,91.608902,28.295106
66.805502,91.109335,28.295987
66.826269,90.609767,28.296867
66.847036,90.110199,28.297748
66.867804,89.610631,28.298629
66.884961,89.197901,28.299356
66.890022,88.697927,28.298595
66.895082,88.197953,28.297834
66.900142,87.697979,28.297074
66.905203,87.198005,28.296313
66.910263,86.698031,28.295552
66.915324,86.198058,28.294791
66.920384,85.698084,28.294030
66.925445,85.198110,28.293269
66.930505,84.698136,28.292508
66.935566,84.198162,28.291747
66.940626,83.698189,28.290986
66.945687,83.198215,28.290225
66.950747,82.698241,28.289464
66.955808,82.198267,28.288703
66.960868,81.698293,28.287942
66.965929,81.198320,28.287181
66.970989,80.698346,28.286420
66.976050,80.198372,28.285659
66.981110,79.698398,28.284898
66.986170,79.198424,28.284137
66.987756,78.698428,28.285088
66.989341,78.198431,28.286038
66.990926,77.698435,28.286989
66.992511,77.198438,28.287939
66.994097,76.698441,28.288890
66.995682,76.198445,28.289840
66.997267,75.698448,28.290791
66.998852,75.198452,28.291742
67.000437,74.698455,28.292692
67.004845,74.198488,28.296429
67.009253,73.698522,28.300166
67.013660,73.198555,28.303903
67.018068,72.698589,28.307640
67.022476,72.198622,28.311377
67.026883,71.698655,28.315114
67.031291,71.198689,28.318851
67.034509,70.698700,28.319732
67.037726,70.198711,28.320612
67.040944,69.698722,28.321493
67.044162,69.198733,28.322374
67.047379,68.698744,28.323254
67.050597,68.198756,28.324135
67.053815,67.698767,28.325015
67.057033,67.198778,28.325896
67.060250,66.698789,28.326777
67.063468,66.198800,28.327657
67.066686,65.698811,28.328538
67.069903,65.198822,28.329418
67.073121,64.698833,28.330299
67.076339,64.198845,28.331180
67.079556,63.698856,28.332060
67.082774,63.198867,28.332941
67.085992,62.698878,28.333821
67.089209,62.198889,28.334702
67.092427,61.698900,28.335583
67.095645,61.198911,28.336463
67.098862,60.698923,28.337344
67.102080,60.198934,28.338224
67.105298,59.698945,28.339105
67.108515,59.198956,28.339986
67.111733,58.698967,28.340866
67.113616,58.198971,28.340771
67.115499,57.698974,28.340676
67.117382,57.198978,28.340581
67.119265,56.698981,28.340485
67.121148,56.198985,28.340390
67.123031,55.698988,28.340295
67.124914,55.198992,28.340200
67.126797,54.698995,28.340105
67.128680,54.198999,28.340009
67.130562,53.699003,28.339914
67.132445,53.199006,28.339819
67.134328,52.699010,28.339724
67.136211,52.199013,28.339629
67.138094,51.699017,28.339533
67.139977,51.199020,28.339438
67.141860,50.699024,28.339343
67.144989,50.199035,28.340562
67.148117,49.699046,28.341780
67.151246,49.199058,28.342999
67.154375,48.699069,28.344218
67.157503,48.199080,28.345437
67.160632,47.699092,28.346656
67.163761,47.199103,28.347874
67.166889,46.699114,28.349093
67.170018,46.199125,28.350312
67.173147,45.699137,28.351531
67.176276,45.199148,28.352749
67.179404,44.699159,28.353968
67.182533,44.199170,28.355187
67.185662,43.699182,28.356406
67.188790,43.199193,28.357624
67.191919,42.699204,28.358843
67.195048,42.199216,28.360062
67.198176,41.699227,28.361281
67.201305,41.199238,28.362500
67.204434,40.699249,28.363718
67.207562,40.199261,28.364937
67.210691,39.699272,28.366156
67.213820,39.199283,28.367375
67.215491,38.699286,28.367241
67.217162,38.199289,28.367108
67.218833,37.699292,28.366975
67.220504,37.199294,28.366841
67.222175,36.699297,28.366708
67.223846,36.199300,28.366575
67.225517,35.699303,28.366441
67.227188,35.199306,28.366308
67.228859,34.699308,28.366175
67.230530,34.199311,28.366041
67.232201,33.699314,28.365908
67.233872,33.199317,28.365775
67.235543,32.699320,28.365641
67.237214,32.199323,28.365508
67.238885,31.699325,28.365374
67.240556,31.199328,28.365241
67.242227,30.699331,28.365108
67.245224,30.199343,28.363456
67.248221,29.699354,28.361804
67.251218,29.199366,28.360152
67.254215,28.699378,28.358501
67.257212,28.199390,28.356849
67.260208,27.699401,28.355197
67.263205,27.199413,28.353545
67.266202,26.699425,28.351893
67.269199,26.199436,28.350242
67.272196,25.699448,28.348590
67.275193,25.199460,28.346938
67.278190,24.699471,28.345286
67.281187,24.199483,28.343635
67.284183,23.699495,28.341983
67.287180,23.199507,28.340331
67.290177,22.699518,28.338679
67.293174,22.199530,28.337027
67.296171,21.699542,28.335376
67.299168,21.199553,28.333724
67.302165,20.699565,28.332072
67.305162,20.199577,28.330420
67.308158,19.699589,28.328768
67.311155,19.199600,28.327117
67.314161,18.699611,28.328246
67.317167,18.199621,28.329376
67.320173,17.699631,28.330506
67.323178,17.199642,28.331636
67.326184,16.699652,28.332765
67.329190,16.199662,28.333895
67.332196,15.699672,28.335025
67.335202,15.199683,28.336155
67.338207,14.699693,28.337284
67.341213,14.199703,28.338414
67.344219,13.699714,28.339544
67.347225,13.199724,28.340674
67.350231,12.699734,28.341803
67.353236,12.199745,28.342933
67.356242,11.699755,28.344063
67.359248,11.199765,28.345193
67.362254,10.699776,28.346322
67.359658,10.199783,28.345827
67.357062,9.699790,28.345331
67.354466,9.199797,28.344836
67.351870,8.699804,28.344341
67.349274,8.199811,28.343845
67.346678,7.699817,28.343350
67.344082,7.199824,28.342854
67.341486,6.699831,28.342359
67.341101,6.625774,28.342285
67.338462,6.125782,28.341777
67.335822,5.625789,28.341269
67.333183,5.125796,28.340761
67.330544,4.625803,28.340253
67.327904,4.125811,28.339745
67.325265,3.625818,28.339237
67.322625,3.125825,28.338729
67.319986,2.625832,28.338221
67.317347,2.125839,28.337713
67.314707,1.625847,28.337205
67.312068,1.125854,28.336697
67.309428,0.625861,28.336189
67.306789,0.125868,28.335680
67.304150,-0.374124,28.335172
67.301510,-0.874117,28.334664
67.301667,-1.374117,28.335198
67.301824,-1.874117,28.335732
67.301981,-2.374116,28.336266
67.302138,-2.874116,28.336800
67.302295,-3.374116,28.337333
67.302452,-3.874115,28.337867
67.302609,-4.374115,28.338401
67.302766,-4.874115,28.338935
67.302923,-5.374114,28.339469
67.303080,-5.874114,28.340002
67.303237,-6.374114,28.340536
67.303394,-6.874114,28.341070
67.303550,-7.374113,28.341604
67.303707,-7.874113,28.342138
67.303864,-8.374113,28.342671
67.304021,-8.874112,28.343205
67.306948,-9.374104,28.342842
67.309875,-9.874095,28.342479
67.312802,-10.374086,28.342116
67.315729,-10.874077,28.341753
67.318656,-11.374069,28.341389
67.321583,-11.874060,28.341026
67.324511,-12.374051,28.340663
67.327438,-12.874043,28.340300
67.330365,-13.374034,28.339937
67.333292,-13.874025,28.339574
67.336219,-14.374017,28.339211
67.339146,-14.874008,28.338847
67.342073,-15.373999,28.338484
67.345000,-15.873990,28.338121
67.347927,-16.373982,28.337758
67.350854,-16.873973,28.337395
67.353781,-17.373964,28.337032
67.356708,-17.873956,28.336668
67.359635,-18.373947,28.336305
67.362562,-18.873938,28.335942
67.365489,-19.373930,28.335579
67.368416,-19.873921,28.335216
67.371343,-20.373912,28.334853
67.374270,-20.873903,28.334490
67.375593,-21.373901,28.335024
67.376916,-21.873899,28.335559
67.378240,-22.373897,28.336094
67.379563,-22.873895,28.336629
67.380886,-23.373893,28.337164
67.382209,-23.873891,28.337699
67.383532,-24.373889,28.338234
67.384855,-24.873887,28.338769
67.386179,-25.373885,28.339304
67.387502,-25.873883,28.339839
67.388825,-26.373881,28.340374
67.390148,-26.873879,28.340909
67.391471,-27.373877,28.341444
67.392795,-27.873875,28.341979
67.394118,-28.373873,28.342514
67.395441,-28.873871,28.343049
67.397836,-29.373865,28.342435
67.400231,-29.873859,28.341822
67.402626,-30.373853,28.341208
67.405022,-30.873846,28.340595
67.407417,-31.373840,28.339981
67.409812,-31.873834,28.339368
67.412207,-32.373828,28.338754
67.414603,-32.873822,28.338141
67.416998,-33.373816,28.337528
67.419393,-33.873810,28.336914
67.421788,-34.373804,28.336301
67.424183,-34.873798,28.335687
67.426579,-35.373791,28.335074
67.428974,-35.873785,28.334460
67.431369,-36.373779,28.333847
67.433764,-36.873773,28.333233
67.436159,-37.373767,28.332620
67.438555,-37.873761,28.332007
67.440950,-38.373755,28.331393
67.443345,-38.873749,28.330780
67.445740,-39.373743,28.330166
67.448135,-39.873736,28.329553
67.450531,-40.373730,28.328939
67.452926,-40.873724,28.328326
67.454294,-41.373721,28.329650
67.455662,-41.873717,28.330975
67.457030,-42.373713,28.332299
67.458398,-42.873710,28.333623
67.459767,-43.373706,28.334948
67.461135,-43.873702,28.336272
67.462503,-44.373699,28.337597
67.463871,-44.873695,28.338921
67.465239,-45.373692,28.340245
67.466607,-45.873688,28.341570
67.467975,-46.373684,28.342894
67.469344,-46.873681,28.344218
67.470712,-47.373677,28.345543
67.472080,-47.873673,28.346867
67.473448,-48.373670,28.348192
67.474816,-48.873666,28.349516
67.476184,-49.373663,28.350840
67.477934,-49.873657,28.352344
67.479684,-50.373652,28.353849
67.481434,-50.873647,28.355353
67.483183,-51.373641,28.356857
67.484933,-51.873636,28.358361
67.486683,-52.373631,28.359865
67.488433,-52.873625,28.361369
67.490183,-53.373620,28.362874
67.491932,-53.873615,28.364378
67.493682,-54.373609,28.365882
67.495432,-54.873604,28.367386
67.497182,-55.373599,28.368890
67.498932,-55.873593,28.370394
67.500681,-56.373588,28.371898
67.502431,-56.873583,28.373403
67.504181,-57.373577,28.374907
67.505931,-57.873572,28.376411
67.507680,-58.373567,28.377915
67.509430,-58.873561,28.379419
67.511180,-59.373556,28.380923
67.512930,-59.873551,28.382427
67.514680,-60.373545,28.383932
67.516429,-60.873540,28.385436
67.520156,-61.373511,28.381490
67.523882,-61.873481,28.377543
67.527609,-62.373452,28.373597
67.531335,-62.873422,28.369651
67.535062,-63.373393,28.365705
67.538788,-63.873363,28.361759
67.542515,-64.373334,28.357812
67.546241,-64.873304,28.353866
67.552335,-65.373267,28.353033
67.558429,-65.873229,28.352199
67.564523,-66.373191,28.351366
67.570617,-66.873153,28.350532
67.576711,-67.373115,28.349699
67.582805,-67.873077,28.348866
67.588899,-68.373040,28.348032
67.594993,-68.873002,28.347199
67.601087,-69.372964,28.346365
67.603265,-69.872959,28.346618
67.605443,-70.372954,28.346871
67.607622,-70.872949,28.347124
67.609800,-71.372945,28.347376
67.611978,-71.872940,28.347629
67.614156,-72.372935,28.347882
67.616334,-72.872930,28.348135
67.618512,-73.372925,28.348388
67.620690,-73.872921,28.348640
67.622869,-74.372916,28.348893
67.625047,-74.872911,28.349146
67.627225,-75.372906,28.349399
67.629403,-75.872901,28.349652
67.631581,-76.372897,28.349904
67.633759,-76.872892,28.350157
67.635937,-77.372887,28.350410
67.638115,-77.872882,28.350663
67.640294,-78.372877,28.350916
67.642472,-78.872873,28.351168
67.644650,-79.372868,28.351421
67.646828,-79.872863,28.351674
67.649006,-80.372858,28.351927
67.651184,-80.872853,28.352180
67.653362,-81.372849,28.352432
67.657162,-81.872834,28.352230
67.660961,-82.372820,28.352028
67.664760,-82.872805,28.351826
67.668560,-83.372791,28.351624
67.672359,-83.872776,28.351422
67.676158,-84.372762,28.351220
67.679957,-84.872747,28.351018
67.683757,-85.372733,28.350816
67.687556,-85.872718,28.350613
67.686761,-86.372718,28.350829
67.685966,-86.872717,28.351044
67.685172,-87.372716,28.351259
67.684377,-87.872716,28.351474
67.683582,-88.372715,28.351690
67.682787,-88.872714,28.351905
67.681993,-89.372713,28.352120
67.684580,-89.872707,28.351744
67.687167,-90.372700,28.351367
67.689755,-90.872693,28.350991
67.692342,-91.372686,28.350614
67.694930,-91.872679,28.350238
67.697517,-92.372672,28.349861
67.700105,-92.872666,28.349485
67.702692,-93.372659,28.349109
67.705279,-93.872652,28.348732
67.707867,-94.372645,28.348356
67.710454,-94.872638,28.347979
67.713042,-95.372631,28.347603
67.715629,-95.872625,28.347226
67.718217,-96.372618,28.346850
67.720804,-96.872611,28.346473
67.723391,-97.372604,28.346097
67.725979,-97.872597,28.345720
67.728566,-98.372590,28.345344
67.731154,-98.872584,28.344968
67.733741,-99.372577,28.344591
67.736328,-99.872570,28.344215
67.738916,-100.372563,28.343838
67.741503,-100.872556,28.343462
67.744091,-101.372549,28.343085
67.746880,-101.872541,28.342551
67.749670,-102.372533,28.342018
67.752460,-102.872525,28.341484
67.755249,-103.372517,28.340950
67.758039,-103.872509,28.340416
67.760829,-104.372501,28.339882
67.763618,-104.872493,28.339348
67.766408,-105.372485,28.338815
67.769197,-105.872477,28.338281
67.769929,-106.372474,28.336945
67.770660,-106.872472,28.335610
67.771391,-107.372470,28.334275
67.772123,-107.872468,28.332939
67.772854,-108.372465,28.331604
67.773585,-108.872463,28.330268
67.774317,-109.372461,28.328933
67.776651,-109.872455,28.328671
67.778985,-110.372450,28.328410
67.781319,-110.872444,28.328148
67.783653,-111.372439,28.327886
67.785987,-111.872433,28.327624
67.788321,-112.372427,28.327362
67.790655,-112.872422,28.327101
67.792989,-113.372416,28.326839
67.795323,-113.872411,28.326577
67.797657,-114.372405,28.326315
67.799991,-114.872400,28.326054
67.802325,-115.372394,28.325792
67.804660,-115.872389,28.325530
67.806994,-116.372383,28.325268
67.809328,-116.872378,28.325006
67.811662,-117.372372,28.324745
67.813996,-117.872367,28.324483
67.816330,-118.372361,28.324221
67.818664,-118.872356,28.323959
67.820998,-119.372350,28.323698
67.823332,-119.872345,28.323436
67.825666,-120.372339,28.323174
67.828000,-120.872334,28.322912
67.831308,-121.372323,28.322774
67.834615,-121.872312,28.322635
67.837922,-122.372301,28.322497
67.841230,-122.872290,28.322358
67.844537,-123.372279,28.322220
67.847845,-123.872268,28.322081
67.851152,-124.372257,28.321943
67.854460,-124.872246,28.321805
67.857767,-125.372235,28.321666
67.861075,-125.872224,28.321528
67.867686,-126.372179,28.320354
67.874297,-126.872134,28.319180
67.880908,-127.372089,28.318007
67.887520,-127.872044,28.316833
67.894131,-128.371999,28.315659
67.900742,-128.871954,28.314486
67.907353,-129.371909,28.313312
67.909405,-129.871904,28.314087
67.911456,-130.371899,28.314863
67.913507,-130.871894,28.315638
67.915559,-131.371889,28.316413
67.917610,-131.871884,28.317189
67.919661,-132.371880,28.317964
67.921713,-132.871875,28.318739
67.923764,-133.371870,28.319514
67.925815,-133.871865,28.320290
67.927867,-134.371860,28.321065
67.929918,-134.871856,28.321840
67.931969,-135.371851,28.322616
67.934020,-135.871846,28.323391
67.936072,-136.371841,28.324166
67.938123,-136.871836,28.324942
67.940174,-137.371832,28.325717
67.942226,-137.871827,28.326492
67.944277,-138.371822,28.327267
67.946328,-138.871817,28.328043
67.958782,-139.371662,28.328247
67.971236,-139.871507,28.328451
67.983690,-140.371352,28.328656
67.996143,-140.871196,28.328860
68.008597,-141.371041,28.329064
68.021051,-141.870886,28.329269
68.033505,-142.370731,28.329473
68.045958,-142.870576,28.329678
68.046425,-142.889292,28.329685
68.060063,-143.389090,28.333615
68.073701,-143.888889,28.337545
68.087338,-144.388687,28.341475
68.100976,-144.888486,28.345405
68.124138,-145.387949,28.344746
68.147299,-145.887411,28.344088
68.170460,-146.386874,28.343430
68.193621,-146.886337,28.342771
68.216782,-147.385800,28.342113
68.239944,-147.885263,28.341454
68.276573,-148.383919,28.342047
68.313202,-148.882575,28.342640
68.349832,-149.381231,28.343233
68.386461,-149.879887,28.343826
68.423090,-150.378543,28.344419
68.469508,-150.876382,28.345768
68.515926,-151.374221,28.347118
68.562343,-151.872060,28.348467
68.608761,-152.369899,28.349816
68.655178,-152.867738,28.351166
68.701596,-153.365577,28.352515
68.748014,-153.863416,28.353864
68.794431,-154.361255,28.355214
68.842062,-154.858980,28.354320
68.889693,-155.356705,28.353427
68.937325,-155.854431,28.352534
68.984956,-156.352156,28.351640
69.032587,-156.849881,28.350747
69.080218,-157.347607,28.349854
69.127849,-157.845332,28.348960
69.175480,-158.343057,28.348067
69.223111,-158.840782,28.347174
69.270742,-159.338508,28.346280
69.318374,-159.836233,28.345387
69.366005,-160.333958,28.344494
69.413636,-160.831684,28.343601
69.461267,-161.329409,28.342707
69.508898,-161.827134,28.341814
69.560675,-162.324445,28.340813
69.612453,-162.821756,28.339813
69.664230,-163.319067,28.338812
69.716007,-163.816378,28.337812
69.767784,-164.313689,28.336811
69.819561,-164.811000,28.335811
69.871339,-165.308311,28.334810
69.923116,-165.805621,28.333810
69.974893,-166.302932,28.332809
70.026670,-166.800243,28.331809
70.078448,-167.297554,28.330808
70.130225,-167.794865,28.329808
70.182002,-168.292176,28.328807
70.233779,-168.789487,28.327807
70.285557,-169.286798,28.326806
70.337334,-169.784108,28.325806
70.389111,-170.281419,28.324805
70.440888,-170.778730,28.323805
70.488264,-171.276473,28.326583
70.535641,-171.774216,28.329361
70.583017,-172.271958,28.332140
70.630393,-172.769701,28.334918
70.677769,-173.267444,28.337696
70.725145,-173.765186,28.340475
70.772521,-174.262929,28.343253
70.819897,-174.760672,28.346031
70.867274,-175.258414,28.348810
70.914650,-175.756157,28.351588
70.962026,-176.253900,28.354366
71.009402,-176.751642,28.357145
71.056778,-177.249385,28.359923
71.104154,-177.747128,28.362701
71.151304,-178.244900,28.362521
71.198454,-178.742672,28.362340
71.245603,-179.240444,28.362159
71.292753,-179.738215,28.361979
71.339903,-180.235987,28.361798
71.387052,-180.733759,28.361617
71.434202,-181.231531,28.361437
71.481352,-181.729303,28.361256
71.528502,-182.227075,28.361075
71.575651,-182.724847,28.360895
71.622801,-183.222619,28.360714
71.669951,-183.720391,28.360533
71.717100,-184.218163,28.360353
71.764250,-184.715935,28.360172
71.811400,-185.213706,28.359991
71.868761,-185.710401,28.361961
71.926122,-186.207096,28.363932
71.983483,-186.703791,28.365902
72.040844,-187.200486,28.367872
72.098205,-187.697181,28.369842
72.155566,-188.193876,28.371813
72.212927,-188.690571,28.373783
72.266387,-189.187705,28.373591
72.319847,-189.684838,28.373399
72.373307,-190.181972,28.373207
72.426767,-190.679106,28.373015
72.480228,-191.176240,28.372823
72.533688,-191.673373,28.372631
72.587148,-192.170507,28.372439
72.640608,-192.667641,28.372247
72.694068,-193.164775,28.372055
72.747529,-193.661908,28.371863
72.800989,-194.159042,28.371671
72.854449,-194.656176,28.371479
72.907909,-195.153310,28.371287
72.961369,-195.650443,28.371095
73.014830,-196.147577,28.370903
73.068290,-196.644711,28.370711
73.121750,-197.141845,28.370519
73.175210,-197.638978,28.370327
73.228670,-198.136112,28.370135
73.282131,-198.633246,28.369943
73.335591,-199.130380,28.369751
73.389051,-199.627513,28.369559
73.443502,-200.124540,28.369351
73.497953,-200.621566,28.369143
73.552404,-201.118592,28.368935
73.606855,-201.615618,28.368726
73.661305,-202.112645,28.368518
73.715756,-202.609671,28.368310
73.770207,-203.106697,28.368102
73.824658,-203.603723,28.367894
73.879109,-204.100749,28.367685
73.933560,-204.597776,28.367477
73.988011,-205.094802,28.367269
74.042462,-205.591828,28.367061
74.096913,-206.088854,28.366853
74.151364,-206.585880,28.366644
74.205814,-207.082907,28.366436
74.260265,-207.579933,28.366228
74.314716,-208.076959,28.366020
74.369167,-208.573985,28.365812
74.423618,-209.071012,28.365603
74.478069,-209.568038,28.365395
74.532520,-210.065064,28.365187
74.586971,-210.562090,28.364979
74.641422,-211.059116,28.364771
74.695873,-211.556143,28.364563
74.750323,-212.053169,28.364354
74.804774,-212.550195,28.364146
74.861839,-213.046925,28.365844
74.918904,-213.543655,28.367543
74.975969,-214.040385,28.369241
75.033034,-214.537115,28.370939
75.090099,-215.033845,28.372638
75.147164,-215.530575,28.374336
75.204229,-216.027305,28.376035
75.261294,-216.524035,28.377733
75.318359,-217.020765,28.379431
75.375424,-217.517495,28.381130
75.414204,-217.855054,28.382284
75.374002,-218.353435,28.381971
75.333800,-218.851816,28.381658
75.293598,-219.350197,28.381345
75.253396,-219.848578,28.381032
75.209980,-220.346690,28.381270
75.166563,-220.844801,28.381508
75.123147,-221.342912,28.381747
75.079730,-221.841024,28.381985
75.036314,-222.339135,28.382223
74.992897,-222.837247,28.382461
74.949481,-223.335358,28.382699
74.906064,-223.833469,28.382938
74.862648,-224.331581,28.383176
74.819231,-224.829692,28.383414
74.775814,-225.327804,28.383652
74.732398,-225.825915,28.383890
74.688981,-226.324026,28.384129
74.645565,-226.822138,28.384367
74.602148,-227.320249,28.384605
74.558732,-227.818360,28.384843
74.515315,-228.316472,28.385081
74.471899,-228.814583,28.385319
74.428482,-229.312695,28.385558
74.385066,-229.810806,28.385796
74.341649,-230.308917,28.386034
74.298232,-230.807029,28.386272
74.254816,-231.305140,28.386510
74.211399,-231.803251,28.386749
74.167983,-232.301363,28.386987
74.124566,-232.799474,28.387225
74.081150,-233.297586,28.387463
74.037733,-233.795697,28.387701
73.994317,-234.293808,28.387940
73.950900,-234.791920,28.388178
73.901097,-235.289433,28.388061
73.851294,-235.786947,28.387943
73.801491,-236.284460,28.387826
73.751688,-236.781974,28.387709
73.701885,-237.279487,28.387592
73.652082,-237.777000,28.387475
73.602278,-238.274514,28.387357
73.552475,-238.772027,28.387240
73.502672,-239.269541,28.387123
73.452869,-239.767054,28.387006
73.403066,-240.264568,28.386889
73.353263,-240.762081,28.386771
73.303460,-241.259595,28.386654
73.253657,-241.757108,28.386537
73.203854,-242.254622,28.386420
73.154051,-242.752135,28.386303
73.104248,-243.249648,28.386186
73.054445,-243.747162,28.386068
73.002698,-244.244477,28.385553
72.950952,-244.741792,28.385037
72.899205,-245.239106,28.384522
72.847459,-245.736421,28.384006
72.795712,-246.233736,28.383491
72.743966,-246.731051,28.382976
72.692219,-247.228366,28.382460
72.640473,-247.725681,28.381945
72.588727,-248.222995,28.381429
72.536980,-248.720310,28.380914
72.485234,-249.217625,28.380398
72.433487,-249.714940,28.379883
72.381741,-250.212255,28.379367
72.329994,-250.709570,28.378852
72.278248,-251.206884,28.378336
72.227463,-251.704299,28.378559
72.176679,-252.201713,28.378781
72.125895,-252.699127,28.379004
72.075110,-253.196541,28.379227
72.024326,-253.693955,28.379449
71.973542,-254.191370,28.379672
71.922757,-254.688784,28.379894
71.871973,-255.186198,28.380117
71.821189,-255.683612,28.380340
71.770404,-256.181027,28.380562
71.719620,-256.678441,28.380785
71.671153,-257.176084,28.379310
71.622685,-257.673727,28.377834
71.574218,-258.171370,28.376359
71.525751,-258.669014,28.374884
71.477284,-259.166657,28.373408
71.428816,-259.664300,28.371933
71.380349,-260.161943,28.370458
71.331882,-260.659586,28.368982
71.283414,-261.157229,28.367507
71.234947,-261.654873,28.366032
71.186977,-262.152565,28.364858
71.139006,-262.650257,28.363684
71.091036,-263.147949,28.362510
71.043065,-263.645641,28.361336
70.995095,-264.143333,28.360162
70.947124,-264.641025,28.358988
70.899154,-265.138718,28.357814
70.858090,-265.637027,28.356694
70.817026,-266.135337,28.355574
70.775962,-266.633646,28.354454
70.734898,-267.131956,28.353334
70.693834,-267.630266,28.352214
70.652770,-268.128575,28.351094
70.611706,-268.626885,28.349975
70.579030,-269.125815,28.348856
70.546354,-269.624745,28.347738
70.513678,-270.123675,28.346620
70.481002,-270.622605,28.345502
70.448326,-271.121534,28.344384
70.415650,-271.620464,28.343266
70.382974,-272.119394,28.342148
70.365099,-272.619073,28.341038
70.347224,-273.118753,28.339928
70.329349,-273.618432,28.338817
70.311473,-274.118111,28.337707
70.293598,-274.617790,28.336597
70.292789,-275.117778,28.340013
70.291980,-275.617765,28.343429
70.291171,-276.117753,28.346845
70.290362,-276.617741,28.350262
70.289553,-277.117728,28.353678
70.288631,-277.617727,28.352722
70.287710,-278.117725,28.351767
70.286788,-278.617723,28.350811
70.285867,-279.117721,28.349856
70.284945,-279.617720,28.348900
70.284024,-280.117718,28.347945
70.287465,-280.617706,28.347446
70.290907,-281.117694,28.346946
70.294349,-281.617681,28.346447
70.297791,-282.117669,28.345948
70.301232,-282.617657,28.345448
70.300297,-283.117653,28.347155
70.299362,-283.617650,28.348862
70.298428,-284.117646,28.350569
70.297493,-284.617642,28.352276
70.296558,-285.117638,28.353983
70.295623,-285.617635,28.355690
70.296423,-286.117630,28.357587
70.297223,-286.617626,28.359485
70.298023,-287.117622,28.361382
70.298824,-287.617618,28.363279
70.299624,-288.117613,28.365177
70.301975,-288.617607,28.364039
70.304327,-289.117600,28.362901
70.306678,-289.617593,28.361763
70.309029,-290.117586,28.360625
70.311380,-290.617579,28.359487
70.313732,-291.117572,28.358349
70.311611,-291.617568,28.358529
70.309491,-292.117563,28.358709
70.307370,-292.617559,28.358889
70.305250,-293.117554,28.359069
70.303129,-293.617550,28.359249
70.301008,-294.117545,28.359429
70.304274,-294.617534,28.360383
70.307539,-295.117522,28.361337
70.310805,-295.617511,28.362292
70.314070,-296.117499,28.363246
70.317335,-296.617487,28.364200
70.318667,-297.117485,28.365181
70.319998,-297.617482,28.366161
70.321329,-298.117479,28.367142
70.322661,-298.617476,28.368123
70.323992,-299.117474,28.369103
70.325323,-299.617471,28.370084
70.327171,-300.117467,28.369084
70.329019,-300.617462,28.368085
70.330867,-301.117458,28.367086
70.332714,-301.617453,28.366087
70.334562,-302.117449,28.365087
70.336410,-302.617444,28.364088
70.338258,-303.117440,28.363089
70.338799,-303.617439,28.362076
70.339340,-304.117437,28.361063
70.339881,-304.617436,28.360050
70.340422,-305.117435,28.359037
70.340964,-305.617433,28.358023
70.341505,-306.117432,28.357010
70.344352,-306.617424,28.357717
70.347200,-307.117415,28.358423
70.350048,-307.617406,28.359130
70.352895,-308.117398,28.359836
70.355743,-308.617389,28.360543
70.358590,-309.117380,28.361249
70.361438,-309.617372,28.361956
70.363564,-310.117367,28.361280
70.365689,-310.617362,28.360605
70.367815,-311.117357,28.359929
70.369941,-311.617352,28.359254
70.372067,-312.117347,28.358578
70.374192,-312.617342,28.357903
70.373938,-313.117342,28.357625
70.373684,-313.617342,28.357347
70.373429,-314.117342,28.357069
70.373175,-314.617341,28.356792
70.372921,-315.117341,28.356514
70.372666,-315.617341,28.356236
70.372412,-316.117341,28.355959
70.372158,-316.617341,28.355681
70.374423,-317.117336,28.356201
70.376688,-317.617330,28.356722
70.378953,-318.117325,28.357242
70.381219,-318.617319,28.357762
70.383484,-319.117314,28.358282
70.385749,-319.617308,28.358803
70.388014,-320.117303,28.359323
70.390333,-320.617295,28.357692
70.392652,-321.117287,28.356060
70.394971,-321.617279,28.354428
70.397289,-322.117271,28.352797
70.399608,-322.617263,28.351165
70.401517,-323.117259,28.350913
70.403425,-323.617255,28.350660
70.405333,-324.117252,28.350408
70.407241,-324.617248,28.350156
70.409149,-325.117244,28.349903
70.411057,-325.617241,28.349651
70.411820,-326.117240,28.349668
70.412582,-326.617240,28.349685
70.413344,-327.117239,28.349702
70.414106,-327.617238,28.349719
70.414868,-328.117238,28.349737
70.415630,-328.617237,28.349754
70.416849,-329.117236,28.350183
70.418068,-329.617234,28.350612
70.419287,-330.117232,28.351042
70.420506,-330.617231,28.351471
70.421725,-331.117229,28.351900
70.422944,-331.617227,28.352330
70.424163,-332.117225,28.352759
70.425344,-332.617223,28.351829
70.426526,-333.117221,28.350899
70.427707,-333.617219,28.349970
70.428889,-334.117216,28.349040
70.430070,-334.617214,28.348110
70.431252,-335.117212,28.347180
70.433279,-335.617207,28.346073
70.435306,-336.117201,28.344965
70.437334,-336.617196,28.343858
70.439361,-337.117191,28.342751
70.441389,-337.617185,28.341643
70.443416,-338.117180,28.340536
70.445444,-338.617175,28.339428
70.430871,-339.116958,28.341436
70.416297,-339.616742,28.343444
70.401724,-340.116525,28.345452
70.387151,-340.616309,28.347460
70.372578,-341.116092,28.349467
70.358005,-341.615876,28.351475
70.346459,-342.115742,28.352398
70.334913,-342.615607,28.353320
70.323367,-343.115473,28.354243
70.311821,-343.615339,28.355165
70.300275,-344.115205,28.356088
70.288730,-344.615071,28.357010
70.277184,-345.114937,28.357932
70.265638,-345.614802,28.358855
70.254092,-346.114668,28.359777
70.242546,-346.614534,28.360700
70.231000,-347.114400,28.361622
70.219454,-347.614266,28.362545
70.207908,-348.114132,28.363467
70.196363,-348.613997,28.364390
70.192020,-349.113978,28.365113
70.187677,-349.613959,28.365837
70.183335,-350.113939,28.366560
70.178992,-350.613920,28.367284
70.174650,-351.113900,28.368007
70.170307,-351.613881,28.368731
70.165965,-352.113862,28.369454
70.161622,-352.613842,28.370178
70.164950,-353.113827,28.368204
70.168279,-353.613812,28.366230
70.171608,-354.113797,28.364256
70.174936,-354.613782,28.362282
70.178265,-355.113767,28.360309
70.181593,-355.613752,28.358335
70.184922,-356.113737,28.356361
70.188250,-356.613723,28.354387
70.186878,-357.113718,28.352785
70.185505,-357.613714,28.351182
70.184132,-358.113709,28.349580
70.182759,-358.613705,28.347978
70.181386,-359.113700,28.346375
70.180014,-359.613696,28.344773
70.183934,-360.113668,28.341262
70.187854,-360.613640,28.337750
70.191774,-361.113613,28.334239
70.195694,-361.613585,28.330728
70.199614,-362.113557,28.327217
70.203533,-362.613530,28.323706
70.207453,-363.113502,28.320195
70.211373,-363.613474,28.316684
70.215293,-364.113447,28.313172
70.214943,-364.613434,28.309629
70.214593,-365.113421,28.306086
70.214243,-365.613409,28.302543
70.214149,-365.748477,28.301585
70.213717,-366.248464,28.298041
70.213285,-366.748451,28.294497
70.215199,-367.248427,28.290002
70.217112,-367.748403,28.285507
70.219026,-368.248379,28.281012
70.220939,-368.748356,28.276517
70.222852,-369.248332,28.272022
70.224766,-369.748308,28.267526
70.227459,-370.248260,28.261120
70.230152,-370.748211,28.254714
70.232844,-371.248163,28.248308
70.235537,-371.748115,28.241902
70.238230,-372.248066,28.235496
70.240923,-372.748018,28.229089
70.242893,-373.247994,28.224560
70.244864,-373.747969,28.220031
70.246835,-374.247945,28.215501
70.248805,-374.747921,28.210972
70.250776,-375.247896,28.206442
70.252746,-375.747872,28.201913
70.254717,-376.247847,28.197384
70.270108,-376.747594,28.193359
70.285499,-377.247341,28.189335
70.300890,-377.747088,28.185310
70.316282,-378.246835,28.181286
70.331673,-378.746582,28.177261
70.347064,-379.246328,28.173236
70.362455,-379.746075,28.169212
70.377846,-380.245822,28.165187
70.393238,-380.745569,28.161163
70.408629,-381.245316,28.157138
70.424020,-381.745063,28.153114
70.439535,-382.244822,28.153077
70.455051,-382.744581,28.153039
70.470566,-383.244340,28.153002
70.486082,-383.744100,28.152965
70.501597,-384.243859,28.152928
70.517112,-384.743618,28.152891
70.532628,-385.243377,28.152853
70.548143,-385.743136,28.152816
70.563658,-386.242896,28.152779
70.579174,-386.742655,28.152742
70.594689,-387.242414,28.152705
70.610205,-387.742173,28.152667
70.625720,-388.241932,28.152630
70.629831,-388.741915,28.152308
70.633942,-389.241898,28.151986
70.638053,-389.741881,28.151664
70.642163,-390.241864,28.151342
70.646274,-390.741847,28.151020
70.650385,-391.241830,28.150698
70.654496,-391.741813,28.150376
70.658607,-392.241796,28.150054
70.662718,-392.741779,28.149733
70.666679,-393.241761,28.148161
70.670640,-393.741743,28.146589
70.674602,-394.241725,28.145017
70.678563,-394.741707,28.143445
70.682525,-395.241689,28.141873
70.686486,-395.741670,28.140301
70.690447,-396.241652,28.138729
70.694409,-396.741634,28.137157
70.698370,-397.241616,28.135585
70.702331,-397.741598,28.134013
70.706293,-398.241580,28.132441
70.709471,-398.741568,28.131260
70.712648,-399.241557,28.130078
70.715826,-399.741545,28.128897
70.719004,-400.241534,28.127715
70.722182,-400.741522,28.126533
70.725359,-401.241511,28.125352
70.728537,-401.741499,28.124170
70.731715,-402.241488,28.122989
70.735468,-402.741471,28.124489
70.739221,-403.241455,28.125989
70.742974,-403.741439,28.127489
70.746727,-404.241422,28.128989
70.750480,-404.741406,28.130489
70.754233,-405.241390,28.131989
70.756764,-405.578488,28.133000
70.762050,-406.078450,28.129735
70.767336,-406.578411,28.126471
70.772622,-407.078372,28.123206
70.777909,-407.578334,28.119941
70.783195,-408.078295,28.116676
70.788481,-408.578256,28.113412
70.793768,-409.078218,28.110147
70.772039,-409.577745,28.110585
70.750309,-410.077273,28.111023
70.728580,-410.576800,28.111461
70.706851,-411.076328,28.111899
70.685122,-411.575855,28.112336
70.663393,-412.075382,28.112774
70.641664,-412.574910,28.113212
70.619935,-413.074437,28.113650
70.598206,-413.573965,28.114088
70.561210,-414.072594,28.113648
70.524214,-414.571223,28.113209
70.487218,-415.069852,28.112769
70.450223,-415.568482,28.112329
70.413227,-416.067111,28.111889
70.376231,-416.565740,28.111450
70.339236,-417.064369,28.111010
70.302240,-417.562999,28.110570
70.265244,-418.061628,28.110131
70.212224,-418.558809,28.110625
70.159204,-419.055989,28.111120
70.106184,-419.553170,28.111615
70.053164,-420.050351,28.112109
70.000144,-420.547531,28.112604
69.929986,-421.042584,28.111637
69.859828,-421.537636,28.110669
69.789670,-422.032689,28.109702
69.719513,-422.527741,28.108735
69.649355,-423.022794,28.107768
69.579197,-423.517846,28.106800
69.496501,-424.010960,28.106711
69.413804,-424.504074,28.106621
69.331108,-424.997188,28.106532
69.248412,-425.490302,28.106442
69.165715,-425.983416,28.106352
69.083019,-426.476529,28.106263
68.982170,-426.966253,28.106878
68.881320,-427.455976,28.107493
68.780471,-427.945700,28.108108
68.679622,-428.435423,28.108723
68.578773,-428.925147,28.109338
68.477923,-429.414870,28.109953
68.367238,-429.902460,28.112246
68.256553,-430.390049,28.114538
68.145868,-430.877639,28.116831
68.035183,-431.365228,28.119123
67.924497,-431.852818,28.121416
67.804148,-432.338118,28.121799
67.683799,-432.823417,28.122182
67.563450,-433.308717,28.122564
67.443101,-433.794017,28.122947
67.322752,-434.279317,28.123330
67.202403,-434.764617,28.123713
67.061575,-435.244348,28.128791
66.920748,-435.724079,28.133870
66.779921,-436.203810,28.138948
66.639093,-436.683541,28.144026
66.498266,-437.163272,28.149105
66.357438,-437.643003,28.154183
66.219442,-438.123580,28.155883
66.081446,-438.604157,28.157583
65.943450,-439.084734,28.159284
65.805454,-439.565311,28.160984
65.667458,-440.045888,28.162684
65.514147,-440.521791,28.166073
65.360835,-440.997695,28.169463
65.207524,-441.473598,28.172852
65.054212,-441.949501,28.176241
64.897682,-442.424358,28.179332
64.741151,-442.899214,28.182424
64.584621,-443.374071,28.185515
64.416757,-443.845050,28.185286
64.248892,-444.316030,28.185058
64.081028,-444.787009,28.184829
63.913164,-445.257988,28.184601
63.742325,-445.727895,28.185903
63.571486,-446.197802,28.187206
63.400648,-446.667709,28.188509
63.229809,-447.137615,28.189812
63.051446,-447.604707,28.193317
62.873083,-448.071798,28.196823
62.694720,-448.538890,28.200328
62.511343,-449.004048,28.201072
62.327966,-449.469206,28.201815
62.144589,-449.934365,28.202559
61.961212,-450.399523,28.203302
61.767269,-450.860368,28.206202
61.573327,-451.321213,28.209102
61.379385,-451.782058,28.212002
61.185443,-452.242903,28.214902
60.991501,-452.703748,28.217803
60.791187,-453.161862,28.220053
60.590872,-453.619977,28.222303
60.390558,-454.078092,28.224553
60.190244,-454.536207,28.226803
59.989930,-454.994322,28.229053
59.777018,-455.446718,28.231511
59.564107,-455.899115,28.233968
59.351196,-456.351512,28.236426
59.138284,-456.803908,28.238883
58.925373,-457.256305,28.241341
58.712462,-457.708701,28.243799
58.483826,-458.153357,28.246494
58.255190,-458.598012,28.249189
58.026554,-459.042667,28.251884
57.797918,-459.487323,28.254579
57.569282,-459.931978,28.257275
57.340646,-460.376633,28.259970
57.084547,-460.806058,28.262797
56.828449,-461.235483,28.265623
56.572351,-461.664908,28.268450
56.316253,-462.094333,28.271277
56.060155,-462.523757,28.274104
55.777884,-462.936458,28.275338
55.495613,-463.349158,28.276572
55.213342,-463.761859,28.277806
54.931072,-464.174559,28.279040
54.626630,-464.571189,28.278620
54.322189,-464.967819,28.278200
54.017747,-465.364449,28.277781
53.713306,-465.761079,28.277361
53.392610,-466.144686,28.277107
53.071914,-466.528292,28.276853
52.751218,-466.911899,28.276598
52.430522,-467.295506,28.276344
52.109827,-467.679112,28.276090
51.789131,-468.062719,28.275835
51.454199,-468.433961,28.276597
51.119268,-468.805202,28.277359
50.784337,-469.176444,28.278121
50.449405,-469.547686,28.278884
50.114474,-469.918927,28.279646
49.779542,-470.290169,28.280408
49.435886,-470.653348,28.281479
49.092229,-471.016527,28.282550
48.748573,-471.379706,28.283620
48.404916,-471.742885,28.284691
48.061260,-472.106064,28.285762
47.717603,-472.469243,28.286833
47.366613,-472.825342,28.287224
47.015623,-473.181440,28.287615
46.664633,-473.537538,28.288006
46.313644,-473.893636,28.288397
45.962654,-474.249735,28.288788
45.611664,-474.605833,28.289179
45.253782,-474.955002,28.290189
44.895900,-475.304172,28.291198
44.538018,-475.653342,28.292208
44.180136,-476.002511,28.293217
43.822253,-476.351681,28.294227
43.761511,-476.410945,28.294398
43.393456,-476.749370,28.296388
43.025402,-477.087796,28.298379
42.657347,-477.426222,28.300369
42.289293,-477.764647,28.302360
41.921238,-478.103073,28.304350
41.542701,-478.429736,28.305145
41.164163,-478.756398,28.305939
40.785625,-479.083061,28.306733
40.407087,-479.409724,28.307527
40.028549,-479.736386,28.308322
39.650012,-480.063049,28.309116
39.259444,-480.375229,28.309053
38.868875,-480.687410,28.308990
38.478307,-480.999590,28.308928
38.087739,-481.311770,28.308865
37.697171,-481.623951,28.308802
37.306603,-481.936131,28.308739
36.916035,-482.248311,28.308676
36.516558,-482.549005,28.309778
36.117081,-482.849699,28.310881
35.717604,-483.150394,28.311983
35.318127,-483.451088,28.313085
34.918650,-483.751782,28.314187
34.519173,-484.052476,28.315289
34.119696,-484.353170,28.316391
33.717382,-484.650047,28.313736
33.315067,-484.946925,28.311081
32.912753,-485.243802,28.308426
32.510439,-485.540679,28.305771
32.108124,-485.837556,28.303116
31.705810,-486.134433,28.300461
31.299315,-486.425572,28.300612
30.892819,-486.716711,28.300764
30.486324,-487.007849,28.300916
30.079829,-487.298988,28.301068
29.673334,-487.590126,28.301220
29.589356,-487.650273,28.301251
29.175123,-487.930293,28.301231
28.760890,-488.210313,28.301210
28.346658,-488.490333,28.301190
27.932425,-488.770353,28.301169
27.513974,-489.044030,28.301143
27.095524,-489.317707,28.301117
26.677073,-489.591384,28.301091
26.258622,-489.865060,28.301065
25.840172,-490.138737,28.301039
25.418013,-490.406659,28.301298
24.995855,-490.674582,28.301557
24.573697,-490.942504,28.301816
24.151538,-491.210426,28.302075
23.722620,-491.467387,28.302572
23.293702,-491.724348,28.303070
22.864784,-491.981309,28.303568
22.435866,-492.238270,28.304066
22.006947,-492.495231,28.304564
21.578029,-492.752192,28.305062
21.144514,-493.001316,28.306529
20.711000,-493.250440,28.307996
20.277485,-493.499565,28.309462
19.843971,-493.748689,28.310929
19.410456,-493.997813,28.312396
18.976942,-494.246938,28.313863
18.543427,-494.496062,28.315330
18.104906,-494.736264,28.316928
17.666385,-494.976465,28.318526
17.227864,-495.216666,28.320124
16.789343,-495.456868,28.321722
16.350822,-495.697069,28.323320
15.912301,-495.937271,28.324918
15.473780,-496.177472,28.326516
15.033181,-496.413845,28.327364
14.592582,-496.650218,28.328212
14.151984,-496.886591,28.329061
13.711385,-497.122964,28.329909
13.270786,-497.359336,28.330757
12.830188,-497.595709,28.331606
12.389589,-497.832082,28.332454
11.949404,-498.069224,28.333502
11.509219,-498.306365,28.334551
11.069034,-498.543506,28.335599
10.628849,-498.780648,28.336648
10.188664,-499.017789,28.337696
9.748479,-499.254930,28.338745
9.308294,-499.492072,28.339793
8.867895,-499.728817,28.340843
8.427497,-499.965561,28.341893
7.987099,-500.202306,28.342942
7.546700,-500.439051,28.343992
7.106302,-500.675796,28.345042
6.665903,-500.912541,28.346092
6.225505,-501.149286,28.347141
5.784400,-501.384703,28.349372
5.343294,-501.620120,28.351603
4.902189,-501.855537,28.353834
4.461084,-502.090954,28.356064
4.019979,-502.326371,28.358295
3.578874,-502.561788,28.360526
3.137768,-502.797205,28.362757
2.698264,-503.035590,28.365696
2.258759,-503.273974,28.368636
1.819254,-503.512358,28.371575
1.379750,-503.750742,28.374514
0.940245,-503.989126,28.377454
0.500740,-504.227511,28.380393
0.062008,-504.467318,28.382990
-0.376723,-504.707125,28.385587
-0.815455,-504.946932,28.388184
-1.254187,-505.186740,28.390781
-1.692919,-505.426547,28.393378
-2.131651,-505.666354,28.395975
-2.570383,-505.906161,28.398572
-3.009983,-506.144375,28.400996
-3.449583,-506.382589,28.403420
-3.889183,-506.620804,28.405844
-4.328783,-506.859018,28.408268
-4.768383,-507.097232,28.410692
-5.207983,-507.335446,28.413117
-5.647994,-507.572896,28.415872
-6.088006,-507.810346,28.418628
-6.528017,-508.047796,28.421384
-6.968028,-508.285246,28.424140
-7.408039,-508.522697,28.426896
-7.848050,-508.760147,28.429652
-8.287561,-508.998532,28.431308
-8.727072,-509.236918,28.432963
-9.166582,-509.475303,28.434618
-9.606093,-509.713689,28.436273
-10.045604,-509.952074,28.437929
-10.485114,-510.190460,28.439584
-10.925099,-510.427971,28.441027
-11.365084,-510.665482,28.442470
-11.805068,-510.902993,28.443914
-12.245053,-511.140504,28.445357
-12.685037,-511.378015,28.446800
-13.125022,-511.615526,28.448243
-13.563862,-511.855148,28.448388
-14.002703,-512.094771,28.448532
-14.441543,-512.334394,28.448676
-14.880384,-512.574017,28.448820
-15.319224,-512.813639,28.448965
-15.758064,-513.053262,28.449109
-16.197679,-513.291462,28.448903
-16.637293,-513.529662,28.448696
-17.076907,-513.767862,28.448490
-17.516522,-514.006062,28.448283
-17.956136,-514.244262,28.448077
-18.396493,-514.481086,28.448379
-18.836850,-514.717910,28.448680
-19.277207,-514.954734,28.448982
-19.717564,-515.191558,28.449284
-20.157921,-515.428382,28.449585
-20.598278,-515.665206,28.449887
-21.038989,-515.901371,28.449253
-21.479699,-516.137535,28.448619
-21.920410,-516.373700,28.447984
-22.361121,-516.609864,28.447350
-22.804099,-516.841747,28.446542
-23.247077,-517.073630,28.445733
-23.690055,-517.305513,28.444925
-24.133033,-517.537396,28.444117
-24.572919,-517.775093,28.443158
-25.012804,-518.012790,28.442199
-25.452690,-518.250487,28.441239
-25.892575,-518.488184,28.440280
-26.332461,-518.725881,28.439321
-26.771688,-518.964793,28.438548
-27.210915,-519.203706,28.437775
-27.650141,-519.442618,28.437002
-28.089368,-519.681531,28.436229
-28.528595,-519.920443,28.435456
-28.970430,-520.154499,28.435363
-29.412264,-520.388555,28.435271
-29.854099,-520.622612,28.435179
-30.295933,-520.856668,28.435087
-30.737767,-521.090724,28.434995
-31.179284,-521.325378,28.434765
-31.620802,-521.560033,28.434534
-32.062319,-521.794687,28.434304
-32.503836,-522.029341,28.434073
-32.945353,-522.263995,28.433842
-33.387270,-522.497896,28.433574
-33.829187,-522.731796,28.433306
-34.271104,-522.965696,28.433037
-34.713020,-523.199597,28.432769
-35.154937,-523.433497,28.432501
-35.592820,-523.674865,28.432161
-36.030703,-523.916233,28.431822
-36.468586,-524.157600,28.431483
-36.906469,-524.398968,28.431143
-37.344352,-524.640336,28.430804
-37.784638,-524.877290,28.430042
-38.224925,-525.114245,28.429280
-38.665211,-525.351200,28.428518
-39.105497,-525.588154,28.427757
-39.545783,-525.825109,28.426995
-39.986069,-526.062063,28.426233
-40.427490,-526.296895,28.424825
-40.868911,-526.531726,28.423418
-41.310332,-526.766557,28.422010
-41.751753,-527.001388,28.420603
-42.191422,-527.239486,28.420298
-42.631092,-527.477583,28.419994
-43.070762,-527.715681,28.419690
-43.510432,-527.953778,28.419386
-43.950101,-528.191876,28.419082
-44.389771,-528.429973,28.418777
-44.829441,-528.668071,28.418473
-45.271680,-528.901360,28.419371
-45.713919,-529.134649,28.420268
-46.156158,-529.367938,28.421166
-46.598397,-529.601227,28.422063
-47.040636,-529.834516,28.422960
-47.482684,-530.068170,28.423264
-47.924731,-530.301823,28.423567
-48.366779,-530.535477,28.423870
-48.808826,-530.769130,28.424174
-49.250874,-531.002783,28.424477
-49.691123,-531.239807,28.424491
-50.131373,-531.476831,28.424506
-50.571622,-531.713855,28.424521
-51.011872,-531.950879,28.424535
-51.452121,-532.187903,28.424550
-51.892444,-532.424790,28.425334
-52.332766,-532.661678,28.426118
-52.773088,-532.898565,28.426901
-53.213411,-533.135452,28.427685
-53.653277,-533.373184,28.428756
-54.093144,-533.610915,28.429827
-54.533011,-533.848646,28.430898
-54.972877,-534.086378,28.431968
-55.412744,-534.324109,28.433039
-55.854950,-534.557462,28.433839
-56.297155,-534.790815,28.434638
-56.739361,-535.024168,28.435438
-57.181566,-535.257521,28.436237
-57.623772,-535.490874,28.437037
-58.065291,-535.725525,28.437005
-58.506810,-535.960176,28.436973
-58.948329,-536.194826,28.436940
-59.389848,-536.429477,28.436908
-59.831367,-536.664128,28.436876
-60.274635,-536.895457,28.436654
-60.717903,-537.126786,28.436432
-61.161172,-537.358115,28.436210
-61.601413,-537.595155,28.436114
-62.041653,-537.832195,28.436018
-62.481894,-538.069235,28.435922
-62.922135,-538.306276,28.435826
-63.362375,-538.543316,28.435729
-63.802616,-538.780356,28.435633
-64.243992,-539.015276,28.435688
-64.685368,-539.250196,28.435743
-65.126744,-539.485116,28.435798
-65.568119,-539.720036,28.435852
-66.009495,-539.954956,28.435907
-66.450871,-540.189876,28.435962
-66.892272,-540.424748,28.436223
-67.333674,-540.659619,28.436483
-67.775076,-540.894491,28.436744
-68.216477,-541.129362,28.437004
-68.657879,-541.364233,28.437265
-69.100670,-541.596475,28.437484
-69.543460,-541.828717,28.437703
-69.986251,-542.060960,28.437922
-70.429041,-542.293202,28.438142
-70.871175,-542.526690,28.436943
-71.313308,-542.760177,28.435745
-71.755442,-542.993665,28.434547
-72.197575,-543.227153,28.433348
-72.641230,-543.457734,28.431660
-73.084885,-543.688315,28.429971
-73.528540,-543.918895,28.428282
-73.976687,-544.140626,28.428573
-74.424834,-544.362356,28.428863
-74.860745,-544.578033,28.429146
-75.316371,-544.783949,28.430778
-75.773570,-544.986351,28.432578
-76.233472,-545.182536,28.433635
-76.693375,-545.378721,28.434692
-77.154393,-545.572272,28.435421
-77.615410,-545.765823,28.436149
-78.076428,-545.959374,28.436878
-78.541149,-546.143857,28.437757
-79.005869,-546.328340,28.438636
-79.473974,-546.504058,28.439780
-79.942079,-546.679775,28.440925
-80.414001,-546.844969,28.441581
-80.885924,-547.010162,28.442238
-81.359383,-547.170899,28.442457
-81.832842,-547.331635,28.442677
-82.309043,-547.484059,28.442850
-82.785243,-547.636483,28.443023
-83.261443,-547.788908,28.443196
-83.740617,-547.931710,28.443476
-84.221213,-548.069650,28.443722
-84.701809,-548.207589,28.443967
-85.182406,-548.345528,28.444212
-85.664004,-548.479928,28.444423
-86.145602,-548.614327,28.444633
-86.627200,-548.748727,28.444844
-87.112381,-548.869553,28.444957
-87.597563,-548.990379,28.445071
-88.082744,-549.111206,28.445184
-88.567926,-549.232032,28.445298
-89.055686,-549.341987,28.445337
-89.543446,-549.451941,28.445376
-90.031206,-549.561896,28.445416
-90.521669,-549.659086,28.444981
-91.012656,-549.753590,28.444442
-91.503800,-549.847279,28.443872
-91.996095,-549.934717,28.443215
-92.488390,-550.022155,28.442559
-92.981859,-550.102699,28.441818
-93.476263,-550.177290,28.441008
-93.970668,-550.251881,28.440198
-94.467933,-550.304092,28.439251
-94.965199,-550.356303,28.438304
-95.463625,-550.395934,28.437355
-95.962722,-550.425959,28.436408
-96.461818,-550.455984,28.435461
-96.961537,-550.472738,28.434519
-97.461444,-550.482321,28.433594
-97.961393,-550.489379,28.432679
-98.461387,-550.491772,28.431784
-98.961380,-550.494164,28.430889
-99.461361,-550.489886,28.430023
-99.961342,-550.485608,28.429157
-100.461229,-550.475010,28.428413
-100.961116,-550.464411,28.427669
-101.460776,-550.445981,28.427105
-101.960436,-550.427552,28.426541
-102.459533,-550.397512,28.426651
-102.958630,-550.367473,28.426761
-103.457727,-550.337434,28.426871
-103.955873,-550.294434,28.427813
-104.454020,-550.251433,28.428756
-104.949346,-550.183227,28.428722
-105.444672,-550.115020,28.428689
-105.939998,-550.046814,28.428655
-106.435324,-549.978607,28.428622
-106.929398,-549.901854,28.428134
-107.423471,-549.825101,28.427647
-107.917545,-549.748349,28.427160
-108.411619,-549.671596,28.426672
-108.905692,-549.594843,28.426185
-109.398405,-549.509791,28.425699
-109.891118,-549.424739,28.425213
-110.383831,-549.339687,28.424727
-110.876544,-549.254635,28.424240
-111.367175,-549.158300,28.423886
-111.857807,-549.061965,28.423531
-112.345226,-548.950507,28.423291
-112.832645,-548.839050,28.423051
-113.320064,-548.727593,28.422811
-113.804335,-548.603168,28.422654
-114.288606,-548.478743,28.422497
-114.768121,-548.337093,28.422607
-115.247637,-548.195443,28.422718
-115.727152,-548.053793,28.422828
-116.206668,-547.912142,28.422938
-116.683669,-547.762243,28.423194
-117.160670,-547.612343,28.423450
-117.637671,-547.462443,28.423705
-118.114672,-547.312543,28.423961
-118.588195,-547.151997,28.424801
-119.061718,-546.991450,28.425640
-119.535241,-546.830903,28.426480
-120.008764,-546.670356,28.427320
-120.482287,-546.509810,28.428159
-120.947941,-546.327706,28.430344
-121.413595,-546.145602,28.432529
-121.875438,-545.954035,28.434388
-122.337280,-545.762469,28.436248
-122.796659,-545.565063,28.437818
-123.256037,-545.367658,28.439388
-123.711828,-545.162100,28.440497
-124.167618,-544.956543,28.441607
-124.623409,-544.750986,28.442716
-125.074020,-544.534308,28.443172
-125.519434,-544.307138,28.443321
-125.964849,-544.079969,28.443470
-126.410263,-543.852799,28.443619
-126.850382,-543.615532,28.443497
-127.290500,-543.378265,28.443375
-127.727394,-543.135111,28.443361
-128.164288,-542.891957,28.443347
-128.601182,-542.648803,28.443333
-129.035152,-542.400469,28.443444
-129.469122,-542.152135,28.443555
-129.897650,-541.894524,28.443658
-130.326178,-541.636912,28.443762
-130.754706,-541.379301,28.443865
-131.178364,-541.113756,28.443957
-131.602022,-540.848211,28.444049
-132.016467,-540.568505,28.444324
-132.430912,-540.288800,28.444599
-132.845357,-540.009094,28.444873
-133.259802,-539.729388,28.445148
-133.666090,-539.437961,28.445585
-134.072378,-539.146533,28.446023
-134.478666,-538.855106,28.446461
-134.877466,-538.553513,28.446482
-135.276267,-538.251920,28.446504
-135.675067,-537.950328,28.446525
-136.067210,-537.640128,28.446143
-136.459353,-537.329929,28.445762
-136.851496,-537.019729,28.445380
-137.231144,-536.694356,28.445861
-137.610791,-536.368983,28.446342
-137.990438,-536.043610,28.446823
-138.362963,-535.710108,28.448008
-138.735488,-535.376605,28.449193
-139.108013,-535.043103,28.450378
-139.475139,-534.703668,28.451910
-139.842265,-534.364233,28.453442
-140.209391,-534.024798,28.454973
-140.576517,-533.685363,28.456505
-140.939200,-533.341186,28.458240
-141.301884,-532.997010,28.459976
-141.655092,-532.643114,28.461488
-142.008300,-532.289219,28.463000
-142.361508,-531.935324,28.464512
-142.714716,-531.581429,28.466024
-143.053600,-531.213793,28.467145
-143.392484,-530.846157,28.468266
-143.722293,-530.470356,28.469082
-144.052101,-530.094556,28.469899
-144.381910,-529.718756,28.470716
-144.706227,-529.338207,28.471346
-145.030545,-528.957658,28.471976
-145.354863,-528.577109,28.472606
-145.666625,-528.186207,28.473076
-145.978387,-527.795305,28.473546
-146.290149,-527.404403,28.474016
-146.601911,-527.013501,28.474486
-146.896379,-526.609412,28.474783
-147.190848,-526.205323,28.475081
-147.479824,-525.797287,28.475408
-147.768800,-525.389252,28.475736
-148.057776,-524.981217,28.476063
-148.342849,-524.570446,28.476425
-148.627922,-524.159674,28.476788
-148.907828,-523.745365,28.476962
-149.187734,-523.331055,28.477136
-149.467640,-522.916745,28.477311
-149.719688,-522.484921,28.476893
-149.971736,-522.053098,28.476474
-150.223784,-521.621274,28.476056
-150.473517,-521.188107,28.475768
-150.723250,-520.754941,28.475480
-150.972983,-520.321774,28.475191
-151.222716,-519.888607,28.474903
-151.448239,-519.442357,28.475501
-151.673761,-518.996107,28.476098
-151.899284,-518.549857,28.476695
-152.124807,-518.103607,28.477293
-152.350329,-517.657357,28.477890
-152.552707,-517.200146,28.479301
-152.755085,-516.742936,28.480712
-152.957462,-516.285726,28.482122
-153.148413,-515.823624,28.482304
-153.339364,-515.361523,28.482485
-153.530315,-514.899422,28.482667
-153.721267,-514.437320,28.482848
-153.912218,-513.975219,28.483030
-154.089152,-513.507575,28.481246
-154.266086,-513.039931,28.479462
-154.443020,-512.572286,28.477678
-154.610736,-512.101263,28.474742
-154.778452,-511.630240,28.471807
-154.946167,-511.159217,28.468871
-155.113883,-510.688194,28.465936
-155.274959,-510.214864,28.462216
-155.436035,-509.741535,28.458497
-155.589349,-509.265622,28.460009
-155.742662,-508.789710,28.461520
-155.895975,-508.313797,28.463032
-156.049288,-507.837885,28.464544
-156.195281,-507.359719,28.471156
-156.341275,-506.881554,28.477767
-156.487269,-506.403388,28.484379
-156.622963,-505.922158,28.486409
-156.758657,-505.440927,28.488439
-156.894351,-504.959696,28.490470
-157.030045,-504.478466,28.492500
-157.165739,-503.997235,28.494530
-157.293639,-503.513881,28.491300
-157.421538,-503.030527,28.488069
-157.549438,-502.547172,28.484839
-157.677337,-502.063818,28.481608
-157.791071,-501.576931,28.479244
-157.904805,-501.090044,28.476879
-158.018539,-500.603157,28.474515
-158.132273,-500.116270,28.472151
-158.246007,-499.629383,28.469787
-158.344421,-499.139164,28.469590
-158.442836,-498.648945,28.469393
-158.541250,-498.158726,28.469196
-158.639664,-497.668507,28.468999
-158.738078,-497.178288,28.468802
-158.836493,-496.688069,28.468605
-158.859551,-496.573211,28.468558
-158.914463,-496.076237,28.467697
-158.969376,-495.579262,28.466835
-159.024288,-495.082287,28.465973
-159.079200,-494.585312,28.465112
-159.114629,-494.086579,28.461932
-159.150057,-493.587846,28.458752
-159.185486,-493.089113,28.455572
-159.220915,-492.590380,28.452393
-159.225223,-492.090444,28.445674
-159.229531,-491.590507,28.438954
-159.233840,-491.090571,28.432235
-159.238148,-490.590635,28.425516
-159.242457,-490.090699,28.418797
-159.220307,-489.591189,28.419045
-159.198158,-489.091680,28.419293
-159.176008,-488.592171,28.419541
-159.153858,-488.092662,28.419788
-159.131708,-487.593153,28.420036
-159.091755,-487.094752,28.420453
-159.051801,-486.596351,28.420869
-159.011847,-486.097950,28.421286
-158.971893,-485.599549,28.421702
-158.961110,-485.465046,28.421815
-158.874128,-484.972768,28.411988
-158.787146,-484.480490,28.402161
-158.692434,-483.989548,28.399797
-158.597721,-483.498606,28.397433
-158.503009,-483.007664,28.395069
-158.408297,-482.516722,28.392705
-158.295825,-482.029541,28.394917
-158.183352,-481.542361,28.397128
-158.070880,-481.055180,28.399340
-157.958408,-480.567999,28.401551
-157.845936,-480.080818,28.403763
-157.715696,-479.598080,28.404726
-157.585457,-479.115341,28.405690
-157.455217,-478.632602,28.406654
-157.316460,-478.152249,28.409369
-157.177704,-477.671896,28.412085
-157.038947,-477.191542,28.414800
-156.900191,-476.711189,28.417515
-156.747068,-476.235221,28.420299
-156.593944,-475.759253,28.423083
-156.440821,-475.283285,28.425868
-156.287698,-474.807317,28.428652
-156.211411,-474.570187,28.430039
-156.034168,-474.102673,28.433949
-155.856925,-473.635158,28.437859
-155.679681,-473.167644,28.441770
-155.490875,-472.704664,28.442690
-155.302068,-472.241683,28.443610
-155.113262,-471.778702,28.444530
-154.920888,-471.317198,28.447021
-154.728514,-470.855693,28.449511
-154.536141,-470.394189,28.452002
-154.337119,-469.935525,28.456190
-154.138098,-469.476860,28.460378
-153.939077,-469.018196,28.464567
-153.727839,-468.565009,28.465115
-153.516601,-468.111823,28.465664
-153.305362,-467.658636,28.466212
-153.094124,-467.205449,28.466761
-152.882886,-466.752263,28.467310
-152.656385,-466.306518,28.470368
-152.429884,-465.860774,28.473426
-152.203383,-465.415030,28.476484
-151.976883,-464.969286,28.479542
-151.740495,-464.528695,28.480419
-151.504108,-464.088104,28.481295
-151.267721,-463.647513,28.482171
-151.031334,-463.206922,28.483047
-150.794947,-462.766331,28.483924
-150.557318,-462.326408,28.484378
-150.319689,-461.886485,28.484832
-150.082060,-461.446562,28.485286
-149.844432,-461.006639,28.485740
-149.606803,-460.566715,28.486194
-149.366299,-460.128357,28.486259
-149.125796,-459.689999,28.486324
-148.885292,-459.251640,28.486389
-148.644788,-458.813282,28.486455
-148.404285,-458.374924,28.486520
-148.163484,-457.936730,28.485635
-147.922682,-457.498536,28.484750
-147.681881,-457.060342,28.483866
-147.441080,-456.622148,28.482981
-147.200279,-456.183954,28.482096
-146.959478,-455.745760,28.481211
-146.716151,-455.308962,28.481739
-146.472825,-454.872165,28.482267
-146.229499,-454.435367,28.482795
-145.986172,-453.998570,28.483323
-145.742358,-453.562046,28.484656
-145.498543,-453.125523,28.485988
-145.254729,-452.688999,28.487321
-145.010915,-452.252476,28.488653
-144.767100,-451.815952,28.489986
-144.527966,-451.376849,28.491710
-144.288832,-450.937745,28.493434
-144.049698,-450.498642,28.495158
-143.810564,-450.059538,28.496882
-143.571429,-449.620435,28.498606
-143.329980,-449.182603,28.500799
-143.088530,-448.744770,28.502991
-142.847081,-448.306938,28.505184
-142.605631,-447.869105,28.507376
-142.357946,-447.434768,28.509160
-142.110261,-447.000430,28.510944
-141.862576,-446.566093,28.512728
-141.614891,-446.131756,28.514513
-141.367206,-445.697418,28.516297
-141.119521,-445.263081,28.518081
-140.871836,-444.828743,28.519865
-140.860648,-444.809124,28.519945
-140.620430,-444.370611,28.521133
-140.380212,-443.932098,28.522321
-140.139994,-443.493585,28.523509
-139.899776,-443.055071,28.524696
-139.659558,-442.616558,28.525884
-139.416765,-442.179467,28.527658
-139.173972,-441.742376,28.529431
-138.931179,-441.305286,28.531205
-138.688386,-440.868195,28.532979
-138.445593,-440.431104,28.534752
-138.202800,-439.994013,28.536526
-137.960007,-439.556922,28.538300
-137.717732,-439.119544,28.539964
-137.475457,-438.682165,28.541628
-137.233181,-438.244787,28.543292
-136.990906,-437.807408,28.544956
-136.748631,-437.370030,28.546620
-136.502450,-436.934835,28.547260
-136.256269,-436.499640,28.547901
-136.010088,-436.064445,28.548541
-135.763907,-435.629250,28.549182
-135.517726,-435.194056,28.549822
-135.273807,-434.757591,28.548372
-135.029888,-434.321126,28.546922
-134.785970,-433.884661,28.545472
-134.542051,-433.448196,28.544021
-134.298132,-433.011732,28.542571
-134.053744,-432.575527,28.542624
-133.809356,-432.139322,28.542676
-133.564968,-431.703118,28.542728
-133.320580,-431.266913,28.542781
-133.076192,-430.830709,28.542833
-132.831803,-430.394504,28.542885
-132.587415,-429.958299,28.542937
-132.343027,-429.522095,28.542990
-132.102594,-429.083698,28.543347
-131.862160,-428.645302,28.543704
-131.689798,-428.331023,28.543960
