x,y,z
-131.689797550614,-428.331022937782,28.5439602819543
-131.449698491416,-427.892507288206,28.5443410961127
-131.20959943115,-427.453991639278,28.5447219102688
-130.969500429575,-427.01547595781,28.545102724428
-130.729401081244,-426.576960468313,28.5454835386297
-130.48930340664,-426.138444052312,28.545864353443
-130.245160872058,-425.702166677247,28.5450378170053
-130.001016350191,-425.265890402246,28.5442106036237
-129.756872458257,-424.829613778545,28.5433833903436
-129.512728371448,-424.393337262717,28.5425561770686
-129.268584343705,-423.957060714194,28.5417289637946
-129.024440298888,-423.520784175119,28.5409017505205
-128.780296256579,-423.084507634671,28.5400745372463
-128.536152223871,-422.648231088842,28.5392473239722
-128.291998282532,-422.211960088116,28.5408976446445
-128.047844328269,-421.775689094621,28.5425515686135
-127.803690380686,-421.339418097396,28.5442054925824
-127.559536419432,-420.90314710779,28.5458594165515
-127.315382508521,-420.466876090134,28.5475133405204
-127.071228400429,-420.030605182336,28.549167264493
-126.827075066271,-419.594333843353,28.5508211884921
-126.582918700872,-419.158064193177,28.5524751129564
-126.340429739238,-418.720865575598,28.5528427370845
-126.097943958831,-418.283665185648,28.5532073805621
-125.855457284072,-417.846465293971,28.5535720240311
-125.612970864336,-417.409265260221,28.5539366675
-125.370484356076,-416.972065275756,28.5543013109686
-125.12799793927,-416.534865240473,28.5546659544375
-124.885511238411,-416.097665362926,28.5550305979066
-124.643025616962,-415.660464886011,28.5553952413824
-124.400114633649,-415.223500600464,28.5556224111744
-124.157202527457,-414.78653693842,28.5558491378415
-123.914290733477,-414.349573103012,28.5560758645082
-123.671378849628,-413.912609317512,28.5563025911749
-123.428467003729,-413.475645510912,28.5565293178416
-123.185555097033,-413.03868173818,28.5567560445083
-122.942643400347,-412.601717848416,28.5569827711751
-122.699730904198,-412.164754404179,28.5572094978429
-122.456821471974,-411.727789252467,28.5574362245305
-122.212994801589,-411.29133526295,28.5571555844701
-121.969164951793,-410.854883045267,28.5568727899253
-121.725335975391,-410.418430340857,28.5565899953827
-121.481506763206,-409.981977767845,28.5563072008401
-121.237677599373,-409.545525167887,28.5560244062976
-120.993848484982,-409.109072540374,28.5557416117552
-120.750019117584,-408.672620053863,28.5554588172124
-120.506190733258,-408.236167019485,28.5551760226686
-120.262358594621,-407.799716077387,28.5548932281004
-120.019432708901,-407.362760080089,28.5540382585036
-119.776510717243,-406.925801912629,28.5531802729919
-119.533587656668,-406.488844340876,28.5523222874875
-119.290664901315,-406.051886599028,28.5514643019829
-119.047742013627,-405.614928930906,28.5506063164785
-118.804819348039,-405.177971139101,28.5497483309737
-118.561895914823,-404.741013774742,28.5488903454677
-118.318975378281,-404.304054797408,28.5480323599291
-118.075457595535,-403.867428388683,28.5477695795568
-117.831936815903,-403.430803648738,28.5475104734047
-117.588416834173,-402.994178464484,28.5472513672537
-117.344896710217,-402.557553359452,28.5469922611026
-117.1013763387,-402.120928392173,28.5467331549514
-116.857857121246,-401.684302782646,28.5464740487996
-116.614333467331,-401.247679642072,28.5462149426294
-116.371622110519,-400.810604446504,28.5461116902463
-116.128915363855,-400.37352668532,28.5460095246445
-115.886207367125,-399.936449619822,28.5459073590436
-115.643499690378,-399.499372376229,28.5458051934425
-115.400792003708,-399.062295138233,28.5457030278415
-115.158084027395,-398.625218061141,28.5456008622405
-114.915377237012,-398.188140325151,28.5454986966391
-114.672475162334,-397.751171087121,28.5457518643919
-114.429571912328,-397.314202501901,28.5460077949295
-114.186668767661,-396.877233858876,28.5462637254666
-113.943766404858,-396.440264778726,28.5465196560054
-113.70086076333,-396.003297530534,28.546775586546
-113.457967610514,-395.566323304657,28.5470315171878
-113.213186089057,-395.130404143918,28.5466309694427
-112.968391584006,-394.694492237366,28.5462248662267
-112.723600519938,-394.258578408183,28.5458187630282
-112.478808841741,-393.822664922479,28.5454126598295
-112.234016120255,-393.386752018339,28.5450065566264
-111.989228253951,-392.950836406587,28.5446004534186
-111.744421797534,-392.51493116233,28.5441943499105
-111.502188808358,-392.077590721845,28.5437439163037
-111.259975228701,-391.640239456873,28.543293072275
-111.017756381905,-391.202891129317,28.5428422282846
-110.775538973287,-390.765541999758,28.5423913842915
-110.53332113845,-390.328193107689,28.5419405402996
-110.291103555829,-389.890844075746,28.5414896963075
-110.04888538911,-389.453495366587,28.5410388523147
-109.806669326856,-389.016145494968,28.5405880083214
-109.564445351162,-388.578799994415,28.5401371642787
-109.323208455076,-388.140909272023,28.5397217136618
-109.081979892446,-387.703013946542,28.5393066274851
-108.840748867161,-387.26511998146,28.538891541314
-108.599519282311,-386.827225220246,28.5384764551409
-108.358286391305,-386.389332287089,28.5380613689674
-108.117065390538,-385.951432779189,28.5376462827031
-107.874457767773,-385.51430001106,28.5376651186628
-107.631837744141,-385.077174100056,28.5376887215415
-107.389221073571,-384.640046334959,28.5377123244196
-107.146603511181,-384.202919062998,28.5377359272976
-106.903986129938,-383.765791690869,28.5377595301758
-106.661368926818,-383.328664220253,28.5377831330539
-106.418750819572,-382.891537249555,28.537806735932
-106.176136181755,-382.454408360505,28.5378303388102
-105.933508456693,-382.017286707787,28.5378539416937
-105.69228385749,-381.579389224126,28.5381305658833
-105.451073016259,-381.141484133222,28.5384102326869
-105.209858410117,-380.703581124204,28.5386898994826
-104.968644986586,-380.265677460716,28.5389695662793
-104.727430624966,-379.827774318064,28.5392492330742
-104.486218844776,-379.38986974001,28.5395288998773
-104.244997602788,-378.951970423985,28.5398085666789
-104.003811911445,-378.514051336808,28.5400882338922
-103.759080221627,-378.078104324593,28.5389366725237
-103.514311104309,-377.642178127356,28.5377665799615
-103.269552137244,-377.2062462851,28.536596487622
-103.024790292479,-376.770316043433,28.5354263952593
-102.78002973078,-376.334385087517,28.5342563029095
-102.535266921115,-375.898455384353,28.5330862105366
-102.290511871335,-375.462521355947,28.5319161181719
-102.045727819112,-375.026603493298,28.53074602479
-101.803652482173,-374.58917580838,28.5290145255115
-101.561607765493,-374.151731055629,28.5272752507352
-101.319554665597,-373.714290976666,28.5255359761635
-101.077504262332,-373.276849390742,28.5237967015536
-100.83545150439,-372.839409131868,28.522057427013
-100.59340549695,-372.401965055539,28.5203181521696
-100.351334679899,-371.964535013816,28.5185788774894
-100.109356971264,-371.52705230011,28.5168395887147
-99.8591830377882,-371.094206248248,28.5175761655194
-99.6089105886255,-370.661415927439,28.5183491883974
-99.3586648497043,-370.228610496342,28.5191222104246
-99.1084114744846,-369.795809385585,28.5198952325511
-98.8581617534951,-369.363006205979,28.5206682546181
-98.6079050604352,-368.930206976636,28.5214412768134
-98.3576727479442,-368.497393932049,28.5222142989218
-98.1073492908268,-368.064632535013,28.522987326435
-97.8645923371882,-367.627583520862,28.5251448371752
-97.6219319281385,-367.19047979583,28.527323976683
-97.3792457261784,-366.753390698338,28.5295031140457
-97.1365655585639,-366.316298137167,28.5316822517728
-96.8938872331645,-365.879204698359,28.5338613889618
-96.6511953785,-365.442118301565,28.5360405281655
-96.4085561160803,-365.005004448088,28.5382196640877
-96.1813141135236,-364.559866598616,28.5398537503728
-95.9655724428558,-364.108811473791,28.5412819456134
-95.7432340777004,-363.660916916026,28.5427102633775
-95.5475908100308,-363.201028044591,28.5446539457281
-95.3625416289173,-362.736586159887,28.5467928208736
-95.1694410536724,-362.275156166456,28.5489328097576
-95.0145063766072,-361.800294688233,28.5517400735192
-94.8657269715437,-361.32259846718,28.5548041122594
-94.7550369864657,-360.835639754663,28.5575790571765
-94.6549512287753,-360.345514370279,28.5602495223285
-94.578626925676,-359.851772150401,28.5626043390498
-94.506265764402,-359.35675902446,28.5648434874476
-94.4715320570092,-358.858521650368,28.5674225865465
-94.4468930650746,-358.358913815301,28.5701338336421
-94.4463760466909,-357.859286380579,28.5731938124051
-94.4503403807901,-357.359077006411,28.5763895363818
-94.4904007477965,-356.861157142013,28.5779563068546
-94.5466214232897,-356.364294109201,28.5789096862645
-94.5929761512626,-355.866245182853,28.5798633801067
-94.6806950429575,-355.374523777623,28.5785008869737
-94.7755523730226,-354.883264470512,28.5762618970575
-94.9082117441313,-354.401831255953,28.5738875441191
-95.0518164022243,-353.922645057198,28.5714581590664
-95.2179917967306,-353.451485573969,28.5692191529945
-95.3883017569335,-352.981092737392,28.5670485921001
-95.593222843253,-352.525623380347,28.5647129930689
-95.8077520266141,-352.073745459091,28.5623116834643
-96.0435019435052,-351.633237650852,28.5597378472231
-96.2834953144094,-351.194336203034,28.557095467151
-96.5542351103511,-350.774558346484,28.5533193586316
-96.8384668433977,-350.363112183951,28.5491121266814
-97.1157377051344,-349.947004354135,28.5449053893927
-97.4220287279404,-349.55208300078,28.5393024730081
-97.7612042429274,-349.184703982804,28.5346162220605
-98.106611102847,-348.823350977754,28.5304753871037
-98.4468393682594,-348.456700650123,28.5263319683876
-98.8127640951786,-348.11664063541,28.5242714947342
-99.1830061782173,-347.780104850903,28.522991736464
-99.5787944776482,-347.475632241586,28.5223616188605
-99.9824022190527,-347.180113643422,28.5219746744278
-100.39927149481,-346.904660810473,28.5216586295924
-100.821714560155,-346.637105322791,28.5213689800565
-101.247373936904,-346.374980016773,28.5209631229784
-101.675978315087,-346.117608447865,28.520513448124
-102.102527100264,-345.856872704755,28.5191132272959
-102.54572583609,-345.625415694406,28.5174481185106
-102.98807568233,-345.392485849069,28.515796313928
-103.430723546009,-345.16008495761,28.5139847100833
-103.873454452234,-344.92785262382,28.5101573441735
-104.316204266165,-344.695653559736,28.5061967929313
-104.759065664074,-344.463668117689,28.5005854643415
-105.201930646053,-344.231689335439,28.4948198359233
-105.644927559927,-343.999962627319,28.4871388188902
-106.08792235397,-343.768231875612,28.4793281056405
-106.531036109227,-343.536728636673,28.4699076429706
-106.974115028206,-343.305158872203,28.4605857213593
-107.41676472799,-343.072769504714,28.4524845703513
-107.859415572069,-342.840382481362,28.4444869033684
-108.301773622254,-342.607438453741,28.4377705505376
-108.744123756807,-342.374479549455,28.4311820593053
-109.186118381066,-342.140846671146,28.426177769046
-109.628109328001,-341.907206994009,28.4212963625495
-110.069755549297,-341.672916193312,28.4179402549001
-110.511405276884,-341.438632111033,28.4146621207476
-110.952814803598,-341.203895709391,28.412354377364
-111.394234781821,-340.969179009063,28.4100536800566
-111.835621151214,-340.734399077255,28.4078409320545
-112.277001988215,-340.499608837901,28.4056328313938
-112.718373309173,-340.264800385631,28.4034829119396
-113.159661250506,-340.029836419141,28.4014298614052
-113.599683914905,-339.792509686787,28.4005932690142
-114.039694723664,-339.555162671151,28.3998381837436
-114.478589131539,-339.315755882096,28.4001099777671
-114.917459903699,-339.076307477147,28.4004755963738
-115.355017171155,-338.834465598974,28.4020272098857
-115.79260426183,-338.592678295578,28.4036551856557
-116.228992282665,-338.348734165923,28.4062087337945
-116.663882600787,-338.1021287049,28.4082191396257
-117.098743514901,-337.855473093833,28.4101639993753
-117.532269641944,-337.606476717088,28.4112739445175
-117.965745454389,-337.357395699247,28.4122596167962
-118.396869999952,-337.104262384559,28.4115487584391
-118.826010115917,-336.847784917031,28.4094397877059
-119.251623582577,-336.585490919035,28.4072352392134
-119.675261536601,-336.320022540572,28.4057121119164
-120.096439569284,-336.050665002846,28.4053697864014
-120.515297260359,-335.777716914385,28.4062630506232
-120.930814033657,-335.499705813685,28.4079559613995
-121.345217269302,-335.220039220975,28.4095026981301
-121.758447803148,-334.93864329698,28.4106266140654
-122.168485106164,-334.652613953175,28.4111828426849
-122.576326391595,-334.363457353618,28.4116860894629
-122.980334092659,-334.068983331557,28.4122380303269
-123.375003722368,-333.762087960959,28.4140807279978
-123.764828185944,-333.449068708715,28.4174113030165
-124.147693093431,-333.127586287548,28.4227521921463
-124.51993509627,-332.793838143708,28.4296866098806
-124.887946334918,-332.455456180645,28.4360755092765
-125.248696489714,-332.109311049708,28.4411934558223
-125.602829403722,-331.756454740532,28.4450453632165
-125.93644557289,-331.384067405895,28.4466826451907
-126.256022850097,-330.999635059028,28.4470395749882
-126.561736460683,-330.604028200281,28.4461380418257
-126.866556261963,-330.207818116933,28.445125913767
-127.146750891355,-329.793724910201,28.4426625570201
-127.427688643533,-329.380193040213,28.4402042209897
-127.696610963044,-328.958743855433,28.4378151567875
-127.952148848931,-328.529000335052,28.435540492673
-128.187870400412,-328.088217752351,28.4334263680134
-128.380041988799,-327.626592775604,28.4315137338907
-128.561298318932,-327.160727150037,28.4296232507565
-128.713617976737,-326.684506819443,28.4279522492396
-128.854681054667,-326.204901375279,28.4265378992143
-128.975497855382,-325.719757697334,28.4255408225794
-129.076296560886,-325.230100567161,28.4243486899257
-129.15529468156,-324.736418084666,28.4227233271579
-129.225052002072,-324.241389311095,28.4208903538121
-129.266841650603,-323.743177229601,28.4189042445449
-129.292073984466,-323.243867521002,28.4169368498214
-129.297642917158,-322.743979714651,28.4150535574965
-129.271829580539,-322.244677296279,28.4133643483101
-129.233836215124,-321.746195942634,28.4117710184318
-129.179134101223,-321.249240281403,28.4103019027316
-129.109435255864,-320.754192742707,28.4089379323069
-129.011305059425,-320.263968367203,28.4075752105729
-128.892284236643,-319.77839442337,28.406083321766
-128.763591248759,-319.295309703702,28.40452265153
-128.614732581055,-318.818029547885,28.4030497915959
-128.449402629864,-318.346225058053,28.4018438789615
-128.26544431003,-317.881348974885,28.4007480615839
-128.07071156733,-317.420890221956,28.3995329623667
-127.861620770609,-316.966778021625,28.3981384186064
-127.635803172377,-316.520732275609,28.3968384166264
-127.406680312205,-316.076386663789,28.3958306359659
-127.174130853208,-315.633819379249,28.3951573036595
-126.941480737586,-315.191308423126,28.3945369642055
-126.704091983928,-314.751318247458,28.3946251912294
-126.466941188555,-314.311201544104,28.3947218091874
-126.230126110627,-313.870903654066,28.3949358818748
-125.993542676829,-313.430481384718,28.3952153109
-125.756999169025,-312.990037545615,28.3955001563488
-125.520609795463,-312.549511417687,28.3958749619037
-125.281966584966,-312.110201423969,28.3964781630757
-125.043320610236,-311.670893638332,28.3970934099565
-124.802876217458,-311.232566923122,28.3978719966735
-124.562393173985,-310.794262147919,28.3986647683551
-124.319734289609,-310.357157441199,28.3996505586603
-124.077068315433,-309.920057379105,28.4006500758187
-123.832224574157,-309.484172831272,28.4018295946178
-123.587103435302,-309.048444616973,28.4029073604977
-123.34197885769,-308.612718216822,28.4039764102357
-123.096963435263,-308.176930456512,28.4049258255916
-122.851958177333,-307.741136981264,28.4058632128811
-122.607222019723,-307.305192316073,28.4066349300939
-122.362490658004,-306.869244971417,28.4073941334944
-122.11808833694,-306.433113059726,28.4079858090935
-121.8736923462,-305.996977609086,28.4086528821395
-121.62929549791,-305.560842637127,28.4093277496958
-121.384832948873,-305.124744488052,28.4101109362201
-121.14036693773,-304.688648281217,28.4109050538584
-120.895789316204,-304.252614657387,28.4118516232139
-120.651208199256,-303.816582996574,28.4128094209018
-120.406510432867,-303.380616787169,28.4139434923813
-120.161958619116,-302.944568687723,28.4153456141064
-119.917406591801,-302.508520711498,28.4167593338019
-119.672982229871,-302.072401156852,28.4183362447004
-119.428561845869,-301.636279377023,28.4199289701285
-119.184339475003,-301.200046676921,28.4217449947103
-118.940106226756,-300.763820069004,28.4235610192797
-118.695883198632,-300.327587740401,28.4253889087805
-118.451811640422,-299.891270643583,28.4273851991348
-118.2077341773,-299.45495685348,28.4293814894737
-117.963656990914,-299.018642900304,28.4313777798416
-117.719584583571,-298.582326303242,28.4333740701092
-117.475496216128,-298.146018543787,28.4353703607232
-117.234920308793,-297.707765598759,28.4548501231896
-116.994636049078,-297.269351090264,28.4751869314217
-116.754353127729,-296.830936035147,28.495523731418
-116.511902493982,-296.393716410569,28.5016902972068
-116.269345215977,-295.956555613146,28.5071955639039
-116.026816459018,-295.51937908292,28.5127008294483
-115.78428005184,-295.082206772713,28.5182060952054
-115.541745696211,-294.64503333083,28.5237113608984
-115.299210792186,-294.207860191448,28.5292166266082
-115.056676028163,-293.770686974864,28.5347218923134
-114.814141253091,-293.333513764277,28.5402271580199
-114.57160638198,-292.896340607028,28.5457324237259
-114.329071906445,-292.459167230227,28.5512376894327
-114.086535943398,-292.021994678989,28.5567429551371
-113.844005539435,-291.584819042491,28.5622482208612
-113.601332512958,-291.147722560673,28.5661807401699
-113.358652837363,-290.710629769077,28.5700387806125
-113.11597494045,-290.273535990323,28.5738968210517
-112.873296566944,-289.836442476075,28.5777548614916
-112.630618318357,-289.399348892499,28.5816129019314
-112.387940047443,-288.962255321311,28.5854709423711
-112.145261740655,-288.525161770043,28.5893289828108
-111.902583599967,-288.088068126553,28.5931870232506
-111.659901183369,-287.650976857116,28.5931133430208
-111.41721856444,-287.213885700014,28.5928506006958
-111.174535999655,-286.776794512852,28.5925878583708
-110.931853420388,-286.33970333373,28.5923251160459
-110.689170844788,-285.902612152571,28.5920623737209
-110.446488269032,-285.4655209715,28.5917996313959
-110.203805690222,-285.028429792124,28.5915368890709
-109.961123123808,-284.591338605866,28.5912741467459
-109.718440245785,-284.15424759262,28.5889597645658
-109.475757352758,-283.717156587704,28.5865446905876
-109.233074463744,-283.280065580561,28.5841296166096
-108.99039157366,-282.842974574011,28.5817145426315
-108.747708683836,-282.405883567317,28.5792994686535
-108.505025794045,-281.968792560605,28.5768843946754
-108.262342903861,-281.531701554111,28.5744693206974
-108.019660015217,-281.094610546762,28.5720542467192
-107.776977088471,-280.657519560568,28.5660633492781
-107.534294159858,-280.220428575411,28.5598937636239
-107.29161123176,-279.783337589968,28.5537241779696
-107.048928303458,-279.346246604637,28.5475545923152
-106.806245375457,-278.909155619141,28.541385006661
-106.56356244646,-278.472064634196,28.5352154210067
-106.320879521146,-278.03497364721,28.5290458353525
-106.078196582086,-277.597882667838,28.5228762496979
-105.835513694358,-277.160791660039,28.5167066640443
-105.592830614947,-276.723700758391,28.5105370783877
-105.350148251323,-276.286609460346,28.5043674927419
-105.107463214765,-275.849519642555,28.4981979070531
-104.864788159646,-275.412424297104,28.4920283214912
-104.622374056162,-274.975184439008,28.4821377606985
-104.380759384813,-274.537501890709,28.4665290439396
-104.13911727757,-274.099834458733,28.4509203261264
-103.896918060413,-273.66247587575,28.4388307570457
-103.653718721259,-273.225671686493,28.4321238063482
-103.410705365947,-272.788764402109,28.4254168604823
-103.167641458845,-272.351885139658,28.4187099134587
-102.924593774629,-271.914996884843,28.4120029668231
-102.681531751259,-271.478116577218,28.4052960198324
-102.438510859645,-271.041213474288,28.3985890738366
-102.195339787438,-270.604393601355,28.3918821236527
-101.952811114109,-270.16721771148,28.3867418548005
-101.711336921104,-269.729457429853,28.3839996970775
-101.469667640836,-269.291805264427,28.3812575415471
-101.228051757267,-268.854123510252,28.3785153855035
-100.986417376368,-268.416451993655,28.3757732295843
-100.744803584266,-267.978769117602,28.3730310736966
-100.503125947426,-267.541121434562,28.3702889175192
-100.261717626408,-267.10332530905,28.3691073613789
-100.02075220072,-266.665285068446,28.3703214791247
-99.7797050618799,-266.227289866462,28.3715355967002
-99.5386797909795,-265.789282611407,28.3727497143157
-99.2976487619847,-265.351278529736,28.373963831921
-99.0566188973811,-264.913273807626,28.3751779495256
-98.8155901329882,-264.475268474065,28.376392067143
-98.5745558046811,-264.037266226012,28.37760618471
-98.3335426268636,-263.599252250128,28.3788203024678
-98.0924504295136,-263.161282089798,28.3800344195417
-97.8516530906915,-262.723148433403,28.3812485395568
-97.6095944498463,-262.285714156164,28.382813266838
-97.3654477263244,-261.849437699503,28.3849189612817
-97.1216855659151,-261.412948006618,28.3870246491552
-96.877820513706,-260.976515365777,28.3891303385799
-96.6339824637953,-260.540067753974,28.3912360275776
-96.3901392964866,-260.103622973981,28.3933417166755
-96.1462895982343,-259.667181836726,28.3954474057963
-95.9024711341164,-259.230723300631,28.3975530947329
-95.6585342908012,-258.794330702454,28.399658784495
-95.4151040797588,-258.357655908536,28.4021835875063
-95.1725164429715,-257.920511798916,28.4053575837256
-94.9297734057181,-257.483454246283,28.408531578338
-94.6870735640313,-257.046372639139,28.4117055733161
-94.4443563423528,-256.609300692049,28.4148795682445
-94.2016654402769,-256.172214161911,28.4180535629986
-93.9589526869182,-255.735139733346,28.421460485634
-93.7173452025297,-255.297453311954,28.430078891209
-93.4756964771928,-254.859789725855,28.4386972941181
-93.2340588128453,-254.422120015238,28.4473156971724
-92.9924181819616,-253.984451947205,28.4559341001469
-92.7507783464614,-253.546783438764,28.4645525031399
-92.5091382985813,-253.109115047921,28.4731709061277
-92.2674983041338,-252.671446627486,28.4817893091169
-92.0258583085375,-252.233778207709,28.4904077121058
-91.7842182639998,-251.796109814947,28.4990261150947
-91.5425784168778,-251.358441313193,28.5071705201408
-91.3009451440958,-250.920769181761,28.5048013322535
-91.0593116952582,-250.48309714753,28.5024321443663
-90.8176782934674,-250.045425087324,28.5000629564791
-90.5760448791046,-249.607753034058,28.4976937685919
-90.3344114681012,-249.170080978939,28.4953245807047
-90.0927780562003,-248.732408924314,28.4929553928175
-89.8511446445381,-248.294736869558,28.4905862049303
-89.6095112328152,-247.857064814835,28.4882170170431
-89.3678778210986,-247.419392760109,28.4858478291559
-89.1262444094176,-246.981720705364,28.4834786412687
-88.8846109975882,-246.5440486507,28.4811094533815
-88.6429775863146,-246.106376595729,28.4787402654943
-88.401344172971,-245.668704541901,28.476371077607
-88.159710767341,-245.231032483815,28.4739822966057
-87.9180776280131,-244.793360278706,28.4711434217932
-87.6764444818276,-244.355688077384,28.4683045469807
-87.4348113374749,-243.918015875049,28.4654656721682
-87.1931781926325,-243.480343672985,28.4626267973557
-86.9515450479205,-243.042671470849,28.4597879225431
-86.7099119031741,-242.604999268732,28.4569490477306
-86.4682787584369,-242.16732706661,28.4541101729181
-86.2266456136969,-241.72965486449,28.4512712981056
-85.9850124689576,-241.291982662369,28.4484324232931
-85.7433793242193,-240.854310460247,28.4455935484805
-85.5017461794757,-240.416638258129,28.442754673668
-85.2601130347533,-239.978966055998,28.4400471568529
-85.0184798907967,-239.541293853445,28.4404474255677
-84.7768467468214,-239.103621650903,28.4408476942826
-84.5352136028507,-238.665949448357,28.4412479629975
-84.2935804588786,-238.228277245813,28.4416482317123
-84.0519473149075,-237.790605043268,28.4420485004272
-83.8103141709352,-237.352932840724,28.4424487691421
-83.568681026966,-236.915260638177,28.442849037857
-83.3270478829863,-236.477588435637,28.4432493065719
-83.0854147390439,-236.039916233076,28.4435034960282
-82.8437815964758,-235.602244029757,28.4402092614914
-82.6021484538746,-235.164571826455,28.4369150269546
-82.360515311282,-234.726899623149,28.4336207924177
-82.1188821686883,-234.289227419844,28.4303265578809
-81.8772490260896,-233.851555216541,28.4270323233441
-81.6356158835106,-233.413883013227,28.4237380888073
-81.3939827408594,-232.976210809953,28.4204438542705
-81.1523495984771,-232.538538606533,28.4171496197336
-80.9107164550939,-232.100866403657,28.4138553851968
-80.6690833154335,-231.663194198755,28.4105611506601
-80.4274501619236,-231.22552200139,28.4072669161227
-80.1858170599322,-230.787849775991,28.4039726815878
-79.9441834670622,-230.350177817699,28.4006479098441
-79.7025523333707,-229.912504521309,28.3970723359874
-79.4609116349922,-229.474836429416,28.3934967616477
-79.2193066577092,-229.03714890036,28.3899211889963
-78.97756847942,-228.599533850872,28.3863456084468
-78.7363323652268,-228.161645609835,28.3833153757949
-78.5003526326173,-227.720897172051,28.3847842786842
-78.26401232385,-227.280344943311,28.386253171765
-78.0277675297858,-226.839740719135,28.3877220666797
-77.7915009548552,-226.399148429838,28.3891909609224
-77.5552260843736,-225.958560344737,28.3906598558034
-77.3190060925696,-225.517943552603,28.3921287489098
-77.082575123417,-225.077437257635,28.3935976501545
-76.8469407508966,-224.636513717808,28.3949319255113
-76.6197073052846,-224.191189434215,28.3951455936642
-76.3919251929269,-223.746152985721,28.3953592582025
-76.1642060181364,-223.301081970767,28.3955729236129
-75.9367864204728,-222.855860047689,28.3958577846298
-75.7129370573515,-222.408829727974,28.3967380333755
-75.4889022385992,-221.961894447142,28.3976182782423
-75.2647088320497,-221.515035450552,28.3984985289819
-75.0413429500508,-221.067772512757,28.3993486205923
-74.8271012202304,-220.616053728883,28.3999453867923
-74.6121590450369,-220.164675586824,28.4005421421776
-74.3976984115354,-219.71306780291,28.4011292469041
-74.186543837413,-219.259903426352,28.4016349860396
-73.9752187342071,-218.806819780218,28.4021407238049
-73.7637859133879,-218.353784633489,28.4026464634118
-73.5529599360091,-217.900472271348,28.4031872345346
-73.3487798765923,-217.444120137956,28.4040247282328
-73.1442188903727,-216.987943751365,28.4048622123072
-72.9395265178797,-216.53182175327,28.4056997041488
-72.7357488026107,-216.075302905431,28.4065325841141
-72.5422609207685,-215.614311445983,28.4073262886077
-72.3480702280921,-215.153625217818,28.4081199748873
-72.1541124837038,-214.692838839125,28.4089136638604
-71.9599253694812,-214.23214800464,28.4097073548376
-71.7664290004617,-213.77117258274,28.4104281543045
-71.5803340423379,-213.307151271018,28.4105252008302
-71.3937392996977,-212.843335499403,28.4106222462365
-71.2073057977066,-212.379453827471,28.4107192918172
-71.0207268143857,-211.9156303435,28.410816337473
-70.8345722981884,-211.451638507629,28.4108775667353
-70.6529993269152,-210.985831598611,28.4106304705825
-70.4711027745676,-210.520152443229,28.4103833753626
-70.2893654874809,-210.054411830383,28.4101362804665
-70.1073148021089,-209.58878926875,28.4098891831908
-69.9263680499145,-209.122752354013,28.4096999506379
-69.7575733223059,-208.652155663125,28.4100118104542
-69.5879770926361,-208.181859687902,28.4103236607655
-69.4185987830689,-207.711482033977,28.4106355127651
-69.2491495936402,-207.241130642819,28.4109473643244
-69.0797661349799,-206.77075582848,28.4112592157488
-68.9101908092194,-206.300448383622,28.4115710684048
-68.7413232528802,-205.829892768908,28.4119256348082
-68.5803478711875,-205.356570121306,28.4126531780006
-68.4188590952491,-204.883427522903,28.413380711984
-68.2574972363772,-204.410240229123,28.4141082477357
-68.0961405880881,-203.937051847458,28.4148357825506
-67.9346364955287,-203.463912405566,28.4155633195634
-67.7737219144887,-202.990576646048,28.4162517928107
-67.6194938990123,-202.515013869034,28.4165967376204
-67.4648172291558,-202.039600282447,28.4169416794421
-67.3103086241595,-201.564131629964,28.4172866215015
-67.1555762532973,-201.088734108369,28.4176315648625
-67.0015769760372,-200.613105204661,28.4179435810233
-66.8557916341341,-200.134885361033,28.4179642717692
-66.7094799066073,-199.656831649438,28.4179849622386
-66.5632927549062,-199.178738261999,28.4180056527653
-66.4171331145129,-198.700637624245,28.4180263432473
-66.2707392870995,-198.22260553328,28.4180470338744
-66.1252621408676,-197.74430432035,28.4180886780906
-65.9903147827767,-197.262911277812,28.4183170772097
-65.8546794367288,-196.781720039612,28.4185454714612
-65.719266132764,-196.300464401109,28.418773866455
-65.5836522082289,-195.819264692447,28.4190022617856
-65.4486234860177,-195.337904356481,28.4190826250945
-65.3201951085379,-194.854735467098,28.4178356636265
-65.1913343630281,-194.371684873193,28.4165887122593
-65.0626276571515,-193.888592693384,28.4153417597834
-64.9337369640247,-193.405548618425,28.4140948045006
-64.8054328666127,-192.922352494584,28.4128046829656
-64.6838227305736,-192.43742252964,28.4111251493281
-64.561799618146,-191.952599653184,28.409445629988
-64.4398427971131,-191.467759124243,28.407766107662
-64.3180347745027,-190.982881874244,28.4061543853209
-64.1982528038329,-190.49749931517,28.4051571251634
-64.0784057040324,-190.012133955781,28.4041598672977
-63.9583474543793,-189.526817694019,28.403162602378
-63.8392059602142,-189.041286192409,28.4021867044511
-63.7308790536407,-188.553212979758,28.4014053458878
-63.6219124930793,-188.065290974408,28.4006240048829
-63.5129643434453,-187.577361366602,28.3998426584768
-63.4045862920827,-187.089310094708,28.3990128215939
-63.3035169998377,-186.599686189154,28.3977391852454
-63.2019907635367,-186.110160764079,28.3964655618219
-63.1005689643302,-185.620612451455,28.3951919355258
-62.9991858401477,-185.13105731877,28.3939183120991
-62.8975440269312,-184.641552264371,28.392644678131
-62.7969058610676,-184.151852247523,28.3913139446161
-62.7082448544017,-183.65982524835,28.3894567350382
-62.6188253451233,-183.167945412042,28.387599573551
-62.529645328433,-182.676019823424,28.3857424045748
-62.4402653395696,-182.184130182697,28.383885233668
-62.3514500573694,-181.692141747318,28.3821925703812
-62.2692392791733,-181.199001591152,28.3820251440241
-62.1866031796328,-180.705935310017,28.3818577189107
-62.1041363423072,-180.212840570906,28.3816902937707
-62.0214176655756,-179.719785813259,28.3815228677534
-61.9395432643259,-179.226598616901,28.3814254174851
-61.8677046412949,-178.731837895452,28.3819808730501
-61.7952899962072,-178.237168290258,28.3825363182854
-61.7228758704538,-177.742495545468,28.3830917669844
-61.6510395643203,-177.247743718147,28.3834789679097
-61.5867547786635,-176.751947324223,28.3822885326932
-61.5220111823716,-176.25621451535,28.3810981096983
-61.4573614546456,-175.760468427213,28.3799076844769
-61.3927955141307,-175.264711817392,28.3788170742778
-61.3297893961314,-174.768754358354,28.3786670829589
-61.2665828524504,-174.272822063804,28.3785170915249
-61.2037956599306,-173.776838291086,28.3785121547222
-61.1459635491732,-173.280249831337,28.3798795023309
-61.0877136474785,-172.783711097812,28.3812468464078
-61.0299896784045,-172.287112949885,28.3826190111703
-60.9777506114694,-171.789904676153,28.3840369624486
-60.9251663448081,-171.292734493529,28.3854549070843
-60.8727302503523,-170.795548825276,28.3868728512169
-60.820046633508,-170.298387016783,28.3882908031856
-60.7682108493931,-169.801144692417,28.3896603996669
-60.7268007981311,-169.302913520202,28.3905680176925
-60.6847640845943,-168.804741812856,28.3914756186863
-60.6428811191658,-168.3065553973,28.3923832225434
-60.6010091197733,-167.808368415839,28.3932908257893
-60.5589383370766,-167.310198506408,28.3941984308988
-60.5144169003971,-166.81224125871,28.3951060523174
-60.469886844409,-166.31428392916,28.3960136754633
-60.4259151233895,-165.816281294419,28.3968243933796
-60.3894433456623,-165.317666988347,28.3966996719041
-60.3525366732418,-164.819088351161,28.3965749516579
-60.3156859309543,-164.320504435563,28.3964502311407
-60.279047493868,-163.821905889698,28.3964726830798
-60.2454523613545,-163.323091826641,28.397923283757
-60.2117184167677,-162.824288124471,28.3993738809989
-60.1778644949121,-162.325490979381,28.4008244835518
-60.1446333029134,-161.826657009157,28.402291352633
-60.119477024071,-161.327343513805,28.4039169243948
-60.0938405821559,-160.828058546576,28.4055424780534
-60.0683306972604,-160.328766041132,28.4071680347924
-60.0427942608254,-159.829475189227,28.4087935905478
-60.0172376393476,-159.330185251899,28.4104191467127
-59.9917889907315,-158.830889969204,28.4118942052693
-59.9677539073507,-158.331524431541,28.4118902211907
-59.9436362257833,-157.832162963387,28.4118862371132
-59.9195371190444,-157.332800711651,28.4118822530366
-59.8954462040348,-156.833437530775,28.4118782689558
-59.8713040432488,-156.334078842601,28.4118742848908
-59.8473628134238,-155.8347029598,28.4118288870062
-59.8322796952501,-155.335006803263,28.4112356457654
-59.834075509109,-154.835051516158,28.4096756029695
-59.8346579238404,-154.335112026095,28.4081156323533
-59.8355652337926,-153.835168306275,28.4065556480456
-59.8363855510903,-153.335225718998,28.4049956678087
-59.8372291611754,-152.835282828476,28.4034356865109
-59.8380665344862,-152.335340019149,28.4018757054992
-59.8389055777306,-151.835397188082,28.4003157244111
-59.8397441738266,-151.335454362836,28.3987557433434
-59.8405828897053,-150.835511536032,28.3971957622703
-59.8414215732973,-150.335568709644,28.3955277780019
-59.8422602634222,-149.835625883142,28.3930934783489
-59.8430989514073,-149.335683056669,28.390659178696
-59.8439376399653,-148.835740230189,28.3882248790431
-59.8447763283699,-148.33579740371,28.3857905793902
-59.8456150168155,-147.835854577231,28.3833562797373
-59.8464537052502,-147.335911750752,28.3809219800842
-59.8472923936875,-146.835968924273,28.3784876804313
-59.8481310821255,-146.336026097794,28.3760533807784
-59.848969770558,-145.836083271316,28.3736190811255
-59.8498084590122,-145.336140444837,28.3714235588015
-59.850647147661,-144.836197618358,28.3709381842062
-59.8514858362949,-144.33625479188,28.370452809611
-59.8523245249328,-143.836311965401,28.3699674350156
-59.8531632135696,-143.336369138923,28.3694820604203
-59.8540019022068,-142.836426312444,28.368996685825
-59.8548405908439,-142.336483485966,28.3685113112296
-59.8556792794808,-141.836540659487,28.3680259366343
-59.8565179681181,-141.336597833009,28.3675405620391
-59.8573566567544,-140.83665500653,28.3670551874437
-59.8581953453944,-140.336712180052,28.3665698128484
-59.8590340340202,-139.836769353573,28.3664436955475
-59.8598727225164,-139.336826527094,28.368920531036
-59.8607114110225,-138.836883700615,28.3713973665245
-59.8615500995259,-138.336940874137,28.3738742020129
-59.86238878803,-137.836998047658,28.3763510375014
-59.863227476534,-137.337055221179,28.3788278729899
-59.8640661650379,-136.8371123947,28.3813047084784
-59.8649048535419,-136.337169568222,28.3837815439669
-59.8657435420459,-135.837226741743,28.3862583794554
-59.86658223055,-135.337283915264,28.3887352149438
-59.8674209190534,-134.837341088785,28.3912120504323
-59.8682596075596,-134.337398262307,28.3936888859208
-59.869098296055,-133.837455435828,28.3957721435609
-59.8699369844503,-133.337512609349,28.3949711303546
-59.8707756728528,-132.83756978287,28.3941701171484
-59.8716143612548,-132.337626956391,28.393369103942
-59.8724530496513,-131.837684129912,28.3925680907357
-59.8732917380707,-131.337741303434,28.3917670775295
-59.8741304264038,-130.837798476953,28.3909660643232
-59.8749691150592,-130.337855650481,28.3901650511169
-59.8758078025129,-129.837912823978,28.3893640379106
-59.8766464944466,-129.337969997588,28.3885630247044
-59.8774851696789,-128.838027170776,28.3877620114976
-59.8783239071725,-128.338084345538,28.3869609982932
-59.8791624125628,-127.838141514433,28.38615998508
-59.880001783206,-127.3381987052,28.3853589718995
-59.8808379282962,-126.838255814431,28.3845579585969
-59.8816860978262,-126.338313227619,28.3837569457476
-59.8824894418652,-125.838369507694,28.3829559311814
-59.883459889111,-125.338430011856,28.3821549226412
-59.8838157303626,-124.838474979817,28.3813538868426
-59.8930288038266,-124.338743844561,28.3815132684158
-59.9204188798966,-123.839472218244,28.3828649892059
-59.9440091827322,-123.340104472831,28.3842164383456
-59.9687904339925,-122.840767078439,28.385567960758
-59.9926080060014,-122.341404407847,28.3869194252813
-60.0190888277202,-121.842112477311,28.3882710679903
-60.0340196305822,-121.342513373093,28.3887996741276
-60.0338151670983,-120.842511702383,28.3883047739258
-60.0366037353943,-120.342589647411,28.3878099466033
-60.0385913109777,-119.842646260649,28.3873151020853
-60.0407896494347,-119.342708580606,28.38682026235
-60.0429459735791,-118.842769406727,28.3863254213183
-60.0450595901231,-118.34283050116,28.3858305807311
-60.0473860148848,-117.842892016175,28.3853357396068
-60.0487488399353,-117.342951201299,28.3846267971838
-60.0488395172292,-116.843007269028,28.3836506272339
-60.0491818533147,-116.343063951226,28.382674458295
-60.0494556672292,-115.843120476069,28.3816982891331
-60.0497518957907,-115.343177015836,28.3807221199754
-60.0500269947689,-114.84323365325,28.3797459510318
-60.0503641853151,-114.343289885221,28.3787697812196
-60.0504741808345,-113.843347641044,28.377793614541
-60.0514307103007,-113.343399707937,28.3768174344436
-60.0486263629602,-112.843477052333,28.3759462232896
-60.0408426946104,-112.343587860153,28.3752065115064
-60.0340407746453,-111.843692080108,28.3744668114429
-60.0269786838666,-111.343798009449,28.3737271085919
-60.0199754741844,-110.843903689443,28.3729874065986
-60.012996917847,-110.344008657496,28.3722477040612
-60.0058608930529,-109.84411672211,28.3715080028003
-59.9993299777287,-109.344213114572,28.3707682962944
-59.9901068152886,-108.844361367275,28.3699185643616
-59.9773051425777,-108.344578539434,28.368930432913
-59.9652065987333,-107.844782184057,28.3679423095342
-59.9529277232979,-107.344989246302,28.366954184233
-59.9406670121139,-106.845196166197,28.3659660595316
-59.9285139636882,-106.345400238243,28.3649779343874
-59.9158357684831,-105.845617785737,28.3641005705903
-59.9019749760105,-105.345867796717,28.3636674136143
-59.8851440056654,-104.846205414469,28.3637434329853
-59.8690887319177,-104.346520263574,28.3638194519213
-59.8528164543128,-103.846841335,28.3638954709773
-59.8366364985635,-103.347160285543,28.3639714899001
-59.8203042922122,-102.847481496913,28.3640475092337
-59.8044886314142,-102.347795787634,28.3641235271183
-59.7867595461778,-101.848135493398,28.3641995512392
-59.7770977207386,-101.348368113857,28.3643046361835
-59.782114746792,-100.848405895761,28.3644585364487
-59.784513882256,-100.3484784264,28.3646124196746
-59.787614370157,-99.8485416458261,28.3647663069256
-59.7905272928153,-99.3486073619816,28.3649201930594
-59.7934891368021,-98.8486724022692,28.3650740794895
-59.7964428559381,-98.3487376493358,28.3652279658412
-59.7993801593888,-97.8488027451697,28.3653818522096
-59.8023912302689,-97.3488682390558,28.3655357385918
-59.8050875068226,-96.8489321056951,28.3659558030186
-59.8072076420462,-96.3489930041259,28.3668244570854
-59.8094305263049,-95.8490544318698,28.3676931110049
-59.8116252936456,-95.3491157144854,28.3685617649603
-59.8138297808986,-94.8491770483071,28.3694304189011
-59.8160235072279,-94.3492383224431,28.3702990728635
-59.8182505488211,-93.8492997840674,28.3711677267572
-59.82035512256,-93.3493605556064,28.372036380944
-59.8229751073155,-92.8494242316655,28.3727923282332
-59.8265413809977,-92.3494932402974,28.3733576057653
-59.8299391174995,-91.8495612994959,28.3739228830382
-59.8333830988117,-91.349629618062,28.374488160375
-59.8368106359208,-90.8496978485784,28.3750534376837
-59.8402577015728,-90.3497661719106,28.3756187150394
-59.8436431132581,-89.8498342121024,28.3761839922415
-59.8472555516989,-89.3499032917628,28.3767492701009
-59.8499129888825,-88.849967999807,28.3772632984065
-59.8508099410978,-88.3500246492204,28.3776902941888
-59.852019317502,-87.8500827286832,28.3781172892973
-59.8531453609131,-87.3501404269732,28.3785442845639
-59.854292319002,-86.8501982199369,28.3789712797903
-59.8554389480961,-86.3502560153626,28.3793982750139
-59.856565984667,-85.8503137062987,28.379825270289
-59.8577716989075,-85.350371812618,28.3802522653694
-59.8586823745035,-84.8504283623139,28.3806792612923
-59.8608349743291,-84.3504914640829,28.3811880096375
-59.8652881760673,-83.8505667032521,28.3818362041638
-59.8693335914448,-83.3506397908969,28.382484396948
-59.873488478792,-82.8507134566586,28.3831325901438
-59.8776132559455,-82.3507869614318,28.3837807832249
-59.881749003462,-81.8508605320484,28.3844289763381
-59.8858709822134,-81.3509340003007,28.3850771694368
-59.8900370541158,-80.8510078120765,28.3857253625654
-59.8940199066351,-80.3510801908579,28.3857145782465
-59.8976618867419,-79.8511499036434,28.3845754748088
-59.9013650718378,-79.3512200931097,28.3834363714341
-59.9050486322227,-78.851290136967,28.3822972680581
-59.9087494843739,-78.3513602865708,28.3811581646319
-59.9124008066648,-77.851430158866,28.3800190614002
-59.9162329087254,-77.3515010343838,28.3788799573248
-59.9193063761702,-76.8515677027101,28.3782090130978
-59.9209642483548,-76.3516265213668,28.3783423281655
-59.922871016578,-75.8516867191122,28.3784756430991
-59.92471577098,-75.3517465771576,28.378608958061
-59.926559695747,-74.8518064149805,28.3787422730275
-59.9284689321156,-74.3518666732623,28.3788755879482
-59.9301178236172,-73.8519252703889,28.3790089030763
-59.9328655191666,-73.3519908742935,28.3792148034796
-59.9376726733052,-72.8520696098349,28.3795458255519
-59.9421169886899,-72.352146032685,28.3798768469172
-59.9466561065642,-71.8522230566827,28.3802078684472
-59.9511788415537,-71.3522999887031,28.3805388899399
-59.9556723179411,-70.8523766875768,28.3808699114127
-59.9602991739455,-70.3524544107267,28.3812009330206
-59.9643586048714,-69.8525277859902,28.3815648027572
-59.9673496636453,-69.3525929763837,28.3819854882055
-59.9705292267884,-68.8526596106029,28.3824061734126
-59.9736576497526,-68.3527258542205,28.3828268586765
-59.9768021332095,-67.852792216452,28.3832475439253
-59.9799335161703,-67.3528584948351,28.3836682291755
-59.9831012312706,-66.8529249899428,28.3840889144366
-59.9861202746905,-66.3529906046849,28.3843705319179
-59.9888590027466,-65.8530545608084,28.384410795974
-59.9916475755744,-65.3531188111333,28.3844510600284
-59.9944209517332,-64.853182974343,28.3844913240831
-59.9972052690724,-64.3532471918109,28.3845315881383
-59.9999610256284,-63.8533112793932,28.3845718521913
-60.0028200557719,-63.3533758321323,28.3846121162541
-60.0052468936864,-62.8534384396603,28.3847677044888
-60.0068555429809,-62.3534973660018,28.3851241228562
-60.0086066262291,-61.8535569305627,28.3854805411072
-60.0103246318294,-61.3536163565086,28.3858369593751
-60.0120325236887,-60.8536756987492,28.386193377678
-60.0138139259995,-60.3537355142864,28.3865497958291
-60.0153114792664,-59.8537935208456,28.3869062146436
-60.0180019988159,-59.3538591247551,28.3869308454479
-60.0229613340049,-58.8539391764648,28.386375717513
-60.0275235099093,-58.3540166996451,28.3858205910013
-60.0321878742648,-57.8540948713393,28.385265464165
-60.0368406280745,-57.3541729774034,28.3847103373759
-60.0414376562012,-56.8542506976134,28.3841552107278
-60.0462691313289,-56.3543300264155,28.3836000833708
-60.0501101020879,-55.8544025631208,28.3833861303005
-60.0520590942039,-55.3544621266028,28.3837703619671
-60.0543397291759,-54.8545239644069,28.3841545929491
-60.0565318154827,-54.3545851939973,28.3845388240928
-60.0587464637121,-53.8546465821885,28.384923055191
-60.0609594089848,-53.3547079441672,28.3853072863036
-60.0631566097313,-52.8547692524187,28.3856915174042
-60.0654184731984,-52.354830801722,28.3860757485434
-60.0674077325119,-51.8548913291863,28.3864430875648
-60.0688743697569,-51.3549498969429,28.3867806939738
-60.070431912147,-50.8550088052518,28.3871183003375
-60.0719672292964,-50.3550676315049,28.3874559067101
-60.0735005474542,-49.85512644545,28.3877935130869
-60.0750640771229,-49.355185390641,28.3881311194387
-60.0765087933302,-48.8552438233016,28.3884687259016
-60.0784527106473,-48.3553044083439,28.3888259792989
-60.0813574921059,-47.8553691361501,28.3892179333126
-60.0840942782787,-47.35543313963,28.3896098871472
-60.086876124963,-46.8554973374526,28.3900018410241
-60.0896457196575,-46.3555614822084,28.3903937948892
-60.0924192630199,-45.8556256448938,28.3907857487575
-60.0951892640692,-45.35568978893,28.3911777026249
-60.0979706943396,-44.8557539963691,28.3916491416958
-60.1007736381934,-44.3558183237812,28.39226144653
-60.1035729511761,-43.8558826309407,28.392873751364
-60.1063736416805,-43.3559469457988,28.3934979670287
-60.1091819186642,-42.8560113032053,28.3941675089586
-60.1119888379569,-42.3560756529981,28.3948370508885
-60.1147961209234,-41.8561400048304,28.3955065928184
-60.1176033064756,-41.3562043561164,28.3961761347484
-60.1204105181212,-40.8562687075487,28.3968456766783
-60.123217722778,-40.3563330589419,28.3975152186081
-60.1260249293046,-39.8563974103454,28.398184760538
-60.1288321353387,-39.3564617617463,28.398854302468
-60.1316393414723,-38.8565261131476,28.3997440270106
-60.1344465474135,-38.3565904645479,28.4014768018667
-60.1372537533828,-37.8566548159484,28.4032095767228
-60.1400609593446,-37.3567191673488,28.4049423515788
-60.1428681653084,-36.8567835187492,28.4066751264348
-60.1456753712718,-36.3568478701497,28.408407901291
-60.1484825772347,-35.8569122215501,28.410140676147
-60.1512897832001,-35.3569765729505,28.4118734510031
-60.1540969891558,-34.8570409243509,28.4136062258592
-60.1569041951662,-34.3571052757516,28.4153775222712
-60.1597114013369,-33.8571696271532,28.4172327316595
-60.1625186074822,-33.3572339785547,28.4190879410478
-60.1653258136317,-32.8572983299561,28.4206482563435
-60.1681330197726,-32.3573626813575,28.4215652437071
-60.1709402259151,-31.8574270327589,28.4224822310708
-60.1737474320571,-31.3574913841604,28.4233992184344
-60.1765546381993,-30.8575557355618,28.4243162057981
-60.1793618443414,-30.3576200869632,28.4252331931617
-60.1821690504836,-29.8576844383646,28.4261501805253
-60.1849762566257,-29.3577487897661,28.427067167889
-60.1877834627679,-28.8578131411675,28.4279841552526
-60.1905906689099,-28.3578774925689,28.4289011426163
-60.1933978750524,-27.8579418439703,28.42981812998
-60.1962050811928,-27.3580061953717,28.4307351173436
-60.1990122873421,-26.8580705467733,28.4314775039243
-60.2018194935127,-26.3581348981749,28.4318366192156
-60.20462669968,-25.8581992495765,28.4321957345068
-60.2074339058482,-25.358263600978,28.4325548497981
-60.210241112016,-24.8583279523797,28.4329139650894
-60.213048318184,-24.3583923037813,28.4332730803806
-60.215855524352,-23.8584566551828,28.4336321956718
-60.21866273052,-23.3585210065844,28.4339913109631
-60.221469936688,-22.858585357986,28.4343504262543
-60.2242771428556,-22.3586497093877,28.4347095415456
-60.2270843490248,-21.8587140607892,28.4350686568369
-60.2298915551881,-21.3587784121909,28.4354277721281
-60.2326987613755,-20.8588427635925,28.435515547426
-60.2355059676217,-20.3589071149946,28.4350039340349
-60.2383131738587,-19.8589714663965,28.4344923206437
-60.2411203800981,-19.3590358177985,28.4339807072526
-60.2439275863369,-18.8591001692005,28.4334690938615
-60.2467347925758,-18.3591645206024,28.4329574804703
-60.2495419988147,-17.8592288720045,28.4324458670793
-60.2523492050537,-17.3592932234064,28.4319342536882
-60.2551564112923,-16.8593575748085,28.4313884955614
-60.2579636175453,-16.3594219262105,28.4307669947185
-60.2607708237628,-15.8594862776124,28.4301454938756
-60.2635780301097,-15.359550629015,28.4295239930327
-60.2663852359319,-14.8596149804147,28.4285284060707
-60.2691924404567,-14.3596793318071,28.4267012488091
-60.2719996451871,-13.8597436832006,28.4248740915474
-60.2748068498625,-13.3598080345938,28.4230469342858
-60.2776140545526,-12.8598723859871,28.4212197770241
-60.2804212592387,-12.3599367373804,28.4193926197624
-60.2832284639258,-11.8600010887737,28.4175654625007
-60.2860356686127,-11.360065440167,28.4157383052391
-60.2888428732998,-10.8601297915603,28.4139111479774
-60.2916500779862,-10.3601941429536,28.4120839907158
-60.2944572826754,-9.86025849434688,28.4102568334541
-60.2972644873541,-9.36032284574009,28.4084296761925
-60.3000716920717,-8.86038719713348,28.4066025189308
-60.3028788967422,-8.36045154852664,28.4047855017657
-60.305686103938,-7.86051589993403,28.4034498285287
-60.3084933110975,-7.36058025134116,28.4021141552916
-60.3113005182668,-6.8606446027484,28.4007784820546
-60.3141077254334,-6.36070895415551,28.3994428088175
-60.3169149326008,-5.86077330556274,28.3981071355805
-60.319722139768,-5.36083765696991,28.3967714623434
-60.3225293469352,-4.86090200837714,28.3954357891064
-60.3253365541024,-4.36096635978431,28.3941001158694
-60.32814376127,-3.86103071119143,28.3927644426323
-60.3309509684356,-3.36109506259865,28.3914287693954
-60.3337581756088,-2.86115941400586,28.3900930961583
-60.3365653827542,-2.36122376541294,28.3887574229213
-60.3393725900017,-1.86128811682062,28.3874217496842
-60.3421797968724,-1.36135246822595,28.3860860764472
-60.3449870051347,-0.861416819639925,28.3847504032101
-60.3477942082629,-0.361481171022057,28.3834147299731
-60.3506022728674,0.13845447224301,28.382102419373
-60.3534051638853,0.638390147652014,28.3807992476441
-60.35622881732,1.13832569406115,28.3794960759467
-60.3589745424944,1.63826172465004,28.3781929041147
-60.3622251575888,2.13819461827887,28.3781141564252
-60.3656678128904,2.63812631870728,28.3785154118108
-60.369062876306,3.13805831491552,28.3789166671707
-60.372470789626,3.63799023097359,28.3793179225365
-60.3758749128767,4.13792217174318,28.3797191779013
-60.3792813419165,4.63785409384458,28.3801204332637
-60.3826823385439,5.13778606590502,28.3805216886365
-60.386102760914,5.63771785677887,28.3809229439703
-60.3894509045343,6.13765032251686,28.3813241994541
-60.3933694282316,6.63757796801775,28.3815855712793
-60.398088360651,7.13750117965569,28.3817918314679
-60.3993252808482,7.6374400918575,28.3816391511865
-60.3992543482519,8.137384719931,28.3813448953201
-60.3995661683776,8.63732780508415,28.3810506403663
-60.3995550356182,9.13727178949206,28.3807563849363
-60.4010990004458,9.63721229390629,28.3809547542206
-60.4032277447141,10.1371515092407,28.3813478582374
-60.4052023246478,10.6370911046129,28.3817409620394
-60.4072537470694,11.1370303696296,28.3821340658241
-60.4095464904586,11.6369683211289,28.382386602188
-60.4134722122609,12.1368967538245,28.3822783090292
-60.4172786181244,12.6368259837815,28.3821700158968
-60.4205377890155,13.136758012236,28.3823849534074
-60.4217668746678,13.6367006047376,28.3835167034317
-60.4232896828547,14.136641678647,28.3846484517774
-60.4247127154185,14.6365832278433,28.3857802005297
-60.4262464320582,15.136524377165,28.3867737033653
-60.4280663043705,15.6364646083872,28.3873741879585
-60.4298467096848,16.1364049648229,28.3879746725308
-60.4316376881731,16.6363452877137,28.388575157108
-60.4334258338106,17.1362856195932,28.3891756416839
-60.4352147395954,17.6362259490568,28.3897761262601
-60.4370034371292,18.1361662791967,28.3903766108364
-60.4387922076495,18.6361066090468,28.3909770954125
-60.4405808944688,19.1360469393799,28.3915775799888
-60.4423698430009,19.6359872680723,28.3921780645643
-60.4441578288081,20.1359276028411,28.3927785491429
-60.4459494022044,20.6358679149554,28.3933790337099
-60.4477275939355,21.1358083115732,28.3939795183212
-60.4495557024691,21.635748392972,28.3945800027742
-60.4511976085718,22.1356896502187,28.3951804879191
-60.4535768945272,22.6356262509926,28.3956171481105
-60.4583679877072,23.1355476214687,28.3955839751208
-60.4628220613836,23.6354711201859,28.3955508021994
-60.4673664210994,24.1353940487568,28.3955176292623
-60.4718865935915,24.6353171300673,28.3954844563296
-60.4764132457215,25.1352401704596,28.3954512833957
-60.4809381620219,25.6351632218135,28.3954181104622
-60.4854635432103,26.1350862702315,28.3953849375285
-60.4899888003526,26.6350093194335,28.3953517645949
-60.4945140888785,27.1349323684347,28.3953185916613
-60.4990393758897,27.6348554174557,28.3952854187276
-60.5035646375949,28.1347784665979,28.395252245794
-60.5080900019904,28.6347015152357,28.3952190728603
-60.5126149811054,29.1346245657695,28.3951858999268
-60.5171413980011,29.6345476092267,28.3951527269928
-60.5216624514844,30.1344706790821,28.3951195540603
-60.5262035117666,30.6343936504659,28.3950863811223
-60.5306699421175,31.1343169891712,28.395053208204
-60.5354147590526,31.6342389576842,28.3950200351995
-60.5390582000135,32.1341663470633,28.3948929936929
-60.5390545446326,32.6341116869057,28.3944937054769
-60.5395576447443,33.1340545329398,28.394094419132
-60.5399244527119,33.6339980483673,28.3936951323534
-60.5403297687037,34.1339413795603,28.3932958456985
-60.5407173226589,34.6338847784151,28.3928965590008
-60.5411374100426,35.1338280908566,28.3924972723501
-60.5414451746339,35.6337716811738,28.3920979855292
-60.5421945405895,36.1337141854661,28.3916923012229
-60.5444102921809,36.6336531022321,28.3912679735584
-60.5464282729372,37.1335924703429,28.3908436462356
-60.5484798159832,37.6335318818723,28.3904193187605
-60.5505948062964,38.1334706687783,28.3899949915841
-60.552422588371,38.633411909611,28.3895706631869
-60.5554002636254,39.1333434134638,28.3890045588271
-60.5622242461692,39.633242370412,28.3880238401109
-60.5685161688943,40.1331458296844,28.3870431264794
-60.5749509970975,40.6330480785015,28.3860624116711
-60.5813461629612,41.1329506676616,28.3850816971945
-60.5877570972717,41.6328531057047,28.3841009826183
-60.5941446222005,42.1327558078252,28.3831202681106
-60.6006099833516,42.6326576051423,28.3821395533988
-60.6067704425013,43.1325629553393,28.3809766777517
-60.6119076864637,43.6324802317838,28.3792786062096
-60.6171857276078,44.1323958653704,28.3775805352935
-60.6224272933004,44.6323119308772,28.375882464216
-60.627673991889,45.1322279112427,28.3741843932448
-60.6329366191991,45.6321438003887,28.3724863220131
-60.6381304310189,46.1320601393314,28.3707882516751
-60.6435834620582,46.6319747710606,28.3690901774402
-60.6480116797022,47.1318961559188,28.3677191241224
-60.6489761332849,47.631840377248,28.3673132084815
-60.6504251582155,48.1317813837946,28.3669072945773
-60.6517159245578,48.6317235110396,28.3665013801199
-60.6531551945353,49.1316643701392,28.3660954663482
-60.6541588802279,49.6316091794928,28.3656895500256
-60.6568490975045,50.1315386103958,28.365450101026
-60.6652457407733,50.6314159854143,28.3657037024446
-60.6728587588566,51.1313005087627,28.3659573009941
-60.6806815137305,51.6311831202045,28.3662109002066
-60.6884487913803,52.1310662323618,28.3664644992337
-60.6962282840003,52.6309492531634,28.3667180983107
-60.704014377888,53.1308321388535,28.3669716973714
-60.7117618731385,53.6307156560209,28.3672252964493
-60.7196657251,54.1305966439783,28.3673493786685
-60.7281034604919,54.6304690038152,28.3670880173342
-60.7364677588036,55.1303425496261,28.3668266560263
-60.7448527670034,55.6302157637576,28.3665652947105
-60.7532283600808,56.1300891188426,28.3663039334036
-60.7616209004369,56.629962241827,28.3660425720692
-60.7699550927565,57.1298361519132,28.3657812108311
-60.7785056294336,57.6297071470457,28.3655198491719
-60.7862028067355,58.1295896390691,28.3653131472451
-60.790977408957,58.6295115052035,28.365269893599
-60.796151610628,59.1294279878442,28.3652266400805
-60.8012178124151,59.629345925236,28.3651833865323
-60.8063164929856,60.1292634260568,28.3651401329934
-60.8113932433932,60.6291812186134,28.3650968794484
-60.8165252165533,61.1290982810488,28.3650536259175
-60.8214583202632,61.6290179710257,28.3650103723276
-60.8271738590464,62.1289273236895,28.3650769573717
-60.835582672634,62.6288010938056,28.3654735795029
-60.8436244989872,63.1286797122274,28.3658702006439
-60.8517644484625,63.6285570350246,28.3662668220134
-60.8598788178716,64.1284346930037,28.3666634433188
-60.8679974057232,64.6283123055941,28.3670600646424
-60.8761246895478,65.1281897647121,28.3674566859565
-60.8842129910124,65.6280678827767,28.3678533072937
-60.8924568684499,66.1279433779633,28.3682172142287
-60.9012403412288,66.6278097856468,28.3684823494184
-60.9099493181624,67.1276774334618,28.3687474845732
-60.9186823696457,67.6275447316668,28.3690126197652
-60.9273936115471,68.1274121884005,28.3692777548399
-60.9361679921385,68.6272793606835,28.3695428903521
-60.944711735147,69.1271475118005,28.369808024306
-60.9541144844875,69.6270120337402,28.3700731650826
-60.9601318147282,70.1268908538946,28.3702328837878
-60.9543693463398,70.6268194243879,28.3700727962479
-60.950203846867,71.1267412503176,28.3699127163041
-60.9456105363333,71.6266648830445,28.3697526346089
-60.9411318318274,72.1265880317499,28.3695925534032
-60.9366224255793,72.626511310119,28.3694324720679
-60.9321212440588,73.1264345537536,28.3692723907674
-60.9276178589903,73.6263578066897,28.3691123094575
-60.9231150650968,74.1262810571471,28.3689522281502
-60.9186121095943,74.6262043082196,28.3687921468422
-60.9141092094699,75.1261275593096,28.3686320655344
-60.9096062494322,75.6260508097155,28.3684719842266
-60.9051034735921,76.1259740628388,28.3683119029185
-60.9006000211944,76.6258973057816,28.3681518216116
-60.8960990896291,77.1258205867109,28.3679917402999
-60.8915887557741,77.625743725942,28.3678316590064
-60.8871134935157,78.1256673937272,28.3676715776439
-60.8825074096008,78.6255890899356,28.3675114965242
-60.8783492678628,79.1255175369558,28.367351414409
-60.8689060020801,79.6253606036201,28.3671092977737
-60.8541297864671,80.1250721931621,28.3668223617521
-60.8443457934456,80.6250176495625,28.3665353607314
-60.8118469981957,81.12372199879,28.3661886184886
-60.7658295215729,81.6215932995298,28.3658090571187
-60.7273609109535,82.120161804859,28.3654294536227
-60.6604257669255,82.6153800543988,28.3649698460289
-60.5592199188585,83.1050882615912,28.3644331932984
-60.4510445544079,83.593132096841,28.3638786750182
-60.3482011953098,84.0825201958069,28.3633239451427
-60.2229236805727,84.5662626692586,28.362734737699
-60.0917837324843,85.0489602316035,28.3621260028517
-59.9339972767565,85.5228959827579,28.3612790459098
-59.7638782830756,85.9932605878619,28.3603004318644
-59.57693140147,86.4566186954064,28.3591275677565
-59.3829554943934,86.9176539785491,28.357846764758
-59.166232027819,87.3677711878374,28.3573516284666
-58.9378531086907,87.8127014700569,28.357286322526
-58.6984214987784,88.2513809577721,28.3578647794831
-58.4538745061862,88.6875817528719,28.3587966290356
-58.1930381882987,89.113855869043,28.3597375777623
-57.920658611357,89.5331542284479,28.360684019555
-57.6540494857681,89.9561797598162,28.361630511582
-57.3690774496203,90.3667292997859,28.3623375078845
-57.0779492417199,90.7733270966252,28.3629134533643
-56.7728446774355,91.1691218639777,28.3637475518885
-56.460624283886,91.5597257802377,28.3647240509157
-56.1397399088622,91.9429269241468,28.3659384773614
-55.8160083335531,92.3240910629782,28.3672845699814
-55.4755725377523,92.689868676702,28.3684104815049
-55.1238778559263,93.0453168327099,28.369416064101
-54.7775528720629,93.4059444601635,28.3704215596991
-54.4130693390816,93.7479809802132,28.3709954956607
-54.0218344293094,94.0592636377355,28.3712502816378
-53.6237217343182,94.3616358352772,28.3714600915518
-53.2295756408387,94.6694075185218,28.3716699653278
-52.8207858391341,94.9568100998706,28.3718084302734
-52.4057634967436,95.2357592997402,28.3719076974479
-51.9851784131637,95.5058277437465,28.3721433814101
-51.5615501661201,95.7714505988014,28.3724543014057
-51.1318462218931,96.0267927952289,28.3729877586958
-50.6995637501294,96.2780545959219,28.3736440666371
-50.259537822624,96.5152190928494,28.3743983606884
-49.8056607230335,96.7248714358404,28.3746854867351
-49.3489376477812,96.9282051490143,28.3746850699419
-48.8918476485984,97.1307346216575,28.3744139014577
-48.4321974237467,97.3273204078721,28.3739060942085
-47.9733422707591,97.5259977959661,28.3733500146625
-47.5075277118005,97.7071397348022,28.3722917775482
-47.0385891142905,97.8806510770744,28.3709556176349
-46.5663066021979,98.0444605644261,28.3692067157296
-46.0886114559694,98.1918902099346,28.3665934450638
-45.6087018991263,98.3325545473038,28.3629612881765
-45.1206074514347,98.4394883857472,28.3594979711767
-44.6258622848178,98.5126703379244,28.3569390915743
-44.1283442184739,98.5607294032125,28.3560672005073
-43.6300469728309,98.6017788422828,28.3559404484067
-43.1314625102063,98.6381888191631,28.356421575278
-42.6325643152598,98.6707502424998,28.3572390250193
-42.1337081461737,98.7033351654421,28.3580564080262
-41.6348137753167,98.7351625857778,28.3589234886978
-41.1347926459388,98.7366363032113,28.3600862904026
-40.6348900325607,98.7412941000556,28.3612488094036
-40.1349557012539,98.7451009736051,28.3624113815642
-39.6350297939132,98.7491292990274,28.3635739379144
-39.1351018901143,98.7531222267516,28.3647364982299
-38.6351735539868,98.7570355083597,28.36589905818
-38.1352490093357,98.7613089139702,28.3670651370378
-37.6353546190181,98.7683588477104,28.3682522605301
-37.1354576333816,98.7751703240347,28.3694393820304
-36.6355613432577,98.7820457258668,28.3706265039347
-36.1356648649004,98.7889037451745,28.3718136257175
-35.6357684443602,98.7957674051862,28.3730007475468
-35.1358719807024,98.8026258784273,28.3741878693096
-34.6359756316302,98.8094994478295,28.3753749912949
-34.1360788676872,98.8163178667068,28.3765621125037
-33.6361836472959,98.8233416123631,28.3777492372433
-33.1362825699698,98.8295862179978,28.3786504795071
-32.6363364397142,98.829837469267,28.3778270652102
-32.1363941485236,98.8305994310594,28.3770036573736
-31.6364508292781,98.8312246211366,28.3761802482291
-31.1365077854672,98.831886490884,28.3753568394652
-30.6365646673614,98.8325383325267,28.3745334306011
-30.1366215711626,98.8331936279872,28.3737100217657
-29.6366784615944,98.8338451331857,28.3728866129164
-29.1367353835821,98.8345083369152,28.3720632040928
-28.6367921928124,98.8351285746728,28.3712397951605
-28.1368494284949,98.8359116426791,28.370504826512
-27.6369099781962,98.8379602973645,28.3703082961028
-27.1369702475246,98.839901871089,28.370111765762
-26.6370305917894,98.8418720949535,28.3699152354072
-26.1370909165107,98.843834734016,28.3697187050567
-25.637151244517,98.8457990799216,28.3695221747047
-25.1372115789071,98.8477641773938,28.3693256443542
-24.6372718845076,98.8497245674246,28.3691291139995
-24.1373322987823,98.8517030188481,28.3689325836589
-23.6373923075196,98.8536139936932,28.368736053254
-23.1374538544528,98.8557809268503,28.3686113747963
-22.6375274874528,98.8599589304424,28.3689282489742
-22.1376001034004,98.8639677992686,28.3692451228755
-21.6376729977018,98.8680226097968,28.369561996832
-21.1377457950383,98.8720626868053,28.3698788707742
-20.6378187019654,98.8761157751068,28.3701957447138
-20.1378912677582,98.88013157762,28.3705126186829
-19.637965108742,98.8842857078967,28.3708263291451
-19.1380490432469,98.8895343807107,28.3711204710643
-18.6381321209682,98.8946897982581,28.3714146129047
-18.1382154747591,98.8998764827091,28.3717087547722
-17.6382985807042,98.9050313213542,28.3720028965934
-17.1383824014598,98.910282204754,28.3722970386067
-16.6384635691966,98.9151751383157,28.3726333843251
-16.1385236370529,98.91722027944,28.3732322772044
-15.6385854604716,98.9195023866315,28.3738311690428
-15.1386468144463,98.921721068089,28.3744300610892
-14.638708291729,98.9239566338543,28.3750289530772
-14.138769744922,98.9261880482546,28.3756278450718
-13.6388311712778,98.9284191957653,28.3762267370971
-13.1388927287242,98.9306555085646,28.3768259578581
-12.6389592375576,98.9331592517434,28.3774359543241
-12.1393450989699,98.9519297744061,28.3781095412142
-11.6396405222803,98.967833168148,28.378783101765
-11.1401468125376,98.9874241189567,28.3794645061234
-10.6427209716015,99.038012776485,28.3802034622754
-10.1449955653943,99.0853115899446,28.3809423675607
-9.64788163584392,99.1372426692785,28.3816899503658
-9.15536084081306,99.2237395789644,28.3825016869706
-8.66343450260186,99.312000435461,28.3834421840183
-8.18106102735165,99.4438596054898,28.3853271380986
-7.69762825759585,99.5713213203145,28.387211527117
-7.21571124661066,99.7038424185099,28.3892407547321
-6.74500480848346,99.8726752049231,28.3923299133461
-6.27511231520424,100.042914668811,28.3954827905071
-5.82197902675198,100.254435533037,28.399111635907
-5.36704693056438,100.461783281899,28.4027394151296
-4.91452121325574,100.673955387161,28.4064062322007
-4.47973001600257,100.921010970863,28.4103609458722
-4.04605356204991,101.169372392796,28.4141487622472
-3.63462387093414,101.453661567019,28.4167334767873
-3.22331918186618,101.737663646077,28.4191942501348
-2.82789178929646,102.043734051082,28.4207612971082
-2.43381318344011,102.351151904439,28.4222124059507
-2.06662917106741,102.690605463358,28.4228213939148
-1.696672084294,103.026889107149,28.4234302281425
-1.33019516812575,103.366757240586,28.4239487702293
-0.98930112364762,103.732617352361,28.4238089807387
-0.649874807130683,104.099454561635,28.4236517575434
-0.344776636990719,104.495671624426,28.4233668271291
-0.036201815880072,104.889034216399,28.4230819848185
0.2681773822615,105.285470123434,28.4228044110923
0.541585734292258,105.704176723604,28.4225796548722
0.813543699100615,106.123488235423,28.4223211640554
1.04718697503545,106.565619319977,28.4218157945051
1.28472043200602,107.005543921778,28.4213105728658
1.51752035735776,107.447814745215,28.420765930556
1.71506543593562,107.90722076432,28.4199334918325
1.91097888079909,108.366980049114,28.4192161638491
2.06745863454212,108.841964642699,28.4193353398911
2.22390682371156,109.316664167724,28.4195397559589
2.35480207185239,109.799306866277,28.4203663328735
2.48212716630273,110.282485013971,28.4212152659428
2.55262636840336,110.777657869358,28.4222303858269
2.62693130508363,111.271979379362,28.4232447731905
2.7013843615368,111.766413097566,28.4242594416257
2.77139313738221,112.261253521833,28.4252686989256
2.79358827441723,112.760845463665,28.4262402549264
2.81915930547375,113.260098748178,28.4272113774372
2.84388286016536,113.759441989242,28.4281825851427
2.86862338190652,114.258763787938,28.4291537531011
2.89411556110022,114.758081809457,28.430124995906
2.89799329839256,115.257665099372,28.4307442612811
2.88139966372013,115.75749729054,28.4311731520759
2.87006330274309,116.257277779156,28.4316018597375
2.85655592287238,116.757035822406,28.4320305935877
2.84647407420595,117.256935367683,28.4324593807826
2.81923643439346,117.756023363259,28.4339539859705
2.78246885832853,118.254655961242,28.4360269937857
2.74793297828153,118.753394633514,28.43809976799
2.71287370447501,119.25211073679,28.4401725989856
2.67767576483011,119.750811015598,28.4422454049388
2.64355603975411,120.249597169185,28.4443182570739
2.60320371079717,120.747894123706,28.4464939048223
2.55929383219445,121.245911128776,28.4487255303743
2.51635814291271,121.744007839827,28.45095713086
2.472667657525,122.242033064608,28.4531887054497
2.43102199115874,122.740264515155,28.4554204212994
2.37833372706139,123.23737535069,28.4564240546759
2.31949637462487,123.733863102643,28.4567586897464
2.26192714357199,124.230475563155,28.4570933080591
2.20469928848185,124.727137656201,28.4574279331404
2.14351799154455,125.223315959466,28.4566829899952
2.08017431765011,125.719234477499,28.4553486792163
2.01686289008115,126.215146671933,28.4540143964169
1.95531517977738,126.71131113973,28.4526800317054
1.88319997715307,127.205980446963,28.4513519102231
1.80499887312948,127.699786402084,28.4500270471075
1.72845800963213,128.193836693413,28.4487022283445
1.65064668359231,128.687671778693,28.4473774531433
1.57625664363347,129.182123307448,28.4460524382235
1.48345034722148,129.673236441021,28.4453479319005
1.38037198645608,130.162492712061,28.444983181158
1.27925409522938,130.652084604443,28.4446184854021
1.17932406257427,131.141965694972,28.4442537569619
1.06935202645025,131.629617696317,28.4442931876986
0.95361650926295,132.115998450771,28.4445544846379
0.838960687639262,132.602610501479,28.4448157685917
0.725056378696636,133.089415263898,28.4450770608922
0.60504335450841,133.574722946377,28.4456496092196
0.481485589381419,134.059164533982,28.4463933745401
0.358709246537839,134.543795126134,28.4471371253335
0.235928390120681,135.02843216418,28.4478808870357
0.112383946132641,135.512854360196,28.4486246190244
-0.00810155263157525,135.998129499162,28.4493684735753
-0.145590762771457,136.478666454735,28.4504375047872
-0.292779260335405,136.956501927736,28.4516861977142
-0.437744715364763,137.434953056437,28.4529347308419
-0.583071524305314,137.913317472337,28.4541833181764
-0.729176535006455,138.391412923191,28.4554318298423
-0.871807207788099,138.870670997709,28.4566806218474
-1.0338485979988,139.343447583993,28.4560687644472
-1.20684789062174,139.81257451924,28.4544282386411
-1.3778040926099,140.282354840597,28.4527880198228
-1.54731510337815,140.752723895828,28.4511475973973
-1.72849212319061,141.218611992871,28.4521152523859
-1.91651250537983,141.681880135519,28.4545269242233
-2.10296470244072,142.145746604325,28.4569384309497
-2.28966929314579,142.609524266839,28.4593499940329
-2.47693286611491,143.073058685881,28.4617614778544
-2.66170800410152,143.537654928684,28.4641732559843
-2.86039535263815,143.996321344626,28.4651133658963
-3.06728667466298,144.451485794594,28.4652370540612
-3.27168766327061,144.907729507935,28.4653607316009
-3.47988952233601,145.362255144107,28.465164141916
-3.68990976198162,145.815945894699,28.4647895777304
-3.89934028745855,146.269912116252,28.4644150116226
-4.10954295740583,146.72350567468,28.4640404560839
-4.31724685506901,147.178314373056,28.4636658549289
-4.53854464175304,147.62650888829,28.4630213586246
-4.76754744072186,148.070960888903,28.4622263913472
-4.99519128759117,148.516052640812,28.4614315096176
-5.22152051440599,148.961863536531,28.4606365572314
-5.45767759153091,149.402454941148,28.4601174085673
-5.69966839797044,149.839952282572,28.4597520559617
-5.94020681357016,150.278222441098,28.4593867218946
-6.18142609743276,150.716121360575,28.4590213858757
-6.42137463759499,151.154732239813,28.4586560404262
-6.66779707183504,151.589700582645,28.4582347005165
-6.91794659919447,152.02257158723,28.4577820224419
-7.16725628242899,152.455913885917,28.4573293550512
-7.4166566171637,152.889210392121,28.4568766826931
-7.66653441128948,153.322218649551,28.4564240205277
-7.91441165114239,153.756425731494,28.4559713177902
-8.17336795625542,154.183997017028,28.4554991692745
-8.43877222287167,154.607707102436,28.4550160301928
-8.70270049671426,155.032299042134,28.4545329249039
-8.96687792454802,155.45674973436,28.4540498084703
-9.23153510853307,155.880883334913,28.4535667068091
-9.49402400736727,156.306426613715,28.4530835510778
-9.76856695460227,156.724140938506,28.4527882153414
-10.0501661323709,157.137272561986,28.452598413721
-10.3301005772556,157.551485669555,28.4524086281306
-10.6105066860251,157.965391188288,28.4522188389662
-10.8906912845224,158.379445310463,28.4520290502375
-11.17129015035,158.793212679034,28.4518392634174
-11.4504534845039,159.2079784409,28.4516494674226
-11.7374423072617,159.61729960065,28.45160021298
-12.0290250077983,160.02342424023,28.4516302326669
-12.3195165783137,160.430308801396,28.4516602512576
-12.6103466678671,160.836955083279,28.4516902700208
-12.9009140785713,161.24379437475,28.4517202890418
-13.1921936145504,161.650099956579,28.4517503068918
-13.4808873456964,162.058347355367,28.4517803297744
-13.7837153899594,162.455978592519,28.4509880871091
-14.0949131386603,162.847319985359,28.4497303180312
-14.404003557389,163.240255132064,28.4484727011643
-14.7141879076864,163.632328178737,28.4472150829182
-15.0221043311844,164.026255519012,28.4459573213818
-15.3417000831187,164.410584953379,28.444799154804
-15.6681830014125,164.789251045614,28.4436971682525
-15.9929773861533,165.169309492491,28.4425952823937
-16.3184949115631,165.548758055242,28.4414933813058
-16.642808796945,165.929253479924,28.4403914499281
-16.9731053098934,166.30451662903,28.4397294510755
-17.3069605372751,166.676663531948,28.4393174108669
-17.6398474911301,167.049665658658,28.4389053780554
-17.9734893488505,167.421977701299,28.4384933544052
-18.3050800692476,167.796194677244,28.4380812822286
-18.6475634241282,168.160279053195,28.4378918530022
-18.9964833102772,168.518376396593,28.4378291739197
-19.3439353305498,168.877835650154,28.4377665007625
-19.6916300050747,169.237082887076,28.4377038255817
-20.0398222980139,169.595815936685,28.437641153255
-20.385781368057,169.95681784019,28.4375784703262
-20.7440751423312,170.305301164506,28.4383185055517
-21.1097180031381,170.646326401288,28.4395171118647
-21.4736383330841,170.989099761937,28.4407155632904
-21.8380224499466,171.331402258085,28.4419140505859
-22.2022743602265,171.673839672068,28.44311252838
-22.566591199956,172.01620839081,28.4443110068021
-22.930780558222,172.358716942459,28.4455094921809
-23.2954149037696,172.700734867091,28.4467079501084
-23.6583967885796,173.044575459431,28.4479065249742
-24.0303758503344,173.378491965649,28.4490548734935
-24.4077232679283,173.706488085347,28.4501746634271
-24.7838479613657,174.035829513597,28.4512943663018
-25.1601739236885,174.364961458969,28.4524140991325
-25.5369178323753,174.693585699051,28.4535337891863
-25.9117886133785,175.024450323433,28.4546536385887
-26.2969774192915,175.342985667722,28.4558398868866
-26.6883518975941,175.654130916526,28.4570646437781
-27.0783037544143,175.966973338292,28.4582892652877
-27.4685442503399,176.279480609319,28.4595139245516
-27.8590531518914,176.591630903577,28.4607385510467
-28.2481997061963,176.905544357385,28.4619632818456
-28.6448958172933,177.209701568107,28.4625683881791
-29.0461297945007,177.507996255736,28.4628165685311
-29.4463330708684,177.807619192382,28.4630647322633
-29.8466984673372,178.107045841343,28.4633129019976
-30.2474463387485,178.405929063424,28.4635610624855
-30.6465021303488,178.707182357209,28.4638092579859
-31.0548531267212,178.995427482761,28.4641737009117
-31.4688171670206,179.275818062579,28.4646054072208
-31.881471081474,179.558041609792,28.4650370665183
-32.2944675454623,179.839787148043,28.4654687370808
-32.7074042521569,180.121611313982,28.4659004032777
-33.1202373548196,180.403599095108,28.4663320752618
-33.5335446506255,180.684853760615,28.4667637290879
-33.9450587828527,180.968877264875,28.4671954589035
-34.3663071431864,181.23787147553,28.4675142276064
-34.7934498252753,181.497765646641,28.4677676297895
-35.2192279450717,181.759764960246,28.4680209971949
-35.645324723978,182.021278479823,28.4682743731617
-36.071511757666,182.282629525327,28.4685277450628
-36.4970190295304,182.545116389613,28.4687811252557
-36.9263462140894,182.801237841267,28.4690493099519
-37.3580041952164,183.053475641762,28.4693261180079
-37.7891091067936,183.306636269558,28.4696029197716
-38.2203941728328,183.559491598136,28.4698797219979
-38.6515118213888,183.812645078196,28.4701565278196
-39.0831189469797,184.06491131613,28.4704333192641
-39.5129356050789,184.320428330418,28.4707101720061
-39.9524273898166,184.558376945723,28.4708375628198
-40.3978225047669,184.785605420163,28.4708778734495
-40.8418324807919,185.015351007654,28.470918177147
-41.2862401974657,185.244367297019,28.4709584823339
-41.7304424194274,185.473783068275,28.4709987875625
-42.175068788333,185.702330376635,28.471039091132
-42.6182041004993,185.933951985569,28.4710794021988
-43.0693616139978,186.149024438627,28.4710240422579
-43.5254210432491,186.353986287383,28.4709127188585
-43.9803591516204,186.561254734507,28.4708014119978
-44.4355156082401,186.768097479048,28.4706901001998
-44.8909202613019,186.974335882386,28.4705787936415
-45.3451137191203,187.183417476205,28.4704674690845
-45.8059605995536,187.376912800441,28.4708333724381
-46.2708996602853,187.560822876446,28.4714791486411
-46.7348804068857,187.74697879336,28.4721248445472
-47.1991329397631,187.932493481061,28.4727705581898
-47.663256866184,188.118326718656,28.4734162703941
-48.1276233699271,188.303527132284,28.4740619703321
-48.5911481953781,188.490940231965,28.4747077276844
-49.0591873954645,188.666478260151,28.4747859009551
-49.530007933947,188.834699537868,28.4745303338087
-50.0001788349254,189.004630087261,28.4742747845732
-50.4705292352649,189.174087269491,28.4740192312265
-50.9408114283832,189.343728246903,28.4737636788211
-51.4111869092957,189.5131075207,28.4735081269069
-51.8812574605245,189.68334977556,28.4732525716907
-52.3529535339684,189.848988232436,28.4726223375582
-52.8256535894234,190.011783100381,28.4717710310328
-53.298121489587,190.175235370014,28.4709197333722
-53.7706453957503,190.338529551368,28.4700684335796
-54.2431774871123,190.501798531498,28.4692171346291
-54.7156208182477,190.665326442759,28.4683658343915
-55.188564970145,190.827395316684,28.467341387289
-55.6618218294482,190.988553282468,28.4662144909569
-56.1350030243344,191.149931617077,28.4650875958882
-56.6082150375232,191.311220332162,28.4639607002621
-57.0813794590341,191.472647106665,28.4628338057243
-57.5547034225754,191.633611281573,28.4617069068863
-58.0271767352792,191.797041861806,28.4603814523036
-58.4991210430476,191.962006246114,28.4589381743694
-58.9711885947892,192.126613312923,28.4574949007396
-59.4432225590758,192.291317693518,28.4560516261535
-59.9152676015449,192.45599021667,28.4546083516678
-60.3873019262483,192.620692834049,28.4531650777768
-60.8593680414496,192.785306938824,28.4517218013857
-61.3313177144602,192.950244994062,28.4502785340685
-61.8037013599315,193.113975776216,28.4488352283315
-62.2737560157233,193.284185757105,28.4475189737937
-62.7423621145229,193.458427402672,28.4462783409682
-63.2112840251784,193.631784614508,28.4450377375609
-63.6801989619555,193.805182858908,28.4437971151481
-64.1488259103527,193.979301608316,28.442556541088
-64.6186117904371,194.150497289017,28.4413157687054
-65.082113683998,194.337541011002,28.4400220201888
-65.5413288683098,194.535295334734,28.4386962155285
-66.0025771709253,194.728247440743,28.4373704288449
-66.4576595988724,194.93502778048,28.436107286294
-66.9091945664821,195.149725525426,28.434881312995
-67.361249792439,195.36319747758,28.433655478949
-67.814279983458,195.574752122631,28.4324294766017
-68.2609330540457,195.799144491055,28.4313890682572
-68.7034693468567,196.031823409718,28.4304595416256
-69.1471155188753,196.262305391421,28.4295300823983
-69.5898990761131,196.494376229691,28.4286006782101
-70.0350229634449,196.722289073567,28.4276709596812
-70.4679617097611,196.971767763078,28.4272135975576
-70.893207150958,197.234853589004,28.4270392347805
-71.3203150960337,197.494659586605,28.4268649187497
-71.7466421083966,197.755790010136,28.4266905946822
-72.1742299203409,198.014903310946,28.4265162608615
-72.5957425438252,198.283629088849,28.4261939459323
-73.0136323780526,198.55810826128,28.4257826231684
-73.4318023059988,198.832058576878,28.4253713473144
-73.8519672999516,199.103173654178,28.4249599647537
-74.260271660467,199.391335773957,28.424661542395
-74.6609863618901,199.690412449,28.4244309560476
-75.0635191872721,199.986880791075,28.424200414761
-75.4653561254037,200.284324678295,28.423969864565
-75.8681580725987,200.580475314593,28.4237393101574
-76.266441703783,200.88261770295,28.4228458706388
-76.6618376257117,201.188581498465,28.4215524617796
-77.0580481734435,201.4934805487,28.4202590688036
-77.4535041152412,201.799325734682,28.4189657261179
-77.8511636714878,202.102451362532,28.4176721412012
-78.2372979259769,202.41977837593,28.4167460478801
-78.6160513053705,202.746192379395,28.4160417137698
-78.9966774926753,203.070320257601,28.4153374763672
-79.3762044291302,203.395723925576,28.4146332488621
-79.7582551338234,203.718311080695,28.413928881614
-80.1274758549816,204.055145547835,28.4130065815278
-80.4886316459787,204.400940059702,28.4119518851983
-80.8513721569545,204.744950589013,28.4108973730726
-81.2147368204632,205.088360437466,28.4098427756106
-81.5722229136217,205.437805903964,28.4095286760281
-81.9259063085825,205.791169325624,28.4096637557779
-82.2802321299466,206.143859721988,28.4097988298143
-82.6352717127229,206.495858412415,28.4099339090209
-82.98531549868,206.852773457956,28.4097757948968
-83.3323332776338,207.212685417088,28.4094394738539
-83.679352147963,207.572543005853,28.4091031788663
-84.0289572399599,207.930050234966,28.4087668044903
-84.3637974881882,208.301054508343,28.4086923096125
-84.6892332485628,208.680668606601,28.4087771696679
-85.0164692402086,209.058606069611,28.4088620128372
-85.3446173817279,209.43582129315,28.4089468649619
-85.6649471272656,209.819593534745,28.4094194016426
-85.9802550933411,210.207596067551,28.410128375562
-86.29626802527,210.594979823653,28.4108372986405
-86.6137865338041,210.981193597957,28.4115462920522
-86.9216835926306,211.374987455914,28.4115344824591
-87.2232621850996,211.773761602663,28.4110824557762
-87.526411397303,212.171303052103,28.4106304593751
-87.8287412670874,212.569469224883,28.4101784621303
-88.1327775273847,212.966369483309,28.4097264387558
-88.4282178671044,213.369618929751,28.4098837559801
-88.7175004749912,213.777383679808,28.4104140553726
-89.0100764508633,214.182818058957,28.4109443770159
-89.29174913091,214.595773248906,28.4107573858523
-89.5669426263314,215.013199252719,28.4101307677583
-89.8428525072476,215.430080525453,28.409504226372
-90.1214443139117,215.845311443362,28.4088775395142
-90.3837205816735,216.270733392003,28.4077130302837
-90.6353045991497,216.702839910631,28.4062179002912
-90.8893790116104,217.133390811649,28.4047230298019
-91.1427197823841,217.56439486869,28.4032281059022
-91.3965041906307,217.995142252855,28.4017331706846
-91.6492478541941,218.42646307197,28.400238332924
-91.9057107386913,218.855746892983,28.39874306476
-92.1425370225317,219.295780932542,28.3967575306829
-92.3666753614999,219.742764256889,28.3944690920514
-92.5934723621407,220.188281183486,28.3921811810732
-92.8209819619977,220.633463866561,28.3899782238388
-93.049322812691,221.078211914835,28.3878277113105
-93.2785375317089,221.52252442639,28.3856771434191
-93.5016770701835,221.969888660984,28.3838402891429
-93.7198654070212,222.41970203135,28.3821968896662
-93.941935357821,222.867690710039,28.3805532536336
-94.1484049225879,223.322866905006,28.3788449224178
-94.3459829693861,223.782168422756,28.3770960196365
-94.5409641520677,224.242491910485,28.3751101752181
-94.7316829936599,224.704636517735,28.3729776581227
-94.9248340919758,225.16577555618,28.3708451186378
-95.1095823086485,225.630302595975,28.368673766009
-95.2877851290154,226.097395957236,28.3664783749955
-95.4712637267541,226.562577280444,28.3642824222431
-95.633180237425,227.035334596814,28.3635584805558
-95.7813171361424,227.51292015613,28.3637453775538
-95.9324601401289,227.989447040747,28.3639322312522
-96.0837126160668,228.465966937106,28.3637077847696
-96.2359189201566,228.942177116313,28.3632283731963
-96.3876237428526,229.418546201232,28.3627489626222
-96.5404706592406,229.894560806838,28.3622695420235
-96.6875961550435,230.372347443547,28.3618538294993
-96.8312451145186,230.851220455039,28.3614776580221
-96.9748711209842,231.330068985732,28.3611015093181
-97.1215469499563,231.808089841394,28.360725288825
-97.2509766471217,232.290835293404,28.3607310424676
-97.3689276756217,232.77672564843,28.3609743857984
-97.4896503989202,233.261861806002,28.3612176929451
-97.6091675867815,233.747307635005,28.3614610053169
-97.7307345959705,234.232269145144,28.3617043297697
-97.8424623853819,234.719520296903,28.3622992581456
-97.9479461414819,235.208230058284,28.3631134425453
-98.0542213502924,235.696731942612,28.3639275674386
-98.1626717056457,236.184816838253,28.3647417916321
-98.257668483816,236.675561667791,28.3653920928173
-98.3435716965511,237.16810432803,28.3659402049129
-98.4317998899501,237.660197778576,28.3664882736395
-98.5185577466193,238.152540412439,28.3670363292345
-98.6088714251286,238.644335626187,28.3675844867788
-98.6812021849367,239.138865982002,28.3676494606832
-98.7415412843452,239.635214371966,28.3674121847011
-98.8048767717667,240.131120697738,28.3671749427253
-98.8665377815862,240.627232598791,28.3669377033432
-98.9318996197119,241.12296436315,28.3667004187649
-98.9787704193219,241.620546817486,28.3656928560532
-99.0133179826932,242.119357706087,28.3642020503658
-99.0508623759853,242.617876919423,28.3627114790371
-99.0870073398227,243.116507775377,28.361220883838
-99.125752538197,243.614983798419,28.3597301653307
-99.1518367237645,244.114172830096,28.3588249388955
-99.1694797353716,244.613833906772,28.3582872386383
-99.1891739359179,245.113383547907,28.3577495776413
-99.2079122814489,245.612973782475,28.3572119126308
-99.2284223953005,246.112513103346,28.356674227038
-99.24031583344,246.612281097211,28.356301516508
-99.2464537743283,247.112200387358,28.3560326133184
-99.2539792012722,247.612084436273,28.3557637193171
-99.2608947308633,248.111979681557,28.3554948240572
-99.2688620519018,248.611865390263,28.35522592542
-99.2717808763507,249.111788727229,28.3555692945169
-99.2713400718863,249.611736681625,28.3562989618205
-99.271656559344,250.11167901299,28.3570286203779
-99.271824009725,250.611622747749,28.3577582808498
-99.2718301591271,251.11156649315,28.3584879413065
-99.2729590194455,251.611508159796,28.3589866518585
-99.2748618624181,252.111448302631,28.3593393114927
-99.2765731886778,252.611388864103,28.3596919709237
-99.2783858605096,253.111329064433,28.3600446303516
-99.2799847108185,253.611270290593,28.3603972899935
-99.2826395525488,254.111206266753,28.3607937356158
-99.2859887545615,254.611138732967,28.3612179375722
-99.2892222675175,255.111071930581,28.361642139493
-99.2923253809577,255.611005207367,28.3620663407838
-99.2960657952389,256.110937435928,28.3624905449503
-99.2964126860229,256.610875437465,28.362539739988
-99.2944811557241,257.11081729548,28.3623506575921
-99.2930151706289,257.610758452578,28.3621615761072
-99.2916365744394,258.110699116662,28.3619724949026
-99.2894427934451,258.61064245382,28.3617834115364
-99.2917015094905,259.110571489429,28.3619287871932
-99.2969778630324,259.610490876832,28.3622871795549
-99.3015929629508,260.110412288718,28.3626455685212
-99.3062700216874,260.610333857129,28.3630039580031
-99.3113606301396,261.11025277458,28.3633623485077
-99.3140413662712,261.610186346602,28.3637265039713
-99.3150704689416,262.110129923585,28.3640943425593
-99.316481674455,262.610071193015,28.3644621800878
-99.3177787748285,263.110013127085,28.3648300178745
-99.3191501115672,263.609954710637,28.3651978555491
-99.3203386352894,264.10989703147,28.3655656934258
-99.3224461381138,264.609835719309,28.3657568848638
-99.325179720273,265.109771936658,28.3658349864262
-99.3277654991518,265.609708735207,28.365913087955
-99.3304067935484,266.109645322558,28.3659911894961
-99.3329738614859,266.609582173379,28.3660692910181
-99.3357823034132,267.109518181578,28.3661473926128
-99.3373447428385,267.609458533142,28.3660993782399
-99.3380566997025,268.109401847546,28.3659703935692
-99.3389611304273,268.609344495825,28.3658414089945
-99.3398227280785,269.109287275923,28.3657124244057
-99.3406631445335,269.609230195004,28.3655834397903
-99.3416311251571,270.10917242632,28.365454455292
-99.3421100447317,270.609117269632,28.3653254702911
-99.3451438170643,271.109048476989,28.3652947311519
-99.3499334594376,271.608970311776,28.3653272776622
-99.3543136615627,272.108894336471,28.3653598240658
-99.358830889813,272.608817612397,28.3653923704998
-99.3632095416,273.10874169302,28.365424916906
-99.3680054358612,273.60866330383,28.3654574634026
-99.3706663166609,274.108597574861,28.3654307960082
-99.371860066125,274.608540547379,28.3653658769841
-99.3733885395888,275.108481533159,28.3653009581062
-99.3748310264159,275.608423034833,28.365236039195
-99.3762826664841,276.108364460081,28.3651711202903
-99.377783696878,276.608305675038,28.3651062013939
-99.3790780154184,277.108247807577,28.3650412824523
-99.3814564165577,277.608185115166,28.3650288142406
-99.3845841543658,278.108119086745,28.3650503409519
-99.3875401360658,278.608053823757,28.3650718676505
-99.3905435117768,279.107988346699,28.3650933943521
-99.3935291032608,279.607922960331,28.365114921053
-99.396538427363,280.107857425321,28.3651364477536
-99.3994706106462,280.607792394155,28.3651579744563
-99.40279963245,281.107724762761,28.3654269359946
-99.4064064296388,281.607655319599,28.3658567998025
-99.4099410389517,282.107586321554,28.3662866635483
-99.4135270923109,282.607517089798,28.3667165274083
-99.4169795752331,283.107448347667,28.3671463908836
-99.4209148739281,283.607377880835,28.3675762559795
-99.4223490584704,284.107316330701,28.368261876596
-99.4220453338971,284.607260975983,28.3691142859931
-99.4221369239403,285.107204210419,28.3699666927236
-99.4221288802356,285.607147806415,28.3708191000477
-99.4221239772848,286.107091367303,28.3716715073114
-99.4222061629938,286.607034706993,28.3725239142124
-99.4219368612298,287.106978966566,28.3733763228329
-99.4235009419715,287.606918418344,28.3739320563284
-99.4263449517329,288.106854512314,28.3742936934657
-99.4288956138885,288.606791378431,28.3746553299896
-99.4315290098038,289.106728017354,28.3750169666575
-99.4341248786254,289.606664792747,28.3753786032821
-99.4367881036156,290.10660124951,28.3757402399328
-99.439130161647,290.606539270486,28.3771991867899
-99.4412533208535,291.106478237544,28.3793780775511
-99.443376640487,291.606417538315,28.3790675443324
-99.4452707988062,292.106356403001,28.3782226672527
-99.4479302030524,292.606297362482,28.3773777800169
-99.4441982926602,293.106220390221,28.3771884849385
-99.4390432889429,293.606139430516,28.3771402237411
-99.434248431771,294.106059439234,28.3770919628231
-99.4293822574008,294.605979410647,28.377043701844
-99.4244409609581,295.105898561984,28.3769954408723
-99.4203459318794,295.605825210429,28.3768007420271
-99.4164428787754,296.105753541346,28.3765744181108
-99.4124937487986,296.605681459608,28.3763480942197
-99.4085441986077,297.10560940989,28.3761217703127
-99.4046424504858,297.605537645094,28.3758954464458
-99.4005498485938,298.105464708168,28.3756691224064
-99.3980665317204,298.605401658777,28.3750436334502
-99.3959481444678,299.105340800427,28.3743315399489
-99.3937267254843,299.605279490822,28.3736194464787
-99.3915663568147,300.105217880005,28.3729073538185
-99.3892648319068,300.605157926126,28.3721952578843
-99.3874670169044,301.105091643728,28.3714831736347
-99.383794964549,301.605049025537,28.370771037443
-99.3957919659325,302.104808499351,28.3697789181936
-99.411330962828,302.604523245943,28.3687256770804
-99.4259628398004,303.104249410797,28.3676724731363
-99.4408176041838,303.603972907032,28.3666192612183
-99.4556884770176,304.103695652523,28.3655660498815
-99.4702718015516,304.603424073072,28.3645128442937
-99.4859895807796,305.103130537233,28.3634596105493
-99.492208711506,305.603020574907,28.3625651064958
-99.4962664605081,306.102952352271,28.3617053679851
-99.5008856301255,306.602873378018,28.360845640654
-99.5053367667214,307.102797288536,28.3599859110595
-99.50989832125,307.602720417654,28.3591261810973
-99.5141862443627,308.102643785983,28.3582664548009
-99.5194585393786,308.60256697927,28.3574067114427
-99.5165685951056,309.102491179898,28.3564189725167
-99.5118137444607,309.602415599662,28.3554030146862
-99.5075396274313,310.102339974999,28.3543870667015
-99.5031346532138,310.602264317745,28.3533711165418
-99.4987721078395,311.102188835365,28.3523551667877
-99.4943707677167,311.602112685877,28.3513392176966
-99.4900821902746,312.10203903067,28.3503232655131
-99.4853812433847,312.601956062762,28.3493073244682
-99.482217452667,313.101907861386,28.3482913339782
-99.4663193453171,313.60157161595,28.3472725318209
-99.4474923132855,314.101169138776,28.3462530563676
-99.4294186199515,314.600783632479,28.3452336053142
-99.4111450610326,315.100393863424,28.3442141482968
-99.3929172038907,315.600004164704,28.3431946945489
-99.3747065266837,316.099618451179,28.34217523396
-99.3563813640214,316.599216721257,28.3411557974437
-99.3384970974561,317.098875089073,28.340136270792
-99.3189632593783,317.598309018288,28.3391170714796
-99.2544300721951,318.091647773386,28.341319779224
-99.1277418558519,318.57682394391,28.3455089197352
-99.0074226626415,319.061591996342,28.349437083605
-98.8743759175742,319.543654988466,28.3532217423644
-98.747459346913,320.027248686924,28.3570055101874
-98.6018585716391,320.505401222955,28.3603414680542
-98.4330666156459,320.976056848549,28.3631848786649
-98.2626598090588,321.446035721796,28.3658932398025
-98.0812110594302,321.911927455682,28.3682474156491
-97.868350690825,322.36420544642,28.369205934155
-97.6314473678665,322.804492797599,28.3692860150531
-97.3793738683295,323.236301325509,28.3692207184048
-97.1024382051334,323.65239827147,28.3689569510328
-96.8075739156206,324.056228445213,28.3684852048135
-96.5028439710845,324.452484974149,28.3677984093846
-96.1904725775095,324.842964546472,28.3668450074675
-95.8587423750458,325.216787251305,28.3660511338601
-95.5091520735146,325.574281793273,28.3657405090101
-95.1512819563202,325.923407332033,28.3659995933202
-94.7791465606991,326.257178289002,28.3662294143621
-94.4019447142757,326.585332489626,28.3663037936414
-94.023303710431,326.911768309464,28.3657919202552
-93.6408616020961,327.233774570415,28.3646068229878
-93.2582445336292,327.555561227026,28.3632290425964
-92.874440684972,327.875930971941,28.3615638943258
-92.4897420062021,328.19522890964,28.3597239264564
-92.1055075555155,328.515083594521,28.3578226324757
-91.7221980299956,328.836049222189,28.3559459811529
-91.3392403961063,329.15742090002,28.3541071274813
-90.9570305719379,329.479731004816,28.3524591175807
-90.5830951228391,329.811501551108,28.3514224980145
-90.2165589118336,330.151552474596,28.3508423742395
-89.8592388550394,330.501164097254,28.3505701174892
-89.5123976058935,330.86125003381,28.3504875977377
-89.1713323448491,331.226783624418,28.3504472332963
-88.8355124978045,331.597149925155,28.3504121345458
-88.5030604888849,331.970516654108,28.3503782655911
-88.1683618439655,332.341971859225,28.3503445013093
-87.8526374274966,332.72945869139,28.3510643463443
-87.5485907366018,333.126385860412,28.352045700041
-87.2439349115239,333.522768339732,28.3530472355685
-86.9455798336663,333.92392102656,28.3541456054683
-86.6527140768246,334.329106651647,28.3553182576935
-86.359885833179,334.734318319317,28.3565028799753
-86.0703524901561,335.141885433743,28.3577335154567
-85.7808419919842,335.549473238322,28.359240941467
-85.4910144386851,335.956833857753,28.3608097532348
-85.1998844938263,336.363268221249,28.3626966510607
-84.9037812426577,336.766092670308,28.3652637179974
-84.60738122079,337.168676758171,28.3679708960643
-84.3034709791179,337.565707475091,28.3721108979854
-83.9762937151585,337.943631355315,28.3782252563372
-83.6333412110007,338.307447721361,28.3845026504299
-83.2755159006958,338.656608770443,28.386485285716
-82.8987160601234,338.985130590766,28.3823188154371
-82.5107962120569,339.30057217853,28.3765970005815
-82.1087308988996,339.597647266045,28.3708013455881
-81.6929557806918,339.875318337234,28.3661318871105
-81.2719024869917,340.144712695539,28.3629207488734
-80.847892572808,340.409303906785,28.363498035625
-80.3912224830139,340.613567733591,28.3673364876414
-79.9250553007404,340.793691103281,28.3687358771817
-79.4478985995195,340.943274972684,28.3676237861722
-78.9678564904755,341.082624039508,28.3657603878029
-78.4802597382958,341.193337263346,28.3637886433199
-77.9901081722753,341.291603078252,28.3620841105615
-77.4977482369896,341.378522580545,28.3606765907865
-77.0051103464709,341.463303158266,28.3593878886447
-76.5086165883142,341.522345829126,28.3587949595792
-76.0123551725325,341.582817969915,28.3582444545911
-75.5149147160313,341.632785278425,28.3579940923793
-75.0166214562792,341.673420558162,28.3580471762806
-74.5182854601069,341.713331925053,28.3581562091361
-74.0191399605115,341.741740262704,28.3585944127161
-73.5200472855289,341.77084668706,28.3590426690293
-73.0208217785251,341.797653398746,28.3595502456431
-72.5216083565181,341.824657296149,28.3600578206274
-72.0223976467459,341.851716353477,28.3624924744886
-71.5232439819299,341.879809186002,28.3763139594748
-71.0240856743789,341.90781818587,28.3901354419899
-70.524928626066,341.935849899284,28.4039569248985
-70.025771191081,341.963874727649,28.4177784078062
-69.526614041955,341.99190435307,28.4315998902593
-69.0274561348948,342.019921657375,28.4454213745614
-68.528300979986,342.047983550441,28.4592428523209
-68.0291355504729,342.075879022007,28.4730643602495
-67.5300091403996,342.104406491019,28.4848241564974
-67.0312177050706,342.138356935867,28.4846362513952
-66.5323986739937,342.171863499624,28.4844483473988
-66.0335906593839,342.205537487364,28.4842604433149
-65.5347666146853,342.238991506086,28.4840725386998
-65.036229345163,342.276289730698,28.4793847256471
-64.5380137127931,342.317897783258,28.4718673231268
-64.0397213664355,342.358477950971,28.4643500485702
-63.5414495755256,342.399333539552,28.4568327452971
-63.0431722768011,342.440115329346,28.4493154501185
-62.5448964538907,342.480916893461,28.4417981527998
-62.0466202355371,342.521713159064,28.4342808560565
-61.5483441231423,342.5625108444,28.4267635591593
-61.0500679823558,342.603308149318,28.4192462623033
-60.5517918491772,342.644105556173,28.4117289654362
-60.0535157139588,342.684902935698,28.4042116685721
-59.5552395792916,342.725700322605,28.3966943717072
-59.0569634444595,342.766497707316,28.3891770748425
-58.5586873097357,342.80729509343,28.3816597779778
-58.060411174744,342.848092476125,28.3741424811132
-57.5621350407151,342.888889871093,28.366625184248
-57.0638589031031,342.929687220391,28.3591078873851
-56.5655827788604,342.970484740094,28.3515905905135
-56.0673066047234,343.011281623847,28.3440732936745
-55.5690306167947,343.052080880994,28.3365559967138
-55.0707539339273,343.092871280515,28.3290387002061
-54.5724798446063,343.13369473715,28.3215214019917
-54.074196076038,343.174394822947,28.3140041099244
-53.5759484309139,343.215555334996,28.3064867918235
-53.0775124956628,343.2543159176,28.3039688569331
-52.5789472048971,343.291427746158,28.3045942432613
-52.0804115273158,343.328917021767,28.3052196277962
-51.5818679131354,343.366305138182,28.3058450127493
-51.0833264260345,343.403720366164,28.3064703975857
-50.5847843688573,343.441128328005,28.307095782453
-50.0862424644657,343.478538237236,28.3077211673121
-49.5877005191263,343.51594762455,28.3083465521735
-49.0891585847611,343.553357151741,28.3089719370342
-48.5906166474548,343.590766641444,28.3095973218951
-48.0920747109367,343.628176141195,28.3102227067559
-47.5935327742073,343.665585638252,28.3108480916168
-47.0949908375347,343.702995136032,28.3114734764776
-46.5964489008467,343.740404633618,28.3120988613384
-46.0979069641628,343.777814131256,28.3127242461992
-45.5993650274779,343.815223628879,28.3133496310601
-45.1008230907933,343.852633126506,28.3139750159209
-44.6022811541087,343.890042624134,28.3146004007818
-44.1037392174238,343.927452121759,28.3152257856426
-43.6051972807397,343.964861619394,28.3158511705035
-43.1066553440529,344.00227111699,28.3164765553643
-42.608113407376,344.039680614731,28.3171019402252
-42.1095714706626,344.077090111933,28.317727325086
-41.6110295340845,344.114499611144,28.3183527099468
-41.1124875970022,344.151909102857,28.3189780948076
-40.6139456618013,344.189318622555,28.3196034796687
-40.1154037195795,344.226728037814,28.3202288645287
-39.6168618035587,344.26413784283,28.3208542493926
-39.1183197897586,344.301546193314,28.3214796342422
-38.6197781408603,344.338959971957,28.3221050191448
-38.1212351301879,344.376353493286,28.3227304038504
-37.6226972015109,344.413822612756,28.3233557892981
-37.1241403073699,344.451009608036,28.3239811720729
-36.6256541903051,344.489249460519,28.3246065661689
-36.1268010991747,344.522030323896,28.3251669276148
-35.6276916091314,344.550997078861,28.325685762661
-35.1286406432427,344.580834420475,28.3262045898664
-34.6295739924175,344.61043843798,28.3267234189005
-34.1305115452788,344.640104988184,28.3272422474249
-33.6314479715193,344.669754779135,28.3277610760846
-33.1323846997028,344.699409061696,28.3282799047079
-32.6333213469634,344.72906214047,28.3287987333409
-32.1342580159118,344.758715541869,28.3293175619714
-31.635194679048,344.788368856802,28.3298363906025
-31.1361313437416,344.818022194909,28.3303552192334
-30.637068008018,344.847675526804,28.3308740478644
-30.138004672406,344.877328860365,28.3313928764954
-29.6389413367642,344.906982193479,28.3319117051263
-29.1398780011305,344.936635526713,28.3324305337573
-28.6408146654944,344.966288859914,28.3329493623883
-28.1417513298592,344.995942193125,28.3334681910192
-27.6426879942235,345.025595526329,28.3339870196502
-27.1436246585888,345.055248859554,28.3345058482812
-26.6445613229506,345.084902192703,28.3350246769122
-26.1454979873249,345.114555526131,28.3355435055432
-25.646434651653,345.144208858522,28.3360623341742
-25.1473713161529,345.17386219478,28.3365811628051
-24.6483079800121,345.203515516609,28.3370999914359
-24.1492446462627,345.233168892286,28.3376188200676
-23.6501813035881,345.262822067007,28.3381376486961
-23.1511179942221,345.292475991671,28.3386564773362
-22.6520545605522,345.322127117638,28.339175305933
-22.1529915907693,345.351788688002,28.339694134692
-21.6539268898161,345.381411281148,28.3402129628466
-21.15486864938,345.411179332521,28.3407317932781
-20.6557862990843,345.440404551591,28.3412506155096
-20.1567939238236,345.471655554125,28.3417694724775
-19.657337330631,345.492454712931,28.3419690662228
-19.1575510111989,345.505830101795,28.3419615396007
-18.657839735489,345.52089509635,28.3419540134028
-18.1581083475335,345.535507264686,28.3419464871058
-17.6583823498006,345.550240793628,28.3419389608365
-17.1586549074499,345.564941797053,28.3419314345598
-16.6589278522694,345.579651517646,28.3419239082852
-16.1592006933147,345.594358901587,28.34191638201
-15.6594735622101,345.609066913227,28.3419088557349
-15.1597464234987,345.623774751194,28.3419013294598
-14.660019287359,345.638482656025,28.3418938031846
-14.1602921485415,345.653190467111,28.3418862769095
-13.6605650178626,345.667898586292,28.3418787506345
-13.1608378573087,345.68260556689,28.3418712243594
-12.6611108081108,345.697316793533,28.3418636980842
-12.1613833433828,345.712012175296,28.3418561718096
-11.6616574293485,345.72676668785,28.3418486455322
-11.1619425674484,345.741936705717,28.3417663501895
-10.6621955432112,345.755579907809,28.3418654357098
-10.1623219032649,345.764327374583,28.3424537665395
-9.66244795725818,345.772304192032,28.3430429488881
-9.16252108259675,345.776751388621,28.343633538127
-8.66260347021824,345.781721525653,28.3442241221672
-8.16268555187848,345.786982642599,28.3448147102462
-7.6627585273662,345.790346738707,28.3452779451043
-7.16281229882109,345.790000309475,28.3455345171685
-6.6628697657589,345.790211275343,28.3457910872615
-6.16292508067882,345.79060926706,28.3460476585586
-5.66298587394339,345.78953775171,28.3456902183993
-5.16305662134404,345.785540263131,28.3443344371614
-4.66312580945628,345.782033626402,28.3429786618118
-4.16319478355821,345.778473785867,28.3416228848593
-3.66326648093189,345.774597762025,28.3405226568831
-3.16334372599725,345.770029080568,28.3398386979744
-2.66341996760911,345.765584551738,28.3391547392276
-2.16349659341329,345.761098407903,28.338470780498
-1.66357268599964,345.756654565983,28.337786821555
-1.16365052678961,345.752083165414,28.3371028634157
-0.663721909787739,345.747979566936,28.3364189017966
-0.163820272302711,345.741922329848,28.3358450613707
0.336029393129,345.732088632125,28.3354511842944
0.8358873685437,345.722889897511,28.3350573102554
1.33574584781494,345.713606330853,28.3346634345847
1.83559400507979,345.70402724806,28.3342695625903
2.33548293486127,345.695714694469,28.3338756754748
2.83520087279032,345.682060537736,28.3337335716041
3.33459218974382,345.658119395673,28.3340041157317
3.83402638450675,345.635718013591,28.334274644129
4.33349996462164,345.613818834882,28.334545182105
4.83274888778651,345.587933864554,28.3345568107633
5.33156308736029,345.554147132534,28.3341433239809
5.83042444977851,345.521382162895,28.3337298547362
6.32937702543015,345.489638475567,28.3333163636418
6.82786672784287,345.452156734232,28.3329827239479
7.32539352350726,345.402808821126,28.3327803659616
7.8231968227478,345.356548753905,28.3325780160574
8.32047800979221,345.305260386594,28.3324395601217
8.81676818037231,345.244833212206,28.3324063300726
9.31338446736898,345.187157677609,28.33237310006
9.80927612879516,345.12390783687,28.3322905755769
10.3037541062873,345.05007206141,28.3321267411246
10.7986901279583,344.979393981823,28.3319629074466
11.2926257807763,344.902410317627,28.3321242806348
11.7846327244625,344.813554828131,28.3328227240289
12.2772186914703,344.728034299831,28.3335211522055
12.7686390475213,344.636335852927,28.333977038997
13.2578026085623,344.532984736984,28.334031967708
13.7477236158915,344.433268845797,28.3340868969446
14.2359307957903,344.325902167613,28.3341116279704
14.7208400120651,344.204070770347,28.3340863724207
15.2066597771799,344.086034968103,28.3340611182006
15.6908392858157,343.961659313948,28.3342337972671
16.1721791079108,343.826451323145,28.3347345824631
16.653860564917,343.692615415807,28.3352353269481
17.1359829746123,343.560185018185,28.3357361249285
17.6157441126129,343.419910130152,28.3365114760063
18.0905750643071,343.263289186528,28.3377430245562
18.566689296141,343.110760793897,28.3389744620778
19.0407062066624,342.951986666215,28.3401778927538
19.5111446807355,342.782706838024,28.3413349535095
19.9820324501408,342.614792051118,28.3424919266382
20.4533960805604,342.448086968902,28.3436490057428
20.9221278437106,342.274439983419,28.3448387186384
21.3856262419415,342.086935549065,28.3460832183391
21.8498286062378,341.901354529507,28.3473275548822
22.3145757974502,341.716985782584,28.3485720416389
22.7760880332154,341.5250179541,28.3500372067561
23.2306797668602,341.316835123554,28.351871045094
23.6872645523048,341.113128837499,28.3537047850306
24.1400631516588,340.901394661582,28.3553658855397
24.58610917149,340.675487813661,28.3567393636963
25.0331210283954,340.451642046659,28.3581126615339
25.4805717998345,340.228577928858,28.3594860829278
25.9249764161587,339.999705190584,28.3609837553768
26.3632000584188,339.758998391564,28.3626896415108
26.8022958483841,339.519991029619,28.3643953537599
27.2418710126417,339.281787370019,28.3661012000375
27.6783249221274,339.038083827511,28.3673871033151
28.1084206911716,338.783144603795,28.3679700938326
28.5394849399226,338.529930679224,28.3685530335401
28.9707603478702,338.277036894326,28.3691359973468
29.3999966960704,338.020762348261,28.3699435345801
29.8246253264568,337.756861717642,28.3711278973086
30.2508447513726,337.495519870966,28.3723122856386
30.6733933988034,337.228425530875,28.3734121224198
31.08914674621,336.95071260728,28.3743702067013
31.5058156822746,336.674457849572,28.3753282021659
31.9231435609391,336.399123988836,28.3762862811551
32.3364938289772,336.118030876515,28.3767438691321
32.7412877196381,335.824563700786,28.3763594542364
33.1484044179503,335.534372711527,28.3759750592351
33.5514270819204,335.238624497379,28.375511002523
33.9466996462948,334.932473969139,28.3749126581105
34.3441774688118,334.629209633564,28.374314325626
34.7374646646989,334.320636564655,28.3736648417038
35.1231890412953,334.002534379043,28.3729289390053
35.5099590758404,333.685768184958,28.3721930968212
35.897338027877,333.36969453942,28.371457203705
36.2808291152974,333.049034168191,28.3703052434276
36.6563745895374,332.718973374349,28.36844996525
37.0329934964874,332.390205992441,28.3665948556784
37.410388604379,332.062266231699,28.3647395837632
37.7831198201279,331.729186337772,28.3627390070376
38.1463109907443,331.385563993282,28.3604918206338
38.5108330316609,331.043436528378,28.3582448930946
38.8761174038013,330.70205800198,28.3559977566764
39.2364967106979,330.355650684162,28.3539187025799
39.5860191186399,329.998142049003,28.352123869627
39.9388571603315,329.643910157331,28.3503290422421
40.2848933789092,329.283217175112,28.3484863506046
40.618315434949,328.910618318082,28.3465616280635
40.9536445224041,328.539834079972,28.3446371949439
41.2893395724585,328.169334389028,28.3427126246359
41.6212642804806,327.795530785577,28.3412636000513
41.9451658700866,327.414671961513,28.3406223883652
42.2704144583866,327.034999804895,28.3399812135133
42.5954128927919,326.655100148889,28.3393400256958
42.9200651383765,326.274923985622,28.3386988564773
43.246351786266,325.896080935775,28.3380576163201
43.5657388869601,325.511604123778,28.3374170766325
43.8705928607739,325.115284571436,28.3367773982226
44.1788962958874,324.721719596859,28.3361377984102
44.4823487768851,324.324446166091,28.3355339093945
44.7773487562982,323.920790897936,28.3349908740459
45.0738615409718,323.518272959415,28.3344478632748
45.369658938377,323.115230120751,28.3339048533902
45.666804776687,322.713149340898,28.3333618145653
45.9587527171934,322.307376174265,28.3326541827802
46.2402432988793,321.894170184107,28.3316649672499
46.5231837629856,321.482011185714,28.3306758438773
46.806949778558,321.070374741745,28.3296866432112
47.0854192485503,320.655240840796,28.3290017120378
47.3528101513625,320.232771818658,28.328837655416
47.6218321485365,319.811393962802,28.3286736141318
47.8913676217398,319.390312954089,28.3285095638479
48.1567851357035,318.966685200425,28.3281685292204
48.4130784092483,318.537410333092,28.3275238113345
48.6716613015448,318.109530330269,28.3268791150849
48.9266606972988,317.679529208178,28.3266128687847
49.1753252801863,317.24580132323,28.3269967124664
49.4248048478426,316.812559834486,28.32738054391
49.6749851968002,316.379702349303,28.3277643895406
49.9211369328954,315.944592736361,28.3277404362103
50.1587884297843,315.50472532774,28.3270146496443
50.3978534387996,315.065650762099,28.3262888972498
50.6366671494298,314.626429256908,28.3255631318713
50.8750727664292,314.187002785848,28.3248373874226
51.1153614660732,313.74854281357,28.3241115612399
51.3477362707564,313.306015982314,28.3236650940794
51.5636679576736,312.855038437674,28.3237004927216
51.7823954373007,312.405497722049,28.3237358856618
52.0003713486031,311.955570897931,28.3237712799428
52.2185578799262,311.505751750602,28.323806673868
52.4366534724644,311.055887990075,28.323842067826
52.6549021684277,310.606094991662,28.3238774620078
52.8726295434015,310.156063628151,28.3239128553005
53.0922885147706,309.706914696116,28.3239482524648
53.303949486986,309.25411218971,28.3233011031579
53.4989239820739,308.793687512915,28.3214710073975
53.6967423886343,308.334561077498,28.3196411992152
53.8937518372161,307.875068318108,28.3178113288974
54.0911532913759,307.415742655543,28.3159814545482
54.2877958452013,306.956114991803,28.3141516574035
54.4870812532049,306.497527944833,28.3123215061946
54.675479314952,306.034657604261,28.3102827789701
54.8410909245487,305.562823625579,28.3078797456736
55.0105763960364,305.092512588678,28.3054773850708
55.1789753003006,304.621777767068,28.3030748734713
55.347846742356,304.151215197694,28.3006723750929
55.5159147505538,303.680387449196,28.2982699758907
55.6867232247475,303.210447929121,28.2958671004468
55.8462654202329,302.736862164054,28.2939699729561
55.9821556869263,302.255622512233,28.2929518065063
56.1220477174897,301.775677844786,28.2919339342256
56.2608677701921,301.295386271933,28.2909159925499
56.3999741832208,300.815187405166,28.2898980701582
56.539007074691,300.334964600698,28.2888801425968
56.6780477112708,299.854744846999,28.2878622166156
56.8171308704089,299.374536822532,28.2868442894876
56.9560362492224,298.894278845888,28.285826365246
57.0956100252437,298.414208892014,28.2848084289282
57.2324177819788,297.933360775581,28.2840409741845
57.3633957174823,297.450872251551,28.2837115094375
57.4953316048595,296.968653954588,28.2833820506429
57.6271067360292,296.486387789118,28.2830525893649
57.7585671129944,296.004042916216,28.2827231325777
57.8914468069631,295.522060624527,28.2823936578755
58.0183848683453,295.038558574783,28.2814119795957
58.1327230173901,294.551833371673,28.2792862151704
58.2491845511057,294.065651400892,28.277160618124
58.3650829915985,293.579325187269,28.2750349812524
58.4811105371327,293.093032742361,28.2729093567318
58.5971847013166,292.606749452299,28.2707837240397
58.7129433864476,292.120395796939,28.2686581109651
58.829917021208,291.634314369871,28.2665324162292
58.9418582838787,291.147105002139,28.2649325416235
59.0430918496371,290.657495598668,28.2642576899313
59.1461292122071,290.1682904676,28.2635828759073
59.2486803273434,289.678976478338,28.2629080531057
59.3513727344729,289.189693671801,28.2622332323542
59.4539862070634,288.70039498886,28.2615584125046
59.5567740825015,288.211128621186,28.2608835869574
59.6589434684416,287.721748903071,28.2602087823809
59.7634117032973,287.232790142164,28.259533886933
59.8583879954488,286.742093355008,28.259453861877
59.9330739323999,286.247681287219,28.2604250197787
60.0111684760865,285.753893409217,28.2613959865805
60.0883548603722,285.259939029818,28.2623669985661
60.1657654787318,284.766026503187,28.2633379975601
60.2431872438421,284.272113053803,28.2643090016826
60.3203402896671,283.77816145792,28.2652799984448
60.3985567351344,283.284363322856,28.2662510234216
60.4723652695669,282.789928371801,28.2666767322964
60.5367038885068,282.294125253568,28.2661355638047
60.6026380402329,281.798552470168,28.2655944180421
60.6681206416249,281.302915154452,28.2650532673152
60.7338139761727,280.807305643324,28.2645121164944
60.7991160150683,280.311649455614,28.2639709709644
60.8657720919884,279.816152121627,28.2634298009339
60.9268699970009,279.320003627571,28.2624005606212
60.9758303792596,278.822436543257,28.2605027971008
61.0271932701805,278.325143084879,28.2586051546106
61.0764215033665,277.827631009529,28.2573133208387
61.1223552180493,277.329800671572,28.2571005832367
61.1688197764387,276.832021363027,28.2568878464065
61.2151646305578,276.334230394088,28.2566751093656
61.2614575193426,275.836435043011,28.2564623725141
61.3080778589813,275.338668870571,28.2562496350396
61.3533082024855,274.840778559277,28.2559895843092
61.3955291432822,274.342619324475,28.2556450085391
61.4382358654773,273.844503753629,28.255300434351
61.4808759106206,273.346381237368,28.2549558593163
61.523296993959,272.848242847603,28.2546112861841
61.5666602941683,272.350174874126,28.2542667052054
61.6061020137765,271.851813284277,28.254417608668
61.636993514852,271.35281185532,28.2554562638185
61.6693635224064,270.853920115354,28.2564948850467
61.7011541145272,270.354988726593,28.2575335112332
61.733783722068,269.856106237858,28.2585721492161
61.7633496719495,269.357051743961,28.2592851341881
61.7862721675276,268.85762627058,28.2594133499532
61.8103814600068,268.358265385669,28.2595415634279
61.833885458989,267.858877204235,28.2596697765177
61.8586235402129,267.35953361166,28.259797993722
61.8785832524103,266.860023403814,28.2600116808446
61.8881549005272,266.36015207153,28.2603792610889
61.8994567891292,265.860340880295,28.260746823244
61.9102960899927,265.36051359492,28.261114389664
61.9212556140004,264.860690548952,28.2614819548931
61.9321967985204,264.360866638363,28.2618495204623
61.9430911435413,263.861041947474,28.2622170858548
61.954191117969,263.361221241041,28.262584651669
61.9644352896011,262.861383810378,28.2629840460147
61.9727997507902,262.361509622143,28.2634409572614
61.9814769266858,261.861641549281,28.263897867773
61.9900703168771,261.361771837926,28.2643547784578
61.9986861556536,260.861902565571,28.2648116890945
62.0072959802954,260.362033175603,28.265268599744
62.0159074143674,259.862163817115,28.2657255103901
62.0245184244544,259.36229445031,28.2661824210371
62.033129521167,258.862425085297,28.2666393316838
62.0417406952993,258.362555721433,28.2670962423306
62.0503514732637,257.862686351181,28.2675531529771
62.0589637579971,257.362817005327,28.268010063625
62.0675704136165,256.862947568294,28.2684669742677
62.0760639208088,256.363076298521,28.2691431287432
62.083454188481,255.863187164544,28.270345125563
62.0910767635476,255.363301780503,28.2715471217066
62.0986754942982,254.863416057361,28.2727491177941
62.106137396397,254.363527942404,28.2739511147457
62.1142096551912,253.863650413031,28.2741884647374
62.1241806813126,253.363805768267,28.2721060368634
62.1338190540441,252.863955417392,28.2700236124857
62.1437544463305,252.364109998,28.2679411841794
62.1527780200558,251.864249635735,28.2666429760093
62.1590883387209,251.364344870433,28.2672344333992
62.1657937091932,250.864446567863,28.2678258891667
62.1723807721055,250.364546336137,28.2684173453512
62.1790460552954,249.864647358999,28.2690088012814
62.1855168269201,249.36474529364,28.2696002578924
62.1927341991427,248.864855068292,28.2699895544426
62.2022266246807,248.365000918592,28.2698901405928
62.2113907694858,247.865141563432,28.2697907269334
62.2206429796816,247.36528360444,28.2696913132296
62.2298711557209,246.865425265388,28.2695918995385
62.2391074165992,246.365567050624,28.2694924858425
62.2483353712445,245.865708718749,28.2693930721537
62.2575884564983,245.365850730903,28.2692936584409
62.266749364528,244.865991484582,28.2691942448132
62.2762537044114,244.366136926131,28.2690948308137
62.2843912635114,243.866263711767,28.2688511527594
62.2883188862565,243.36633308238,28.2682568090167
62.292865089068,242.866410793865,28.2676624691068
62.2971993902185,242.366485984212,28.2670681284449
62.3017627383615,241.866562919109,28.2664737873837
62.3055758878453,241.366635112014,28.2664970926134
62.3071090712202,240.866693199832,28.2680257581907
62.3089784195221,240.366753324865,28.2695544209241
62.3107253878256,239.866812846747,28.2710830841443
62.3126257098434,239.366872744243,28.2726117479903
62.314003152812,238.866931686296,28.2736729203192
62.3137969979373,238.366987872335,28.2735917118356
62.3137917754673,237.867044315413,28.2735105034034
62.3138265686855,237.367101183243,28.2734292950382
62.3135005670437,236.867156095946,28.2733480863095
62.3146699484376,236.367218889592,28.2731389870388
62.3204811779752,235.867306104372,28.2726165054384
62.325656444707,235.367389954982,28.2720940277866
62.3308970348805,234.867474221978,28.2715715498542
62.3365120013958,234.367560186181,28.2710490692144
62.3404613838212,233.867638471225,28.2707402585331
62.3391999944699,233.367692737038,28.2709564233965
62.3386469641074,232.867750203613,28.2711725862359
62.3380390400675,232.367807667448,28.2713887491092
62.3369426922703,231.867861943548,28.2716049138805
62.3379864418409,231.367929806442,28.2716758561833
62.3457546062657,230.868040239315,28.2713890208048
62.3525806757917,230.368144780749,28.2711021901234
62.3595912042441,229.868250211912,28.2708153584982
62.3668057102073,229.368357973369,28.2705285264917
62.3729540600432,228.868454855791,28.2698823652003
62.3757176234824,228.368517328429,28.2683485302977
62.3789271588444,227.868584555246,28.2668147020584
62.3821518320292,227.368651074793,28.265280871288
62.3848350974702,226.868715522936,28.2643507146767
62.3856990157291,226.368772260751,28.2649149654496
62.3868231213746,225.868830108496,28.2654792155261
62.3878781058001,225.368887660065,28.2660434657649
62.388949433293,224.868945286601,28.2666077159582
62.3900244939973,224.369002909386,28.2671719661649
62.3910661902215,223.869060468008,28.2676837107363
62.3919984893601,223.369117805462,28.2680650482238
62.392945611491,222.869175173142,28.2684463857095
62.393891565361,222.369232537826,28.2688277231957
62.3948273768944,221.869289884285,28.2692090606814
62.3958077350269,221.369347312422,28.2693841103506
62.3969429135693,220.869405096453,28.2690453944831
62.3980311056004,220.369462644638,28.2687066785261
62.3992218478236,219.869520922946,28.2683679628972
62.4000495301966,219.369576517775,28.2680292458326
62.4023127171092,218.869642752683,28.2677711878011
62.4091153440947,218.369742652415,28.2677145615109
62.4153028430908,217.869837969421,28.267657935624
62.4215528082441,217.369933830205,28.26760130971
62.4281677430076,216.870032096554,28.267544683512
62.4331631347402,216.370119547112,28.2672995042646
62.4329716860061,215.870172313713,28.2665821282629
62.4334918586202,215.370229864886,28.2658647590757
62.4339043021943,214.87028659616,28.2651473888628
62.4340363146784,214.370341824131,28.2644300165061
62.4354761634626,213.87040432189,28.2636861241045
62.4411284307875,213.37049029809,28.2628756211916
62.4462106669071,212.870573080866,28.2620651232354
62.4513525807675,212.37065625731,28.2612546249229
62.4568255469092,211.870741051111,28.2604441232399
62.4608269220824,211.370818546356,28.2599391221624
62.4600757092622,210.870872437114,28.2602033363509
62.4599918157121,210.370929659701,28.2604675483953
62.4597428596903,209.870985995736,28.2607317609307
62.4594869784429,209.371042546758,28.260995973356
62.4594363971531,208.871099128429,28.2611460395062
62.4600568851653,208.371155870573,28.2610079019665
62.4606473923456,207.87121289874,28.2608697645152
62.4610119613087,207.371268731874,28.2607316267702
62.4623689491569,206.871329339739,28.2609420393821
62.4669493510788,206.371405349966,28.2620344553272
62.4710738059797,205.871479178386,28.2631268671965
62.4753277384205,205.371553641501,28.264219280037
62.4795196403183,204.871627747345,28.265311692515
62.4838301604888,204.371702647356,28.2664041054965
62.4877027221072,203.871774553449,28.2673891270587
62.4901613721053,203.371836798057,28.268101512099
62.4928291455116,202.871900431475,28.2688138966671
62.4954028818873,202.371963578182,28.2695262812278
62.4981436111268,201.872027282962,28.2702386663021
62.5002752587772,201.372089136358,28.2704646954385
62.5004552342056,200.872145134987,28.2694525810919
62.5008870624423,200.372201836489,28.2684404679132
62.5013297906338,199.872258772422,28.2674283551749
62.5014772538825,199.372314068653,28.2664162392025
62.5028671437082,198.872376078988,28.2657737268454
62.5083127691457,198.372459950003,28.26607470064
62.5132039549668,197.872540856217,28.2663756726939
62.5181940796908,197.372622205798,28.2666766450663
62.5233426946388,196.872704745518,28.2669776177215
62.5277128654306,196.372781759021,28.2672676954633
62.5295022405582,195.872840517321,28.2675298865504
62.5316528950913,195.372901830491,28.2677920770176
62.533706764385,194.872962459223,28.2680542676284
62.5357865620329,194.373023271312,28.2683164581991
62.537859413586,193.873084034281,28.2685786487804
62.5399341259699,193.373144810409,28.2688408393589
62.5420083398362,192.873205583011,28.2691030299381
62.5440826872879,192.373266356559,28.2693652205172
62.5461569988227,191.873327129852,28.2696274110962
62.5482313204646,191.373387903216,28.2698896016752
62.5503056375895,190.873448676552,28.2701517922543
62.5523799626737,190.37350944993,28.2704139828334
62.5544542604494,189.873570223166,28.2706761734125
62.5565286594541,189.373630996931,28.2709383639915
62.558602681022,188.873691768721,28.2712005545707
62.5606781104714,188.373752547878,28.2714627451492
62.5627482882078,187.873813299555,28.2717249357307
62.5648380560461,187.373874153737,28.2719871263014
62.5668547482891,186.873934625553,28.2722493169191
62.5691605691015,186.373996610227,28.2722254477912
62.57242289829,185.874063599806,28.2714610777744
62.5755523018885,185.374129893856,28.270696708004
62.5787173155927,184.874196374235,28.2699323381766
62.5818727895293,184.374262804697,28.2691679683651
62.585030819118,183.874329248532,28.2684035985494
62.5881881640726,183.374395688784,28.2676392287348
62.5913456923927,182.874462129996,28.2668748589199
62.5945031717558,182.374528570952,28.2661104891051
62.5976606636161,181.87459501197,28.2653461192903
62.600818154434,181.374661452997,28.2645817494755
62.6039756369313,180.874727893923,28.2638173796606
62.6071331537367,180.374794335246,28.263053009846
62.6102905416889,179.874860775084,28.2622886400304
62.6134484105282,179.374927220461,28.2615242702186
62.6166044854847,178.874993645179,28.2607599003925
62.6197672520544,178.375060146956,28.2599955306195
62.6229050573652,177.875126361285,28.2592311606462
62.6261359738829,177.375193647864,28.2584667913871
62.62901956439,176.875256934704,28.2577024190043
62.6332760150909,176.375336031139,28.2572941037198
62.6421332343071,175.875468109145,28.2578178088497
62.6503550872169,175.375592870393,28.2583415101021
62.6587471507418,174.875719591756,28.2588652122511
62.6670936154548,174.375845788007,28.2593889141497
62.6754522976967,173.875972124972,28.2599126161147
62.6838076998154,173.37609842409,28.2604363180619
62.692164007251,172.876224733907,28.2609600200136
62.7005199729568,172.376351038768,28.2614837219647
62.7088764002527,171.876477352751,28.2620074239142
62.7172313235542,171.376603635219,28.2625311258704
62.7255917987085,170.876730034572,28.2630548278015
62.7339315799481,170.376855998101,28.2635785298276
62.7423485495188,169.876983587291,28.2641022315149
62.7504775920835,169.377105112451,28.2646259346845
62.7597438607216,168.877250588726,28.2649172484163
62.7728587004689,168.377477119742,28.2645951094292
62.7854445893444,167.877692510528,28.2642729721018
62.7981721792822,167.377910885669,28.263950834391
62.8108618116229,166.878128461422,28.2636286967872
62.8235616012466,166.378346250962,28.263306559155
62.836258711818,165.878563984587,28.2629844215307
62.8489563834042,165.378781728127,28.2626622839035
62.8616544891526,164.878999487902,28.2623401462798
62.8743502984714,164.379217172862,28.2620180086453
62.887054855242,163.879435140712,28.2616958710499
62.8997267338188,163.379652052309,28.2613737333075
62.9125205210874,162.879872904198,28.2610515960889
62.9248595631329,162.380079058001,28.260729456578
62.938993468742,161.880343224627,28.2605903903167
62.9592576438185,161.380805531277,28.2609384340177
62.9786830600954,160.881240727829,28.2612864731912
62.9983331995291,160.381683188117,28.2616345134101
63.0179230372883,159.882123698132,28.2619825533372
63.0375294034303,159.382564746954,28.2623305933403
63.0571299463401,158.883005590459,28.2626786333274
63.0767372544183,158.383446716414,28.2630266733027
63.0963233339529,157.883886918285,28.263374713342
63.1159875262743,157.384330532458,28.2637227531483
63.1353606319766,156.884761427451,28.2640707939759
63.1558819424275,156.38524249477,28.2646201015077
63.1803534032475,155.885896169332,28.265708281319
63.2042863441889,155.38652631263,28.2667964552732
63.2283634960617,154.887162757024,28.2678846305793
63.2524022168777,154.387797523615,28.2689728055066
63.2764504800889,153.888432701595,28.2700609805382
63.3004989956789,153.389067911414,28.271149155527
63.3245369666234,152.88970258284,28.2722373305829
63.3486168438144,152.390339374994,28.2733255054234
63.3725397132278,151.8909682263,28.2744136811995
63.3970818562732,151.391628396732,28.2752875723007
63.4237684799668,150.892397021983,28.2755845453912
63.4501635911618,150.393150903776,28.2758815180123
63.4766371040981,149.893908752688,28.276178490741
63.503088463373,149.394665473595,28.2764754634421
63.5295500494031,148.895422740087,28.2767724361411
63.5559928859158,148.396178952491,28.2770694088763
63.5825004645116,147.896938833997,28.2773663814753
63.6087679373846,147.397685099596,28.2776633546732
63.6359813191162,146.898485008189,28.2779128689372
63.6664896401764,146.399471775214,28.2780339533321
63.696551514896,145.900433223909,28.2781550372762
63.7267330017701,145.401401455991,28.2782761213244
63.7568823937499,144.902367867605,28.2783972053434
63.7870405778996,144.403334779102,28.2785182893701
63.8171956819712,143.904301511182,28.2786393733951
63.8473543145883,143.405268461063,28.278760457419
63.8775019177877,142.906234719452,28.278881541449
63.9076900909617,142.407203524808,28.2790026254568
63.9377270855748,141.908162838302,28.2791237095622
63.9683595415821,141.409159538563,28.2789542533219
64.0010814531537,140.91028742816,28.2779935665325
64.0335214233147,140.411397615197,28.2770328811743
64.0660364371837,139.912512515812,28.2760721954919
64.0985331583961,139.413626260958,28.2751115098796
64.1310280255868,138.914739915586,28.2741508243252
64.1635485845651,138.415855086737,28.2731901384665
64.1959682791662,137.916964285206,28.2722294537138
64.228765561436,137.418095847331,28.2712687641095
64.2600757360112,136.919139330101,28.2708823715624
64.2861363462521,136.419871888001,28.272067935043
64.3129035706894,135.920646297695,28.2732534874078
64.339481452645,135.421409493071,28.2744390423327
64.366110236518,134.922175702583,28.2756245965408
64.3927247163106,134.422941067562,28.2768101509423
64.419345519771,133.923706797095,28.2779957052789
64.4459553345112,133.424471913036,28.2791812596816
64.4726027637099,132.925239117863,28.2803668138937
64.4991107889468,132.425998584356,28.2815523689257
64.5261671951025,131.926788490599,28.2825191215546
64.5551720178132,131.427686550074,28.2828836104158
64.5839154373439,130.928570099508,28.2832480988081
64.6127288883144,130.429457536282,28.2836125873083
64.6415235607344,129.930343930632,28.2839770757784
64.6703233308956,129.431230608168,28.2843415642565
64.6991214847455,128.93211719517,28.2847060527325
64.7279210066936,128.433003861153,28.2850705412085
64.756716674083,127.933890301833,28.2854350296867
64.7855263849228,127.434777564355,28.2857995181567
64.8142838017432,126.935661766289,28.2861640066624
64.8432468901589,126.436558005544,28.2864054675973
64.8729461755913,125.937497332147,28.2863061310544
64.9025470509676,125.438430899114,28.2862067945296
64.9321743128649,124.939366010395,28.2861074580007
64.9617944173985,124.440300702804,28.2860081214729
64.9914167704269,123.941235526714,28.2859087849448
65.0210372859483,123.442170243441,28.285809448417
65.050662901003,122.943105257282,28.285710111888
65.0802699643249,122.444039190367,28.285610775363
65.1099461014714,121.944977147406,28.285511438821
65.1393507050313,121.445899286037,28.2854055142505
65.167776810299,120.946764421516,28.2852812339253
65.1963332028284,120.447637146887,28.2851569536401
65.2248549049996,119.948507851694,28.2850326733458
65.2533851103989,119.449379050557,28.2849083930535
65.2819159840129,118.950250293218,28.2847841127626
65.3104356893826,118.451120867098,28.2846598324641
65.3389993773816,117.951994070982,28.2845355521934
65.3673983837984,117.452857428454,28.2844112718006
65.3964447481575,116.953759491583,28.2840510402925
65.4278383209973,116.454801894678,28.2830299467943
65.4589202328913,115.955825663534,28.2820088551799
65.4900854518314,115.456854413262,28.2809877631336
65.5212290352534,114.957881869657,28.2799666712048
65.5523758732368,114.458909519682,28.2789455792568
65.583531318686,113.959937687934,28.2779244872694
65.6146490993878,113.460963590831,28.2769033954506
65.6459088627126,112.961998032776,28.275882302883
65.6766104556551,112.462998905662,28.2748399101845
65.7052759208634,111.963877323341,28.273737546401
65.7342109618015,111.464771953631,28.2726351841425
65.7630738011138,110.96566224163,28.2715328215339
65.7919559303693,110.466553689742,28.2704304590229
65.8208330855163,109.967444838735,28.2693280964872
65.8497108517827,109.468336024367,28.2682257339542
65.878591145139,108.96922736241,28.2671233714349
65.9074607245487,108.470118054502,28.2660210088576
65.9363706130685,107.971011176809,28.2649186464882
65.9651300519084,107.471895228597,28.2638162832064
65.9944802270443,106.97281489551,28.2633086650065
66.0260011000492,106.473865432404,28.2644859870688
66.0572356166579,105.974898705141,28.2656633072875
66.0885469543995,105.475936609045,28.2668406279306
66.1198373008428,104.976973248628,28.26801794845
66.151134807541,104.478010315306,28.2691952690209
66.1824246629503,103.979046937824,28.2703725895081
66.2137379533223,103.480084909317,28.2715499102821
66.2449651964587,102.981117931448,28.272727230042
66.2765130382018,102.482169393113,28.2739045542481
66.3068027938172,101.983148495051,28.2750577544292
66.3324386848477,101.4838599274,28.2761422477359
66.3586864763226,100.984606552291,28.2772267332735
66.3847699251116,100.485343729741,28.278311220588
66.4108989807837,99.9860835122749,28.2793957074234
66.4370099178628,99.486822319939,28.2804801943172
66.4631477207239,98.9875624220244,28.2815646814541
66.4891962196519,98.4882983231716,28.2826491676079
66.5155749078201,97.9890497261139,28.2837336581147
66.5406591326022,97.4897403650448,28.2847653791818
66.5609261556201,96.9902048800093,28.2856459952389
66.5818244758423,96.4906990286331,28.2865266045671
66.6025536820944,95.9911852388951,28.2874072154379
66.6233281912534,95.491673575714,28.2882878258768
66.6440905640758,94.9921613428522,28.28916843643
66.66485618971,94.492649262642,28.2900490469525
66.6856209376552,93.9931371413762,28.2909296574831
66.706385944278,93.4936250317168,28.2918102680122
66.727150793726,92.9941129166779,28.2926908785393
66.7479160130741,92.4946008115498,28.2935714890759
66.7686799106357,91.9950886721731,28.2944520995762
66.7894487230087,91.4955766598182,28.2953327102125
66.8101992070231,90.9960641738595,28.2962133203428
66.8310180556924,90.496553454416,28.2970939323838
66.8515819008748,89.9970361457916,28.2979745376172
66.8730768366484,89.4975428961474,28.298855171941
66.8884365452108,88.9978911148735,28.2990286938613
66.8916570156294,88.4979256609124,28.2982677531256
66.8972098061712,87.9980204730992,28.2975068744163
66.9021376393117,87.498099136656,28.2967459812115
66.9072329330414,86.9981821273219,28.2959850920434
66.9122833548433,86.498263958517,28.2952242018047
66.9173458002962,85.9983461003977,28.2944633118536
66.9224050239981,85.4984281590291,28.2937024218254
66.9274651108063,84.9985102399667,28.2929415318179
66.9325249670055,84.4985923149312,28.2921806418049
66.9375848825179,83.9986743914801,28.2914197517934
66.9426447913886,83.4987564676656,28.2906588617814
66.9477046675198,82.9988385437194,28.2898979717698
66.9527646812203,82.4989206206644,28.2891370817573
66.9578241774986,81.9990026941768,28.2883761917476
66.9628856054647,81.4990847805252,28.2876153017277
66.9679398257143,80.9991668189725,28.2868544117458
66.9730209391228,80.4992490361483,28.2860935216206
66.9780017100833,79.9993305864607,28.2853326320095
66.9833568737863,79.4994146249408,28.2845717401897
66.987096224982,78.9994879249307,28.2845442708795
66.9883071957049,78.4995444215887,28.2854947536276
66.9899923840642,77.999604069913,28.2864452329206
66.9915508931375,77.4996628760686,28.2873957130276
66.9931418932892,76.9997218991774,28.2883461929165
66.9947296094451,76.4997808966489,28.2892966728343
66.9962979747581,75.9998397797426,28.2902471528538
66.997947009407,75.4998991458761,28.2911976324548
66.9992927854451,74.9999566946345,28.2921481138711
67.0019471223982,74.5000220858201,28.294289850797
67.0066581469274,74.0000998027301,28.2980265260159
67.0109845301939,73.500175215507,28.3017631922777
67.0154116967749,73.0002512282779,28.305499860635
67.019820374942,72.500327145225,28.3092365284868
67.0242022279556,72.0004028455099,28.3129731961995
67.0287098484154,71.5004795081025,28.3167098651381
67.0326672395599,71.0005519739405,28.3192270512552
67.0357563933568,70.5006178190906,28.3201075582731
67.0390080654417,70.0006849034946,28.3209880649154
67.0422161900913,69.5007516558358,28.3218685716465
67.0454359834515,69.0008184971541,28.3227490783529
67.0486526501341,68.5008853146309,28.3236295850659
67.0518701546224,68.0009521384958,28.3245100917771
67.0550874346173,67.5010189606494,28.3253905984887
67.0583047747662,67.0010857832614,28.3262711052002
67.0615220987963,66.5011526057503,28.3271516119118
67.0647394271468,66.0012194282725,28.3280321186234
67.0679567543347,65.5012862507857,28.328912625335
67.0711740818523,65.0013530733014,28.3297931320465
67.0743914092138,64.501419895816,28.3306736387581
67.07760873687,64.0014867183322,28.3315541454697
67.080826063504,63.5015535408432,28.3324346521813
67.0840433939314,63.0016203633738,28.3333151588928
67.0872607102102,62.5016871858318,28.3341956656043
67.0904780792778,62.0017540085594,28.335076172316
67.0936952513837,61.5018208302819,28.3359566790272
67.0969131583802,61.0018876557532,28.3368371857401
67.1001283234009,60.5019544672387,28.3377176924467
67.1033537191021,60.0020213309073,28.3385981991774
67.1065409427629,59.5020879998724,28.3394787058212
67.1098705914042,59.0021553953032,28.3403592128386
67.1125875066096,58.5022196653695,28.3408258446309
67.1143264462518,58.0022789470828,28.3407306464991
67.1162476905572,57.5023391586761,28.3406354484184
67.1181200857156,57.0023991211049,28.3405402503256
67.1200055702238,56.5024591502984,28.3404450522362
67.121887547164,56.002519161601,28.3403498541459
67.123770464845,55.5025791777019,28.3402546560559
67.1256531271795,55.0026391925006,28.3401594579657
67.1275358701429,54.5026992077095,28.3400642598756
67.1294185459522,54.0027592225804,28.3399690617855
67.1313014097056,53.5028192383933,28.3398738636954
67.1331835889965,53.0028792507761,28.3397786656052
67.135068317599,52.5029392759349,28.3396834675155
67.1369435356347,52.0029992534299,28.3395882694236
67.1388542383484,51.5030594087631,28.3394930713399
67.1406325438188,51.0031189005628,28.3393978732211
67.1429797010925,50.5031812432681,28.3398576045662
67.1462422544124,50.0032481736484,28.341076242632
67.1493346218097,49.5033142511107,28.3422948801281
67.1524725909701,49.0033805571146,28.3435135177588
67.1555983410204,48.5034468018802,28.344732155352
67.1587273652123,48.0035130630547,28.3459507929552
67.1618555120898,47.5035793198326,28.3471694305558
67.1649838940456,47.0036455777882,28.3483880681571
67.1681122130129,46.5037118354284,28.3496067057582
67.1712405488529,46.0037780931532,28.3508253433592
67.1743688801915,45.5038443508554,28.3520439809603
67.1774972126629,45.0039106085635,28.3532626185615
67.1806255451042,44.5039768662709,28.3544812561625
67.1837538765334,44.0040431239739,28.3556998937637
67.1868822120404,43.5041093816961,28.3569185313648
67.1900105322516,43.0041756393453,28.3581371689658
67.1931389095553,42.5042418972683,28.3593558065671
67.1962670738335,42.0043081541686,28.3605744441676
67.1993960329387,41.5043744148844,28.3617930817709
67.2025220264429,41.0044406613656,28.3630117193638
67.2056590849801,40.5045069609566,28.3642303569963
67.2087548584829,40.0045730623885,28.3654489944866
67.2120046716389,39.5046399031771,28.3666676325879
67.2145938325068,39.004703572979,28.3673186548728
67.2161075856758,38.5047620810594,28.3671853269995
67.2178205258659,38.0048215451935,28.3670519992115
67.2194800935165,37.5048807531512,28.3669186714035
67.2211539624218,37.0049400297519,28.366785343601
67.2228239993458,36.5049992879599,28.366652015797
67.2244950628084,36.0050585510953,28.3665186879934
67.2261658521323,35.5051178129143,28.3663853601897
67.2278367114643,35.0051770750703,28.3662520323861
67.2295075649016,34.505236337196,28.3661187045824
67.2311783719218,34.0052955991057,28.3659853767787
67.2328493704589,33.5053548619091,28.3658520489751
67.2345196495165,33.0054141213542,28.3657187211713
67.236192614336,32.5054733933362,28.3655853933684
67.2378555579748,32.0055326185397,28.3654520655619
67.2395558916621,31.505592018279,28.3653187377682
67.2411167196087,31.0056507668086,28.3651854099195
67.2432750485317,30.5057123044599,28.3644175530884
67.2464145085385,30.0057784220101,28.362765939943
67.2493727652795,29.5058436937076,28.3611143276728
67.2523795756559,29.0059091920519,28.3594627151957
67.2553733760282,28.5059746296663,28.3578111027761
67.2583706624461,28.0060400835531,28.3561594903412
67.2613670147742,27.5061055330797,28.3545078779104
67.2643636173926,27.0061709837749,28.3528562654786
67.2673601529455,26.5062364341567,28.351204653047
67.2703567064687,26.0063018846227,28.3495530406153
67.2733532551766,25.506367335066,28.3479014281837
67.2763498051752,25.0064327855154,28.3462498157521
67.2793463548263,24.5064982359631,28.3445982033204
67.2823429045767,24.0065636864114,28.3429465908888
67.2853394542774,23.5066291368593,28.3412949784571
67.2883360040775,23.0066945873078,28.3396433660255
67.29133255353,22.5067600377543,28.3379917535938
67.2943291042734,22.0068254882085,28.3363401411622
67.2973256502017,21.5068909386338,28.3346885287305
67.3003222140951,21.0069563891669,28.3330369162989
67.3033187109591,20.5070218392979,28.3313853038673
67.3063154579178,20.0070872909297,28.3297336914356
67.3093112717415,19.5071527369606,28.328082079004
67.3123110752855,19.0072182069404,28.3275859413435
67.3153175044998,18.5072837166933,28.3287155699526
67.3183227145842,18.0073492191278,28.3298451985617
67.3213282513152,17.5074147235229,28.3309748271708
67.3243337005955,17.0074802273931,28.3321044557799
67.3273391730305,16.5075457314038,28.333234084389
67.3303446402971,16.0076112353771,28.3343637129981
67.3333501050834,15.5076767393589,28.3354933416072
67.3363555849562,15.0077422433443,28.3366229702165
67.3393610069771,14.5078077473068,28.337752598825
67.3423666452674,14.0078732513578,28.3388822274362
67.3453714765236,13.5079387550778,28.3400118560373
67.3483793189314,13.0080042600319,28.3411414846765
67.3513759264385,12.5080697603821,28.3422711131738
67.3544144524236,12.0081352779096,28.3434007422061
67.3572965766273,11.5082007313473,28.344530369321
67.3607622504968,11.0082664239106,28.3456600046838
67.3617361826264,10.5083310954128,28.3461175455106
67.3585364992223,10.00839405666,28.3456221185254
67.356102583317,9.50845733169745,28.3451266962267
67.3534634774016,9.00852052266902,28.3446312728209
67.3508793620307,8.50858373611286,28.3441358497223
67.348280475011,8.00864694373321,28.3436404265422
67.3456856838763,7.5087101521767,28.343145003384
67.3430892810178,7.00877336314999,28.34264958022
67.3404893166632,6.50883659420175,28.3421508298119
67.3378432178015,6.00890006658079,28.3416428296014
67.3352060022591,5.50896349243856,28.3411348293914
67.3325664070814,5.00902693075876,28.3406268291813
67.3299274490624,4.50909036574083,28.3401188289712
67.3272883215236,4.00915380161457,28.3396108287611
67.324649235047,3.50921723725992,28.339102828551
67.3220101537953,3.00928067292627,28.3385948283409
67.3193710106235,2.50934410873753,28.3380868281307
67.3167321097867,2.00940754394916,28.3375788279211
67.3140923019722,1.50947098141214,28.337070827709
67.3114558780857,1.00953441047459,28.3365628275064
67.3088068316127,0.509597870872138,28.3360548272677
67.3062048686142,0.00966121438650942,28.335546827158
67.3034272799318,-0.49027500611408,28.3350388264826
67.3013397961904,-0.990212939777715,28.3348046615845
67.3017590375229,-1.49015709630475,28.3353384046302
67.3018456889257,-1.99010042718807,28.335872146558
67.3020214362362,-2.49004397924922,28.3364058887426
67.3021733161577,-2.98998747205985,28.3369396308554
67.3023315894896,-3.48993098074376,28.3374733729872
67.3024881512683,-3.9898744851717,28.3380071151139
67.3026451672733,-4.48981799075332,28.3385408572419
67.3028020775361,-4.9897614959764,28.3390745993696
67.3029589566753,-5.48970500147921,28.3396083414976
67.3031160659068,-5.98964850622308,28.3401420836248
67.3032722863371,-6.48959201372095,28.3406758257547
67.3034318302463,-6.98953551096613,28.3412095678747
67.3035789751313,-7.48947904645038,28.3417433100318
67.3037723699068,-7.98942243930003,28.3422770520569
67.3037932489655,-8.48936636418786,28.3428107946605
67.3044915018992,-8.98930820005608,28.3431103985094
67.3076770606343,-9.4892423650785,28.3427472856749
67.3105344170187,-9.98917754227633,28.3423841735844
67.3134796935309,-10.4891124483286,28.3420210613232
67.3164014176622,-10.9890474270167,28.3416579491097
67.3193294510938,-11.4889823862466,28.3412948368836
67.3222557943668,-11.9889173506889,28.3409317246608
67.3251825904057,-12.4888523137349,28.3405686124372
67.3281092651557,-12.9887872771548,28.3402055002138
67.331035972398,-13.488722240475,28.3398423879904
67.3339626709327,-13.9886572038215,28.3394792757669
67.3368893718128,-14.4885921671609,28.3391161635435
67.3398160720174,-14.9885271305026,28.3387530513201
67.3427427725786,-15.4884620938429,28.3383899390966
67.3456694723894,-15.9883970571865,28.3380268268731
67.3485961748437,-16.4883320205186,28.3376637146497
67.351522867479,-16.9882669838926,28.3373006024263
67.3544495967287,-17.4882019471109,28.3369374902028
67.3573761894079,-17.9881369109097,28.3365743779795
67.3603032915009,-18.4880718725433,28.3362112657556
67.3632284934571,-18.9880068422531,28.3358481535339
67.3661607830091,-19.4879417818385,28.3354850413038
67.3690666355172,-19.9878768337885,28.3351219291035
67.372071099332,-20.4878114666153,28.3347588167729
67.3746888067825,-20.9877477432545,28.3346277120926
67.3758628445561,-21.4876901558554,28.3351625922304
67.3772257856263,-21.9876317655694,28.3356974720025
67.3785381228325,-22.487573590363,28.3362323518585
67.3798640159472,-22.9875153575401,28.3367672316909
67.3811862775593,-23.4874571401523,28.3373021115296
67.3825095124199,-23.9873989186281,28.3378369913666
67.3838324849461,-24.487340698218,28.3383718712041
67.3851555337845,-24.9872824774869,28.3389067510415
67.3864785396597,-25.4872242569257,28.3394416308789
67.3878016410463,-25.9871660360065,28.3399765107162
67.3891244035155,-26.4871078163483,28.3405113905538
67.390448425512,-26.9870495920065,28.3410462703901
67.3917677506752,-27.4869913851295,28.3415811502317
67.3931045948411,-27.9869331131095,28.342116030054
67.3943760926849,-28.4868750840741,28.3426509099613
67.3959036911731,-28.9868161027508,28.3428911876509
67.3983978161114,-29.4867535274809,28.3422778114604
67.4007661836306,-29.9866914198296,28.3416644354565
67.4031682392053,-30.486629186912,28.3410510594098
67.4055612703839,-30.9865669875506,28.3404376833752
67.4079567190276,-31.4865047792004,28.3398243073373
67.4103515200783,-31.9864425732579,28.3392109313003
67.4127464946068,-32.4863803666705,28.3385975552631
67.4151414226639,-32.986318160256,28.337984179226
67.4175363631703,-33.4862559537951,28.3373708031888
67.4199313003396,-33.9861937473466,28.3367574271517
67.4223262384108,-34.4861315408948,28.3361440511145
67.424721176211,-34.9860693344441,28.3355306750774
67.4271161141937,-35.4860071279926,28.3349172990402
67.4295110517171,-35.9859449215428,28.334303923003
67.4319059908942,-36.4858827150869,28.3336905469659
67.434300923919,-36.9858205086541,28.3330771709287
67.4366958798883,-37.4857583021346,28.3324637948915
67.4390907502749,-37.9856960959378,28.3318504188545
67.4414859398855,-38.4856338885391,28.331237042817
67.4438799387881,-38.9855716856217,28.330623666781
67.4462783790413,-39.4855094659899,28.3300102907394
67.448660253024,-39.9854473087033,28.3293969147179
67.4511039192981,-40.4853849188686,28.328783538608
67.453305679701,-40.9853234394188,28.3286620683175
67.4545792325273,-41.4852654531733,28.329986303747
67.4559725270654,-41.9852070162935,28.3313105388084
67.4573337450547,-42.4851487001301,28.3326347739538
67.4587035557421,-42.985090351629,28.3339590090757
67.4600710646196,-43.4850320117906,28.3352832442038
67.4614391900676,-43.9849736696316,28.3366074793303
67.4628071504993,-44.4849153280941,28.3379317144572
67.464175154572,-44.9848569863917,28.3392559495839
67.4655431490564,-45.4847986447269,28.3405801847107
67.4669111382681,-45.9847403030764,28.3419044198376
67.4682791581401,-46.4846819613307,28.3432286549644
67.4696470607034,-46.9846236199511,28.3445528900912
67.4710154016216,-47.4845652772043,28.3458771252177
67.4723821072471,-47.9845069395566,28.3472013603459
67.4737549126345,-48.4844485828899,28.348525595468
67.4751049656657,-48.9843902971642,28.3498498306163
67.476544024314,-49.4843317339227,28.3512193651788
67.4783285655214,-49.9842720934792,28.3527233516274
67.480068804809,-50.4842125911676,28.3542273380185
67.4818209117203,-50.9841530518533,28.3557313244226
67.4835698395266,-51.4840935224514,28.3572353108231
67.4853196189529,-51.984033990394,28.3587392972245
67.4870691702469,-52.483974459048,28.3602432836257
67.4888187826534,-52.9839149275112,28.361747270027
67.490568378688,-53.4838553960259,28.3632512564282
67.4923179791122,-53.9837958645264,28.3647552428295
67.4940675783457,-54.4837363330312,28.3662592292307
67.4958171779537,-54.9836768015345,28.3677632156319
67.4975667772541,-55.483617270039,28.3692672020332
67.4993163774099,-55.9835577385392,28.3707711884344
67.5010659744532,-56.4834982070562,28.3722751748357
67.5028155830853,-56.9834386755098,28.3737791612369
67.5045651484966,-57.4833791442001,28.3752831476383
67.5063148751215,-57.9833196120076,28.3767871340388
67.5080640004145,-58.4832600831084,28.3782911204429
67.5098153686956,-58.9832005419251,28.3797951068336
67.5115583705569,-59.4831410465614,28.3812990932746
67.5133325794316,-59.9830813802891,28.3828030795368
67.5149903851839,-60.4830223515112,28.3843070665852
67.5171030976192,-60.9829608313895,28.3844512156665
67.5210091258614,-61.4828894904473,28.3805053454052
67.5246872425303,-61.9828193968209,28.376559479178
67.5284257500836,-62.4827489755823,28.3726136120186
67.5321505627651,-62.9826786177176,28.3686677451667
67.5358697790763,-63.4826083338692,28.3647218780582
67.5396250585636,-63.9825376907378,28.3607760116386
67.5432417353926,-64.4824684101997,28.3568301422655
67.5474011553752,-64.9823937989767,28.3536588712048
67.5537095820077,-65.4822980822321,28.3528255179813
67.5597453377088,-65.9822050435183,28.3519921659767
67.5658538415368,-66.4821112898552,28.3511588136962
67.5719439544126,-66.9820177186389,28.350325461486
67.578034903704,-67.4819241323846,28.3494921092838
67.584140884777,-67.9818304239549,28.3486587569789
67.5901859355926,-68.4817372189873,28.3478254050581
67.5964595560301,-68.9816421233362,28.3469920514419
67.6018401558937,-69.4815544151472,28.3464279069831
67.6036630974138,-69.9814961376636,28.3466806739795
67.6059360730967,-70.4814341372737,28.346933439966
67.608088495934,-70.9813731341565,28.3471862061825
67.6102732118402,-71.4813118638956,28.3474389723344
67.6124492772497,-71.9812506651953,28.3476917385035
67.6146276599079,-72.481189447326,28.347944504668
67.6168054218341,-72.9811282345915,28.3481972708336
67.6189833500387,-73.4810670204816,28.348450036999
67.6211612337008,-73.9810058067404,28.3487028031644
67.6233391292979,-74.4809445928999,28.3489555693298
67.6255170216859,-74.9808833790862,28.3492083354953
67.6276949149782,-75.4808221652651,28.3494611016607
67.6298728078619,-75.9807609514471,28.3497138678261
67.6320507014754,-76.4806997376245,28.3499666339915
67.6342285925796,-76.9806385238169,28.3502194001569
67.6364064929859,-77.4805773099536,28.3504721663223
67.6385843587121,-77.9805160962979,28.3507249324878
67.6407623537881,-78.4804548818689,28.3509776986531
67.6429398664018,-78.9803936703235,28.3512304648188
67.6451191785539,-79.4803324480219,28.3514832309831
67.6472917786009,-79.9802712658413,28.351735997153
67.6494894141473,-80.4802099340119,28.351988763303
67.6515936697453,-80.9801491603591,28.35224152954
67.6540622182604,-81.4800862091511,28.3523827872776
67.6580070173599,-81.980014433515,28.3521807068643
67.6617668548863,-82.4799437637853,28.3519786265886
67.6655759001155,-82.9798727988303,28.3517765462822
67.6693730264659,-83.4798019091648,28.3515744659821
67.673168636469,-83.9797310134796,28.3513723856891
67.6769822170561,-84.4796600666353,28.3511703053612
67.6807254705406,-84.9795893303276,28.3509682251594
67.684731919994,-85.4795178034597,28.3507661444019
67.6877117549278,-85.9794493609696,28.3506659478944
67.6865047104429,-86.4793934985239,28.3508811829953
67.6858197491381,-86.9793360662388,28.3510964169228
67.6849983888798,-87.4792790482804,28.3513116511118
67.6842006883224,-87.9792219424211,28.3515268852463
67.6834446825545,-88.4791647740024,28.351742119328
67.6824983521997,-88.9791079435059,28.3519573537239
67.682303768359,-89.4790497662606,28.3520286071195
67.685194062063,-89.9789860586538,28.3516521905114
67.6876999843035,-90.478923040156,28.3512757750152
67.6903088687825,-90.9788598370655,28.3508993592666
67.6928901725999,-91.4787966834222,28.3505229435889
67.6954788644915,-91.9787335165333,28.3501465278925
67.6980655773289,-92.4786703531926,28.3497701122011
67.7006528202983,-92.9786071889013,28.3493936965083
67.7032399212606,-93.4785440248647,28.3490172808159
67.7058270602624,-93.9784808607599,28.3486408651234
67.7084141890748,-94.4784176966734,28.3482644494309
67.7110013206153,-94.978354532582,28.3478880337384
67.7135884514305,-95.4782913684916,28.347511618046
67.7161755824196,-95.9782282044014,28.3471352023535
67.7187627134378,-96.4781650403105,28.346758786661
67.7213498441661,-96.9781018762213,28.3463823709685
67.723936976024,-97.4780387121261,28.346005955276
67.7265241036562,-97.9779755480537,28.3456295395836
67.729111247053,-98.4779123838967,28.3452531238911
67.7316983316489,-98.9778492200553,28.3448767081986
67.7342856355639,-99.477786055035,28.3445002925061
67.7368721214503,-99.9777228944132,28.3441238768135
67.7394616584647,-100.477659717385,28.3437474611214
67.7420398152181,-100.97759660155,28.3433710454273
67.7446622906277,-101.477533247412,28.3429567607064
67.7474696042267,-101.977468899351,28.3424229850302
67.7502541434998,-102.477404673831,28.3418892093596
67.7530446351727,-102.977340416008,28.3413554336881
67.7558340849783,-103.477276164891,28.3408216580155
67.7586217527498,-103.977211919236,28.3402878823478
67.7614175855386,-104.477147645049,28.3397541066617
67.7641825573396,-104.977083479465,28.339220331041
67.767062744872,-105.477018908226,28.3386865551321
67.7694943860864,-105.976955916298,28.3379607205819
67.7700430351813,-106.476899554433,28.336625497968
67.7708228509003,-106.976842378421,28.3352902768015
67.7715423419545,-107.476785415597,28.3339550553142
67.7722720310121,-107.976728413939,28.3326198338914
67.7730212231263,-108.476671354525,28.331284612543
67.7736822573784,-108.976614564807,28.3299493907658
67.7746907034682,-109.476556710278,28.3288705966063
67.777166480186,-109.976494357753,28.3286088489414
67.7794622418429,-110.476432557057,28.3283471014485
67.7818062238144,-110.976370608544,28.3280853539167
67.7841372891001,-111.476308699626,28.3278236063958
67.7864718143532,-111.976246780102,28.3275618588721
67.7888054127918,-112.476184863419,28.3273001113491
67.7911392594944,-112.976122945975,28.3270383638259
67.7934730396946,-113.476061028734,28.3267766163028
67.7958068377105,-113.97599911144,28.3265148687796
67.7981406309473,-114.475937194159,28.3262531212565
67.8004744254898,-114.975875276875,28.3259913737333
67.8028082195873,-115.475813359592,28.3257296262102
67.8051420141595,-115.975751442307,28.325467878687
67.807475807278,-116.47568952503,28.3252061311638
67.8098096057335,-116.975627607723,28.3249443836407
67.8121433843063,-117.475565690528,28.3246826361176
67.8144772370316,-117.975503772915,28.3244208885945
67.8168108131841,-118.475441856862,28.3241591410713
67.8191454208981,-118.97537993499,28.3238973935485
67.8214761810917,-119.475318034823,28.3236356460238
67.8238212917717,-119.975256053697,28.3233738985061
67.8261128780088,-120.475194374535,28.3231121509574
67.8286125593272,-120.975131521379,28.322879536231
67.8320052501362,-121.475063630238,28.3227410855724
67.8352894099131,-121.974996351309,28.3226026349471
67.8386025792141,-122.474928909006,28.3224641843143
67.8419082100798,-122.974861508163,28.3223257336839
67.8452149940615,-123.474794104806,28.322187283052
67.8485246998099,-123.974726670076,28.3220488324234
67.851821573291,-124.474659363272,28.3219103817828
67.8551668266203,-124.974591576412,28.3217719311848
67.8583314947245,-125.474525580842,28.3216334803987
67.8621979866556,-125.974452623786,28.3212516339022
67.8690979436988,-126.474349576505,28.3200781246603
67.8756318984253,-126.974250161314,28.3189046186555
67.8822594536046,-127.474149811665,28.3177311119682
67.8888784952076,-127.974049568877,28.3165576052945
67.8954380553685,-128.473949832509,28.3153840992519
67.9022439102062,-128.973847964862,28.3142105901984
67.9080860399135,-129.473754445342,28.3134938307041
67.9097381180537,-129.973697224463,28.3142690394889
67.9118960744481,-130.473635621108,28.3150442441894
67.9139185235125,-130.973575191667,28.3158194498108
67.9159772702984,-131.473514447775,28.3165946551732
67.9180262942027,-131.973453788114,28.3173698606041
67.9200779224572,-132.473393105891,28.3181450660166
67.9221288533645,-132.973332429707,28.318920271434
67.9241799700696,-133.473271751921,28.31969547685
67.926231040725,-133.973211074509,28.3204706822664
67.9282821098443,-134.473150397199,28.3212458876829
67.9303332311115,-134.973089719111,28.3220210930986
67.9323841454445,-135.47302904403,28.3227962985176
67.9344358349272,-135.972968357703,28.323571503924
67.9364846323812,-136.472907713332,28.3243467093772
67.9385442166964,-136.972846912472,28.3251219146568
67.9405635683749,-137.472786695282,28.325897120592
67.9427329787261,-137.972724301134,28.3266723241966
67.9443427042912,-138.472670026543,28.3274475380889
67.9481251289203,-138.972584231795,28.328090143138
67.9614821926703,-139.472359534157,28.3282944784794
67.9736921970004,-139.972151477384,28.3284988082443
67.9862094685748,-140.471938962806,28.3287031392646
67.9986443879474,-140.971727643552,28.3289074699315
68.0111015406625,-141.471515999481,28.3291118006918
68.0235520879729,-141.971304459698,28.3293161314274
68.0360068286636,-142.471092827523,28.3295204621678
68.0485163648891,-142.970879739282,28.33044723679
68.0623069010652,-143.470633448006,28.3343768235609
68.075981972307,-143.970389052258,28.3383064000599
68.0893123214133,-144.47015798708,28.3422360119101
68.1041773372925,-144.969870218779,28.3452773371797
68.1280595603622,-145.469250494094,28.3446190178198
68.1510323902727,-145.968663993819,28.3439607123159
68.1742107981643,-146.468070869473,28.3433024031306
68.1974757844572,-146.967471038021,28.3426440973876
68.2201893907271,-147.466904630867,28.3419857797865
68.2450778993204,-147.966207880716,28.3415688914418
68.282732210604,-148.464746260933,28.3421617783185
68.3190601104686,-148.963364784609,28.3427546409796
68.355845903739,-149.46195328932,28.3433475076932
68.3921262707798,-149.960581735314,28.3439403784455
68.4300108566836,-150.459077071151,28.3446787687022
68.477163413451,-150.956799866849,28.3460279620669
68.5233778044499,-151.454600889501,28.3473771260507
68.5698432178957,-151.952380983884,28.3487262963568
68.6162423101628,-152.450166597513,28.3500754648555
68.6626557735581,-152.947951053324,28.3514246338415
68.7090780355608,-153.445734624441,28.3527738026565
68.7554507753167,-153.943522888145,28.354122971699
68.8020177148394,-154.441292802391,28.3550425886406
68.8497351353202,-154.938954034291,28.3541493655382
68.8973364262184,-155.436626236418,28.3532561427368
68.9449688194714,-155.934295500448,28.3523629198708
68.9925928824698,-156.431965551402,28.3514696970232
69.0402191776489,-156.929635391484,28.3505764741707
69.0878448707383,-157.427305288468,28.3496832513196
69.135470740965,-157.924975168626,28.3487900284682
69.1830965045177,-158.422645059207,28.3478968056165
69.2307225175282,-158.92031492493,28.3470035827664
69.2783476400025,-159.417984879604,28.3461103599097
69.3259760727817,-159.915654503568,28.3452171370778
69.3735921637825,-160.413325360528,28.3443239141524
69.421254278355,-160.910991619537,28.3434306915575
69.4687447644525,-161.408675024963,28.3425374674833
69.5168919830924,-161.906292820004,28.34162389494
69.5689741837256,-162.40351749354,28.3406234987728
69.6206624625438,-162.900781521547,28.339623106519
69.6724562423973,-163.398035009551,28.3386227134261
69.7242217667325,-163.895291320401,28.3376223205728
69.7759948585401,-164.392546875228,28.3366219276565
69.8277659235272,-164.889802632543,28.3356215347572
69.8795375316614,-165.387058335596,28.3346211418532
69.9313089931337,-165.884314053301,28.3336207489506
69.983080498343,-166.381569766637,28.3326203560476
70.0348519752149,-166.8788254828,28.3316199631448
70.0866235216679,-167.376081192028,28.3306195702413
70.1383948183105,-167.87333692615,28.3296191773402
70.1901670439394,-168.370592567701,28.3286187844307
70.2419358059538,-168.867848554388,28.3276183915519
70.2937174840332,-169.365103254039,28.3266179985571
70.3454509965696,-169.862362753204,28.3256176059731
70.3973641242203,-170.359604354399,28.3246172115476
70.4485903750962,-170.856914400281,28.3243267721652
70.4956349529513,-171.354641134153,28.327104827976
70.5430940391034,-171.852326563833,28.3298828716225
70.5904421052542,-172.350023056238,28.3326609178694
70.6378199064242,-172.84771658566,28.3354389633726
70.685189743736,-173.345410908652,28.3382170090715
70.7325617131996,-173.843105019178,28.3409950547178
70.7799331147653,-174.34079918631,28.3437731003783
70.8273046566222,-174.838493339402,28.3465511460349
70.8746762049559,-175.336187492072,28.3493291916926
70.9220475872659,-175.833881660454,28.3521072373497
70.969419626752,-176.33157576645,28.3548852830079
71.0167892051523,-176.829270106126,28.357663328663
71.0641679647806,-177.326963574031,28.3604413743315
71.1115116242365,-177.824660374757,28.3626675246401
71.1586392231695,-178.322377690805,28.3624868800285
71.2057880927263,-178.820092987171,28.362306235419
71.2529312658706,-179.317808824419,28.362125590809
71.300075963875,-179.815524516887,28.3619449461991
71.347220256213,-180.313240247843,28.3617643015893
71.394364647071,-180.810955969556,28.3615836569793
71.4415090492958,-181.308671689777,28.3614030123695
71.4886533076983,-181.806387425192,28.3612223677592
71.535798129583,-182.304103101368,28.361041723151
71.5829408429571,-182.801818999139,28.3608610785349
71.6300914209507,-183.299534070396,28.3606804339481
71.6772126711408,-183.797252223784,28.3604997892506
71.7244432852143,-184.294958883852,28.3603191449444
71.7712660802165,-184.792708402632,28.3601384988822
71.8196469815768,-185.290294176179,28.3603553912387
71.8777502909024,-185.78685820162,28.3623254649942
71.9349054117921,-186.283521869152,28.3642954927108
71.9923117058889,-186.780159159505,28.3662655301761
72.0496610720647,-187.276802361041,28.368235565011
72.1069871175778,-187.773448280037,28.3702055999643
72.1644632339746,-188.270077433391,28.372175637503
72.2213487412832,-188.766772453582,28.3737475981301
72.2745178130161,-189.263881888893,28.3735556313426
72.3280483243919,-189.760951020901,28.3733636652093
72.3814820377098,-190.258030946637,28.373171698937
72.4349416747438,-190.75510798168,28.3729797327046
72.4883943690902,-191.252185790886,28.3727877664616
72.5418489227721,-191.749263392761,28.3725958002215
72.5953029785015,-192.246341050162,28.3724038339806
72.6487571675898,-192.743418692693,28.3722118677399
72.702211320958,-193.240496339206,28.3720199014993
72.755665483911,-193.737573984652,28.3718279352586
72.8091196442281,-194.23465163039,28.3716359690179
72.8625738055083,-194.731729276022,28.3714440027771
72.9160279655712,-195.228806921787,28.3712520365364
72.9694821295379,-195.725884567128,28.3710600702957
73.0229362791178,-196.22296221403,28.370868104055
73.0763904822999,-196.720039855114,28.3706761378143
73.1298444856138,-197.217117517893,28.3704841715736
73.1832992342236,-197.714195099774,28.3702922053331
73.2367512036631,-198.21127298332,28.3701002390915
73.2902135364829,-198.708349741973,28.3699082728538
73.3436372248238,-199.20543069529,28.3697163065988
73.3972084169681,-199.702495637808,28.3695213967723
73.4517247327581,-200.199457991878,28.3693132249887
73.506150322758,-200.696430193779,28.3691050532504
73.5606002099519,-201.193399758341,28.3688968815026
73.6150435901396,-201.690370029207,28.3686887097575
73.6694887129606,-202.187340110918,28.3684805380117
73.7239333690896,-202.684310243287,28.3682723662661
73.7783781502025,-203.181280362088,28.3680641945204
73.8328228978437,-203.678250484523,28.3678560227747
73.887267654449,-204.175220605986,28.3676478510291
73.9417124086538,-204.672190727708,28.3674396792834
73.9961571635005,-205.169160849361,28.3672315075378
74.0506019181787,-205.666130971032,28.3670233357921
74.1050466728893,-206.1631010927,28.3668151640464
74.159491427639,-206.660071214364,28.3666069923008
74.2139361822,-207.157041336048,28.3663988205551
74.2683809374761,-207.654011457653,28.3661906488095
74.322825690083,-208.150981579556,28.3659824770638
74.3772704526433,-208.647951700343,28.3657743053182
74.431715178088,-209.144921825295,28.3655661335725
74.4861600419334,-209.641891934716,28.3653579618269
74.5406043896976,-210.138862102049,28.3651497900808
74.5950506618717,-210.635832053435,28.3649416183368
74.6494897581357,-211.132802810065,28.3647334465848
74.703955612554,-211.629770564033,28.3645252748611
74.7583216889143,-212.126749514577,28.3643171030102
74.8130682867295,-212.62368576496,28.3644496062302
74.8703134236893,-213.120341635411,28.3661477644865
74.9273225106084,-213.617024003648,28.3678459202209
74.9843944855422,-214.113699281025,28.3695440763753
75.0414508454271,-214.610376436646,28.3712422328124
75.0985068112367,-215.107053166718,28.3729403876605
75.1555799465112,-215.603729721879,28.3746385485804
75.2125848517789,-216.100407401116,28.3763366869038
75.269845314403,-216.597080762289,28.3780349106564
75.3261524965967,-217.093770259452,28.3797328319459
75.3859355296935,-217.590400914062,28.3814320701339
75.4047982558045,-218.087724484165,28.3821280610077
75.3527290395047,-218.586252784562,28.3818143685491
75.3156361954363,-219.084516729295,28.38150170705
75.2748940763162,-219.582882060195,28.3811888068292
75.2334447457484,-220.081078818778,28.3811509731423
75.1896378121982,-220.579107014981,28.3813891377799
75.1463320923941,-221.077169425642,28.3816272978268
75.1028920599883,-221.575222667694,28.3818654590711
75.0594880199569,-222.073278366701,28.3821036199922
75.0160743348824,-222.571333407306,28.3823417809996
74.9726632344343,-223.069388624347,28.382579941984
74.929251441372,-223.567443794107,28.3828181029745
74.8858398339128,-224.065498976537,28.3830562639635
74.8424281767167,-224.563554155571,28.3832944249528
74.7990165328487,-225.061609335516,28.383532585942
74.7556048854092,-225.559664515217,28.3837707469312
74.7121932389266,-226.057719694983,28.3840089079204
74.6687815921882,-226.555774874732,28.3842470689097
74.6253699455163,-227.053830054485,28.3844852298989
74.5819582988337,-227.551885234237,28.3847233908882
74.5385466521276,-228.049940413988,28.3849615518774
74.4951350055265,-228.547995593748,28.3851997128666
74.4517233585287,-229.046050773471,28.3854378738559
74.4083117130123,-229.544105953333,28.3856760348451
74.3649000619681,-230.042161132677,28.3859141958343
74.3214884315507,-230.540216313952,28.3861523568236
74.2780767241657,-231.038271488021,28.3863905178127
74.2346653039791,-231.53632668898,28.3866286788026
74.1912528121344,-232.034381789601,28.3868668397892
74.1478443190981,-232.532437264627,28.3871050007882
74.1044209048229,-233.030491342589,28.3873431617414
74.0610531679684,-233.528550633586,28.3875813228668
74.0174776752557,-234.026590472554,28.3878194833737
73.9746774068774,-234.524702895213,28.388057646522
73.928349186501,-235.022484998292,28.3881196610865
73.8778864165732,-235.519879986505,28.3880024824435
73.8282672412244,-236.017353959864,28.3878853052085
73.7784220046679,-236.514806767277,28.3877681276418
73.7286373465674,-237.012265246607,28.3876509501672
73.6788364550643,-237.509722206015,28.3875337726682
73.6290399135738,-238.007179572711,28.3874165951757
73.5792422068118,-238.504636830307,28.3872994176816
73.5294448107552,-239.00209411698,28.3871822401878
73.479647337246,-239.499551396454,28.387065062694
73.4298498628192,-239.997008675645,28.3869478852002
73.3800524695079,-240.494465963167,28.3868307077063
73.3302547527021,-240.991923217654,28.3867135302126
73.2804582485674,-241.48938059593,28.3865963527183
73.2306572179612,-241.986837512155,28.3864791752261
73.1808730778863,-242.484296152523,28.3863619977261
73.131025912179,-242.981748359395,28.3862448202542
73.0814139210487,-243.479224572287,28.3861276426622
73.0307336218707,-243.976591735021,28.3858138636751
72.978790210237,-244.473829962459,28.3852984521647
72.9271039190229,-244.971094436093,28.3847830412295
72.8753487265143,-245.468351876459,28.3842676301588
72.8236119974893,-245.965611201529,28.3837522191258
72.7718703215176,-246.462870021629,28.3832368080828
72.7201299683258,-246.960128976752,28.3827213970424
72.6683892713669,-247.457387896796,28.3822059860014
72.6166486265945,-247.954646822124,28.3816905749605
72.564908116847,-248.451905761394,28.3811751639197
72.513167014901,-248.949164639618,28.3806597528784
72.461428146369,-249.44642374805,28.3801443418392
72.4096809377125,-249.943681996831,28.3796289307917
72.3579648511611,-250.440943453496,28.3791135197744
72.3061326349065,-250.938192940196,28.3785981086278
72.2548271624057,-251.435496720531,28.378445783879
72.2041490760961,-251.932865168121,28.3786683551363
72.1533435192033,-252.43022047682,28.3788909263327
72.1025721466677,-252.92757930895,28.3791134975434
72.0517915176789,-253.424937187323,28.3793360687502
72.0010137273068,-253.922295356999,28.3795586399577
71.9502338398971,-254.419653315318,28.3797812111664
71.8994595009539,-254.917011827654,28.3800037823696
71.8486650684775,-255.414368335611,28.3802263535938
71.7979454495463,-255.911732305859,28.3804489247425
71.746946715179,-256.409068435829,28.380671496214
71.6972125930685,-256.906530704089,28.380060893835
71.6489928539353,-257.40414402393,28.3785857329184
71.6004658932529,-257.901726700054,28.3771105743458
71.5520212386595,-258.399317585831,28.3756354152209
71.5035546049546,-258.896906279075,28.3741602562495
71.4550935753105,-259.39449553217,28.3726850972369
71.4066321100527,-259.892084738547,28.371209938237
71.3581667834063,-260.389673571963,28.3697347792279
71.3097173355415,-260.88726394371,28.368259620242
71.2612082432713,-261.384848535996,28.3667844611596
71.21296932945,-261.882459308088,28.3654568380084
71.1650570223076,-262.380101716433,28.3642829738915
71.1170744921365,-262.877737352961,28.3631091097905
71.0691255998867,-263.375376128971,28.3619352459296
71.0211123935944,-263.873009120214,28.3607613810932
70.9733227686431,-264.370662107733,28.3595875197794
70.9247032654552,-264.868240906815,28.3584136434085
70.8798363187479,-265.366155160275,28.3572662438187
70.839501341169,-265.864474513143,28.35614647393
70.7982440260252,-266.362711496762,28.3550267197439
70.7572518470556,-266.86097188228,28.3539069621995
70.716121542917,-267.359221036597,28.3527872043145
70.6752785410418,-267.857491708924,28.3516674510935
70.6334246224348,-268.355687552852,28.3505476768435
70.5961204776093,-268.854219860209,28.3494288211182
70.5643289409232,-269.353159729788,28.34831085846
70.5314138494019,-269.852016733173,28.3471929187167
70.4988314741077,-270.35089754538,28.346074974627
70.4660418939436,-270.849765995797,28.3449570278191
70.4337483176044,-271.348660078989,28.3438390958288
70.3996782235793,-271.847464007843,28.3427210988902
70.3736110711389,-272.34667343069,28.3416070301718
70.3573206472344,-272.846376501483,28.3404968778654
70.3389158694377,-273.345977228976,28.3393867915686
70.3215859475853,-273.845614881168,28.3382767085305
70.3020714358995,-274.34520719156,28.3371665441378
70.291820597139,-274.8449738509,28.3382600004303
70.2927992414649,-275.344950073444,28.3416761065596
70.2915118699272,-275.844884014108,28.3450919211911
70.2908284186972,-276.344829278998,28.3485078045055
70.2899954377349,-276.844771531424,28.3519236687541
70.2891461092409,-277.344714490607,28.3532130914978
70.2882083104715,-277.844657110336,28.3522577283534
70.2872986484785,-278.344599789038,28.3513023651956
70.2863466352081,-278.844542539669,28.3503470017488
70.2855358659078,-279.344484943661,28.3493916394268
70.2842025582929,-279.844428662063,28.3484362722688
70.2852242681866,-280.344366445981,28.3477024874416
70.2891156937588,-280.844296997245,28.3472032277678
70.2924638763539,-281.344228918142,28.3467039707243
70.2958276538506,-281.844160797904,28.3462047136157
70.299672250929,-282.344091472681,28.345705454153
70.3011721294937,-282.844028025927,28.3462766274151
70.2997762460241,-283.34397183564,28.3479833665594
70.2989679306627,-283.843914182922,28.3496900960466
70.2979883847987,-284.343856920179,28.3513968278924
70.2971061426386,-284.84379956007,28.35310355879
70.2960059602619,-285.343742199428,28.3548102912123
70.2958404458443,-285.84368495987,28.3566093008002
70.2968254800442,-286.343627865729,28.358506457754
70.2975663184823,-286.843570781752,28.3604036131049
70.2984185300007,-287.343513550138,28.3623007685693
70.2990694902012,-287.843456898817,28.3641979251333
70.3005568061388,-288.343397624146,28.3646259649299
70.3030728230467,-288.843335111577,28.3634881999776
70.3053721932245,-289.343273252909,28.3623504359316
70.3077650946074,-289.843211210842,28.3612126713045
70.3100005563645,-290.343149248415,28.3600749081378
70.3127721532147,-290.843087150863,28.3589371389392
70.3131469964904,-291.343025608703,28.3584363387725
70.3105538750792,-291.842964753642,28.3586162184412
70.3085692669024,-292.342903747084,28.3587960970266
70.3063788732371,-292.842842830107,28.3589759759517
70.3044030356322,-293.342781706346,28.3591558544845
70.3017748800223,-293.84272132001,28.3593357344161
70.3020325926157,-294.342657628454,28.3598894127624
70.3058606103433,-294.842589863885,28.3608436387442
70.3089868866451,-295.342522845947,28.3617978566326
70.3122440489028,-295.84245589069,28.3627520762228
70.3156794211536,-296.342387938195,28.3637062962216
70.3180953271369,-296.842324719764,28.3646731517963
70.3192218677406,-297.342267415003,28.3656535797144
70.3206086850724,-297.842208918912,28.3666340065522
70.3219216683644,-298.342150755055,28.3676144336485
70.3232696900617,-298.842092453682,28.368594860658
70.3245514074068,-299.342034370086,28.3695752877553
70.3261100216762,-299.841975404379,28.3696025047171
70.3280117444897,-300.341915348234,28.3686033406867
70.3298454038604,-300.841855508965,28.3676041767329
70.3316945369014,-301.341795618184,28.3666050127683
70.3335498416274,-301.841735716563,28.3656058487796
70.3353649916789,-302.341675909801,28.3646066848946
70.3373345628713,-302.841615734506,28.3636075205606
70.338609034467,-303.341557219358,28.3626017391342
70.3390114201402,-303.841500789058,28.3615888089247
70.3395935984832,-304.341443923971,28.3605758792501
70.3401093919874,-304.841387237092,28.3595629493628
70.3407109077078,-305.341330272242,28.3585500198406
70.3410359690396,-305.841274240899,28.3575370888911
70.3425877329461,-306.341214053348,28.3573495750418
70.3456779140652,-306.841148652344,28.3580559853429
70.3484603868464,-307.341084293473,28.3587623945354
70.351323789051,-307.84101966293,28.3594688039877
70.3541712020975,-308.340955076872,28.3601752133738
70.3570016406117,-308.840890584543,28.3608816227562
70.3599159532026,-309.340825672883,28.3615880322309
70.3624474207995,-309.840762664722,28.3616321150275
70.3644979221527,-310.340702052902,28.3609566453396
70.3666395557312,-310.840640971112,28.360281175773
70.3687755100065,-311.340579980185,28.3596057061165
70.3708430557199,-311.84051909578,28.3589302367017
70.3731898680581,-312.340457694506,28.3582547662803
70.3742768927612,-312.840398649309,28.3577696884815
70.3737714248312,-313.340342584807,28.3574920085625
70.3735847678659,-313.840285923499,28.357214329109
70.373311256675,-314.340229424977,28.3569366495437
70.3730663287537,-314.840172872159,28.3566589700168
70.3727939315125,-315.340116373725,28.3563812904518
70.3726028127806,-315.840059712079,28.356103610997
70.3721141018342,-316.340003648789,28.3558259310793
70.3729566209552,-316.839944908596,28.3559294399293
70.375487465418,-317.33988277338,28.3564496923495
70.3776810757339,-317.839821316382,28.3569699437933
70.3799651684463,-318.33975967712,28.3574901954673
70.3822245883674,-318.839698088651,28.3580104470773
70.3844922107197,-319.339636479284,28.3585306987043
70.3867516988761,-319.839574902708,28.3590509503271
70.3890402330933,-320.33951319427,28.3585450096016
70.3913637687964,-320.839451324726,28.3569136206165
70.3936836179488,-321.339389473415,28.3552822316277
70.3959924205332,-321.83932766807,28.3536508426556
70.3983490882389,-322.33926566066,28.3520194536113
70.4004894525438,-322.83920456725,28.3510450334238
70.4023545850743,-323.339144638372,28.3507926816083
70.4042721486235,-323.839084483822,28.3505403298068
70.406184642531,-324.339024365765,28.3502879779968
70.4080649867631,-324.838964327407,28.3500356262079
70.410078976412,-325.338903933816,28.3497832743321
70.4114908380887,-325.838845147676,28.3496591088523
70.4121314411063,-326.338788420929,28.3496762145704
70.4129266932534,-326.838731281908,28.3496933202818
70.4136769276541,-327.338674260449,28.3497104259949
70.4144525713242,-327.838617181047,28.3497275317072
70.4151716079107,-328.338560215827,28.3497446374206
70.4161312277118,-328.838502773447,28.3499575431257
70.417398362319,-329.338444722008,28.3503868226886
70.4186043141925,-329.838386791727,28.350816102225
70.4198265830243,-330.338328829167,28.3512453817677
70.4210447706407,-330.83827087456,28.3516746613086
70.4222629653152,-331.338212920422,28.3521039408499
70.4234852124751,-331.838154956453,28.3525332203913
70.4246880071538,-332.338097039107,28.3523180213995
70.4258649307159,-332.838039184253,28.3513883704425
70.4270488102981,-333.337981311217,28.3504587194888
70.4282242074069,-333.837923464089,28.3495290685241
70.4294265733652,-334.337865531528,28.3485994175985
70.4305295640604,-334.837807914737,28.3476697665048
70.4320756196554,-335.337748887542,28.34665596762
70.4341902671513,-335.837687993482,28.3455486341662
70.4362014074647,-336.337627589386,28.3444413005788
70.4382055955447,-336.837566618734,28.343333968307
70.4403410821458,-337.337507424008,28.3422266308825
70.4419584168946,-337.83744169329,28.3411193120087
70.4455167180013,-338.337400326311,28.3400119137469
70.4404135302302,-338.837250274458,28.3403774104418
70.4240828193601,-339.336959309467,28.3423851619679
70.4099875355142,-339.836696488097,28.3443927493628
70.3952696537916,-340.336425509103,28.3464003757612
70.3808065915264,-340.836159014949,28.348407990295
70.3659469433754,-341.335882741045,28.3504156124663
70.3526759059104,-341.835647818637,28.3519107365344
70.3414513311267,-342.335466408432,28.3528331056913
70.3298210030169,-342.835274385413,28.3537554723242
70.3182994018151,-343.335085206251,28.3546778395532
70.306748670978,-343.834895265119,28.3556002066167
70.295205725179,-344.334705527841,28.3565225737243
70.2836607706132,-344.834515737165,28.3574449408191
70.2721160656603,-345.334325956211,28.3583673079212
70.2605723709402,-345.834136189768,28.3592896750069
70.2490243864205,-346.333946355571,28.3602120421505
70.2374925479707,-346.833756777832,28.3611344090798
70.2259004258832,-347.333566242188,28.3620567768168
70.2145332517862,-347.833379281064,28.3629791416541
70.2023267205458,-348.333178982164,28.363901518901
70.1938578687653,-348.833038077001,28.3647302320345
70.1902791516991,-349.332974885353,28.3654536506221
70.185733394198,-349.832896308216,28.3661770580518
70.1814424977312,-350.332821849539,28.3669004681613
70.1770992521686,-350.832746303423,28.3676238773504
70.1727105381724,-351.332670988369,28.3683472874504
70.1685560076107,-351.832595836528,28.3690706949242
70.1635103731509,-352.332519800921,28.3697941134295
70.1624355268176,-352.832447786728,28.3692504798706
70.1665775476003,-353.332381063538,28.3672768278094
70.1696871101699,-353.832313295239,28.3653032102539
70.173075949384,-354.332245801882,28.3633295845099
70.1763801989876,-354.832178253923,28.3613559612201
70.179743508421,-355.332110649426,28.3593823365971
70.1829551973615,-355.832043325636,28.3574087147682
70.1867142134885,-356.331974935741,28.3554350816268
70.1880452085912,-356.831911292984,28.3536356466694
70.1861712222608,-357.331853920776,28.3520334335814
70.1849416079901,-357.831795281218,28.3504312312143
70.1834983811899,-358.331737085562,28.3488290256112
70.1822651680556,-358.831678381792,28.3472268234045
70.1804056308889,-359.331621266282,28.345624609427
70.1812788507483,-359.831557191448,28.3431285759176
70.1857600851367,-360.331483925336,28.3396177213241
70.1895293452159,-360.831412472809,28.3361068959423
70.193488752667,-361.331340536577,28.3325960636884
70.1973995767582,-361.831268721503,28.3290852332721
70.2013145796892,-362.331196905521,28.3255744026326
70.205261447757,-362.831124972023,28.3220635710556
70.2090766951146,-363.331053509431,28.3185527432975
70.2133864883142,-363.830980280987,28.3150418990434
70.2154986359042,-364.330914898447,28.3115160362796
70.2146959013118,-364.830859922365,28.3079730100483
70.2144648038907,-365.330802905379,28.3044300029228
70.2140975558563,-365.830746372705,28.300886870678
70.2135825328939,-366.330689819864,28.2973432439482
70.2134581401913,-366.830632712887,28.2936123036855
70.2155507139085,-367.330572315004,28.2891174597755
70.2174165127613,-367.830512252897,28.2846226215052
70.2193408345633,-368.330452111088,28.2801277820004
70.2212577732417,-368.830391952424,28.2756329429028
70.2231457533425,-369.330331940786,28.271138103445
70.2251603237253,-369.830271342345,28.2662677484599
70.2279128616927,-370.330207345303,28.2598617780176
70.2305891553653,-370.830143699279,28.2534558084751
70.2332879364393,-371.330079949554,28.2470498387191
70.2359730049892,-371.830016263646,28.2406438690894
70.2386904325824,-372.32995242619,28.2342378991252
70.2412889862114,-372.829889145801,28.2282003713484
70.2432048502497,-373.329829039255,28.2236712966473
70.2451877135446,-373.829768657726,28.2191422221269
70.2471628470796,-374.329708172417,28.2146131488249
70.2491019381165,-374.829648376798,28.2100840705078
70.2511928541463,-375.32958592743,28.2055550100624
70.2527127740043,-375.829533398848,28.2010258696725
70.2564222686482,-376.329442843766,28.1965956952474
70.2728354838646,-376.829131669702,28.1925713518843
70.2879513492581,-377.328843025993,28.1885471739641
70.3034147241282,-377.828548347273,28.1845229603404
70.3187850130968,-378.32825528515,28.1804987568987
70.3341802428339,-378.827961789797,28.1764745507741
70.3495687668249,-379.327668411265,28.1724503453713
70.3649591806438,-379.827374998547,28.1684261397754
70.3803487390356,-380.327081605784,28.164401934231
70.3957398291396,-380.826788167397,28.160377728674
70.4111256503564,-381.326494891468,28.1563535231147
70.4265315348251,-381.826200995272,28.1531065657756
70.4420545681067,-382.325903476581,28.15306936075
70.457565689963,-382.825606326232,28.1530321557245
70.473079998804,-383.325309077295,28.152994950699
70.4885934659551,-383.825011854529,28.1529577456734
70.5041071143004,-384.324714625623,28.1529205406479
70.5196208790595,-384.824417395122,28.1528833356223
70.5351339975474,-385.324120177124,28.1528461305973
70.5506495828932,-385.823822910748,28.1528089255701
70.5661559537517,-386.323525825251,28.1527717205507
70.5816966908237,-386.823228065104,28.1527345155019
70.597109270362,-387.322932820855,28.1526973105574
70.6129997673892,-387.822628194465,28.1526601051458
70.6270605512903,-388.32235948772,28.1525678151996
70.6303098940921,-388.822303023591,28.1522458934088
70.634650887463,-389.322225128971,28.1519239811064
70.6386995043479,-389.822152973982,28.1516020667638
70.6428264560151,-390.32207928155,28.1512801530037
70.6469323165831,-390.822006001779,28.1509582390902
70.6510442409047,-391.321932608136,28.1506363252178
70.6551529932841,-391.821859257487,28.1503144113346
70.6592683676276,-392.321785848725,28.1499924974536
70.6633598315984,-392.821712634227,28.1494300090853
70.6673095491368,-393.321640563644,28.1478582607273
70.6712735046803,-393.821568378215,28.1462865123769
70.6752336439162,-394.321496223566,28.1447147640249
70.6791948164185,-394.821424060593,28.1431430156733
70.6831556705722,-395.321351900147,28.1415712673217
70.6871167651715,-395.821279737916,28.1399995189697
70.6910772166577,-396.321207580295,28.1384277706193
70.69503999855,-396.821135406032,28.1368560222631
70.6989941080136,-397.321063293685,28.1352842739274
70.7029805540571,-397.820990950476,28.1337125254998
70.7068432798757,-398.320919490549,28.1322154341631
70.7099620770977,-398.820853341792,28.1310339530288
70.7131552182842,-399.320786662273,28.1298524720578
70.7163283352672,-399.820720125689,28.1286709910517
70.7195072373506,-400.320653547897,28.1274895100561
70.722683015723,-400.820586992053,28.1263080290556
70.7258655016233,-401.320520389643,28.1251265480641
70.7290242975009,-401.820453951437,28.1239450670354
70.7322733432647,-402.320386887749,28.1232741546486
70.7360689129139,-402.82031603593,28.1247740089827
70.7398098236979,-403.320245563596,28.1262738632067
70.7435664552113,-403.820174979896,28.1277737174494
70.7473148421094,-404.320104462313,28.1292735717049
70.7510804815296,-404.820033791689,28.1307734258926
70.7547869663724,-405.319963652618,28.1322732803817
70.7591705240546,-405.819887415471,28.1313172773185
70.7646380846014,-406.319801266382,28.1280528507147
70.7698879187209,-406.819717526594,28.1247884237062
70.7751359479073,-407.319632151665,28.1215240074932
70.7806089160158,-407.819550907373,28.1182595484598
70.7851840292887,-408.319454777386,28.114995243912
70.7931252463684,-408.81941405331,28.1117302806253
70.7854725672391,-409.319116788761,28.1103723468405
70.7609787455466,-409.818542465717,28.1108102789312
70.7399941163396,-410.318025901449,28.1112481191688
70.718066659074,-410.817493715594,28.1116859809812
70.6964009581012,-411.316966251272,28.1121238369182
70.6746311620158,-411.8164355243,28.1125616939598
70.6530159452141,-412.315913124855,28.1129995524182
70.6308865840134,-412.815360682225,28.1134374043597
70.6106589553234,-413.31492006925,28.113875284544
70.581638802004,-413.813962179585,28.1138621202021
70.5430819488263,-414.312443204353,28.1134224190675
70.5065104098842,-414.81104105596,28.1129827475016
70.4694042969705,-415.309607369899,28.1125430690163
70.4324509614174,-415.808182995606,28.1121033923199
70.39542115004,-416.306752915585,28.1116637156511
70.3585444301113,-416.80533634405,28.1112240370815
70.3211318986095,-417.303871451261,28.1107843658021
70.2857092426705,-417.802586309804,28.1103446632842
70.2410900430832,-418.30047022798,28.1103842922838
70.1863991425911,-418.797442334219,28.1108789781988
70.1339463307096,-419.294621914369,28.1113736298978
70.0803640650611,-419.791680134249,28.1118682807306
70.0290610161998,-420.289016265145,28.1123629698313
69.9678812291176,-420.785127565635,28.1121084636846
69.8959801215893,-421.279907781639,28.1111411877728
69.8262774284351,-421.774960094855,28.110173995397
69.7560893979314,-422.269955548393,28.1092067807433
69.6856441390908,-422.764906324919,28.1082395815744
69.6167129734361,-423.260092642997,28.1072723380268
69.5406060843034,-423.754168536775,28.1067543891585
69.4566393270034,-424.247029096249,28.106664852667
69.3742635558823,-424.740134341901,28.1065753204823
69.2916115139558,-425.233202045215,28.1064857867702
69.2084734907862,-425.726175222348,28.1063962553007
69.1275553870997,-426.219563993532,28.106306715356
69.0362590770906,-426.711014306369,28.106577307922
68.9335592328025,-427.200335259036,28.1071923056267
68.8332030551656,-427.690093178987,28.1078072425096
68.7322999526303,-428.179751558344,28.1084221947469
68.6312406948351,-428.669371099019,28.1090371390278
68.5313528729809,-429.159245509347,28.1096521014128
68.4258645929126,-429.647907495817,28.1111234593393
68.3141599035349,-430.135223583569,28.1134158320177
68.2038252342272,-430.622837989327,28.1157081415779
68.092825658847,-431.110301732294,28.1180004523402
67.9831154165806,-431.598069746464,28.120292821
67.8678642020702,-432.08452233744,28.1216111053108
67.7465458037325,-432.56953443474,28.1219939532951
67.6264379582991,-433.054832424697,28.1223767896019
67.5061746065541,-433.540099511519,28.12275963155
67.3853227008596,-434.025204315213,28.1231424616951
67.2669801862882,-434.510989063877,28.1235253393402
67.1369752166635,-434.99361726695,28.1262999247771
66.9940450324432,-435.472747396867,28.1313784719661
66.8537970451299,-435.952603558862,28.1364563580115
66.7128067708622,-436.43225832887,28.1415344003632
66.5721032976686,-436.911992594051,28.1466123967142
66.4309949730166,-437.391610288906,28.1516904164345
66.2915252638092,-437.871703619688,28.1550485722179
66.1538068207123,-438.35230498112,28.1567485976724
66.0158546753214,-438.832840404351,28.1584486265964
65.8774940060231,-439.313249993279,28.1601486284742
65.7410009082871,-439.794228788188,28.1618487497999
65.5958002868589,-440.272555357001,28.1644076609632
65.4409442325505,-440.74794180753,28.1677968196775
65.2879914464853,-441.223905921011,28.1711857255079
65.1348724296612,-441.699826846969,28.1745746973648
64.9801698685335,-442.17523036669,28.1778121860635
64.8230182211857,-442.649830159841,28.1809031429265
64.6676979399109,-443.125050507201,28.183994209808
64.5058237681112,-443.59802496855,28.1853987748506
64.3368374684119,-444.068560088669,28.1851702289204
64.1692251104335,-444.539564866773,28.1849416925114
64.0015895707365,-445.010568037373,28.184713153239
63.8323552350871,-445.480993658632,28.1852618052462
63.661273966986,-445.950755717045,28.1865644486443
63.4903441037271,-446.420569083252,28.187867082677
63.3202238076784,-446.890685358276,28.1891697399104
63.1459128252498,-447.359240167999,28.191589400863
62.9666551492033,-447.825948934677,28.1950947158353
62.7890087466352,-448.293267873453,28.1985999938516
62.6082367939301,-448.759377589612,28.2007052770563
62.4244515889058,-449.2243188005,28.2014486616242
62.2409548110063,-449.68936545283,28.2021920343883
62.0585876730357,-450.154875617233,28.2029354348657
61.8702941172609,-450.617970157545,28.2047708756246
61.6752645703549,-451.078319887205,28.207670727314
61.4816785225611,-451.539258944676,28.2105704714454
61.2875111894932,-451.99995666051,28.2134702326541
61.094225288132,-452.461030327291,28.2163700243235
60.8973221634785,-452.92055289132,28.2189409253893
60.6963482335735,-453.378328084445,28.2211908242805
60.4963184272466,-453.836511135152,28.2234406997618
60.2956501146494,-454.29440992629,28.2256905549726
60.0965914228899,-454.753037772513,28.2279405258356
59.8904067534534,-455.208431866798,28.2302951767784
59.67622329092,-455.660196074075,28.2327526208948
59.4636528401268,-456.112690927778,28.235209925314
59.250779017911,-456.565053426695,28.2376672752326
59.0375056001215,-457.017214669419,28.2401245678831
58.8261337161299,-457.470313182021,28.2425820692287
58.6059063778693,-457.91905224206,28.2451592156605
58.3756794830639,-458.362870483095,28.2478543591438
58.1474508770437,-458.807668266997,28.2505492498094
57.918911214672,-459.25232799616,28.2532442440823
57.6896174386253,-459.696560383964,28.2559390536446
57.4636507801689,-460.142639970993,28.2586345885257
57.2222608526863,-460.580167104646,28.2613953403939
56.9632957528484,-461.007942559166,28.2642224961934
56.7081667728295,-461.437865051179,28.2670488917533
56.4512078060212,-461.866699170828,28.2698753015599
56.1977319647352,-462.297739317927,28.2727024102468
55.929428347212,-462.719301468717,28.27472560251
55.6446375170889,-463.130338644225,28.2759597717374
55.362546173063,-463.543039193087,28.277193537153
55.0822637576038,-463.957130497649,28.2784276379744
54.7897437153156,-464.36232632275,28.2788283726826
54.4831391940353,-464.757328375186,28.2784087236443
54.1789301543757,-465.154024748033,28.2779891791944
53.8759282548644,-465.551748628019,28.2775695632904
53.5640190625486,-465.942319533964,28.2772332251825
53.2416702454976,-466.324530990213,28.2769788759526
52.9214386027369,-466.708435338877,28.2767245599034
52.6007557923511,-467.091986946817,28.2764702345306
52.279760352559,-467.475256529453,28.2762159170626
51.9604663868914,-467.860006767086,28.2759615744433
51.6332115425728,-468.23784170976,28.2762183339095
51.2968453749079,-468.607763474626,28.2769804166746
50.9623309451465,-468.979292382712,28.277742420075
50.6273914449093,-469.35045635756,28.2785044439491
50.2923003636739,-469.721472815961,28.279266455817
49.9582405611961,-470.093444163977,28.2800284982744
49.6193115242868,-470.460915864058,28.2809455635326
49.2747909053889,-470.823221407435,28.2820163720249
48.93140148856,-471.18657139629,28.2830871359476
48.5877686735202,-471.549699190753,28.2841579122122
48.2439781838863,-471.912671258409,28.2852286785173
47.9010616838236,-472.276488323198,28.286299475795
47.554057383246,-472.636357276092,28.2870292564304
47.2023489789106,-472.991683449091,28.2874202804544
46.8515898889451,-473.347925772896,28.2878112924621
46.5006324999114,-473.703978972088,28.2882023079185
46.1495189412106,-474.05987247048,28.2885933202272
45.7992282545032,-474.416593789496,28.28898434287
45.4451007616618,-474.769458454398,28.2896850893244
45.086544846719,-475.117872285296,28.2906944373733
44.7288846634874,-475.467185790775,28.291703756791
44.3710271568125,-475.816303283723,28.2927130848112
44.0130631590646,-476.165305100114,28.2937224037297
43.6537068587465,-476.512837866507,28.2950560405825
43.2839051058007,-476.849341700919,28.2970464919812
42.9164125664854,-477.188287509802,28.299036721415
42.5480893215116,-477.526341054198,28.3010269791255
42.1807796201706,-477.865521593819,28.3030173132934
41.8099751462571,-478.200781870202,28.3046125781678
41.4304012856474,-478.526197743361,28.305406821655
41.0521809397424,-478.853131677918,28.30620100728
40.6736630141778,-479.179737211701,28.3069952095848
40.294982132033,-479.50613856369,28.3077893963455
39.9172502656517,-479.833684577019,28.3085836354425
39.5355761693481,-480.156483970831,28.3090953599006
39.1438067150672,-480.467129587302,28.3090325505214
38.7536190833311,-480.779679842564,28.3089697476068
38.3629947727553,-481.09170320732,28.3089069432138
37.9725355067609,-481.403929676409,28.3088441390877
37.5818527660189,-481.715870654465,28.3087813354055
37.1918986287111,-482.028750167742,28.308718529339
36.7990264460235,-482.337868272803,28.3090387491338
36.398672768367,-482.637342054679,28.3101407976922
35.9994875816924,-482.938322192364,28.3112427786708
35.5999852350302,-483.238893248684,28.3123447754327
35.2005831563189,-483.539594427718,28.3134467680756
34.8010971543285,-483.840184183649,28.3145487608451
34.4018465042011,-484.141089410447,28.3156507578326
34.0016664873843,-484.44074772865,28.3155201323319
33.5990998382292,-484.737203818798,28.3128652677122
33.1968987109159,-485.034150135402,28.310210420912
32.7946220677747,-485.330995942409,28.3075555684651
32.392282031054,-485.627753649478,28.3049007227431
31.9902709666544,-485.924964104148,28.3022458524437
31.5869024083401,-486.220307244333,28.3005102416884
31.1800236289458,-486.510822245535,28.300662096614
30.7736842332448,-486.802078725402,28.3008139492667
30.3672247390104,-487.093171628825,28.300965802631
29.960706352229,-487.38417749502,28.3011176551577
29.5541141863862,-487.675077922899,28.3012487688142
29.1393427085445,-487.95422529323,28.3012282761893
28.7252962775887,-488.234412994168,28.3012077847752
28.311137447276,-488.514445050422,28.3011872931409
27.8967017112372,-488.79405711369,28.3011661451362
27.4780975986678,-489.067401403301,28.301140179751
27.059751924585,-489.341134364782,28.3011142146232
26.6413177525612,-489.614733288774,28.3010882494638
26.22297928902,-489.888479918891,28.3010622842548
25.8043445179678,-490.161766705702,28.301070308686
25.3820703371255,-490.429405443014,28.3013290680987
24.9599760706693,-490.697320844849,28.3015878250745
24.5379630232216,-490.9653719733,28.3018465845336
24.1154420005237,-491.232598351137,28.3021337776718
23.6862598349002,-491.489024287466,28.3026316198943
23.2574720668987,-491.746089496068,28.3031294484332
22.828585017333,-492.002994303519,28.303627279409
22.399701141531,-492.259902167801,28.3041251092441
21.9709036145598,-492.51695781001,28.3046229413002
21.5417552930217,-492.773415488731,28.3052353767259
21.1080770092495,-493.022153577513,28.3067020721637
20.6746663294115,-493.271347725859,28.3081687477921
20.2411822071322,-493.520416569685,28.3096354266496
19.8077245112761,-493.769531015345,28.3111021049244
19.3742345156378,-494.018588298738,28.3125687818937
18.9408471781451,-494.26782842369,28.3140354663344
18.5070791089245,-494.516390069909,28.3155175645859
18.0683777673376,-494.756160038237,28.3171154377113
17.6299650634316,-494.996444408105,28.3187132835958
17.1914743582042,-495.236589719723,28.3203111340324
16.7530073094531,-495.476777377357,28.3219089831379
16.3145235723769,-495.716934596505,28.323506832302
15.8760828980963,-495.957171159498,28.3251046828438
15.4374856933564,-496.197119001042,28.3266149698532
14.9968426000621,-496.43329285813,28.3274631656185
14.5563181152007,-496.669685509104,28.3283113587753
14.1157620325939,-496.906019874807,28.3291595523674
13.6752138592798,-497.142368821523,28.3300077458259
13.2346656097483,-497.378717661543,28.3308559393128
12.7941097761638,-497.615052385081,28.3317041328214
12.3535845362031,-497.851444018322,28.3325755523927
11.9134667216682,-498.088593502856,28.3336239265097
11.473325482125,-498.325699414674,28.3346723004978
11.0331904370221,-498.562816848874,28.3357206745071
10.5930540137514,-498.79993171899,28.3367690485105
10.1529169169658,-499.037045338413,28.3378174225134
9.71278388481713,-499.274166510579,28.338865796526
9.27263517640362,-499.511258552944,28.3399143106323
8.83227603214024,-499.747959559613,28.3409639002736
8.39192896485263,-499.984683008554,28.3420134898811
7.9515784179339,-500.221399989258,28.3430630794925
7.51122972412521,-500.458120422115,28.3441126691089
7.07087709920215,-500.694833517788,28.3451622587025
6.63053832728402,-500.93157247579,28.3462118484084
6.19014777962591,-501.168214771222,28.3473966285944
5.74905677882064,-501.403549354001,28.3496271761947
5.30800524451295,-501.638957620168,28.3518577229926
4.86694369742245,-501.874347187996,28.3540882699047
4.42588277805167,-502.109737946209,28.3563188168465
3.98482933901959,-502.345142601049,28.3585493635527
3.54374539406216,-502.58049055922,28.3607799114464
3.10277664376681,-502.816052617942,28.363091066295
2.66338374987221,-503.054543574192,28.3660302235547
2.22390268991635,-503.292870658181,28.3689693754858
1.78444424308693,-503.53123979448,28.3719085283104
1.34498342072973,-503.76960442834,28.3748476807876
0.905509528047172,-504.007945094871,28.3777868336943
0.466090599143205,-504.246386696763,28.3806872290616
0.0274358770839759,-504.486231828066,28.3832839511661
-0.411261404792347,-504.725998794231,28.3858806721882
-0.84994758880234,-504.965786142433,28.3884773933811
-1.28863564855967,-505.205570046633,28.391074114542
-1.72732728613322,-505.445347376144,28.3936708356357
-2.16600276081724,-505.685154404089,28.3962675571207
-2.6047396448864,-505.924848596264,28.3988448279601
-3.04433248264894,-506.162970031869,28.4012686374
-3.48387810106611,-506.401178228065,28.403692445577
-3.92343584156476,-506.639364157319,28.4061162539639
-4.36299226171768,-506.877552488166,28.4085400622691
-4.80254186439044,-507.115753436797,28.4109638706745
-5.24212020880955,-507.353901232535,28.4134248116255
-5.68210611223027,-507.591295359945,28.4161805161216
-6.12206942565895,-507.82873126102,28.4189362202879
-6.56203941183805,-508.066154823294,28.4216919245156
-7.00200527779494,-508.303586002633,28.4244476286975
-7.44198094588443,-508.54099906361,28.4272033330248
-7.88192133818347,-508.778477327513,28.4298365447941
-8.32136324789007,-509.016876973258,28.4314916268445
-8.7608325277483,-509.255226028803,28.4331467086013
-9.2002939006441,-509.493589699184,28.4348017904097
-9.6397595581311,-509.731945450713,28.436456872188
-10.0792159884876,-509.970318254925,28.4381119540441
-10.5187052097505,-510.208630458667,28.4397435772446
-10.9586620245399,-510.446078512407,28.441186650277
-11.3985931134502,-510.683574107149,28.4426297230805
-11.8385324838241,-510.921054406401,28.4440727959419
-12.2784644335929,-511.15854838479,28.4455158687154
-12.7184177617318,-511.396002983672,28.4469589418647
-13.1582926102535,-511.633602133787,28.4482591500098
-13.5970354086372,-511.873286388599,28.4484034149092
-14.0358393397653,-512.11285804497,28.4485476796788
-14.4746259782318,-512.352461548935,28.44869194447
-14.913420721367,-512.592050137966,28.4488362092513
-15.3522003402513,-512.831666535965,28.4489804740511
-15.7910326047947,-513.071186147288,28.4490864091152
-16.2306296430321,-513.309299754769,28.4488800551239
-16.6701849553472,-513.547490086768,28.4486737012152
-17.1097547486607,-513.785653746054,28.4484673472977
-17.5493083152157,-514.023847424127,28.4482609933622
-17.9889125520543,-514.261947247488,28.4481098876086
-18.4292505362539,-514.498687817691,28.4484115331944
-18.8695498057337,-514.73550010544,28.4487131786664
-19.3098590017499,-514.972294009474,28.449014824157
-19.7501671565864,-515.209089823022,28.44931646964
-20.1904695722101,-515.445896340247,28.4496181151335
-20.6307960875575,-515.682657943815,28.4498186086699
-21.0714696371648,-515.91877317605,28.4491843558194
-21.5121354304605,-516.154902586745,28.4485501031553
-21.9527664771775,-516.39109772678,28.4479158498398
-22.3935449114249,-516.627014552843,28.4472628821868
-22.8365691671105,-516.858691235598,28.4464547518849
-23.2794616111332,-517.090616665781,28.4456466248071
-23.7224395481612,-517.32238111095,28.44483849576
-24.1652062941133,-517.554542687743,28.4440141818335
-24.6049177984659,-517.792448439502,28.4430550514125
-25.0447885084648,-518.030054900752,28.4420959273144
-25.4846137511287,-518.267746734914,28.4411368022442
-25.9244618336365,-518.505396036132,28.440177677411
-26.3642637888192,-518.743130532041,28.4392384039905
-26.8034159096478,-518.982063611432,28.4384654307824
-27.2425982295389,-519.220941055212,28.4376924577327
-27.6817836491378,-519.45981255876,28.4369194848532
-28.1209265826937,-519.698763251261,28.4361465109844
-28.5602370522689,-519.937401839725,28.4354457728277
-29.0021258880435,-520.17123736936,28.4353537236656
-29.4438828196619,-520.405318604964,28.4352616749286
-29.8856736950613,-520.639336640978,28.4351696261263
-30.3274605232042,-520.873362097968,28.4350775773432
-30.7692295591008,-521.107421142283,28.4349709139366
-31.2106841576864,-521.342072773543,28.4347403685511
-31.652154431327,-521.576694867057,28.4345098231805
-32.0936222196675,-521.811321642803,28.434279277809
-32.5350843058297,-522.045959167671,28.4340487324318
-32.9765717805089,-522.280548835612,28.4338142264185
-33.4184536238236,-522.514394898301,28.4335459460252
-33.8603203166433,-522.748269693698,28.4332776656136
-34.3021741925142,-522.982168031452,28.4330093853608
-34.744094351323,-523.215943718516,28.4327411043042
-35.1857612208719,-523.450188269632,28.4324654078178
-35.6234373083578,-523.691820434508,28.4321260920543
-36.0613109734664,-523.9330868057,28.4317867799435
-36.4991417307786,-524.174432769922,28.431447467345
-36.9369468674037,-524.415825553674,28.4311081545726
-37.3748978902594,-524.656950557301,28.4307249711014
-37.8152285722541,-524.8937066467,28.4299631933306
-38.2554407468991,-525.130680300365,28.4292014184483
-38.6956833911174,-525.367598056781,28.4284396431189
-39.1359225015728,-525.604522137125,28.4276778679669
-39.5761453492066,-525.841476686375,28.4269160925993
-40.0164370291014,-526.078302573703,28.4260876994534
-40.4578552375319,-526.313023141299,28.4246802629315
-40.8992101445038,-526.547861965017,28.4232728277875
-41.3406085759418,-526.782619614157,28.4218653916731
-41.7818957486503,-527.017584567232,28.4205713113971
-42.2214488979204,-527.255780088619,28.4202671633086
-42.6610868211485,-527.493817675099,28.4199630158362
-43.1007028066183,-527.731896126025,28.4196588682768
-43.5403218878264,-527.969968832959,28.419354720726
-43.9799504747722,-528.208023742975,28.4190505732407
-44.4195380205698,-528.446155439651,28.4187464253936
-44.8592807598124,-528.683996786427,28.4185647752889
-45.3015681892186,-528.917077319797,28.4194620919453
-45.7437320583219,-529.150389014787,28.4203594046587
-46.185928231692,-529.383640291177,28.4212567179584
-46.6281185775753,-529.616902399867,28.4221540310725
-47.0702999343546,-529.85018158909,28.4229911051316
-47.5122897886139,-530.083823416904,28.4232943684713
-47.9542910545607,-530.317443676916,28.4235976318146
-48.3962821666023,-530.551083017853,28.4239008951235
-48.8383024469579,-530.784667669417,28.4242041586074
-49.2802158557721,-531.018452657803,28.424478317907
-49.7203483875238,-531.255575946915,28.4244929673156
-50.1605661609334,-531.492539447209,28.4245076166928
-50.6007614057083,-531.729545182846,28.4245222660746
-51.0409616433797,-531.966541540994,28.4245369154551
-51.4811644203549,-532.203533207245,28.4246286838512
-51.9214408083584,-532.440388091842,28.4254123848624
-52.3617117058905,-532.677253173555,28.4261960858667
-52.8019907059853,-532.914103224084,28.4269797868989
-53.2422426988886,-533.151003364356,28.4277921357397
-53.682044419019,-533.388738530888,28.4288627992652
-54.1218648338393,-533.626439074508,28.4299334627075
-54.5616892502176,-533.864132023344,28.4310041259663
-55.0014790567019,-534.101889804311,28.4320747902409
-55.4414037044885,-534.339395096278,28.4331185271396
-55.8836454711588,-534.572561751892,28.4339179665002
-56.3257792858839,-534.805930527295,28.4347174030034
-56.7679393528231,-535.039250192444,28.4355168399087
-57.2101021916488,-535.272564499677,28.436316276744
-57.6522276164646,-535.505949489679,28.437033619344
-58.0936720295889,-535.740620409667,28.4370015031796
-58.5351463094897,-535.975234954947,28.4369693870242
-58.9766194272893,-536.209851619795,28.4369372708708
-59.4180674209611,-536.444516002634,28.4369051547003
-59.8596173352142,-536.67898689632,28.4368544113863
-60.3028892598335,-536.91018794148,28.4366325326381
-60.7461267027589,-537.141455025334,28.4364106539891
-61.1892148395971,-537.373003487459,28.4362010682583
-61.6292957708248,-537.61022466708,28.436104851581
-62.0695164810024,-537.847182161388,28.4360086354925
-62.509698665073,-538.084212312201,28.435912419319
-62.9498953700378,-538.321215153508,28.4358162031774
-63.3900724933501,-538.558254622518,28.4357199870078
-63.8303136050811,-538.795174548662,28.435638443181
-64.2716799015447,-539.029992645962,28.4356932501402
-64.7129950410154,-539.264906302933,28.4357480570539
-65.15432384253,-539.499794439868,28.4358028639741
-65.5956490770773,-539.734689238843,28.4358576708922
-66.0369749383593,-539.969582870628,28.4359124778108
-66.4783018580556,-540.2044745121,28.4359871334504
-66.9196548970595,-540.439317068595,28.4362476778413
-67.3610053044664,-540.67416458995,28.4365082222368
-67.8023614514129,-540.909001251502,28.4367687666157
-68.2436973070025,-541.143876320744,28.4370293110792
-68.6851087754539,-541.378608265112,28.4372858870394
-69.1278985828592,-541.610731166827,28.4375050553885
-69.5706242960909,-541.842975409466,28.4377242234595
-70.0133758647854,-542.075170643726,28.437943391585
-70.4560879274409,-542.307440908811,28.438027254183
-70.8981489899989,-542.540948142439,28.4368290481005
-71.340244174052,-542.774390511018,28.4356308424181
-71.7823110563893,-543.00788676453,28.4344326363293
-72.224457267473,-543.241231878697,28.4331878319812
-72.6681302007712,-543.471661891696,28.4314992356254
-73.1116745616004,-543.702340944995,28.4298106364654
-73.55546895407,-543.932529178821,28.4283094923911
-74.0037401932452,-544.153886449332,28.4286002006767
-74.4517144239138,-544.375843795081,28.4288909080299
-74.900246268334,-544.596631073061,28.4293448151769
-75.356231151724,-544.801660989244,28.43099705285
-75.8135353454582,-545.003672529793,28.4327066462139
-76.2735025006281,-545.199574328341,28.4337632741144
-76.7333837834012,-545.395664816364,28.4347801127297
-77.1944299262761,-545.589004620412,28.4355088446833
-77.655313733765,-545.782734996582,28.4362375791678
-78.1165328776261,-545.975643091735,28.4369844938982
-78.5813133131284,-546.159841561443,28.4378635343783
-79.0461647213775,-546.343821715162,28.4387745517323
-79.5143235398196,-546.519259039136,28.439918518538
-79.9825763109947,-546.694397244276,28.4410037049054
-80.4546078656351,-546.859131853236,28.4416603373274
-80.9265336193703,-547.024134047673,28.4422643255357
-81.3999806694543,-547.184740837259,28.4424836843482
-81.8735305051853,-547.345019671371,28.4426975015887
-82.3498221924476,-547.49698580702,28.4428707491543
-82.8258904994835,-547.649637692622,28.4430439948702
-83.302207040615,-547.801501118329,28.4432299899369
-83.7815484247294,-547.943553535351,28.4435055391404
-84.262124163286,-548.081354935315,28.4437508688936
-84.7426430125409,-548.21936086186,28.4439961994579
-85.2232443281528,-548.357075750145,28.4442373618177
-85.7048493744254,-548.491239572171,28.4444477787046
-86.1863225505481,-548.625888186516,28.4446581972117
-86.6680889834388,-548.759429515123,28.4448570862874
-87.1533767129174,-548.879632889272,28.4449706755579
-87.6384703955229,-549.000565776207,28.445084261058
-88.1235680152405,-549.121505321338,28.4451978478332
-88.6088449866558,-549.241684185363,28.4453026081576
-89.0966800015467,-549.351073690047,28.4453417981229
-89.5843122903859,-549.461342335997,28.4453809875564
-90.0721799692468,-549.570525022004,28.4453640973824
-90.5627432028958,-549.666953611853,28.4449170392126
-91.0536569357317,-549.761534781686,28.4443747269643
-91.5448278095622,-549.854770772257,28.443794220659
-92.0371034223604,-549.942004332228,28.4431377597089
-92.5293818576766,-550.029213428223,28.4424713791121
-93.0229215246669,-550.10896106198,28.4417225421929
-93.5172512184187,-550.183728873768,28.4409126164034
-94.0117678371402,-550.256983089404,28.4400865971644
-94.5090942969923,-550.308317453313,28.4391395263911
-95.0063272850796,-550.360213354726,28.4381923182703
-95.5048019054321,-550.398580352558,28.437243676125
-96.0038479228272,-550.428520177875,28.436296881376
-96.5029195514515,-550.457933559328,28.4353506445701
-97.002621976831,-550.473663572353,28.434410629407
-97.5024762311024,-550.483020203864,28.4334871412466
-98.0023741421836,-550.489701567996,28.4325747987014
-98.5023137971125,-550.492015833174,28.4316799125347
-99.0022499822794,-550.494037968152,28.4307883784866
-99.5021765215634,-550.489556507309,28.4299222214505
-100.00209525157,-550.484955970898,28.4290702775279
-100.50192635666,-550.474188354046,28.4283262450905
-101.00174315078,-550.463167773125,28.4276031545961
-101.5013449083,-550.444545223482,28.4270394399294
-102.000919967284,-550.42555708496,28.4265537882542
-102.499929885475,-550.394917867153,28.4266636762818
-102.99899500427,-550.365254831417,28.4267735629453
-103.497966918453,-550.334324558358,28.4269796539704
-103.996060136504,-550.291153860054,28.4279220238903
-104.4939990834,-550.246849753877,28.4287517616743
-104.989142975781,-550.177506950211,28.4287182756618
-105.484442063608,-550.109581753718,28.4286847934193
-105.97972210044,-550.041430649362,28.4286513104373
-106.47492281145,-549.972763684205,28.4285656294247
-106.968884822443,-549.895635649325,28.4280783188504
-107.462919313141,-549.819002759286,28.4275910143669
-107.956927831845,-549.742197302322,28.4271037091902
-108.450967799402,-549.665587274942,28.4266164026758
-108.944907379832,-549.588364641571,28.4261292390525
-109.437507905863,-549.50297352572,28.4256431697202
-109.930171856529,-549.417977965278,28.42515710666
-110.422859751532,-549.333095565652,28.4246710388454
-110.915387737615,-549.247361175625,28.4241999549538
-111.405920590412,-549.150767702895,28.4238452523039
-111.896343654893,-549.053736904478,28.4235036068154
-112.383547738833,-548.941544035282,28.4232635313134
-112.871002848146,-548.830496505148,28.4230234635716
-113.358160383963,-548.718204559066,28.4227928606983
-113.842314621012,-548.593504171191,28.422636151213
-114.326299604372,-548.468272775492,28.4225096961121
-114.805549261153,-548.325865848053,28.4226198958552
-115.285058054427,-548.184407807689,28.422730089225
-115.76454164438,-548.042840595159,28.4228402840154
-116.243866298508,-547.900759286976,28.4229669112929
-116.7207082829,-547.750529931498,28.423222622735
-117.197670997054,-547.600700955852,28.423478330759
-117.674661446262,-547.450948739921,28.4237340407443
-118.151419130711,-547.300485789112,28.424055432185
-118.624738068442,-547.139494468467,28.4248950284849
-119.098256695857,-546.979111124136,28.4257346093474
-119.571684276534,-546.818462350392,28.4265741884326
-120.045276349562,-546.658267376232,28.4274137883536
-120.518298705774,-546.496514948235,28.4284039744255
-120.983629206207,-546.313660526054,28.4305885690269
-121.449104937283,-546.131277512079,28.4327366468679
-121.910753045256,-545.939358480909,28.4345962518622
-122.372448410361,-545.747587561287,28.4364234265604
-122.83171085058,-545.550039218199,28.4379929510963
-123.290880045822,-545.352295643717,28.4395111947148
-123.74644586619,-545.146365398213,28.4406206365529
-124.202283615633,-544.941048398562,28.4417300649232
-124.657805297113,-544.735034196329,28.442766839353
-125.107876592601,-544.517365373057,28.4431883300755
-125.553059136467,-544.28986462304,28.4433374933717
-125.998545224847,-544.062955935922,28.443486656732
-126.443601221512,-543.835224780503,28.4436057792133
-126.883496969864,-543.597651085768,28.4434836047542
-127.323454634371,-543.360212323731,28.4433733813419
-127.760136714973,-543.116789006488,28.4433593397528
-128.19706824606,-542.873819008386,28.4433452982678
-128.633725985218,-542.63036241122,28.4433450522736
-129.067604373049,-542.381975678432,28.4434562288712
-129.501273902495,-542.133242132968,28.4435665382902
-129.929499124164,-541.87522720234,28.4436698360491
-130.3581192025,-541.617877517095,28.4437731323655
-130.786289961745,-541.359793805623,28.4438752041164
-131.209833634701,-541.094159349214,28.4439673337942
-131.633008776194,-540.827981086614,28.4440794271207
-132.047022349738,-540.547713611691,28.4443540192015
-132.46149555825,-540.268157995467,28.4446285976307
-132.875977251644,-539.988601012902,28.4449031804796
-133.289963546672,-539.708335079972,28.4451955268504
-133.695843036892,-539.416421200918,28.445633068062
-134.10227718328,-539.125294490028,28.4460705982177
-134.508112111868,-538.833344669861,28.4464628945644
-134.906545353371,-538.531350566093,28.4464843644298
-135.305469170449,-538.230014866731,28.4465058338993
-135.703870697336,-537.927996347869,28.4464836021278
-136.095659828488,-537.617435319709,28.4461019591499
-136.487999069566,-537.307568308865,28.4457203164919
-136.879442169955,-536.996605548745,28.4454319314142
-137.258521536793,-536.670633422513,28.4459129195836
-137.638355701841,-536.345568607857,28.4463938823971
-138.017564873681,-536.019777823226,28.4469507608596
-138.38975206166,-535.685975073848,28.448135738048
-138.762383706365,-535.352674856507,28.4493206997715
-139.134571091662,-535.018882645861,28.4505429201513
-139.501451335026,-534.679257925155,28.4520744127672
-139.868575431784,-534.339901841931,28.4536058905372
-140.235715761134,-534.000560401533,28.4551373747197
-140.602546509813,-533.660890908644,28.4566906962415
-140.965141902954,-533.316692734375,28.458426143978
-141.327352171047,-532.972109477396,28.4601376839893
-141.680146851232,-532.617866466213,28.461649643405
-142.033367066072,-532.264065227109,28.4631615515857
-142.386708958301,-531.91037110775,28.4646734945747
-142.739135583912,-531.555803875524,28.4661437337746
-143.077533483272,-531.187770658443,28.4672642487115
-143.416083650031,-530.819917402384,28.468352383337
-143.745438037606,-530.443782104721,28.4691689598492
-144.075385880513,-530.068180804611,28.4699855128087
-144.404867964422,-529.692170565512,28.4707822943546
-144.728896451017,-529.311447590402,28.4714123159071
-145.05340008129,-528.931126523148,28.4720423401573
-145.377040919733,-528.550091681846,28.4726554406799
-145.688297558634,-528.158845175775,28.4731253804492
-146.000092693884,-527.76804743643,28.473595299942
-146.312016300735,-527.377337199552,28.4740652318392
-146.622884314132,-526.985825785547,28.4745170207899
-146.916715231401,-526.581317861314,28.4748147084678
-147.211066294511,-526.177221492368,28.4751154876483
-147.499733657747,-525.769032035165,28.4754427717285
-147.788801951778,-525.361132068955,28.4757700517574
-148.077520615787,-524.952984921362,28.4761009988536
-148.362476047139,-524.542199301301,28.4764632638611
-148.647331375999,-524.13134615748,28.4768058804294
-148.926900286991,-523.716879163123,28.4769802702784
-149.20718835148,-523.302879415156,28.4771546666204
-149.485706097778,-522.887762509046,28.477267239995
-149.736653449818,-522.455314046543,28.476848895523
-149.988988939652,-522.023735996753,28.4764306175558
-150.240815381796,-521.591845492491,28.4760258769972
-150.490474308354,-521.158701170976,28.4757377240271
-150.740114836647,-520.725549067304,28.4754495724088
-150.990121875392,-520.292594487054,28.4751614121833
-151.238676358992,-519.858854944077,28.4749650702455
-151.463249166991,-519.412155617938,28.475562450632
-151.689013280779,-518.966098359743,28.476159765054
-151.914367445853,-518.519826074135,28.4767570863608
-152.140171059315,-518.0737723895,28.4773544197048
-152.364581742938,-517.627056892823,28.4780357305347
-152.566028316853,-517.169467672786,28.4794464774087
-152.76875961828,-516.712478539783,28.4808570972939
-152.970517266636,-516.255059305398,28.4821410985273
-153.161031530129,-515.792833317205,28.4823225415285
-153.352083648941,-515.33083598652,28.4825039810451
-153.542937600905,-514.868755987289,28.4826854207486
-153.734046712864,-514.406778164116,28.4828668618567
-153.92433050171,-513.944473172225,28.4828468875457
-154.100694028142,-513.476661349991,28.4810630475484
-154.277863125208,-513.00916411488,28.4792792598685
-154.454313127677,-512.541397859163,28.4773777835891
-154.621687319398,-512.070300427972,28.4744425462907
-154.789451948584,-511.599346603658,28.4715073481175
-154.957215995974,-511.128390386485,28.4685721375255
-155.124591188706,-510.657299882957,28.4655570871497
-155.285502590151,-510.183956695805,28.4618378054683
-155.446273460824,-509.71057234172,28.4586503893333
-155.599272734819,-509.234612466868,28.4601620881986
-155.752627270865,-508.758771135148,28.4616737693676
-155.905988387275,-508.282930026891,28.4631854562181
-156.058967139321,-507.806969246725,28.4652134771281
-156.20465461722,-507.328721816593,28.4718248362706
-156.350841171673,-506.850627814385,28.478436167602
-156.496343755352,-506.372331133085,28.4845839467479
-156.631650245276,-505.891041319964,28.4866141596813
-156.767436470959,-505.409892051956,28.4886443400926
-156.903064455874,-504.928697020249,28.49067452418
-157.038846096199,-504.447544627769,28.4927047119497
-157.174169857478,-503.966267029152,28.494205260712
-157.301787398281,-503.482883215632,28.4909748971275
-157.42970523335,-502.999582841352,28.4877445690322
-157.557741585898,-502.516309677213,28.4845142104647
-157.685001465748,-502.032843718385,28.4813707773651
-157.798207496192,-501.545877698722,28.4790067074935
-157.912080198871,-501.059077225601,28.4766427094018
-158.025717195628,-500.572220010296,28.4742787051855
-158.139630824086,-500.085424348657,28.4719146824703
-158.252670895149,-499.598438613111,28.4697670628643
-158.350525159549,-499.108155891044,28.4695700429416
-158.4490767407,-498.618024409628,28.4693730299082
-158.547434430547,-498.127851328531,28.4691760160264
-158.64587133356,-497.6376936182,28.4689790019451
-158.744185200014,-497.147515995922,28.4687819896324
-158.842890558783,-496.657399328457,28.4685849694039
-158.906948763202,-496.161902876978,28.4678130536711
-158.959504235578,-495.664611332865,28.4669512562777
-159.01465517001,-495.167756954741,28.4660897718245
-159.070935038695,-494.670950168815,28.4652281478906
-159.109047722547,-494.172512603512,28.4623618359076
-159.1439428096,-493.673767849208,28.4591822092954
-159.178899315189,-493.175072165344,28.4560028754548
-159.216731279841,-492.67647858752,28.4528227905364
-159.225366718361,-492.176725880081,28.4465830770233
-159.228520973771,-491.676757119182,28.4398635869904
-159.233277942295,-491.176841409737,28.4331447108742
-159.236946192994,-490.676923222908,28.4264259221603
-159.243366619346,-490.176961882799,28.4197060761853
-159.224882548952,-489.677443108294,28.4190114416757
-159.201764492424,-489.1780089873,28.4192591992397
-159.179971356688,-488.678545443478,28.4195069399918
-159.157379319203,-488.179117323123,28.4197546807743
-159.136657858307,-487.679576902939,28.4200024387299
-159.099190128733,-487.18107651735,28.4203960696959
-159.0585539926,-486.682777792426,28.4208126382737
-159.018960292301,-486.184398420083,28.4212292027331
-158.978274502221,-485.686145647218,28.4216457357416
-158.91786964747,-485.190430501781,28.4159803557624
-158.824933287185,-484.698829885155,28.4061447983133
-158.735350316339,-484.207095128938,28.4007559361258
-158.639580591051,-483.716369273799,28.3983920303295
-158.544697839227,-483.225531464799,28.3960284082672
-158.4517827318,-482.734256640624,28.3936644987461
-158.347055010867,-482.245488937431,28.3940189353105
-158.232904725051,-481.758717375322,28.3962303200591
-158.1210209303,-481.271459663803,28.3984415257291
-158.007943429383,-480.784478791176,28.4006527260662
-157.897373780118,-480.296876819855,28.4028641281783
-157.774919054203,-479.81224498055,28.4043345676873
-157.642803126869,-479.330040198297,28.4052982419949
-157.513926868398,-478.846990915756,28.4062618549978
-157.378738369615,-478.365689382601,28.408264787772
-157.239344312419,-477.885563278251,28.4109800083762
-157.100399363602,-477.405323844934,28.4136951394861
-156.963115445244,-476.924571247363,28.4164104612765
-156.816283453764,-476.446733877008,28.4191661793867
-156.661792366205,-475.971236142325,28.4219500636438
-156.509204680594,-475.495148433821,28.424733812912
-156.355397735381,-475.019466997866,28.4275174895131
-156.202238134861,-474.54356413375,28.4304076262959
-156.023956648775,-474.076458396559,28.4343182562789
-155.84712044643,-473.608840140668,28.4382283924981
-155.669371608085,-473.141565855548,28.4418566872844
-155.480224122289,-472.678779949453,28.4427766677276
-155.291568346773,-472.215798699825,28.4436966324657
-155.102624335571,-471.752934248174,28.4447641393188
-154.910144899408,-471.291528310025,28.4472543734042
-154.717885295921,-470.830030575176,28.4497446073307
-154.525276706002,-470.368680566127,28.4523938640561
-154.326027657539,-469.910156241096,28.4565819346669
-154.127202531853,-469.451447698012,28.4607700011498
-153.927715539816,-468.993035163088,28.4646179728998
-153.716114788686,-468.54007344697,28.4651664967176
-153.505014088247,-468.086886097299,28.4657150078474
-153.29373065563,-467.633782956626,28.4662635196348
-153.08267852629,-467.18056843687,28.4668120361193
-152.870882697634,-466.727715809424,28.4675937360043
-152.643930887717,-466.282243238911,28.4706517673304
-152.417552972749,-465.836492374381,28.4737096777593
-152.191138270008,-465.390754991418,28.476767615884
-151.964296928145,-464.945241952412,28.4796235499906
-151.727624686951,-464.50486268845,28.4804996815848
-151.491347968423,-464.064276954711,28.4813757982178
-151.254961581095,-463.62374853335,28.4822519167655
-151.01861899216,-463.183196995659,28.483128034705
-150.782210623842,-462.742680745008,28.4839652962018
-150.544570051165,-462.302827876499,28.4844192525588
-150.306980214787,-461.862947670142,28.4848732088129
-150.069367884873,-461.423079633535,28.4853271650504
-149.831794802267,-460.983190251122,28.4857811214398
-149.594087049652,-460.543374176943,28.4861995241362
-149.35352247707,-460.105113344168,28.4862648309233
-149.113069802114,-459.666791593205,28.4863301376173
-148.872586284351,-459.228486637679,28.4863954443229
-148.632114431445,-458.790175314509,28.4864607510248
-148.391626694411,-458.351872703298,28.4864396827331
-148.150843538683,-457.913732305085,28.4855549439255
-147.910071101201,-457.475586023395,28.4846702051335
-147.669297852779,-457.037440177852,28.483785466327
-147.42851716748,-456.599298450476,28.4829007275653
-147.18776697004,-456.161139853315,28.4820159885703
-146.946902149166,-455.723044677373,28.4812587443663
-146.703527628257,-455.286338101665,28.4817867089643
-146.460247558252,-454.849579273932,28.4823146729812
-146.216947761105,-454.412831334725,28.4828426370745
-145.973632577961,-453.976092007025,28.4834428330982
-145.729830824746,-453.539624087886,28.4847751596668
-145.486043985666,-453.103147826666,28.4861074862404
-145.24226704753,-452.666666135739,28.4874398125979
-144.998435743733,-452.230214421533,28.4887721401355
-144.754812169192,-451.793648137794,28.4901394178178
-144.515841129399,-451.354515764799,28.4918633214041
-144.276697149494,-450.915478783052,28.4935872185656
-144.037592533392,-450.476420065498,28.4953111164355
-143.798503034249,-450.037353102667,28.4970350144193
-143.559313706434,-449.598340854795,28.4988004749395
-143.317825363637,-449.160588463236,28.5009928222275
-143.076403486505,-448.722799895786,28.5031851668721
-142.835031313039,-448.284983159166,28.505377515177
-142.593393783702,-447.847315319386,28.5075337913232
-142.345554081272,-447.413125791562,28.5093176788955
-142.097943924313,-446.978807534589,28.5111015545745
-141.850272307673,-446.544523744087,28.5128854316796
-141.602617397261,-446.110230585257,28.5146693082676
-141.354957013064,-445.675940494146,28.5164531850204
-141.107301838872,-445.241647488647,28.5182370615991
-140.859642367041,-444.807356885945,28.5199956575157
-140.619486848129,-444.368871748353,28.5211832985943
-140.37928588672,-443.930412013127,28.5223709156833
-140.139096244982,-443.491945946331,28.5235585313905
-139.898905558353,-443.053480478663,28.5247461469826
-139.658708254363,-442.615018655425,28.5259582942696
-139.415935512289,-442.177977527141,28.5277317694709
-139.173169967227,-441.740932428364,28.5295052434498
-138.930402559188,-441.303888357346,28.531278717368
-138.687635610927,-440.866844032752,28.5330521912749
-138.444868628807,-440.429799726556,28.5348256651827
-138.20210134828,-439.992755586002,28.5365991390945
-137.959335249269,-439.555710789973,28.5383681065138
-137.717086908723,-439.118378793568,28.5400320017032
-137.474837596532,-438.681047335328,28.5416958968509
-137.232588010381,-438.243716031929,28.5433597919992
-136.99034036597,-437.806383641183,28.5450236873646
-136.748085555201,-437.369055262192,28.5466460398538
-136.501926729142,-436.93391230472,28.5472864186123
-136.255774666596,-436.498765561298,28.5479267963826
-136.009621120709,-436.063619647602,28.5485671740963
-135.763467119998,-435.628473990725,28.5492075518295
-135.51731614462,-435.19332663255,28.549764244999
-135.273426240071,-434.756907963571,28.5483141893287
-135.029533390955,-434.320490950218,28.5468641344076
-134.785641243243,-433.884073542396,28.5454140795327
-134.541749041361,-433.447656165381,28.5439640246604
-134.297856441925,-433.011239010697,28.5425732970154
-134.053495611624,-432.575083857157,28.5426256085622
-133.809135191368,-432.138928474172,28.5426779201079
-133.564774669267,-431.702773148158,28.5427302316534
-133.320414182354,-431.266617802516,28.5427825431991
-133.076053652382,-430.830462480771,28.5428348547447
-132.831693238204,-430.394307094832,28.5428871662906
-132.587332493028,-429.958151892378,28.5429394778426
-132.342972620949,-429.521996205935,28.5430035533654
-132.102566628058,-429.083648747513,28.5433607286902
-131.862160081231,-428.645301596156,28.5437179034723
