x,y,z
-14.198226928710938,-224.2213592529297,28.821796417236328
-13.959720611572266,-223.76097106933594,28.82318115234375
-13.752486228942871,-223.29122924804688,28.808916091918945
-13.573441505432129,-222.72186279296875,28.820659637451172
-13.433075904846191,-222.14418029785156,28.82163429260254
-13.308378219604492,-221.5409698486328,28.82539176940918
-13.187860488891602,-220.98397827148438,28.8268985748291
-13.063631057739258,-220.394287109375,28.82880973815918
-12.94002628326416,-219.84414672851562,28.8292236328125
-12.814762115478516,-219.2687225341797,28.81271743774414
-12.700698852539062,-218.7494354248047,28.828189849853516
-12.54890251159668,-218.1033935546875,28.83445930480957
-12.390649795532227,-217.4713134765625,28.835620880126953
-12.237918853759766,-216.8382110595703,28.838176727294922
-12.079231262207031,-216.2257843017578,28.838590621948242
-11.918089866638184,-215.60983276367188,28.83978271484375
-11.735877990722656,-214.99456787109375,28.841018676757812
-11.563657760620117,-214.43080139160156,28.843395233154297
-11.363173484802246,-213.84933471679688,28.844703674316406
-11.167350769042969,-213.29348754882812,28.846160888671875
-10.975704193115234,-212.76182556152344,28.847549438476562
-10.775623321533203,-212.2115478515625,28.849205017089844
-10.572819709777832,-211.68255615234375,28.85089874267578
-10.369898796081543,-211.17733764648438,28.852359771728516
-10.164841651916504,-210.66351318359375,28.854412078857422
-9.947531700134277,-210.16043090820312,28.855571746826172
-9.735245704650879,-209.67909240722656,28.857158660888672
-9.509998321533203,-209.21559143066406,28.85674285888672
-9.28604793548584,-208.75772094726562,28.856826782226562
-9.059866905212402,-208.30445861816406,28.8570499420166
-8.806352615356445,-207.79873657226562,28.846797943115234
-8.522195816040039,-207.2286376953125,28.85196304321289
-8.288856506347656,-206.76217651367188,28.8505916595459
-8.040133476257324,-206.26571655273438,28.859699249267578
-7.731084823608398,-205.6651611328125,28.862716674804688
-7.434231758117676,-205.09274291992188,28.86447525024414
-7.1636199951171875,-204.56436157226562,28.85388946533203
-6.89064884185791,-204.032958984375,28.857837677001953
-6.6101789474487305,-203.48745727539062,28.868915557861328
-6.306579113006592,-202.89743041992188,28.866003036499023
-6.016490936279297,-202.33367919921875,28.869829177856445
-5.703081130981445,-201.72427368164062,28.87618637084961
-5.402737140655518,-201.1375732421875,28.876495361328125
-5.099764823913574,-200.527587890625,28.87621307373047
-4.8265204429626465,-199.97637939453125,28.87761878967285
-4.526066303253174,-199.37637329101562,28.87855339050293
-4.253590106964111,-198.82717895507812,28.878639221191406
-3.96781587600708,-198.2501983642578,28.878938674926758
-3.711442232131958,-197.716064453125,28.879669189453125
-3.4459261894226074,-197.15052795410156,28.880325317382812
-3.189997673034668,-196.61436462402344,28.881175994873047
-2.933303117752075,-196.06082153320312,28.881986618041992
-2.6892409324645996,-195.53407287597656,28.883068084716797
-2.440337657928467,-194.9685516357422,28.8837833404541
-2.2285962104797363,-194.46107482910156,28.884109497070312
-2.0151615142822266,-193.91915893554688,28.884075164794922
-1.8227366209030151,-193.3950653076172,28.883636474609375
-1.6190218925476074,-192.8520965576172,28.883913040161133
-1.4320135116577148,-192.34603881835938,28.87859344482422
-1.1930885314941406,-191.7012176513672,28.870716094970703
-0.963077187538147,-191.079345703125,28.883878707885742
-0.7280728220939636,-190.4260711669922,28.88845443725586
-0.5302733778953552,-189.82264709472656,28.88869285583496
-0.32667893171310425,-189.15826416015625,28.889833450317383
-0.1519673466682434,-188.54092407226562,28.88956642150879
0.051919642835855484,-187.82882690429688,28.876901626586914
0.2501130700111389,-187.1508331298828,28.883846282958984
0.4593432545661926,-186.42922973632812,28.888580322265625
0.6521298885345459,-185.76087951660156,28.881677627563477
0.8102183938026428,-185.2132110595703,28.87179946899414
0.9741866588592529,-184.6457977294922,28.877647399902344
1.1340490579605103,-184.09274291992188,28.88419532775879
1.2855550050735474,-183.5662384033203,28.886241912841797
1.435149073600769,-183.03741455078125,28.88638687133789
1.5871225595474243,-182.50201416015625,28.886669158935547
1.731493353843689,-181.99237060546875,28.88727569580078
1.8733296394348145,-181.47598266601562,28.887666702270508
2.0116629600524902,-180.9622802734375,28.88772964477539
2.1494016647338867,-180.4574737548828,28.88770294189453
2.2881877422332764,-179.9414825439453,28.88796043395996
2.472898006439209,-179.18434143066406,28.888816833496094
2.577221632003784,-178.68182373046875,28.888498306274414
2.6713011264801025,-178.17230224609375,28.886629104614258
2.7634437084198,-177.67054748535156,28.884965896606445
2.897536277770996,-176.98190307617188,28.886085510253906
3.045647144317627,-176.23040771484375,28.888385772705078
3.180314064025879,-175.53375244140625,28.8895263671875
3.3198459148406982,-174.80528259277344,28.89021110534668
3.443073272705078,-174.1303253173828,28.890705108642578
3.5577683448791504,-173.43104553222656,28.890796661376953
3.673654317855835,-172.74774169921875,28.89126968383789
3.784135580062866,-172.0521697998047,28.891191482543945
3.885024070739746,-171.40524291992188,28.8905029296875
3.995525360107422,-170.71145629882812,28.889698028564453
4.0972442626953125,-170.0711669921875,28.88918685913086
4.198999404907227,-169.3943634033203,28.889041900634766
4.286622524261475,-168.7672119140625,28.890026092529297
4.3838911056518555,-168.10610961914062,28.891334533691406
4.470261573791504,-167.50570678710938,28.892480850219727
4.549113750457764,-166.85690307617188,28.893434524536133
4.614044189453125,-166.2497100830078,28.894065856933594
4.686786651611328,-165.61529541015625,28.89419937133789
4.747848033905029,-165.02020263671875,28.893436431884766
4.814718246459961,-164.38455200195312,28.893047332763672
4.871487617492676,-163.80535888671875,28.893192291259766
4.921701908111572,-163.17108154296875,28.892793655395508
4.969845771789551,-162.60546875,28.891643524169922
5.014641761779785,-161.99359130859375,28.889989852905273
5.046924591064453,-161.4199981689453,28.888032913208008
5.088338851928711,-160.7978515625,28.885910034179688
5.124351501464844,-160.24607849121094,28.88422393798828
5.159611701965332,-159.66372680664062,28.88363265991211
5.194546222686768,-159.1033935546875,28.883548736572266
5.232485294342041,-158.4980010986328,28.882083892822266
5.2679877281188965,-157.93653869628906,28.879684448242188
5.304479598999023,-157.356689453125,28.877490997314453
5.337440490722656,-156.82876586914062,28.876327514648438
5.372345924377441,-156.26756286621094,28.87572479248047
5.405820846557617,-155.7327880859375,28.87457275390625
5.441072463989258,-155.1776123046875,28.872434616088867
5.473859786987305,-154.6613311767578,28.869609832763672
5.508999347686768,-154.09996032714844,28.865924835205078
5.541341781616211,-153.58290100097656,28.86261749267578
5.5746541023254395,-153.05393981933594,28.859281539916992
5.606832027435303,-152.5499725341797,28.856300354003906
5.641982078552246,-152.00755310058594,28.853946685791016
5.694655895233154,-151.33941650390625,28.853153228759766
5.763795375823975,-150.6728057861328,28.851146697998047
5.8259382247924805,-150.0015869140625,28.847976684570312
5.896213054656982,-149.37322998046875,28.845151901245117
5.966312408447266,-148.73707580566406,28.846508026123047
6.035055637359619,-148.0927276611328,28.849018096923828
6.101418972015381,-147.48362731933594,28.850004196166992
6.170585632324219,-146.85256958007812,28.84346580505371
6.231215476989746,-146.29473876953125,28.838598251342773
6.297433853149414,-145.68463134765625,28.854251861572266
6.351711750030518,-145.14578247070312,28.859397888183594
6.392143726348877,-144.56959533691406,28.86144256591797
6.413023948669434,-144.03939819335938,28.862897872924805
6.435178756713867,-143.46463012695312,28.865211486816406
6.4482421875,-142.93353271484375,28.86852264404297
6.435741901397705,-142.38612365722656,28.872943878173828
6.393904209136963,-141.86557006835938,28.87755012512207
6.32112455368042,-141.36972045898438,28.88163948059082
6.1764726638793945,-140.76417541503906,28.884553909301758
5.997145652770996,-140.2646484375,28.886369705200195
5.737384796142578,-139.76132202148438,28.885881423950195
5.42412805557251,-139.30430603027344,28.874958038330078
5.054347991943359,-138.83651733398438,28.869853973388672
4.6385111808776855,-138.37808227539062,28.87786293029785
4.237688064575195,-137.9769744873047,28.877798080444336
3.8121497631073,-137.62066650390625,28.877147674560547
3.4018590450286865,-137.3282928466797,28.871444702148438
2.974623680114746,-137.03878784179688,28.86827278137207
2.55045485496521,-136.75994873046875,28.866661071777344
2.128147602081299,-136.48306274414062,28.865447998046875
1.609352469444275,-136.1650390625,28.86399269104004
1.0691168308258057,-135.87672424316406,28.862218856811523
0.5643006563186646,-135.65823364257812,28.860551834106445
0.08600712567567825,-135.51039123535156,28.859180450439453
-0.4494759738445282,-135.4173583984375,28.85371971130371
-1.0090991258621216,-135.3890380859375,28.84154510498047
-1.5302371978759766,-135.4006805419922,28.840227127075195
-2.0661377906799316,-135.47122192382812,28.84070587158203
-2.572309970855713,-135.60928344726562,28.832090377807617
-3.089970111846924,-135.82005310058594,28.8253116607666
-3.591897487640381,-136.09030151367188,28.82085609436035
-4.029961109161377,-136.38876342773438,28.823671340942383
-4.442951679229736,-136.7525634765625,28.818981170654297
-4.783709526062012,-137.123046875,28.818450927734375
-5.102556228637695,-137.5363006591797,28.797130584716797
-5.404328346252441,-137.99447631835938,28.81893539428711
-5.654632091522217,-138.48301696777344,28.819679260253906
-5.840214252471924,-138.9993133544922,28.81339454650879
-5.9836835861206055,-139.48980712890625,28.813156127929688
-6.083940029144287,-139.99496459960938,28.8126277923584
-6.145666122436523,-140.52772521972656,28.812055587768555
-6.174069404602051,-141.11587524414062,28.79379653930664
-6.180777549743652,-141.72402954101562,28.80913734436035
-6.186519622802734,-142.29957580566406,28.793779373168945
-6.194328308105469,-142.8455352783203,28.803768157958984
-6.1992902755737305,-143.38441467285156,28.80322265625
-6.197382926940918,-143.9302978515625,28.799327850341797
-6.187560081481934,-144.4313507080078,28.79608154296875
-6.1812052726745605,-144.95950317382812,28.792531967163086
-6.1667375564575195,-145.57533264160156,28.788124084472656
-6.151919841766357,-146.10032653808594,28.785058975219727
-6.123350620269775,-146.63189697265625,28.781551361083984
-6.085735321044922,-147.25852966308594,28.777244567871094
-6.045358180999756,-147.89633178710938,28.763782501220703
-6.00829553604126,-148.5248565673828,28.767316818237305
-5.972268581390381,-149.11048889160156,28.76462173461914
-5.939633369445801,-149.6317138671875,28.751949310302734
-5.907084941864014,-150.15638732910156,28.75933837890625
-5.875181674957275,-150.67845153808594,28.763870239257812
-5.841814041137695,-151.264404296875,28.763530731201172
-5.818314552307129,-151.78765869140625,28.762840270996094
-5.793166160583496,-152.3076629638672,28.762454986572266
-5.769455432891846,-152.8275604248047,28.761756896972656
-5.751766204833984,-153.34133911132812,28.761371612548828
-5.733426094055176,-153.84429931640625,28.761783599853516
-5.722116470336914,-154.3457489013672,28.762914657592773
-5.710671424865723,-154.99021911621094,28.765220642089844
-5.697504997253418,-155.64651489257812,28.767452239990234
-5.697187423706055,-156.28697204589844,28.76805305480957
-5.700030326843262,-156.9156494140625,28.769115447998047
-5.718710422515869,-157.55148315429688,28.770423889160156
-5.737472057342529,-158.17007446289062,28.772356033325195
-5.7696733474731445,-158.829833984375,28.768924713134766
-5.794677257537842,-159.3867645263672,28.760387420654297
-5.818849563598633,-159.94578552246094,28.76986312866211
-5.844143390655518,-160.49790954589844,28.773101806640625
-5.875589370727539,-161.02755737304688,28.77204704284668
-5.920307636260986,-161.5638427734375,28.7707576751709
-5.966782093048096,-162.09808349609375,28.769136428833008
-6.014376640319824,-162.6370849609375,28.766246795654297
-6.067351341247559,-163.19725036621094,28.753923416137695
-6.120634078979492,-163.79953002929688,28.74880027770996
-6.177108287811279,-164.42645263671875,28.756103515625
-6.2384819984436035,-165.04144287109375,28.756242752075195
-6.31604528427124,-165.65892028808594,28.753877639770508
-6.396478176116943,-166.250732421875,28.753942489624023
-6.4730424880981445,-166.86386108398438,28.750009536743164
-6.558603763580322,-167.55276489257812,28.737552642822266
-6.626583099365234,-168.09361267089844,28.736835479736328
-6.695339202880859,-168.63888549804688,28.747465133666992
-6.792745590209961,-169.39852905273438,28.758214950561523
-6.899285316467285,-170.1575469970703,28.759944915771484
-7.0088934898376465,-170.91326904296875,28.759288787841797
-7.119999885559082,-171.67697143554688,28.758522033691406
-7.19815731048584,-172.1736297607422,28.758026123046875
-7.314464092254639,-172.8959503173828,28.757375717163086
-7.440913677215576,-173.62744140625,28.757184982299805
-7.5877532958984375,-174.34405517578125,28.756336212158203
-7.7008256912231445,-174.852783203125,28.75518798828125
-7.849844455718994,-175.51522827148438,28.75358772277832
-8.008485794067383,-176.20376586914062,28.751869201660156
-8.160106658935547,-176.87660217285156,28.75049591064453
-8.313346862792969,-177.55047607421875,28.749601364135742
-8.471529006958008,-178.20034790039062,28.749189376831055
-8.66146469116211,-178.89627075195312,28.748382568359375
-8.807168006896973,-179.39425659179688,28.748363494873047
-9.008841514587402,-180.0366973876953,28.74797821044922
-9.217620849609375,-180.69384765625,28.747394561767578
-9.442404747009277,-181.4139862060547,28.737585067749023
-9.663135528564453,-182.12098693847656,28.737972259521484
-9.883464813232422,-182.8223876953125,28.74106788635254
-10.116037368774414,-183.56202697753906,28.740793228149414
-10.347265243530273,-184.29611206054688,28.746973037719727
-10.583477973937988,-185.02484130859375,28.750694274902344
-10.814249038696289,-185.7156982421875,28.75331687927246
-11.0450439453125,-186.4128875732422,28.75528907775879
-11.265824317932129,-187.07040405273438,28.756664276123047
-11.508264541625977,-187.7848358154297,28.758134841918945
-11.747955322265625,-188.45875549316406,28.758785247802734
-11.992149353027344,-189.13037109375,28.759912490844727
-12.241966247558594,-189.7921600341797,28.762224197387695
-12.49263858795166,-190.44754028320312,28.764814376831055
-12.75047492980957,-191.11880493164062,28.767290115356445
-13.005021095275879,-191.76760864257812,28.76947784423828
-13.250807762145996,-192.38534545898438,28.771562576293945
-13.50604248046875,-193.01148986816406,28.773710250854492
-13.767789840698242,-193.6269989013672,28.77589988708496
-14.035412788391113,-194.22247314453125,28.77835464477539
-14.328143119812012,-194.82652282714844,28.781164169311523
-14.625347137451172,-195.3899688720703,28.782989501953125
-14.931915283203125,-195.9449462890625,28.784767150878906
-15.242040634155273,-196.49588012695312,28.786134719848633
-15.539839744567871,-197.03533935546875,28.787471771240234
-15.819923400878906,-197.5608367919922,28.787891387939453
-16.109214782714844,-198.1019744873047,28.787307739257812
-16.426284790039062,-198.68655395507812,28.774478912353516
-16.670642852783203,-199.13693237304688,28.775131225585938
-17.015993118286133,-199.7748260498047,28.78687858581543
-17.350202560424805,-200.3936767578125,28.785438537597656
-17.722244262695312,-201.08270263671875,28.776527404785156
-18.111181259155273,-201.80172729492188,28.785797119140625
-18.386564254760742,-202.31105041503906,28.786361694335938
-18.678646087646484,-202.85134887695312,28.78091049194336
-18.947284698486328,-203.34793090820312,28.78124237060547
-19.25043487548828,-203.90805053710938,28.7877140045166
-19.555492401123047,-204.4718780517578,28.78575897216797
-19.8747501373291,-205.06155395507812,28.78431510925293
-20.147743225097656,-205.5655059814453,28.788362503051758
-20.461318969726562,-206.14434814453125,28.792179107666016
-20.782331466674805,-206.7375946044922,28.793546676635742
-21.115211486816406,-207.36233520507812,28.79383087158203
-21.415306091308594,-207.9373016357422,28.794416427612305
-21.68379020690918,-208.45428466796875,28.79550552368164
-21.981464385986328,-209.0389404296875,28.797115325927734
-22.257692337036133,-209.6085968017578,28.79897689819336
-22.5443172454834,-210.24600219726562,28.800098419189453
-22.7642765045166,-210.7685546875,28.8007755279541
-22.994272232055664,-211.34927368164062,28.801616668701172
-23.218685150146484,-211.96041870117188,28.801530838012695
-23.43924903869629,-212.58653259277344,28.80109977722168
-23.662681579589844,-213.21768188476562,28.79819107055664
-23.855690002441406,-213.75624084472656,28.795536041259766
-24.07284927368164,-214.36141967773438,28.79993438720703
-24.293689727783203,-214.9739990234375,28.804256439208984
-24.497543334960938,-215.52737426757812,28.80550765991211
-24.71971893310547,-216.11412048339844,28.805099487304688
-24.948707580566406,-216.71775817871094,28.804792404174805
-25.154762268066406,-217.26226806640625,28.805044174194336
-25.3692626953125,-217.82162475585938,28.805631637573242
-25.59729766845703,-218.4091796875,28.8062744140625
-25.81045150756836,-218.9542694091797,28.806987762451172
-26.042543411254883,-219.5293731689453,28.80769157409668
-26.288249969482422,-220.11288452148438,28.80820083618164
-26.49713706970215,-220.60247802734375,28.80877685546875
-26.741994857788086,-221.16799926757812,28.809663772583008
-26.9921817779541,-221.7243194580078,28.810016632080078
-27.22085952758789,-222.2218017578125,28.810068130493164
-27.477142333984375,-222.78160095214844,28.809852600097656
-27.72414207458496,-223.3256378173828,28.80971336364746
-27.945140838623047,-223.8144073486328,28.80963897705078
-28.189619064331055,-224.3606719970703,28.80984115600586
-28.41699981689453,-224.8813018798828,28.810218811035156
-28.631664276123047,-225.37484741210938,28.81108856201172
-28.864809036254883,-225.90682983398438,28.80904197692871
-29.110578536987305,-226.466064453125,28.805978775024414
-29.333438873291016,-226.97283935546875,28.809520721435547
-29.576011657714844,-227.5242462158203,28.81353187561035
-29.820499420166016,-228.0772705078125,28.815303802490234
-30.03171730041504,-228.54986572265625,28.8154296875
-30.276609420776367,-229.0989227294922,28.809797286987305
-30.54970359802246,-229.71157836914062,28.808147430419922
-30.829540252685547,-230.33917236328125,28.81298828125
-31.095226287841797,-230.93515014648438,28.810270309448242
-31.385108947753906,-231.58502197265625,28.809545516967773
-31.638507843017578,-232.1527862548828,28.812955856323242
-31.919315338134766,-232.7822265625,28.811826705932617
-32.216060638427734,-233.44679260253906,28.816864013671875
-32.53936004638672,-234.17095947265625,28.819686889648438
-32.80351257324219,-234.76263427734375,28.81890106201172
-33.10622787475586,-235.44015502929688,28.823116302490234
-33.430763244628906,-236.16676330566406,28.821975708007812
-33.69865417480469,-236.76632690429688,28.8238468170166
-34.00886917114258,-237.46051025390625,28.820907592773438
-34.34996795654297,-238.22344970703125,28.819808959960938
-34.63063049316406,-238.85113525390625,28.824359893798828
-34.95712661743164,-239.5816650390625,28.828651428222656
-35.30363464355469,-240.35629272460938,28.83047103881836
-35.599002838134766,-241.0086669921875,28.830551147460938
-35.936439514160156,-241.72654724121094,28.830047607421875
-36.324459075927734,-242.49697875976562,28.830286026000977
-36.636173248291016,-243.07553100585938,28.83097267150879
-37.01306915283203,-243.75274658203125,28.83151626586914
-37.38546371459961,-244.4207763671875,28.831741333007812
-37.724884033203125,-245.03504943847656,28.83119773864746
-38.10360336303711,-245.72882080078125,28.8302001953125
-38.47482681274414,-246.42225646972656,28.8292236328125
-38.7910041809082,-247.01502990722656,28.828548431396484
-39.14638900756836,-247.67916870117188,28.827892303466797
-39.50645446777344,-248.34942626953125,28.827409744262695
-39.80539321899414,-248.89947509765625,28.827348709106445
-40.15978240966797,-249.5352783203125,28.82721710205078
-40.53801727294922,-250.20257568359375,28.827102661132812
-40.864990234375,-250.77996826171875,28.827682495117188
-41.22258758544922,-251.40704345703125,28.829185485839844
-41.60142517089844,-252.06246948242188,28.83121109008789
-41.94097137451172,-252.6493377685547,28.833608627319336
-42.338226318359375,-253.3369903564453,28.83637237548828
-42.774173736572266,-254.0923614501953,28.839611053466797
-43.14310073852539,-254.73155212402344,28.842002868652344
-43.48939514160156,-255.33132934570312,28.843589782714844
-43.82621383666992,-255.91448974609375,28.845279693603516
-44.17919921875,-256.5254821777344,28.84711456298828
-44.51478958129883,-257.1063537597656,28.8489933013916
-44.82786560058594,-257.6483459472656,28.85117530822754
-45.16214370727539,-258.22705078125,28.852996826171875
-45.51838684082031,-258.8440246582031,28.85354232788086
-45.836421966552734,-259.40142822265625,28.853544235229492
-46.164695739746094,-259.9969482421875,28.853900909423828
-46.476715087890625,-260.5981750488281,28.854568481445312
-46.754425048828125,-261.1798095703125,28.85464859008789
-47.02123260498047,-261.7913513183594,28.853662490844727
-47.263397216796875,-262.3825378417969,28.852441787719727
-47.47649383544922,-262.91314697265625,28.85130500793457
-47.72904968261719,-263.5357971191406,28.84958267211914
-47.9716682434082,-264.12591552734375,28.84757423400879
-48.194210052490234,-264.664794921875,28.845672607421875
-48.43914794921875,-265.25836181640625,28.843608856201172
-48.677734375,-265.8382873535156,28.84166717529297
-48.89803695678711,-266.3748474121094,28.839933395385742
-49.13737487792969,-266.9583740234375,28.83868408203125
-49.376319885253906,-267.541259765625,28.838085174560547
-49.590370178222656,-268.063232421875,28.837718963623047
-49.8310661315918,-268.6497802734375,28.83710289001465
-50.06724548339844,-269.2253112792969,28.83698272705078
-50.286163330078125,-269.759521484375,28.837888717651367
-50.52549362182617,-270.34381103515625,28.83917236328125
-50.768272399902344,-270.93597412109375,28.840219497680664
-50.978275299072266,-271.447998046875,28.84100341796875
-51.21244812011719,-272.02008056640625,28.841690063476562
-51.44566345214844,-272.5904846191406,28.84227752685547
-51.673927307128906,-273.1484375,28.841663360595703
-51.91288757324219,-273.73187255859375,28.834890365600586
-52.159061431884766,-274.33282470703125,28.83157730102539
-52.37764358520508,-274.8666076660156,28.83492660522461
-52.616214752197266,-275.44915771484375,28.83816909790039
-52.87339782714844,-276.0769958496094,28.838863372802734
-53.09780502319336,-276.62432861328125,28.838441848754883
-53.35049819946289,-277.23193359375,28.838504791259766
-53.621421813964844,-277.85675048828125,28.83858871459961
-53.85756301879883,-278.3772277832031,28.83832359313965
-54.12337875366211,-278.95318603515625,28.83795166015625
-54.3884391784668,-279.51739501953125,28.83697509765625
-54.632991790771484,-280.024169921875,28.835609436035156
-54.906044006347656,-280.5858154296875,28.834535598754883
-55.171390533447266,-281.1348876953125,28.83407211303711
-55.406917572021484,-281.6239013671875,28.834205627441406
-55.671112060546875,-282.16900634765625,28.83480453491211
-55.95391845703125,-282.7397155761719,28.835742950439453
-56.19164276123047,-283.2142028808594,28.836750030517578
-56.470584869384766,-283.76763916015625,28.838111877441406
-56.74369430541992,-284.2950134277344,28.839189529418945
-56.99679183959961,-284.76898193359375,28.839927673339844
-57.26869201660156,-285.273681640625,28.840585708618164
-57.546260833740234,-285.788818359375,28.841182708740234
-57.80031967163086,-286.2525939941406,28.841468811035156
-58.095428466796875,-286.7826843261719,28.841625213623047
-58.371463775634766,-287.27923583984375,28.84177017211914
-58.64812469482422,-287.77838134765625,28.841976165771484
-58.95365905761719,-288.32586669921875,28.841970443725586
-59.24866485595703,-288.8460998535156,28.841751098632812
-59.5125732421875,-289.3111267089844,28.841632843017578
-59.80308532714844,-289.8242492675781,28.841655731201172
-60.08226776123047,-290.31805419921875,28.841522216796875
-60.34112548828125,-290.7760925292969,28.841527938842773
-60.61717224121094,-291.26446533203125,28.841550827026367
-60.887428283691406,-291.74237060546875,28.841703414916992
-61.14208984375,-292.1927490234375,28.84244155883789
-61.41847229003906,-292.681884765625,28.843624114990234
-61.702003479003906,-293.18365478515625,28.844791412353516
-61.964813232421875,-293.648681640625,28.84576416015625
-62.23795700073242,-294.1318054199219,28.843318939208984
-62.533660888671875,-294.6549377441406,28.8364315032959
-62.823204040527344,-295.1670227050781,28.83608627319336
-63.12677764892578,-295.7037658691406,28.842578887939453
-63.43907165527344,-296.25579833984375,28.84783172607422
-63.70208740234375,-296.72064208984375,28.8499813079834
-64.00460815429688,-297.255126953125,28.85129737854004
-64.31702423095703,-297.8065185546875,28.852542877197266
-64.65850830078125,-298.4089660644531,28.85403823852539
-64.97465515136719,-298.9670104980469,28.85527992248535
-65.29764556884766,-299.5372314453125,28.856552124023438
-65.62355041503906,-300.1121826171875,28.857378005981445
-65.93657684326172,-300.6641540527344,28.858083724975586
-66.25730895996094,-301.2303161621094,28.85402488708496
-66.61100769042969,-301.8545227050781,28.847429275512695
-66.95062255859375,-302.45343017578125,28.844985961914062
-67.3176040649414,-303.10028076171875,28.8503360748291
-67.68619537353516,-303.74981689453125,28.86012077331543
-68.03598022460938,-304.3662414550781,28.862276077270508
-68.39403533935547,-304.9974060058594,28.857666015625
-68.75790405273438,-305.6388854980469,28.855798721313477
-69.13396453857422,-306.30126953125,28.864269256591797
-69.4950180053711,-306.93658447265625,28.873844146728516
-69.83454132080078,-307.52886962890625,28.87933349609375
-70.1988296508789,-308.1495361328125,28.88103675842285
-70.57575988769531,-308.78045654296875,28.88022804260254
-70.91996765136719,-309.35650634765625,28.878952026367188
-71.28788757324219,-309.974365234375,28.878143310546875
-71.66455078125,-310.6083679199219,28.875244140625
-72.01258850097656,-311.1944580078125,28.86888313293457
-72.39688873291016,-311.8407897949219,28.869754791259766
-72.79293823242188,-312.5063781738281,28.873977661132812
-73.14541625976562,-313.0988464355469,28.870622634887695
-73.5331039428711,-313.75042724609375,28.867876052856445
-73.91085815429688,-314.3852844238281,28.870275497436523
-74.25970458984375,-314.972412109375,28.872398376464844
-74.63642883300781,-315.6140441894531,28.87306022644043
-75.0107192993164,-316.26275634765625,28.872129440307617
-75.36189270019531,-316.8734130859375,28.87087631225586
-75.72509002685547,-317.5039367675781,28.869976043701172
-76.10274505615234,-318.157958984375,28.86958885192871
-76.45203399658203,-318.7622985839844,28.86891746520996
-76.82597351074219,-319.4091796875,28.868127822875977
-77.20989990234375,-320.077392578125,28.86723518371582
-77.5572738647461,-320.6923828125,28.8660945892334
-77.91497802734375,-321.32958984375,28.864648818969727
-78.27945709228516,-321.97821044921875,28.862834930419922
-78.59400939941406,-322.5369873046875,28.861482620239258
-78.95846557617188,-323.18353271484375,28.855382919311523
-79.32676696777344,-323.8367919921875,28.84993553161621
-79.68132781982422,-324.46600341796875,28.847782135009766
-80.08294677734375,-325.1790771484375,28.84726333618164
-80.50083923339844,-325.92108154296875,28.851150512695312
-80.86753845214844,-326.5721435546875,28.85746192932129
-81.25413513183594,-327.258544921875,28.858776092529297
-81.69692993164062,-328.0447692871094,28.852962493896484
-82.07308959960938,-328.71258544921875,28.850685119628906
-82.54501342773438,-329.5502624511719,28.855634689331055
-82.80337524414062,-330.0087585449219,28.857900619506836
-83.05072021484375,-330.44775390625,28.856306076049805
-83.4320068359375,-331.1243591308594,28.853139877319336
-83.88021850585938,-331.9195861816406,28.854427337646484
-84.3424072265625,-332.7388916015625,28.851505279541016
-84.77592468261719,-333.5071716308594,28.844524383544922
-85.04107666015625,-333.97723388671875,28.84358787536621
-85.33141326904297,-334.4918212890625,28.845239639282227
-85.5865249633789,-334.94384765625,28.84708023071289
-86.02745056152344,-335.72552490234375,28.845203399658203
-86.2857666015625,-336.1834716796875,28.845455169677734
-86.73281860351562,-336.97601318359375,28.84768295288086
-87.00030517578125,-337.4504699707031,28.848745346069336
-87.41778564453125,-338.1910705566406,28.848331451416016
-87.6754150390625,-338.64801025390625,28.845481872558594
-88.1407241821289,-339.4730224609375,28.8411808013916
-88.41127014160156,-339.9526062011719,28.842849731445312
-88.86735534667969,-340.760986328125,28.849544525146484
-89.1409912109375,-341.24591064453125,28.853498458862305
-89.59811401367188,-342.055419921875,28.858041763305664
-89.8614501953125,-342.52166748046875,28.859710693359375
-90.29251098632812,-343.2847900390625,28.86172866821289
-90.5537338256836,-343.747314453125,28.862924575805664
-90.98639678955078,-344.5133972167969,28.865646362304688
-91.2398681640625,-344.96221923828125,28.867786407470703
-91.67715454101562,-345.7366943359375,28.87204360961914
-91.92802429199219,-346.18206787109375,28.8746337890625
-92.36922454833984,-346.9771728515625,28.879308700561523
-92.79474639892578,-347.76947021484375,28.883607864379883
-93.24424743652344,-348.6239929199219,28.887975692749023
-93.6454849243164,-349.3885498046875,28.89189910888672
-93.87873077392578,-349.8332214355469,28.894275665283203
-94.28419494628906,-350.6108703613281,28.898242950439453
-94.5262222290039,-351.07659912109375,28.90022087097168
-94.90485382080078,-351.80499267578125,28.90228271484375
-95.14216613769531,-352.26129150390625,28.902368545532227
-95.53189849853516,-353.0098571777344,28.900564193725586
-95.78355407714844,-353.49285888671875,28.898588180541992
-96.1927719116211,-354.2755126953125,28.89461898803711
-96.43699645996094,-354.73779296875,28.891775131225586
-96.83824157714844,-355.4927978515625,28.887422561645508
-97.27145385742188,-356.3066711425781,28.883949279785156
-97.72563934326172,-357.16119384765625,28.881771087646484
-98.12086486816406,-357.9059143066406,28.881349563598633
-98.55130004882812,-358.7175598144531,28.88144874572754
-98.97915649414062,-359.5209655761719,28.881732940673828
-99.37619018554688,-360.25018310546875,28.881744384765625
-99.62487030029297,-360.69586181640625,28.88128089904785
-100.0537109375,-361.453857421875,28.880046844482422
-100.31571197509766,-361.9149169921875,28.879119873046875
-100.72949981689453,-362.63739013671875,28.87731170654297
-101.16358947753906,-363.3779296875,28.875171661376953
-101.64366149902344,-364.18035888671875,28.872970581054688
-102.04853820800781,-364.85516357421875,28.871543884277344
-102.32670593261719,-365.319580078125,28.87078857421875
-102.75130462646484,-366.0296630859375,28.869644165039062
-103.04264068603516,-366.5174560546875,28.868816375732422
-103.46248626708984,-367.2207946777344,28.86762809753418
-103.9206314086914,-367.98822021484375,28.866018295288086
-104.37245178222656,-368.74444580078125,28.864633560180664
-104.79751586914062,-369.4555969238281,28.863788604736328
-105.24174499511719,-370.19873046875,28.86418914794922
-105.69295501708984,-370.9532470703125,28.86618995666504
-106.08624267578125,-371.6109619140625,28.868453979492188
-106.52569580078125,-372.3459167480469,28.870887756347656
-106.95590209960938,-373.06536865234375,28.87227439880371
-107.3477783203125,-373.72320556640625,28.872859954833984
-107.77938842773438,-374.46343994140625,28.873306274414062
-108.22819519042969,-375.2569580078125,28.873443603515625
-108.61492919921875,-375.947265625,28.87366485595703
-109.03534698486328,-376.6966857910156,28.874155044555664
-109.48005676269531,-377.4869689941406,28.874553680419922
-109.85104370117188,-378.14471435546875,28.874622344970703
-110.27333068847656,-378.892578125,28.87453269958496
-110.68018341064453,-379.61328125,28.87449836730957
-111.05008697509766,-380.2693786621094,28.87444305419922
-111.47602081298828,-381.0337219238281,28.874094009399414
-111.86911010742188,-381.7463684082031,28.873533248901367
-112.23943328857422,-382.418212890625,28.872976303100586
-112.62899780273438,-383.1241455078125,28.871753692626953
-113.00668334960938,-383.8072509765625,28.870235443115234
-113.34597778320312,-384.4205627441406,28.869068145751953
-113.73365020751953,-385.1214294433594,28.867969512939453
-114.14070129394531,-385.8573303222656,28.866321563720703
-114.50045776367188,-386.5077209472656,28.86474609375
-114.88774108886719,-387.2080993652344,28.863651275634766
-115.28378295898438,-387.92840576171875,28.863191604614258
-115.629638671875,-388.57159423828125,28.863534927368164
-116.00205993652344,-389.27484130859375,28.865140914916992
-116.37955474853516,-389.98846435546875,28.86720085144043
-116.7099838256836,-390.61163330078125,28.868770599365234
-117.10008239746094,-391.345703125,28.870681762695312
-117.48258209228516,-392.0653076171875,28.872682571411133
-117.81986999511719,-392.6997985839844,28.873971939086914
-118.19205474853516,-393.39971923828125,28.875064849853516
-118.55709075927734,-394.0860900878906,28.876379013061523
-118.98345947265625,-394.88800048828125,28.878555297851562
-119.35154724121094,-395.5802001953125,28.880287170410156
-119.69169616699219,-396.21966552734375,28.881141662597656
-120.01406860351562,-396.8255615234375,28.881492614746094
-120.38294982910156,-397.51910400390625,28.882102966308594
-120.72923278808594,-398.170166015625,28.8829288482666
-121.05845642089844,-398.7891845703125,28.884132385253906
-121.43115234375,-399.49017333984375,28.8861141204834
-121.79220581054688,-400.1693420410156,28.887840270996094
-122.0958023071289,-400.7402648925781,28.889034271240234
-122.45752716064453,-401.42034912109375,28.89007568359375
-122.81095886230469,-402.08489990234375,28.890640258789062
-123.11337280273438,-402.6520080566406,28.891067504882812
-123.47169494628906,-403.31463623046875,28.891544342041016
-123.81536865234375,-403.9432678222656,28.892070770263672
-124.13199615478516,-404.522216796875,28.892738342285156
-124.510009765625,-405.2144470214844,28.893648147583008
-124.8572006225586,-405.8511047363281,28.89445686340332
-125.17343139648438,-406.43133544921875,28.89509391784668
-125.52057647705078,-407.0683288574219,28.895496368408203
-125.85954284667969,-407.6883239746094,28.895776748657227
-126.17093658447266,-408.2488708496094,28.89580726623535
-126.53938293457031,-408.89990234375,28.895544052124023
-126.88616943359375,-409.51025390625,28.895837783813477
-127.19300079345703,-410.0513000488281,28.89656639099121
-127.55572509765625,-410.6926574707031,28.896873474121094
-127.89625549316406,-411.2955017089844,28.896638870239258
-128.1948699951172,-411.8240661621094,28.893991470336914
-128.55438232421875,-412.46014404296875,28.88579559326172
-128.90103149414062,-413.07330322265625,28.88519859313965
-129.2216339111328,-413.6402893066406,28.888545989990234
-129.57797241210938,-414.2702331542969,28.891469955444336
-129.92160034179688,-414.8775634765625,28.891231536865234
-130.2419891357422,-415.4441833496094,28.885547637939453
-130.6345977783203,-416.1383056640625,28.880598068237305
-130.99960327148438,-416.78314208984375,28.8825626373291
-131.32423400878906,-417.35650634765625,28.884613037109375
-131.7280731201172,-418.0699462890625,28.879749298095703
-132.13624572753906,-418.79083251953125,28.876075744628906
-132.4874267578125,-419.4107360839844,28.878393173217773
-132.8829345703125,-420.10888671875,28.880720138549805
-133.2864990234375,-420.82159423828125,28.875818252563477
-133.64683532714844,-421.4577331542969,28.872371673583984
-133.91116333007812,-421.9241027832031,28.873991012573242
-134.2665252685547,-422.5509033203125,28.87766456604004
-134.70199584960938,-423.3192138671875,28.880615234375
-135.11480712890625,-424.0478210449219,28.87969398498535
-135.4690399169922,-424.6727600097656,28.88108253479004
-135.9002685546875,-425.4337463378906,28.884265899658203
-136.30735778808594,-426.15289306640625,28.882963180541992
-136.67913818359375,-426.8096008300781,28.879579544067383
-137.1015167236328,-427.5550231933594,28.881885528564453
-137.51934814453125,-428.2926940917969,28.884611129760742
-137.88113403320312,-428.9315185546875,28.885780334472656
-138.3008575439453,-429.67236328125,28.88126564025879
-138.72003173828125,-430.412109375,28.880348205566406
-139.10406494140625,-431.0896911621094,28.88287925720215
-139.5364532470703,-431.8525695800781,28.884984970092773
-139.9655303955078,-432.609619140625,28.885047912597656
-140.3317108154297,-433.25567626953125,28.883670806884766
-140.74427795410156,-433.9836730957031,28.88090705871582
-141.17108154296875,-434.737060546875,28.877851486206055
-141.5387725830078,-435.38604736328125,28.875389099121094
-141.98489379882812,-436.1734313964844,28.873029708862305
-142.40634155273438,-436.9171142578125,28.871292114257812
-142.77529907226562,-437.5680847167969,28.869808197021484
-143.03060913085938,-438.0184326171875,28.868911743164062
-143.48272705078125,-438.8155822753906,28.867847442626953
-143.73561096191406,-439.2614440917969,28.867794036865234
-144.09393310546875,-439.8932189941406,28.86821174621582
-144.53598022460938,-440.6729736328125,28.86913299560547
-144.9400177001953,-441.3857727050781,28.870262145996094
-145.2902374267578,-442.00201416015625,28.871408462524414
-145.70779418945312,-442.723876953125,28.872631072998047
-146.14146423339844,-443.4526672363281,28.873125076293945
-146.50486755371094,-444.0559997558594,28.872955322265625
-146.94635009765625,-444.77655029296875,28.872455596923828
-147.37440490722656,-445.45068359375,28.871294021606445
-147.75946044921875,-446.0382995605469,28.869720458984375
-148.245849609375,-446.75299072265625,28.868423461914062
-148.69898986816406,-447.3804016113281,28.86744499206543
-149.13812255859375,-447.94873046875,28.86583709716797
-149.6717529296875,-448.59857177734375,28.86372947692871
-150.159912109375,-449.174072265625,28.862144470214844
-150.6008758544922,-449.6922607421875,28.86086654663086
-151.119140625,-450.3057861328125,28.85930633544922
-151.64382934570312,-450.930419921875,28.858129501342773
-152.08860778808594,-451.4610290527344,28.85902214050293
-152.59429931640625,-452.06243896484375,28.861265182495117
-153.10848999023438,-452.66314697265625,28.864078521728516
-153.55201721191406,-453.16278076171875,28.867046356201172
-154.12144470214844,-453.76873779296875,28.870901107788086
-154.6580810546875,-454.2983703613281,28.873756408691406
-155.27952575683594,-454.8638610839844,28.874969482421875
-155.8854522705078,-455.3827209472656,28.87476348876953
-156.4774627685547,-455.87481689453125,28.87395477294922
-157.02056884765625,-456.314453125,28.87274169921875
-157.6242218017578,-456.79290771484375,28.871253967285156
-158.17991638183594,-457.2318115234375,28.86936378479004
-158.72964477539062,-457.6675720214844,28.866939544677734
-159.3189239501953,-458.1354064941406,28.863821029663086
-159.86318969726562,-458.56451416015625,28.8609619140625
-160.41513061523438,-458.9888916015625,28.857894897460938
-161.01666259765625,-459.4298400878906,28.854042053222656
-161.64456176757812,-459.8586730957031,28.850120544433594
-162.2310791015625,-460.22515869140625,28.846450805664062
-162.87156677246094,-460.5858154296875,28.840421676635742
-163.54318237304688,-460.9251708984375,28.832012176513672
-164.13185119628906,-461.2013244628906,28.82436752319336
-164.793701171875,-461.5002136230469,28.816465377807617
-165.4513397216797,-461.79541015625,28.810474395751953
-166.0415496826172,-462.06329345703125,28.806472778320312
-166.78048706054688,-462.40069580078125,28.802722930908203
-167.46810913085938,-462.7121887207031,28.80154037475586
-168.09463500976562,-462.98699951171875,28.801767349243164
-168.78018188476562,-463.26922607421875,28.802242279052734
-169.364013671875,-463.4886169433594,28.802146911621094
-170.009033203125,-463.70513916015625,28.801006317138672
-170.70535278320312,-463.9132080078125,28.799297332763672
-171.2864227294922,-464.07574462890625,28.798152923583984
-171.93939208984375,-464.255859375,28.797115325927734
-172.61854553222656,-464.446533203125,28.7958927154541
-173.21234130859375,-464.615478515625,28.793947219848633
-173.8680419921875,-464.80230712890625,28.791269302368164
-174.5261993408203,-464.9893798828125,28.78843879699707
-175.11746215820312,-465.1568298339844,28.786224365234375
-175.7840576171875,-465.3420715332031,28.785398483276367
-176.43338012695312,-465.51226806640625,28.78719711303711
-177.063232421875,-465.6656494140625,28.790483474731445
-177.7177734375,-465.82098388671875,28.79460334777832
-178.38629150390625,-465.9819030761719,28.79871940612793
-178.99192810058594,-466.12933349609375,28.8028621673584
-179.63909912109375,-466.28741455078125,28.808269500732422
-180.28814697265625,-466.44586181640625,28.814626693725586
-180.8409423828125,-466.5806579589844,28.82033920288086
-181.49331665039062,-466.7394104003906,28.827266693115234
-182.11825561523438,-466.89166259765625,28.83391571044922
-182.71788024902344,-467.04144287109375,28.840343475341797
-183.25418090820312,-467.18414306640625,28.84642219543457
-183.8999481201172,-467.37255859375,28.85370445251465
-184.4950714111328,-467.5613098144531,28.861019134521484
-185.06529235839844,-467.75701904296875,28.86858367919922
-185.57708740234375,-467.95013427734375,28.875730514526367
-186.11383056640625,-468.1764831542969,28.883686065673828
-186.61692810058594,-468.4161376953125,28.891319274902344
-187.0796356201172,-468.66534423828125,28.89830780029297
-187.56594848632812,-468.96405029296875,28.905961990356445
-188.1453857421875,-469.3807678222656,28.913677215576172
-188.6653594970703,-469.82501220703125,28.916059494018555
-189.15390014648438,-470.31060791015625,28.916149139404297
-189.5845947265625,-470.787109375,28.916519165039062
-189.99636840820312,-471.27435302734375,28.91583824157715
-190.4021453857422,-471.7716979980469,28.914344787597656
-190.81845092773438,-472.3002014160156,28.912429809570312
-191.198486328125,-472.80853271484375,28.909883499145508
-191.58251953125,-473.3248596191406,28.899587631225586
-191.88681030273438,-473.7281494140625,28.890933990478516
-192.32571411132812,-474.3094787597656,28.891889572143555
-192.74928283691406,-474.884033203125,28.890209197998047
-193.13304138183594,-475.437255859375,28.884353637695312
-193.50057983398438,-476.01580810546875,28.877742767333984
-193.8306884765625,-476.5993957519531,28.870676040649414
-194.1246337890625,-477.19403076171875,28.860885620117188
-194.3702392578125,-477.74615478515625,28.852083206176758
-194.58941650390625,-478.2900085449219,28.84545135498047
-194.7666778564453,-478.80218505859375,28.840389251708984
-194.90936279296875,-479.3111572265625,28.835987091064453
-195.0200958251953,-479.8433532714844,28.83159637451172
-195.10305786132812,-480.5469970703125,28.82535743713379
-195.110595703125,-481.27679443359375,28.8107967376709
-195.06314086914062,-481.98040771484375,28.80498695373535
-194.97305297851562,-482.7126159667969,28.801382064819336
-194.86550903320312,-483.4033203125,28.796371459960938
-194.77847290039062,-483.92987060546875,28.78564453125
-194.66831970214844,-484.6093444824219,28.77182960510254
-194.58770751953125,-485.1134338378906,28.774415969848633
-194.50454711914062,-485.62939453125,28.77838134765625
-194.4019775390625,-486.2505798339844,28.77591323852539
-194.29168701171875,-486.8663330078125,28.769367218017578
-194.16368103027344,-487.4833984375,28.76337242126465
-194.01907348632812,-488.0760498046875,28.757164001464844
-193.8651123046875,-488.6530456542969,28.75063133239746
-193.71022033691406,-489.2374572753906,28.743419647216797
-193.5591583251953,-489.80987548828125,28.736616134643555
-193.38624572753906,-490.42071533203125,28.729887008666992
-193.20986938476562,-491.01910400390625,28.723918914794922
-193.0327606201172,-491.585693359375,28.718517303466797
-192.830078125,-492.16668701171875,28.712268829345703
-192.6196746826172,-492.6954040527344,28.706499099731445
-192.38575744628906,-493.2063293457031,28.701332092285156
-192.12123107910156,-493.7027282714844,28.69719123840332
-191.84226989746094,-494.1493835449219,28.694828033447266
-191.54434204101562,-494.5567321777344,28.69239044189453
-191.2058563232422,-494.95635986328125,28.688631057739258
-190.8226776123047,-495.3611755371094,28.685888290405273
-190.3764190673828,-495.7998962402344,28.684717178344727
-189.9261016845703,-496.2206115722656,28.686786651611328
-189.4435272216797,-496.63409423828125,28.691184997558594
-188.98556518554688,-496.9774169921875,28.695926666259766
-188.55113220214844,-497.2684326171875,28.686420440673828
-188.09222412109375,-497.5612487792969,28.686786651611328
-187.56600952148438,-497.8885803222656,28.70443344116211
-187.0831298828125,-498.18780517578125,28.714252471923828
-186.60455322265625,-498.4847412109375,28.719310760498047
-186.1494903564453,-498.7529296875,28.723957061767578
-185.6750030517578,-499.0100402832031,28.72981834411621
-185.17349243164062,-499.25811767578125,28.73489761352539
-184.70245361328125,-499.48077392578125,28.73873519897461
-184.24038696289062,-499.7015380859375,28.742441177368164
-183.78579711914062,-499.91583251953125,28.746479034423828
-183.3185272216797,-500.11871337890625,28.75161361694336
-182.82473754882812,-500.3085021972656,28.757797241210938
-182.25979614257812,-500.49310302734375,28.76505470275879
-181.63034057617188,-500.65875244140625,28.769962310791016
-181.03118896484375,-500.798828125,28.77521514892578
-180.4620819091797,-500.92193603515625,28.782424926757812
-179.88584899902344,-501.0150146484375,28.79034423828125
-179.29942321777344,-501.0720520019531,28.796215057373047
-178.73313903808594,-501.11224365234375,28.798358917236328
-178.04165649414062,-501.162353515625,28.79843521118164
-177.5309295654297,-501.1998596191406,28.814027786254883
-177.02305603027344,-501.2308654785156,28.823760986328125
-176.3896484375,-501.2452087402344,28.832015991210938
-175.77667236328125,-501.2271728515625,28.840927124023438
-175.1346893310547,-501.1696472167969,28.847999572753906
-174.54324340820312,-501.09332275390625,28.853675842285156
-173.94107055664062,-501.0093994140625,28.861249923706055
-173.326416015625,-500.9034423828125,28.86681365966797
-172.72132873535156,-500.7882080078125,28.870906829833984
-172.13438415527344,-500.68109130859375,28.874736785888672
-171.53839111328125,-500.55438232421875,28.879638671875
-170.97369384765625,-500.4039306640625,28.88357162475586
-170.44293212890625,-500.2265319824219,28.886051177978516
-169.8478546142578,-499.98162841796875,28.873554229736328
-169.35336303710938,-499.7607116699219,28.876026153564453
-168.89329528808594,-499.5420837402344,28.887680053710938
-168.4476776123047,-499.307373046875,28.891704559326172
-168.01759338378906,-499.0450134277344,28.892860412597656
-167.60903930664062,-498.75634765625,28.89230728149414
-167.2130126953125,-498.43988037109375,28.88811492919922
-166.7982940673828,-498.08953857421875,28.874483108520508
-166.3471221923828,-497.6956481933594,28.87887954711914
-165.92555236816406,-497.3223571777344,28.881195068359375
-165.4204864501953,-496.87982177734375,28.868179321289062
-164.9517364501953,-496.46533203125,28.87179183959961
-164.44976806640625,-495.9979248046875,28.87000274658203
-164.01931762695312,-495.560791015625,28.86573600769043
-163.5778045654297,-495.0711669921875,28.859813690185547
-163.15956115722656,-494.5932922363281,28.853843688964844
-162.75039672851562,-494.1106262207031,28.848264694213867
-162.4041748046875,-493.65966796875,28.843826293945312
-162.0640411376953,-493.1587829589844,28.839506149291992
-161.76739501953125,-492.6629943847656,28.83270835876465
-161.4741973876953,-492.14068603515625,28.825735092163086
-161.2097625732422,-491.64959716796875,28.821046829223633
-160.9533233642578,-491.1121826171875,28.814800262451172
-160.72596740722656,-490.59716796875,28.809429168701172
-160.50357055664062,-490.0677795410156,28.804927825927734
-160.31936645507812,-489.57623291015625,28.800092697143555
-160.123046875,-489.0358581542969,28.795747756958008
-159.94216918945312,-488.52313232421875,28.791900634765625
-159.76158142089844,-487.9813537597656,28.781265258789062
-159.5507354736328,-487.3664245605469,28.76957130432129
-159.32281494140625,-486.70452880859375,28.77916717529297
-159.1156463623047,-486.0975646972656,28.778831481933594
-158.9016571044922,-485.4366149902344,28.774885177612305
-158.7067108154297,-484.808349609375,28.772113800048828
-158.50787353515625,-484.15447998046875,28.770349502563477
-158.3353271484375,-483.5656433105469,28.768714904785156
-158.14617919921875,-482.91796875,28.767139434814453
-157.9871063232422,-482.3145751953125,28.76529312133789
-157.82296752929688,-481.688720703125,28.764455795288086
-157.67205810546875,-481.1114501953125,28.76462173461914
-157.51348876953125,-480.49957275390625,28.763486862182617
-157.341796875,-479.83941650390625,28.75521469116211
-157.16043090820312,-479.1405029296875,28.7653865814209
-156.99349975585938,-478.5157165527344,28.769182205200195
-156.8065948486328,-477.855712890625,28.771080017089844
-156.6413116455078,-477.2561950683594,28.774351119995117
-156.45269775390625,-476.5977783203125,28.778141021728516
-156.27139282226562,-475.992919921875,28.781051635742188
-156.0706329345703,-475.333984375,28.784080505371094
-155.8894500732422,-474.75604248046875,28.7868595123291
-155.7032470703125,-474.1579895019531,28.789905548095703
-155.51712036132812,-473.58648681640625,28.79236602783203
-155.32376098632812,-472.99359130859375,28.79503059387207
-155.12852478027344,-472.437255859375,28.797080993652344
-154.92506408691406,-471.8719482421875,28.799741744995117
-154.72805786132812,-471.3367004394531,28.802379608154297
-154.51988220214844,-470.77783203125,28.805173873901367
-154.32687377929688,-470.26702880859375,28.808006286621094
-154.10238647460938,-469.7132873535156,28.810455322265625
-153.90673828125,-469.2257080078125,28.81255340576172
-153.693359375,-468.70648193359375,28.813928604125977
-153.48898315429688,-468.214111328125,28.81555938720703
-153.27761840820312,-467.71484375,28.817853927612305
-153.06521606445312,-467.24176025390625,28.81977653503418
-152.8411407470703,-466.74200439453125,28.82259750366211
-152.5514373779297,-466.13232421875,28.826114654541016
-152.2550506591797,-465.53839111328125,28.828033447265625
-151.95352172851562,-464.962646484375,28.830297470092773
-151.65159606933594,-464.38519287109375,28.833404541015625
-151.3422393798828,-463.8027038574219,28.83395767211914
-151.0718994140625,-463.28961181640625,28.820236206054688
-150.7333526611328,-462.6491394042969,28.82454490661621
-150.41819763183594,-462.05352783203125,28.840007781982422
-150.06637573242188,-461.3878173828125,28.836204528808594
-149.81381225585938,-460.91058349609375,28.827613830566406
-149.54312133789062,-460.39874267578125,28.82592010498047
-149.22958374023438,-459.8062744140625,28.827735900878906
-148.9114990234375,-459.2053527832031,28.829153060913086
-148.56979370117188,-458.55963134765625,28.830963134765625
-148.21316528320312,-457.8858642578125,28.8399600982666
-147.8699188232422,-457.2406005859375,28.845672607421875
-147.52005004882812,-456.5977478027344,28.84684181213379
-147.17611694335938,-455.9718017578125,28.8463077545166
-146.82131958007812,-455.3233337402344,28.846221923828125
-146.47193908691406,-454.6824035644531,28.84699821472168
-146.13430786132812,-454.0628356933594,28.847978591918945
-145.79788208007812,-453.4460754394531,28.848934173583984
-145.4546356201172,-452.8179931640625,28.84984588623047
-145.124267578125,-452.2216796875,28.850942611694336
-144.787841796875,-451.6256103515625,28.85242462158203
-144.4508514404297,-451.028076171875,28.854177474975586
-144.12283325195312,-450.4442443847656,28.855796813964844
-143.79579162597656,-449.8611145019531,28.856861114501953
-143.46392822265625,-449.26934814453125,28.857749938964844
-143.13905334472656,-448.6904296875,28.85867691040039
-142.8052520751953,-448.0959777832031,28.859737396240234
-142.4787139892578,-447.514404296875,28.85980987548828
-142.1299285888672,-446.892822265625,28.85264015197754
-141.7720947265625,-446.2558898925781,28.84772300720215
-141.40179443359375,-445.5969543457031,28.854028701782227
-141.04359436035156,-444.95965576171875,28.85973358154297
-140.6683349609375,-444.2924499511719,28.861316680908203
-140.29371643066406,-443.63140869140625,28.860275268554688
-139.9407196044922,-443.0099792480469,28.859596252441406
-139.575927734375,-442.3670654296875,28.858848571777344
-139.1949005126953,-441.69427490234375,28.850847244262695
-138.80198669433594,-441.0011291503906,28.849409103393555
-138.4040069580078,-440.29974365234375,28.854549407958984
-138.00332641601562,-439.59368896484375,28.850919723510742
-137.59466552734375,-438.8739013671875,28.85357666015625
-137.1656951904297,-438.118408203125,28.852783203125
-136.74856567382812,-437.38385009765625,28.858585357666016
-136.3231964111328,-436.634765625,28.859569549560547
-135.87831115722656,-435.8516540527344,28.865528106689453
-135.4173126220703,-435.039794921875,28.863231658935547
-134.9549102783203,-434.225830078125,28.864713668823242
-134.4779052734375,-433.38629150390625,28.866714477539062
-134.00213623046875,-432.5492248535156,28.86729621887207
-133.51962280273438,-431.70068359375,28.87311363220215
-133.02981567382812,-430.83953857421875,28.877044677734375
-132.53860473632812,-429.97613525390625,28.879735946655273
-132.06878662109375,-429.1500549316406,28.882007598876953
-131.56658935546875,-428.2671813964844,28.884214401245117
-131.09613037109375,-427.43994140625,28.88483428955078
-130.6239471435547,-426.6091003417969,28.88489532470703
-130.16461181640625,-425.801025390625,28.88527488708496
-129.68199157714844,-424.9421081542969,28.886293411254883
-129.2377166748047,-424.1231384277344,28.886930465698242
-128.80899047851562,-423.3207702636719,28.88745880126953
-128.3541717529297,-422.47174072265625,28.888389587402344
-127.9287338256836,-421.6805725097656,28.890186309814453
-127.50733947753906,-420.89801025390625,28.892539978027344
-127.05426025390625,-420.0566101074219,28.89508628845215
-126.62945556640625,-419.2671813964844,28.896883010864258
-126.18631744384766,-418.4433288574219,28.89858627319336
-125.7552490234375,-417.6419677734375,28.900115966796875
-125.32718658447266,-416.84637451171875,28.901390075683594
-124.90325164794922,-416.0585632324219,28.902372360229492
-124.47769165039062,-415.2677917480469,28.903213500976562
-124.05350494384766,-414.4795227050781,28.904197692871094
-123.62821960449219,-413.68914794921875,28.905075073242188
-123.21124267578125,-412.9142150878906,28.905582427978516
-122.80384826660156,-412.1572265625,28.90587043762207
-122.38652038574219,-411.38177490234375,28.905664443969727
-121.96893310546875,-410.6058349609375,28.905195236206055
-121.55644226074219,-409.8394775390625,28.904705047607422
-121.1465072631836,-409.0779724121094,28.903949737548828
-120.74079132080078,-408.324462890625,28.903287887573242
-120.31900024414062,-407.54095458984375,28.90276527404785
-119.92137145996094,-406.80242919921875,28.902233123779297
-119.86537170410156,-406.9426574707031,28.900657653808594
-119.60858154296875,-406.4921875,28.87769317626953
-119.2861099243164,-405.92822265625,28.88446807861328
-119.0370101928711,-405.49267578125,28.89788055419922
-118.77383422851562,-405.03240966796875,28.89879035949707
-118.43427276611328,-404.4383239746094,28.891128540039062
-118.15757751464844,-403.9539794921875,28.890525817871094
-117.87181091308594,-403.45391845703125,28.8968448638916
-117.59806823730469,-402.9751892089844,28.896841049194336
-117.3109130859375,-402.47296142578125,28.896757125854492
-117.04257202148438,-402.0033874511719,28.897186279296875
-116.761474609375,-401.51080322265625,28.897193908691406
-116.490234375,-401.0353698730469,28.89093017578125
-116.16053771972656,-400.45831298828125,28.883930206298828
-115.84032440185547,-399.8980407714844,28.89627456665039
-115.495849609375,-399.29473876953125,28.898704528808594
-115.17951965332031,-398.73992919921875,28.898164749145508
-114.85289001464844,-398.16705322265625,28.898509979248047
-114.5439224243164,-397.6206970214844,28.89838981628418
-114.2205581665039,-397.04791259765625,28.898283004760742
-113.91777038574219,-396.51300048828125,28.899314880371094
-113.59687042236328,-395.9361572265625,28.899871826171875
-113.30181884765625,-395.4005432128906,28.899049758911133
-112.99267578125,-394.8458251953125,28.898273468017578
-112.69625091552734,-394.3128967285156,28.89775848388672
-112.38497924804688,-393.7523498535156,28.896678924560547
-112.0997314453125,-393.23858642578125,28.895587921142578
-111.7977294921875,-392.6949462890625,28.89501953125
-111.51908874511719,-392.1933898925781,28.8946590423584
-111.22508239746094,-391.66412353515625,28.894155502319336
-110.9407958984375,-391.1524353027344,28.886709213256836
-110.60655212402344,-390.5511779785156,28.886402130126953
-110.30408477783203,-390.00689697265625,28.89229965209961
-109.96746826171875,-389.40093994140625,28.89177703857422
-109.66263580322266,-388.8523864746094,28.89114761352539
-109.34182739257812,-388.2757568359375,28.891551971435547
-109.03971099853516,-387.73297119140625,28.891414642333984
-108.7270278930664,-387.17047119140625,28.890705108642578
-108.42573547363281,-386.6284484863281,28.890277862548828
-108.12340545654297,-386.0846862792969,28.890302658081055
-107.838623046875,-385.57257080078125,28.890579223632812
-107.53178405761719,-385.02081298828125,28.89022445678711
-107.24591827392578,-384.50677490234375,28.889732360839844
-106.94778442382812,-383.970703125,28.88947296142578
-106.67469787597656,-383.47943115234375,28.8892822265625
-106.38915252685547,-382.9655456542969,28.888826370239258
-106.11026000976562,-382.463623046875,28.888874053955078
-105.8219223022461,-381.9451599121094,28.889245986938477
-105.54814147949219,-381.452880859375,28.889556884765625
-105.27055358886719,-380.95361328125,28.88970947265625
-105.00713348388672,-380.47998046875,28.88946533203125
-104.7343978881836,-379.9895324707031,28.888906478881836
-104.46837615966797,-379.51116943359375,28.88840675354004
-104.19324493408203,-379.016357421875,28.888011932373047
-103.93852996826172,-378.5583801269531,28.887527465820312
-103.67509460449219,-378.08502197265625,28.886133193969727
-103.40018463134766,-377.5911865234375,28.874149322509766
-103.0972671508789,-377.0468444824219,28.879762649536133
-102.81190490722656,-376.53387451171875,28.882579803466797
-102.51304626464844,-375.9967041015625,28.88086700439453
-102.22356414794922,-375.4764099121094,28.87986946105957
-101.92513275146484,-374.9401550292969,28.878883361816406
-101.64694213867188,-374.440185546875,28.87701988220215
-101.3606948852539,-373.9258728027344,28.875228881835938
-101.08879089355469,-373.4371643066406,28.87396812438965
-100.80007934570312,-372.9178771972656,28.872600555419922
-100.53504943847656,-372.4416198730469,28.8712158203125
-100.25039672851562,-371.93035888671875,28.870548248291016
-99.98385620117188,-371.4515380859375,28.870258331298828
-99.70230102539062,-370.94537353515625,28.870037078857422
-99.4459228515625,-370.4844055175781,28.87009048461914
-99.18058013916016,-370.0078430175781,28.870853424072266
-98.92780303955078,-369.5540771484375,28.87165069580078
-98.65660858154297,-369.0669860839844,28.872453689575195
-98.40523529052734,-368.6153564453125,28.873184204101562
-98.15076446533203,-368.158203125,28.873876571655273
-97.90516662597656,-367.7171630859375,28.87468719482422
-97.6424560546875,-367.2454833984375,28.87571144104004
-97.31509399414062,-366.657470703125,28.877851486206055
-96.99210357666016,-366.0733947753906,28.880725860595703
-96.6897964477539,-365.4926452636719,28.882997512817383
-96.39779663085938,-364.9324645996094,28.885234832763672
-96.11214447021484,-364.3750915527344,28.887903213500977
-95.86209106445312,-363.8227233886719,28.89107894897461
-95.65715789794922,-363.2861022949219,28.894649505615234
-95.49375915527344,-362.74639892578125,28.89507293701172
-95.35015106201172,-362.219970703125,28.896156311035156
-95.2076416015625,-361.68804931640625,28.8978214263916
-95.07177734375,-361.16314697265625,28.899892807006836
-94.95849609375,-360.6251220703125,28.90312957763672
-94.87081146240234,-360.023193359375,28.906883239746094
-94.843017578125,-359.4730224609375,28.90864372253418
-94.85516357421875,-358.93878173828125,28.906524658203125
-94.87857055664062,-358.40838623046875,28.906679153442383
-94.9039077758789,-357.89520263671875,28.894908905029297
-94.93182373046875,-357.3306884765625,28.906824111938477
-94.97299194335938,-356.75701904296875,28.906700134277344
-95.018798828125,-356.219482421875,28.90703773498535
-95.08882904052734,-355.6915283203125,28.905908584594727
-95.18338012695312,-355.1746826171875,28.90489387512207
-95.33372497558594,-354.59234619140625,28.901472091674805
-95.50950622558594,-353.9922790527344,28.898136138916016
-95.6808853149414,-353.41748046875,28.896270751953125
-95.8772964477539,-352.84765625,28.895299911499023
-96.0953598022461,-352.331298828125,28.893707275390625
-96.34024047851562,-351.8525390625,28.888633728027344
-96.58833312988281,-351.3912353515625,28.88509750366211
-96.84651947021484,-350.9144287109375,28.8814697265625
-97.10179138183594,-350.4710998535156,28.87918472290039
-97.37474060058594,-350.04974365234375,28.87809944152832
-97.71388244628906,-349.5970458984375,28.87364387512207
-98.05287170410156,-349.1777038574219,28.871768951416016
-98.40169525146484,-348.7967224121094,28.87064552307129
-98.80194091796875,-348.42437744140625,28.868099212646484
-99.24516296386719,-348.0713195800781,28.86577606201172
-99.68844604492188,-347.7342224121094,28.864837646484375
-100.13517761230469,-347.3948059082031,28.864261627197266
-100.57222747802734,-347.0823059082031,28.864795684814453
-101.01066589355469,-346.80426025390625,28.863712310791016
-101.480224609375,-346.5074768066406,28.856552124023438
-101.94930267333984,-346.2117919921875,28.863811492919922
-102.42860412597656,-345.9156799316406,28.863222122192383
-102.89976501464844,-345.6434326171875,28.860124588012695
-103.37144470214844,-345.36822509765625,28.857873916625977
-103.83594512939453,-345.0990295410156,28.85537338256836
-104.30729675292969,-344.83477783203125,28.853498458862305
-104.78376007080078,-344.5797119140625,28.851058959960938
-105.26678466796875,-344.314208984375,28.845672607421875
-105.74359130859375,-344.0579833984375,28.840011596679688
-106.22538757324219,-343.8032531738281,28.833736419677734
-106.73375701904297,-343.5314636230469,28.82306671142578
-107.19059753417969,-343.2880554199219,28.82146453857422
-107.66991424560547,-343.0320129394531,28.81574821472168
-108.19674682617188,-342.7510986328125,28.796167373657227
-108.70167541503906,-342.48193359375,28.80002212524414
-109.18659973144531,-342.2232971191406,28.795269012451172
-109.69258117675781,-341.953125,28.787614822387695
-110.19770050048828,-341.6834411621094,28.779590606689453
-110.68839263916016,-341.42144775390625,28.7740478515625
-111.1798324584961,-341.1591491699219,28.770870208740234
-111.68669128417969,-340.88873291015625,28.766353607177734
-112.17084503173828,-340.63031005859375,28.761608123779297
-112.64413452148438,-340.3775634765625,28.75821876525879
-113.13589477539062,-340.1124572753906,28.755661010742188
-113.61489868164062,-339.851318359375,28.754600524902344
-114.08490753173828,-339.5975036621094,28.753509521484375
-114.54948425292969,-339.3410339355469,28.751840591430664
-115.00859832763672,-339.0900573730469,28.750328063964844
-115.46654510498047,-338.83477783203125,28.74872398376465
-115.91383361816406,-338.58056640625,28.747833251953125
-116.3534927368164,-338.3256530761719,28.74828338623047
-116.79690551757812,-338.06512451171875,28.749135971069336
-117.23344421386719,-337.81292724609375,28.74979019165039
-117.7723159790039,-337.49444580078125,28.75080680847168
-118.26114654541016,-337.1817932128906,28.752012252807617
-118.76976013183594,-336.8509826660156,28.751943588256836
-119.27371978759766,-336.5291748046875,28.7449893951416
-119.77466583251953,-336.20513916015625,28.74760627746582
-120.27605438232422,-335.87890625,28.754377365112305
-120.75470733642578,-335.5536804199219,28.75532341003418
-121.22914123535156,-335.2348327636719,28.757308959960938
-121.70068359375,-334.9105224609375,28.758220672607422
-122.17108917236328,-334.5853271484375,28.759693145751953
-122.61759185791016,-334.25848388671875,28.761852264404297
-123.02114868164062,-333.9314270019531,28.763843536376953
-123.40728759765625,-333.582763671875,28.763633728027344
-123.78085327148438,-333.2372741699219,28.765241622924805
-124.1620101928711,-332.89422607421875,28.767566680908203
-124.534912109375,-332.552734375,28.769561767578125
-124.98253631591797,-332.1186828613281,28.77254867553711
-125.36820983886719,-331.7079162597656,28.773082733154297
-125.76715087890625,-331.26995849609375,28.773767471313477
-126.15592956542969,-330.8331604003906,28.77434730529785
-126.52630615234375,-330.3844299316406,28.775516510009766
-126.83888244628906,-329.95196533203125,28.776039123535156
-127.1247787475586,-329.5014343261719,28.77297592163086
-127.3995132446289,-329.0596923828125,28.772438049316406
-127.6690902709961,-328.6103210449219,28.772382736206055
-127.93621063232422,-328.0965270996094,28.77231216430664
-128.15252685546875,-327.58642578125,28.76947784423828
-128.35055541992188,-327.077880859375,28.767436981201172
-128.52798461914062,-326.5785217285156,28.76776885986328
-128.66201782226562,-326.09625244140625,28.7662296295166
-128.7777862548828,-325.5685729980469,28.76406478881836
-128.87673950195312,-325.0323791503906,28.762481689453125
-128.96185302734375,-324.50372314453125,28.761743545532227
-129.01930236816406,-323.9888916015625,28.760082244873047
-129.0567169189453,-323.4282531738281,28.75865936279297
-129.07119750976562,-322.8753356933594,28.756881713867188
-129.06390380859375,-322.3492431640625,28.755207061767578
-129.03616333007812,-321.84515380859375,28.754905700683594
-128.95333862304688,-321.2960510253906,28.75228500366211
-128.8599853515625,-320.7721252441406,28.751113891601562
-128.75775146484375,-320.26202392578125,28.750816345214844
-128.6377410888672,-319.7635498046875,28.749507904052734
-128.4991912841797,-319.24481201171875,28.748315811157227
-128.34716796875,-318.74139404296875,28.747966766357422
-128.15008544921875,-318.19952392578125,28.738239288330078
-127.95355224609375,-317.68255615234375,28.744810104370117
-127.74546813964844,-317.179931640625,28.74418830871582
-127.53715515136719,-316.69781494140625,28.742795944213867
-127.3311538696289,-316.2126159667969,28.74216079711914
-127.11964416503906,-315.74713134765625,28.741954803466797
-126.90089416503906,-315.281982421875,28.741979598999023
-126.68466186523438,-314.82958984375,28.74188232421875
-126.43780517578125,-314.3258361816406,28.742034912109375
-126.19631958007812,-313.841552734375,28.742090225219727
-125.94862365722656,-313.36236572265625,28.74213409423828
-125.70523071289062,-312.89434814453125,28.74224853515625
-125.4642105102539,-312.44024658203125,28.74303436279297
-125.21630859375,-311.99102783203125,28.743398666381836
-124.9498291015625,-311.50994873046875,28.737245559692383
-124.68339538574219,-311.0271301269531,28.744728088378906
-124.42237854003906,-310.554443359375,28.744522094726562
-124.16764831542969,-310.0924987792969,28.72597885131836
-123.8883056640625,-309.58599853515625,28.726716995239258
-123.58842468261719,-309.04254150390625,28.74541473388672
-123.2912826538086,-308.5039367675781,28.751379013061523
-122.99981689453125,-307.9755554199219,28.752365112304688
-122.71277618408203,-307.4554443359375,28.753793716430664
-122.4041976928711,-306.89581298828125,28.746543884277344
-122.16091918945312,-306.45477294921875,28.73672866821289
-121.90219116210938,-305.9859619140625,28.741657257080078
-121.64183807373047,-305.5142517089844,28.75465202331543
-121.38668060302734,-305.0517883300781,28.759002685546875
-121.102783203125,-304.53704833984375,28.752445220947266
-120.82174682617188,-304.027587890625,28.75945472717285
-120.54259490966797,-303.521728515625,28.767988204956055
-120.26226806640625,-303.0137023925781,28.772165298461914
-119.99213409423828,-302.5243225097656,28.77336883544922
-119.71214294433594,-302.0176086425781,28.774303436279297
-119.45341491699219,-301.5494079589844,28.777172088623047
-119.18331909179688,-301.0602722167969,28.781356811523438
-118.91543579101562,-300.5749206542969,28.784391403198242
-118.62773132324219,-300.05377197265625,28.780200958251953
-118.34387969970703,-299.5406799316406,28.78933334350586
-118.05622863769531,-299.02081298828125,28.799989700317383
-117.77571868896484,-298.5133056640625,28.806955337524414
-117.51083374023438,-298.0337219238281,28.812397003173828
-117.23197937011719,-297.5289001464844,28.820072174072266
-116.97171020507812,-297.0582275390625,28.828115463256836
-116.70964050292969,-296.58447265625,28.836811065673828
-116.44038391113281,-296.09765625,28.8459415435791
-116.16575622558594,-295.6009826660156,28.85516929626465
-115.90033721923828,-295.1207275390625,28.86098289489746
-115.62919616699219,-294.6306457519531,28.863819122314453
-115.36087799072266,-294.14532470703125,28.866926193237305
-115.09548950195312,-293.6646728515625,28.87174415588379
-114.83843231201172,-293.1990661621094,28.877351760864258
-114.5882797241211,-292.7465515136719,28.881372451782227
-114.343505859375,-292.3050231933594,28.8818302154541
-114.09451293945312,-291.8555603027344,28.884498596191406
-113.8474349975586,-291.408447265625,28.889989852905273
-113.50335693359375,-290.78515625,28.899646759033203
-113.14805603027344,-290.1402282714844,28.907428741455078
-112.80982971191406,-289.5263671875,28.91025733947754
-112.4669189453125,-288.9037780761719,28.912853240966797
-112.13715362548828,-288.3057556152344,28.916780471801758
-111.78653717041016,-287.6697692871094,28.92045021057129
-111.459716796875,-287.07733154296875,28.92277717590332
-111.12505340576172,-286.47039794921875,28.923799514770508
-110.8154296875,-285.90887451171875,28.923036575317383
-110.47844696044922,-285.2978820800781,28.92076873779297
-110.11381530761719,-284.6380920410156,28.909404754638672
-109.75389862060547,-283.9870910644531,28.91484832763672
-109.41082763671875,-283.36602783203125,28.912673950195312
-109.16812896728516,-282.9261169433594,28.909465789794922
-108.81712341308594,-282.2906188964844,28.905519485473633
-108.47708892822266,-281.6758728027344,28.90134048461914
-108.1240234375,-281.0368957519531,28.896591186523438
-107.78816986083984,-280.4289245605469,28.89208984375
-107.44119262695312,-279.80157470703125,28.887025833129883
-107.11170196533203,-279.20556640625,28.88222885131836
-106.77473449707031,-278.5958557128906,28.87594985961914
-106.4475326538086,-278.0038757324219,28.869077682495117
-106.10773468017578,-277.388671875,28.862472534179688
-105.78404235839844,-276.80181884765625,28.855249404907227
-105.45198059082031,-276.2006530761719,28.845375061035156
-105.12850952148438,-275.6154479980469,28.835159301757812
-104.7990493774414,-275.018798828125,28.826265335083008
-104.485595703125,-274.4513244628906,28.818275451660156
-104.15666961669922,-273.8561096191406,28.80855369567871
-103.83702850341797,-273.27752685546875,28.798423767089844
-103.52188873291016,-272.7071228027344,28.788663864135742
-103.20616149902344,-272.1369323730469,28.780017852783203
-102.8835678100586,-271.5539245605469,28.772384643554688
-102.57359313964844,-270.9925537109375,28.76519203186035
-102.26325988769531,-270.4309997558594,28.757030487060547
-101.92786407470703,-269.82525634765625,28.73521614074707
-101.56692504882812,-269.1737365722656,28.736204147338867
-101.31803131103516,-268.7235107421875,28.73912239074707
-100.97354125976562,-268.1000061035156,28.73598861694336
-100.73033142089844,-267.66015625,28.73215675354004
-100.3737564086914,-267.01678466796875,28.727861404418945
-100.03076934814453,-266.3984375,28.72502326965332
-99.67794036865234,-265.76080322265625,28.722917556762695
-99.31610107421875,-265.1070861816406,28.719932556152344
-98.95789337158203,-264.4607238769531,28.715656280517578
-98.60477447509766,-263.82257080078125,28.71733856201172
-98.25628662109375,-263.1930236816406,28.724119186401367
-97.91583251953125,-262.5784606933594,28.729373931884766
-97.58858489990234,-261.9868469238281,28.733558654785156
-97.25897216796875,-261.39044189453125,28.73601531982422
-97.01569366455078,-260.95074462890625,28.727642059326172
-96.76020812988281,-260.4893493652344,28.735361099243164
-96.50714111328125,-260.0325012207031,28.744884490966797
-96.2561264038086,-259.5791931152344,28.748891830444336
-95.89419555664062,-258.9248046875,28.751062393188477
-95.55122375488281,-258.3045959472656,28.756425857543945
-95.20719146728516,-257.68328857421875,28.762474060058594
-94.86897277832031,-257.0723876953125,28.768014907836914
-94.53775787353516,-256.472900390625,28.7744140625
-94.21666717529297,-255.8920440673828,28.77855110168457
-93.8896255493164,-255.30125427246094,28.78227424621582
-93.57304382324219,-254.72862243652344,28.788816452026367
-93.2549057006836,-254.15284729003906,28.792240142822266
-93.01276397705078,-253.7151336669922,28.79441261291504
-92.77069091796875,-253.2776336669922,28.80710792541504
-92.43214416503906,-252.6652069091797,28.81755256652832
-92.08889770507812,-252.042236328125,28.821470260620117
-91.75944519042969,-251.4457244873047,28.827341079711914
-91.41641235351562,-250.82522583007812,28.834823608398438
-91.09700012207031,-250.2465057373047,28.840473175048828
-90.76952362060547,-249.6517791748047,28.841766357421875
-90.44392395019531,-249.068115234375,28.840726852416992
-90.10015869140625,-248.4567413330078,28.840913772583008
-89.79094696044922,-247.9022674560547,28.841999053955078
-89.46748352050781,-247.3222198486328,28.84054183959961
-89.16166687011719,-246.77476501464844,28.83693504333496
-88.84333801269531,-246.20895385742188,28.834054946899414
-88.53887176513672,-245.67892456054688,28.83238983154297
-88.22372436523438,-245.1234130859375,28.83027458190918
-87.9197006225586,-244.5872802734375,28.82717514038086
-87.58104705810547,-243.9911651611328,28.811317443847656
-87.22148895263672,-243.3588104248047,28.81262969970703
-86.97013854980469,-242.91653442382812,28.817678451538086
-86.60295104980469,-242.27105712890625,28.815258026123047
-86.35173797607422,-241.82969665527344,28.812082290649414
-86.00210571289062,-241.2152862548828,28.808380126953125
-85.64127349853516,-240.58062744140625,28.804004669189453
-85.39395141601562,-240.14569091796875,28.80048370361328
-85.038330078125,-239.52120971679688,28.797422409057617
-84.67919921875,-238.89093017578125,28.795814514160156
-84.33207702636719,-238.28102111816406,28.79412841796875
-83.98259735107422,-237.66656494140625,28.791820526123047
-83.6510238647461,-237.08441162109375,28.78957748413086
-83.31246948242188,-236.4910888671875,28.787256240844727
-82.986083984375,-235.9180908203125,28.785003662109375
-82.64478302001953,-235.318603515625,28.78296661376953
-82.33031463623047,-234.76791381835938,28.780261993408203
-82.00003814697266,-234.18487548828125,28.776256561279297
-81.69792938232422,-233.63369750976562,28.772729873657227
-81.37306213378906,-233.04904174804688,28.768280029296875
-81.0713119506836,-232.50912475585938,28.761573791503906
-80.74536895751953,-231.92471313476562,28.75558853149414
-80.4347915649414,-231.3659210205078,28.752622604370117
-80.12298583984375,-230.80455017089844,28.748828887939453
-79.82025146484375,-230.25987243652344,28.744770050048828
-79.50944519042969,-229.70127868652344,28.743019104003906
-79.212646484375,-229.16848754882812,28.74095916748047
-78.9111328125,-228.62612915039062,28.737743377685547
-78.62287902832031,-228.09518432617188,28.734760284423828
-78.3377685546875,-227.54425048828125,28.732685089111328
-78.06248474121094,-227.02484130859375,28.732757568359375
-77.77871704101562,-226.49273681640625,28.734012603759766
-77.51351928710938,-225.99197387695312,28.735088348388672
-77.24036407470703,-225.47286987304688,28.73611831665039
-76.99585723876953,-224.98976135253906,28.73767852783203
-76.75019836425781,-224.47286987304688,28.73904037475586
-76.51078796386719,-223.9792022705078,28.74057388305664
-76.26423645019531,-223.4793243408203,28.742074966430664
-76.00308990478516,-222.94354248046875,28.73139190673828
-75.71711730957031,-222.355712890625,28.741315841674805
-75.44989013671875,-221.8069610595703,28.747159957885742
-75.16341400146484,-221.21914672851562,28.74749755859375
-74.90950012207031,-220.6980438232422,28.748188018798828
-74.63822937011719,-220.13568115234375,28.74924659729004
-74.39155578613281,-219.60800170898438,28.749784469604492
-74.12635803222656,-219.0498046875,28.750408172607422
-73.87252807617188,-218.51673889160156,28.750965118408203
-73.61216735839844,-217.96780395507812,28.751432418823242
-73.37562561035156,-217.45553588867188,28.752147674560547
-73.14599609375,-216.91366577148438,28.75223731994629
-72.9286117553711,-216.36846923828125,28.75160026550293
-72.7070083618164,-215.83432006835938,28.751846313476562
-72.50086975097656,-215.34158325195312,28.752567291259766
-72.2862319946289,-214.8212432861328,28.753236770629883
-72.08352661132812,-214.32786560058594,28.753890991210938
-71.87269592285156,-213.8159942626953,28.754188537597656
-71.67438507080078,-213.3349151611328,28.754362106323242
-71.46908569335938,-212.83709716796875,28.75457763671875
-71.27413177490234,-212.36447143554688,28.754791259765625
-71.0753173828125,-211.88233947753906,28.75495719909668
-70.81446075439453,-211.24960327148438,28.75482177734375
-70.6180191040039,-210.77261352539062,28.754520416259766
-70.4186782836914,-210.2833251953125,28.75465202331543
-70.18113708496094,-209.666015625,28.754505157470703
-69.93737030029297,-209.04603576660156,28.754467010498047
-69.74195861816406,-208.54940795898438,28.74227523803711
-69.51237487792969,-207.96192932128906,28.746551513671875
-69.29503631591797,-207.40005493164062,28.755550384521484
-69.07711791992188,-206.79600524902344,28.755550384521484
-68.88162231445312,-206.2298583984375,28.755474090576172
-68.68016052246094,-205.658203125,28.756092071533203
-68.49077606201172,-205.10939025878906,28.755847930908203
-68.2970199584961,-204.55337524414062,28.75595474243164
-68.11509704589844,-204.02951049804688,28.756668090820312
-67.92091369628906,-203.4678955078125,28.757570266723633
-67.74581146240234,-202.94247436523438,28.758010864257812
-67.55770111083984,-202.37515258789062,28.75790786743164
-67.38965606689453,-201.85711669921875,28.75780487060547
-67.21403503417969,-201.31387329101562,28.75775718688965
-67.04977416992188,-200.81192016601562,28.75776481628418
-66.87911987304688,-200.2815704345703,28.757854461669922
-66.71488952636719,-199.76803588867188,28.758071899414062
-66.55464935302734,-199.2513427734375,28.75809669494629
-66.35262298583984,-198.59567260742188,28.75835609436035
-66.20787811279297,-198.101318359375,28.75833511352539
-66.05587005615234,-197.58079528808594,28.758207321166992
-65.86784362792969,-196.93069458007812,28.7573299407959
-65.68224334716797,-196.27943420410156,28.75631332397461
-65.50261688232422,-195.6481475830078,28.755809783935547
-65.36331176757812,-195.15536499023438,28.749399185180664
-65.1965103149414,-194.568603515625,28.74819564819336
-65.04736328125,-194.03689575195312,28.753740310668945
-64.90031433105469,-193.47219848632812,28.75263214111328
-64.76299285888672,-192.9334716796875,28.751190185546875
-64.62323760986328,-192.36965942382812,28.749818801879883
-64.49287414550781,-191.84243774414062,28.74814796447754
-64.3542709350586,-191.29052734375,28.746837615966797
-64.22395324707031,-190.76861572265625,28.746826171875
-64.0895767211914,-190.2294464111328,28.746681213378906
-63.96170425415039,-189.7156524658203,28.745847702026367
-63.82606887817383,-189.17127990722656,28.74488067626953
-63.70262145996094,-188.6735076904297,28.7441463470459
-63.577056884765625,-188.14422607421875,28.743253707885742
-63.4606819152832,-187.6538848876953,28.742326736450195
-63.33473587036133,-187.1337890625,28.74124526977539
-63.178245544433594,-186.47415161132812,28.740253448486328
-63.03947448730469,-185.81484985351562,28.739360809326172
-62.90065002441406,-185.1561279296875,28.738662719726562
-62.75482940673828,-184.48373413085938,28.729602813720703
-62.626136779785156,-183.87823486328125,28.728404998779297
-62.497962951660156,-183.26309204101562,28.735063552856445
-62.395172119140625,-182.70440673828125,28.733905792236328
-62.298397064208984,-182.12757873535156,28.732757568359375
-62.19996643066406,-181.57896423339844,28.732559204101562
-62.09960174560547,-181.01638793945312,28.731719970703125
-62.001686096191406,-180.4612274169922,28.730606079101562
-61.910194396972656,-179.91195678710938,28.73006820678711
-61.83742904663086,-179.37319946289062,28.730308532714844
-61.78056335449219,-178.8282012939453,28.729724884033203
-61.72431182861328,-178.3125457763672,28.729494094848633
-61.661705017089844,-177.78897094726562,28.729433059692383
-61.60150909423828,-177.2653045654297,28.72933578491211
-61.54271697998047,-176.73886108398438,28.729286193847656
-61.46637725830078,-176.061279296875,28.729290008544922
-61.409812927246094,-175.56344604492188,28.729171752929688
-61.35110092163086,-175.0453338623047,28.729045867919922
-61.27659606933594,-174.38638305664062,28.726720809936523
-61.21101760864258,-173.80638122558594,28.71825408935547
-61.141666412353516,-173.1941375732422,28.72914695739746
-61.07677459716797,-172.6211700439453,28.731365203857422
-61.004581451416016,-171.98350524902344,28.725061416625977
-60.92759704589844,-171.30357360839844,28.72456169128418
-60.85010528564453,-170.61878967285156,28.73419189453125
-60.77652359008789,-169.96759033203125,28.735172271728516
-60.69822692871094,-169.27523803710938,28.736156463623047
-60.62675857543945,-168.64405822753906,28.737871170043945
-60.55234146118164,-167.97987365722656,28.73894691467285
-60.48802947998047,-167.33407592773438,28.739288330078125
-60.424049377441406,-166.6865997314453,28.740234375
-60.36455535888672,-166.08709716796875,28.74169921875
-60.313072204589844,-165.4468231201172,28.74219512939453
-60.264404296875,-164.8441162109375,28.741641998291016
-60.2130012512207,-164.22256469726562,28.742542266845703
-60.170230865478516,-163.62008666992188,28.744583129882812
-60.12412643432617,-163.00619506835938,28.745933532714844
-60.089012145996094,-162.4340362548828,28.746400833129883
-60.0581169128418,-161.83551025390625,28.746906280517578
-60.024452209472656,-161.2753143310547,28.74774169921875
-59.995849609375,-160.67620849609375,28.74850082397461
-59.9705696105957,-160.12661743164062,28.749053955078125
-59.945945739746094,-159.53787231445312,28.74973487854004
-59.9326171875,-159.00120544433594,28.750097274780273
-59.91368865966797,-158.44140625,28.75080108642578
-59.89884567260742,-157.90365600585938,28.751543045043945
-59.88825607299805,-157.3496856689453,28.750423431396484
-59.872581481933594,-156.7259521484375,28.741247177124023
-59.856964111328125,-156.08035278320312,28.751977920532227
-59.84270477294922,-155.47894287109375,28.75440788269043
-59.82759475708008,-154.83314514160156,28.753673553466797
-59.81293487548828,-154.2318878173828,28.752769470214844
-59.797462463378906,-153.58935546875,28.75145721435547
-59.78337097167969,-152.99586486816406,28.750011444091797
-59.768951416015625,-152.38575744628906,28.74816131591797
-59.75486373901367,-151.7924346923828,28.74627685546875
-59.73993682861328,-151.16900634765625,28.74500274658203
-59.72666549682617,-150.61129760742188,28.744014739990234
-59.712501525878906,-150.0100555419922,28.742691040039062
-59.699195861816406,-149.4499969482422,28.74120330810547
-59.68490982055664,-148.8541259765625,28.739341735839844
-59.671714782714844,-148.3032989501953,28.737075805664062
-59.657920837402344,-147.72256469726562,28.734495162963867
-59.644508361816406,-147.15866088867188,28.732088088989258
-59.63075256347656,-146.58071899414062,28.729782104492188
-59.61698913574219,-146.00439453125,28.728225708007812
-59.603302001953125,-145.43069458007812,28.72684097290039
-59.590335845947266,-144.88259887695312,28.725017547607422
-59.57672882080078,-144.31549072265625,28.723159790039062
-59.56376647949219,-143.77235412597656,28.721651077270508
-59.551300048828125,-143.21990966796875,28.72096061706543
-59.54733657836914,-142.6781463623047,28.72017478942871
-59.54896545410156,-142.13885498046875,28.719871520996094
-59.543704986572266,-141.5985870361328,28.720401763916016
-59.53984832763672,-141.06771850585938,28.720483779907227
-59.537269592285156,-140.55422973632812,28.7203311920166
-59.53470993041992,-140.03250122070312,28.720550537109375
-59.532039642333984,-139.5218505859375,28.72140884399414
-59.52919006347656,-139.01048278808594,28.722667694091797
-59.52546691894531,-138.34194946289062,28.723873138427734
-59.522708892822266,-137.83453369140625,28.724666595458984
-59.51917266845703,-137.18174743652344,28.7251033782959
-59.51628494262695,-136.62261962890625,28.717464447021484
-59.51317596435547,-136.05560302734375,28.727270126342773
-59.51047897338867,-135.4747314453125,28.72967529296875
-59.51044464111328,-134.92562866210938,28.73017692565918
-59.50892639160156,-134.3623046875,28.731014251708984
-59.50774002075195,-133.8182373046875,28.73031997680664
-59.5066032409668,-133.2687530517578,28.729450225830078
-59.50546646118164,-132.72425842285156,28.729328155517578
-59.50428771972656,-132.18582153320312,28.729341506958008
-59.50331115722656,-131.6399688720703,28.729000091552734
-59.50673294067383,-131.09938049316406,28.728191375732422
-59.51243209838867,-130.5843963623047,28.727542877197266
-59.51472473144531,-130.0557098388672,28.72723960876465
-59.5213737487793,-129.55467224121094,28.726774215698242
-59.53272247314453,-129.03277587890625,28.725936889648438
-59.54637908935547,-128.52789306640625,28.7252197265625
-59.567440032958984,-127.88174438476562,28.72434425354004
-59.586181640625,-127.24066162109375,28.72449493408203
-59.6263427734375,-126.58723449707031,28.72425651550293
-59.684879302978516,-125.94960021972656,28.723251342773438
-59.736968994140625,-125.27840423583984,28.710039138793945
-59.784751892089844,-124.6845932006836,28.714073181152344
-59.832576751708984,-124.11450958251953,28.720935821533203
-59.88151550292969,-123.52864074707031,28.72093963623047
-59.92764663696289,-122.95433044433594,28.72187614440918
-59.9689826965332,-122.38178253173828,28.722209930419922
-60.00959014892578,-121.82634735107422,28.72179412841797
-60.04578399658203,-121.25790405273438,28.721515655517578
-60.075408935546875,-120.70813751220703,28.72112274169922
-60.10858917236328,-120.15713500976562,28.720670700073242
-60.13036346435547,-119.61209106445312,28.71995735168457
-60.14570236206055,-119.07778930664062,28.719261169433594
-60.16693115234375,-118.53376770019531,28.719104766845703
-60.18782424926758,-117.97108459472656,28.71958351135254
-60.20659255981445,-117.4284439086914,28.719791412353516
-60.21867370605469,-116.904296875,28.719627380371094
-60.2259407043457,-116.39581298828125,28.71910285949707
-60.23568344116211,-115.88479614257812,28.71892547607422
-60.233726501464844,-115.37168884277344,28.71828842163086
-60.23170471191406,-114.86621856689453,28.717971801757812
-60.234397888183594,-114.20067596435547,28.718032836914062
-60.23476028442383,-113.55950164794922,28.71668815612793
-60.23481750488281,-113.004638671875,28.707454681396484
-60.235172271728516,-112.4192886352539,28.715734481811523
-60.235511779785156,-111.87162780761719,28.71652603149414
-60.23567199707031,-111.31279754638672,28.7154483795166
-60.233726501464844,-110.77983093261719,28.715179443359375
-60.229652404785156,-110.22163391113281,28.714506149291992
-60.227821350097656,-109.61725616455078,28.700565338134766
-60.22447967529297,-108.85969543457031,28.698570251464844
-60.221107482910156,-108.16527557373047,28.711132049560547
-60.21702575683594,-107.43632507324219,28.711849212646484
-60.207923889160156,-106.73245239257812,28.710491180419922
-60.199520111083984,-106.00096130371094,28.709915161132812
-60.192054748535156,-105.29914093017578,28.709856033325195
-60.18376922607422,-104.57107543945312,28.709396362304688
-60.17522048950195,-103.90694427490234,28.70795249938965
-60.16040802001953,-103.21412658691406,28.705524444580078
-60.146507263183594,-102.53102111816406,28.704442977905273
-60.132911682128906,-101.8453598022461,28.704710006713867
-60.11412048339844,-101.20779418945312,28.704936981201172
-60.094017028808594,-100.52879333496094,28.704200744628906
-60.077415466308594,-99.90595245361328,28.70336151123047
-60.06001663208008,-99.2478256225586,28.702808380126953
-60.04616165161133,-98.62938690185547,28.7026309967041
-60.03009796142578,-97.97064208984375,28.702892303466797
-60.02067184448242,-97.38288116455078,28.703269958496094
-60.01508331298828,-96.74671173095703,28.703523635864258
-60.012107849121094,-96.15831756591797,28.703659057617188
-60.021514892578125,-95.5429458618164,28.703903198242188
-60.02597427368164,-94.94003295898438,28.69866943359375
-60.02916717529297,-94.26792907714844,28.70636558532715
-60.03334426879883,-93.64453887939453,28.709571838378906
-60.03726577758789,-92.98445129394531,28.71011734008789
-60.03924560546875,-92.37904357910156,28.71058464050293
-60.042503356933594,-91.74417877197266,28.71019744873047
-60.045745849609375,-91.0864028930664,28.697093963623047
-60.049072265625,-90.35227966308594,28.705467224121094
-60.052249908447266,-89.66686248779297,28.711544036865234
-60.05574035644531,-88.9595947265625,28.712312698364258
-60.0592041015625,-88.2351303100586,28.70144271850586
-60.06177520751953,-87.68972778320312,28.7059326171875
-60.0643424987793,-87.16333770751953,28.71265411376953
-60.06694793701172,-86.6599349975586,28.713977813720703
-60.06977081298828,-86.12242889404297,28.70530891418457
-60.07257843017578,-85.55722045898438,28.708940505981445
-60.075103759765625,-85.027099609375,28.714950561523438
-60.077693939208984,-84.45018768310547,28.71757698059082
-60.07763671875,-83.89845275878906,28.717430114746094
-60.07278823852539,-83.35261535644531,28.716856002807617
-60.0692024230957,-82.81995391845703,28.716888427734375
-60.06689453125,-82.27253723144531,28.71732521057129
-60.06470489501953,-81.72518920898438,28.717735290527344
-60.062538146972656,-81.17079162597656,28.7177677154541
-60.0601692199707,-80.61068725585938,28.71727180480957
-60.05754089355469,-80.06187438964844,28.716842651367188
-60.05476379394531,-79.5099105834961,28.716699600219727
-60.05210876464844,-78.96192932128906,28.716577529907227
-60.0498046875,-78.4190902709961,28.715309143066406
-60.04775619506836,-77.87870788574219,28.713573455810547
-60.045475006103516,-77.34222412109375,28.712289810180664
-60.042991638183594,-76.82402801513672,28.711381912231445
-60.04046630859375,-76.29994201660156,28.71044158935547
-60.03805923461914,-75.7747573852539,28.709335327148438
-60.03482437133789,-75.01997375488281,28.708003997802734
-60.03144836425781,-74.28007507324219,28.70797348022461
-60.02909851074219,-73.77334594726562,28.708412170410156
-60.025672912597656,-73.02336883544922,28.708744049072266
-60.02348327636719,-72.52234649658203,28.70866584777832
-60.023681640625,-71.79581451416016,28.70876693725586
-60.03291702270508,-71.09320831298828,28.709049224853516
-60.037757873535156,-70.36358642578125,28.701984405517578
-60.0412712097168,-69.81391906738281,28.69866943359375
-60.0449104309082,-69.29533386230469,28.706199645996094
-60.049156188964844,-68.74219512939453,28.708162307739258
-60.05375289916992,-68.15311431884766,28.699665069580078
-60.058265686035156,-67.56207275390625,28.705036163330078
-60.06279754638672,-66.95637512207031,28.70918083190918
-60.06744384765625,-66.32368469238281,28.701128005981445
-60.07225799560547,-65.66510772705078,28.701984405517578
-60.077178955078125,-65.00279998779297,28.71065330505371
-60.08226013183594,-64.32645416259766,28.70978546142578
-60.08742141723633,-63.6271858215332,28.707332611083984
-60.0924186706543,-62.92847442626953,28.71306037902832
-60.09754180908203,-62.2186164855957,28.71630096435547
-60.10234069824219,-61.53197479248047,28.716266632080078
-60.10523223876953,-60.85551834106445,28.715906143188477
-60.10786819458008,-60.199527740478516,28.716371536254883
-60.110801696777344,-59.54098892211914,28.71697425842285
-60.114173889160156,-58.852867126464844,28.711162567138672
-60.11768341064453,-58.11920928955078,28.704448699951172
-60.12091827392578,-57.41058349609375,28.710695266723633
-60.12408447265625,-56.68646240234375,28.716690063476562
-60.12745666503906,-55.928062438964844,28.712474822998047
-60.130889892578125,-55.1621208190918,28.71121597290039
-60.13426971435547,-54.40840148925781,28.716636657714844
-60.13775634765625,-53.646385192871094,28.718891143798828
-60.14147186279297,-52.84788513183594,28.712106704711914
-60.144981384277344,-52.06798553466797,28.714984893798828
-60.14875411987305,-51.26057815551758,28.71463394165039
-60.152801513671875,-50.42091369628906,28.7100830078125
-60.15658950805664,-49.57987976074219,28.715534210205078
-60.160614013671875,-48.66987609863281,28.713050842285156
-60.16466522216797,-47.751808166503906,28.714632034301758
-60.1686897277832,-46.82146072387695,28.722578048706055
-60.1727180480957,-45.902339935302734,28.722822189331055
-60.176788330078125,-44.96364212036133,28.721317291259766
-60.18096160888672,-43.98468017578125,28.728254318237305
-60.185096740722656,-43.0263671875,28.733245849609375
-60.18927764892578,-42.128082275390625,28.73538589477539
-60.193702697753906,-41.17148971557617,28.736305236816406
-60.197914123535156,-40.247047424316406,28.737253189086914
-60.202415466308594,-39.33356857299805,28.739303588867188
-60.20720291137695,-38.39775085449219,28.742855072021484
-60.21179962158203,-37.464759826660156,28.74677848815918
-60.216182708740234,-36.57218933105469,28.750722885131836
-60.22100067138672,-35.647769927978516,28.753698348999023
-60.22576141357422,-34.71406936645508,28.755966186523438
-60.230167388916016,-33.818424224853516,28.75719451904297
-60.234649658203125,-32.8979606628418,28.75705909729004
-60.2390251159668,-32.009765625,28.75704574584961
-60.243507385253906,-31.15219497680664,28.75769805908203
-60.248260498046875,-30.237075805664062,28.76018714904785
-60.2527961730957,-29.32311248779297,28.75885581970215
-60.25749969482422,-28.432140350341797,28.759521484375
-60.26268005371094,-27.488574981689453,28.768531799316406
-60.26762390136719,-26.55508804321289,28.774986267089844
-60.272056579589844,-25.709243774414062,28.77787971496582
-60.2768669128418,-24.808076858520508,28.780366897583008
-60.281219482421875,-23.962730407714844,28.7818603515625
-60.285621643066406,-23.078758239746094,28.782394409179688
-60.28998565673828,-22.202558517456055,28.782512664794922
-60.294036865234375,-21.359092712402344,28.78244400024414
-60.297828674316406,-20.538108825683594,28.7823486328125
-60.30173873901367,-19.704879760742188,28.782249450683594
-60.305931091308594,-18.868650436401367,28.78215980529785
-60.31023406982422,-18.071428298950195,28.782264709472656
-60.31480407714844,-17.2120304107666,28.78274154663086
-60.31920623779297,-16.37209129333496,28.782772064208984
-60.323516845703125,-15.581866264343262,28.782594680786133
-60.32806396484375,-14.743499755859375,28.781837463378906
-60.33241653442383,-13.913789749145508,28.780427932739258
-60.336585998535156,-13.109421730041504,28.777833938598633
-60.340702056884766,-12.298995971679688,28.773170471191406
-60.34492492675781,-11.471548080444336,28.76702117919922
-60.34891891479492,-10.67656135559082,28.76056480407715
-60.35300064086914,-9.858697891235352,28.75442886352539
-60.35699462890625,-9.065116882324219,28.749454498291016
-60.360923767089844,-8.266336441040039,28.745399475097656
-60.36458969116211,-7.461338043212891,28.742107391357422
-60.3680305480957,-6.705120086669922,28.739376068115234
-60.37174987792969,-5.922978401184082,28.736522674560547
-60.37535095214844,-5.148739814758301,28.734373092651367
-60.378623962402344,-4.3683180809021,28.732872009277344
-60.38174057006836,-3.6043503284454346,28.731542587280273
-60.385108947753906,-2.8279128074645996,28.730350494384766
-60.38837814331055,-2.057880401611328,28.729358673095703
-60.391357421875,-1.2881221771240234,28.727664947509766
-60.394405364990234,-0.5235165953636169,28.726150512695312
-60.397552490234375,0.230925053358078,28.72532081604004
-60.40078353881836,0.9870510101318359,28.725032806396484
-60.40394973754883,1.7236268520355225,28.724924087524414
-60.407073974609375,2.4596481323242188,28.724769592285156
-60.41020202636719,3.192786931991577,28.72473907470703
-60.41344451904297,3.9396610260009766,28.724994659423828
-60.416629791259766,4.681352615356445,28.72568130493164
-60.41968536376953,5.40317440032959,28.726470947265625
-60.42276382446289,6.131303787231445,28.727319717407227
-60.42577362060547,6.855796813964844,28.72787857055664
-60.42859649658203,7.5340471267700195,28.72797393798828
-60.431697845458984,8.272134780883789,28.72795295715332
-60.434844970703125,8.995027542114258,28.728801727294922
-60.43744659423828,9.619985580444336,28.74502944946289
-60.439971923828125,10.230354309082031,28.741418838500977
-60.442413330078125,10.820091247558594,28.730831146240234
-60.444923400878906,11.404175758361816,28.727039337158203
-60.44721221923828,11.93596076965332,28.743562698364258
-60.450347900390625,12.668331146240234,28.733552932739258
-60.45315933227539,13.357012748718262,28.725059509277344
-60.45602035522461,14.062572479248047,28.725933074951172
-60.45882797241211,14.739583015441895,28.726417541503906
-60.46175765991211,15.438257217407227,28.725635528564453
-60.464561462402344,16.123069763183594,28.7249698638916
-60.46742248535156,16.820894241333008,28.724464416503906
-60.47007751464844,17.472476959228516,28.723501205444336
-60.47279357910156,18.150962829589844,28.722442626953125
-60.47514724731445,18.7825927734375,28.72235107421875
-60.47770309448242,19.433149337768555,28.722795486450195
-60.48029708862305,20.09044075012207,28.72315788269043
-60.4827995300293,20.75312042236328,28.72372817993164
-60.48493194580078,21.35886001586914,28.72460174560547
-60.487396240234375,21.994482040405273,28.726089477539062
-60.48966979980469,22.578155517578125,28.72760772705078
-60.4920539855957,23.20393180847168,28.729000091552734
-60.494415283203125,23.799358367919922,28.72937774658203
-60.49713897705078,24.423234939575195,28.728307723999023
-60.49977493286133,25.054805755615234,28.7139892578125
-60.50250244140625,25.777374267578125,28.719242095947266
-60.5052375793457,26.430286407470703,28.722240447998047
-60.5084342956543,27.133848190307617,28.72116470336914
-60.51087188720703,27.756752014160156,28.72243881225586
-60.51356506347656,28.455934524536133,28.72426986694336
-60.516021728515625,29.08318328857422,28.724985122680664
-60.51847457885742,29.757835388183594,28.72588348388672
-60.52056121826172,30.38059425354004,28.727157592773438
-60.5230712890625,31.046005249023438,28.728910446166992
-60.52546691894531,31.657913208007812,28.73056411743164
-60.52781295776367,32.3012809753418,28.732166290283203
-60.52975082397461,32.87917709350586,28.73299789428711
-60.53199005126953,33.49462890625,28.732738494873047
-60.534156799316406,34.060768127441406,28.732009887695312
-60.53632354736328,34.648193359375,28.7314395904541
-60.53843307495117,35.224327087402344,28.731128692626953
-60.540985107421875,35.89946746826172,28.718523025512695
-60.54341506958008,36.56565856933594,28.725997924804688
-60.54592514038086,37.253807067871094,28.7310791015625
-60.54833984375,37.91722869873047,28.73038101196289
-60.550838470458984,38.609222412109375,28.72991943359375
-60.553192138671875,39.256404876708984,28.729246139526367
-60.5557975769043,39.93937683105469,28.727489471435547
-60.558074951171875,40.56446075439453,28.72586441040039
-60.56053924560547,41.237735748291016,28.72455406188965
-60.56300735473633,41.863895416259766,28.723405838012695
-60.565773010253906,42.55390167236328,28.721824645996094
-60.568023681640625,43.15586853027344,28.72010040283203
-60.570369720458984,43.792972564697266,28.71822166442871
-60.57270431518555,44.39372634887695,28.71640396118164
-60.57529067993164,45.019107818603516,28.714740753173828
-60.57750701904297,45.5901985168457,28.71367645263672
-60.57978820800781,46.2063102722168,28.712596893310547
-60.58194351196289,46.7778434753418,28.711441040039062
-60.58427429199219,47.38428497314453,28.71030044555664
-60.586402893066406,47.94538116455078,28.709529876708984
-60.588592529296875,48.546470642089844,28.70904541015625
-60.590614318847656,49.098453521728516,28.70871925354004
-60.59279251098633,49.6755485534668,28.70832061767578
-60.59482192993164,50.22698974609375,28.707897186279297
-60.59684753417969,50.81195068359375,28.70741844177246
-60.598697662353516,51.34878921508789,28.706985473632812
-60.60072708129883,51.914615631103516,28.706684112548828
-60.60264587402344,52.4404296875,28.70492935180664
-60.60493087768555,53.07942581176758,28.694379806518555
-60.60713195800781,53.704002380371094,28.7040958404541
-60.60941696166992,54.34113311767578,28.706449508666992
-60.61154556274414,54.93218994140625,28.70542335510254
-60.61379623413086,55.564918518066406,28.70519256591797
-60.61588668823242,56.14403533935547,28.704898834228516
-60.618133544921875,56.76506423950195,28.7040958404541
-60.62022018432617,57.35857391357422,28.703699111938477
-60.62232971191406,57.9744758605957,28.703819274902344
-60.624393463134766,58.55949401855469,28.70394515991211
-60.62647247314453,59.156402587890625,28.703819274902344
-60.62824630737305,59.71867370605469,28.70351791381836
-60.63011932373047,60.327362060546875,28.70321273803711
-60.63343048095703,60.87355041503906,28.703125
-60.64242935180664,61.45478439331055,28.70306396484375
-60.647762298583984,61.968650817871094,28.702999114990234
-60.65386199951172,62.542179107666016,28.702638626098633
-60.66453552246094,63.077850341796875,28.702045440673828
-60.6767463684082,63.630130767822266,28.701831817626953
-60.69269943237305,64.15889739990234,28.701921463012695
-60.720088958740234,64.69033813476562,28.701404571533203
-60.742706298828125,65.20091247558594,28.700664520263672
-60.76466369628906,65.75051879882812,28.700237274169922
-60.79119873046875,66.4345474243164,28.702110290527344
-60.81349182128906,67.11520385742188,28.70235824584961
-60.83686828613281,67.78936767578125,28.701496124267578
-60.856502532958984,68.45188903808594,28.700166702270508
-60.87232208251953,69.1034164428711,28.698936462402344
-60.8793830871582,69.73202514648438,28.7116641998291
-60.889671325683594,70.236328125,28.704030990600586
-60.898380279541016,70.7588119506836,28.699756622314453
-60.90747833251953,71.30451965332031,28.687374114990234
-60.91685485839844,71.84939575195312,28.69744300842285
-60.92516326904297,72.36161804199219,28.701053619384766
-60.93084716796875,72.88863372802734,28.70062255859375
-60.93763732910156,73.40120697021484,28.701189041137695
-60.937896728515625,73.92122650146484,28.70122528076172
-60.93896484375,74.43635559082031,28.7022762298584
-60.9290771484375,74.93864440917969,28.703083038330078
-60.91584396362305,75.56901550292969,28.70339584350586
-60.907020568847656,76.13914489746094,28.69158363342285
-60.895172119140625,76.75411987304688,28.704042434692383
-60.879798889160156,77.38267517089844,28.705398559570312
-60.8651123046875,77.97576904296875,28.706634521484375
-60.838417053222656,78.5769271850586,28.708173751831055
-60.81359100341797,79.17613220214844,28.70977783203125
-60.773681640625,79.75640869140625,28.711103439331055
-60.717655181884766,80.3356704711914,28.712005615234375
-60.64423370361328,80.89044189453125,28.712902069091797
-60.546478271484375,81.4203872680664,28.71243667602539
-60.43624496459961,81.93993377685547,28.712690353393555
-60.3131217956543,82.45347595214844,28.7124080657959
-60.19758224487305,82.95498657226562,28.71274185180664
-60.07856750488281,83.47109985351562,28.71249008178711
-59.96068572998047,83.96334838867188,28.7125244140625
-59.80076599121094,84.55270385742188,28.713048934936523
-59.65108108520508,85.03316497802734,28.712322235107422
-59.472312927246094,85.61862182617188,28.712478637695312
-59.28565216064453,86.17267608642578,28.711950302124023
-59.08495330810547,86.73668670654297,28.712413787841797
-58.87274169921875,87.24668884277344,28.71314239501953
-58.61725616455078,87.75516510009766,28.711437225341797
-58.33660888671875,88.27847290039062,28.70026969909668
-58.08320617675781,88.74346923828125,28.710777282714844
-57.82196044921875,89.20744323730469,28.712121963500977
-57.48738098144531,89.73400115966797,28.713747024536133
-57.1381721496582,90.23086547851562,28.712493896484375
-56.79110336303711,90.7293930053711,28.713191986083984
-56.45195388793945,91.21418762207031,28.714595794677734
-56.095191955566406,91.6868667602539,28.716304779052734
-55.74640655517578,92.10118103027344,28.71722412109375
-55.35491180419922,92.5304183959961,28.7169189453125
-54.987308502197266,92.91761016845703,28.71869659423828
-54.610206604003906,93.2766342163086,28.71929931640625
-54.23509979248047,93.60913848876953,28.719690322875977
-53.841453552246094,93.93427276611328,28.720273971557617
-53.377967834472656,94.28652954101562,28.71969223022461
-52.92103576660156,94.62511444091797,28.719982147216797
-52.4538459777832,94.95308685302734,28.720701217651367
-51.99555969238281,95.26348114013672,28.72077178955078
-51.55551528930664,95.5613784790039,28.721221923828125
-51.11186981201172,95.85313415527344,28.721881866455078
-50.66328811645508,96.1211166381836,28.722135543823242
-50.22227478027344,96.36296081542969,28.720870971679688
-49.731719970703125,96.63319396972656,28.72148323059082
-49.232322692871094,96.87266540527344,28.72203826904297
-48.749717712402344,97.07890319824219,28.72062110900879
-48.25456237792969,97.27835845947266,28.720401763916016
-47.785003662109375,97.4560546875,28.719852447509766
-47.29290008544922,97.6318130493164,28.718711853027344
-46.75341033935547,97.80873107910156,28.717777252197266
-46.237274169921875,97.95529174804688,28.717626571655273
-45.73695373535156,98.0610580444336,28.71466064453125
-45.24010467529297,98.16351318359375,28.713327407836914
-44.7465934753418,98.25259399414062,28.711666107177734
-44.201290130615234,98.3414306640625,28.710922241210938
-43.6562385559082,98.41261291503906,28.709978103637695
-43.13618087768555,98.47016906738281,28.708980560302734
-42.61049270629883,98.52539825439453,28.70812225341797
-42.10893249511719,98.56822204589844,28.707216262817383
-41.56376647949219,98.60113525390625,28.70708656311035
-41.026695251464844,98.61698150634766,28.706666946411133
-40.493011474609375,98.63375091552734,28.69375991821289
-39.92858123779297,98.65003967285156,28.693269729614258
-39.31785202026367,98.66783142089844,28.702056884765625
-38.719627380371094,98.68449401855469,28.708269119262695
-38.14704513549805,98.69274139404297,28.7076473236084
-37.56843566894531,98.70429229736328,28.70781707763672
-36.98222732543945,98.71617126464844,28.707210540771484
-36.42332077026367,98.72655487060547,28.706966400146484
-35.87204360961914,98.73698425292969,28.707067489624023
-35.315582275390625,98.7477035522461,28.706979751586914
-34.767364501953125,98.75820922851562,28.707508087158203
-34.228187561035156,98.76846313476562,28.708194732666016
-33.70415115356445,98.7784423828125,28.70868492126465
-33.170928955078125,98.78857421875,28.7091121673584
-32.65983581542969,98.79818725585938,28.70925521850586
-32.1371955871582,98.80790710449219,28.70934295654297
-31.621816635131836,98.81755828857422,28.709383010864258
-30.98348617553711,98.82968139648438,28.70941925048828
-30.46653938293457,98.83940124511719,28.709571838378906
-29.866214752197266,98.8505630493164,28.709712982177734
-29.366085052490234,98.85971069335938,28.709976196289062
-28.750732421875,98.87104797363281,28.709575653076172
-28.161399841308594,98.88155364990234,28.708784103393555
-27.55455780029297,98.892578125,28.7081298828125
-26.963369369506836,98.90200805664062,28.707365036010742
-26.353601455688477,98.91014099121094,28.706111907958984
-25.779266357421875,98.91912078857422,28.70539093017578
-25.191532135009766,98.92758178710938,28.704898834228516
-24.642053604125977,98.93560791015625,28.704240798950195
-24.07628059387207,98.94384002685547,28.703536987304688
-23.519771575927734,98.95164489746094,28.7026309967041
-23.01535987854004,98.9588623046875,28.691865921020508
-22.4722957611084,98.96678161621094,28.701339721679688
-21.926979064941406,98.97468566894531,28.703317642211914
-21.3720760345459,98.98269653320312,28.703271865844727
-20.838394165039062,98.99031066894531,28.7036075592041
-20.322219848632812,98.99746704101562,28.704086303710938
-19.775955200195312,99.00503540039062,28.705608367919922
-19.165212631225586,99.01372528076172,28.706274032592773
-18.657915115356445,99.02091217041016,28.70664405822754
-18.029674530029297,99.02971649169922,28.707386016845703
-17.4330997467041,99.03805541992188,28.708389282226562
-16.808881759643555,99.04670715332031,28.709705352783203
-16.2257137298584,99.05477905273438,28.711429595947266
-15.622598648071289,99.06310272216797,28.713096618652344
-15.032776832580566,99.07124328613281,28.714649200439453
-14.44560432434082,99.07942199707031,28.716392517089844
-13.905671119689941,99.09003448486328,28.718429565429688
-13.346741676330566,99.11430358886719,28.7202091217041
-12.813085556030273,99.13251495361328,28.722332000732422
-12.270484924316406,99.17134857177734,28.724803924560547
-11.687041282653809,99.248779296875,28.726516723632812
-11.112345695495605,99.3534927368164,28.726655960083008
-10.55341625213623,99.45500946044922,28.728445053100586
-9.99769115447998,99.57386016845703,28.73073959350586
-9.483906745910645,99.71448516845703,28.73162078857422
-8.988000869750977,99.8590087890625,28.733322143554688
-8.450801849365234,100.04035949707031,28.734535217285156
-7.921438694000244,100.2411117553711,28.736080169677734
-7.41864013671875,100.45001220703125,28.737550735473633
-6.916255950927734,100.670166015625,28.732593536376953
-6.4193620681762695,100.8918685913086,28.735633850097656
-5.88235330581665,101.13926696777344,28.745046615600586
-5.397023677825928,101.38030242919922,28.747093200683594
-4.899838924407959,101.62789916992188,28.749916076660156
-4.421341419219971,101.87213897705078,28.752117156982422
-3.9447755813598633,102.12738037109375,28.75495719909668
-3.4317150115966797,102.44145202636719,28.75727081298828
-2.9460010528564453,102.76937866210938,28.75808334350586
-2.4771552085876465,103.087646484375,28.761137008666992
-2.03352427482605,103.42436218261719,28.76431655883789
-1.6384036540985107,103.7713851928711,28.765522003173828
-1.2588224411010742,104.14382934570312,28.76569938659668
-0.8804067969322205,104.57023620605469,28.768815994262695
-0.5530401468276978,105.02569580078125,28.756946563720703
-0.26737362146377563,105.45421600341797,28.767498016357422
0.0480031855404377,105.93630981445312,28.767337799072266
0.32036831974983215,106.37142944335938,28.76754379272461
0.6067553758621216,106.8484115600586,28.766834259033203
0.8742542266845703,107.28375244140625,28.76148796081543
1.1743468046188354,107.77850341796875,28.76068687438965
1.4827289581298828,108.31231689453125,28.76814079284668
1.736499309539795,108.80513000488281,28.768173217773438
1.9774839878082275,109.29426574707031,28.769132614135742
2.1895692348480225,109.79072570800781,28.770217895507812
2.368910551071167,110.33634948730469,28.771644592285156
2.4787371158599854,110.84132385253906,28.768770217895508
2.5653693675994873,111.33795166015625,28.756168365478516
2.6483328342437744,111.92788696289062,28.762107849121094
2.7245895862579346,112.49229431152344,28.764455795288086
2.803178310394287,113.05763244628906,28.770401000976562
2.8729166984558105,113.62841033935547,28.77002716064453
2.9320924282073975,114.18199157714844,28.77069854736328
2.9652552604675293,114.70860290527344,28.771865844726562
2.9743435382843018,115.2340087890625,28.77149772644043
2.9782402515411377,115.74497985839844,28.772159576416016
2.9743354320526123,116.26559448242188,28.772193908691406
2.9703407287597656,116.87835693359375,28.77269744873047
2.954618215560913,117.38916778564453,28.772865295410156
2.940525531768799,117.88916015625,28.773773193359375
2.906700849533081,118.51688385009766,28.77469253540039
2.878650426864624,119.09049987792969,28.77687644958496
2.833676338195801,119.67253112792969,28.77789878845215
2.790574550628662,120.23759460449219,28.779253005981445
2.7455074787139893,120.78303527832031,28.78066635131836
2.6916182041168213,121.31950378417969,28.781768798828125
2.632363796234131,121.85533142089844,28.78289031982422
2.564356565475464,122.426513671875,28.778160095214844
2.4948816299438477,123.03056335449219,28.77501106262207
2.4249446392059326,123.60696411132812,28.787080764770508
2.3543620109558105,124.15979766845703,28.7877197265625
2.2710020542144775,124.73848724365234,28.78895378112793
2.1755123138427734,125.32901763916016,28.78878402709961
2.0902931690216064,125.90874481201172,28.788211822509766
2.0065970420837402,126.46163940429688,28.788009643554688
1.9056308269500732,127.12104797363281,28.7750186920166
1.829136610031128,127.62120819091797,28.785139083862305
1.7454216480255127,128.14932250976562,28.788515090942383
1.6516993045806885,128.65814208984375,28.787670135498047
1.544118881225586,129.1790771484375,28.787336349487305
1.4393233060836792,129.66912841796875,28.78744125366211
1.3244982957839966,130.167236328125,28.78693962097168
1.1798564195632935,130.8240966796875,28.786968231201172
1.0445250272750854,131.43634033203125,28.787506103515625
0.9052330255508423,132.0587158203125,28.787832260131836
0.7619501352310181,132.67312622070312,28.788503646850586
0.6057279109954834,133.25997924804688,28.788616180419922
0.4493750035762787,133.85009765625,28.789154052734375
0.2950682044029236,134.45423889160156,28.79001235961914
0.13364851474761963,135.07150268554688,28.79067611694336
-0.018930722028017044,135.63514709472656,28.791196823120117
-0.18644750118255615,136.22731018066406,28.791561126708984
-0.33650097250938416,136.75872802734375,28.792701721191406
-0.5033846497535706,137.30970764160156,28.793460845947266
-0.668437123298645,137.8607177734375,28.79439926147461
-0.8409843444824219,138.39292907714844,28.79464340209961
-1.0017130374908447,138.89224243164062,28.796131134033203
-1.1779428720474243,139.40223693847656,28.797529220581055
-1.3514243364334106,139.91244506835938,28.798336029052734
-1.5260308980941772,140.3936767578125,28.798494338989258
-1.7091509103775024,140.89869689941406,28.79908561706543
-1.88759446144104,141.38177490234375,28.799827575683594
-2.0965049266815186,141.9202423095703,28.787975311279297
-2.3279078006744385,142.53305053710938,28.798908233642578
-2.5687320232391357,143.13583374023438,28.802453994750977
-2.804713726043701,143.7205352783203,28.80318832397461
-3.04591965675354,144.28543090820312,28.80388641357422
-3.289823293685913,144.85971069335938,28.804161071777344
-3.531987190246582,145.40762329101562,28.804075241088867
-3.76216197013855,145.92434692382812,28.804580688476562
-4.014604568481445,146.45533752441406,28.804641723632812
-4.279385566711426,146.99380493164062,28.804636001586914
-4.538451194763184,147.50851440429688,28.804719924926758
-4.788231372833252,147.98751831054688,28.804616928100586
-5.042142868041992,148.4857177734375,28.804630279541016
-5.297976970672607,148.9778594970703,28.804338455200195
-5.534736633300781,149.4368438720703,28.80368995666504
-5.781177520751953,149.91323852539062,28.80290985107422
-6.03820276260376,150.39364624023438,28.802698135375977
-6.311216831207275,150.88595581054688,28.80227279663086
-6.578110218048096,151.35943603515625,28.801332473754883
-6.839608669281006,151.81817626953125,28.800472259521484
-7.145855903625488,152.35678100585938,28.799861907958984
-7.410231113433838,152.81365966796875,28.799678802490234
-7.675640106201172,153.26023864746094,28.799673080444336
-7.995082855224609,153.77066040039062,28.79891586303711
-8.313032150268555,154.28973388671875,28.798608779907227
-8.580965995788574,154.71322631835938,28.79812240600586
-8.908178329467773,155.23670959472656,28.7978515625
-9.181533813476562,155.66510009765625,28.79743194580078
-9.45478343963623,156.09844970703125,28.790468215942383
-9.770148277282715,156.59739685058594,28.792278289794922
-10.075258255004883,157.07167053222656,28.796550750732422
-10.391127586364746,157.54815673828125,28.795888900756836
-10.703909873962402,158.01950073242188,28.796424865722656
-11.02151870727539,158.49415588378906,28.79570770263672
-11.327290534973145,158.95046997070312,28.794898986816406
-11.636279106140137,159.3966064453125,28.794496536254883
-11.963727951049805,159.8623809814453,28.794679641723633
-12.289790153503418,160.2925262451172,28.79399871826172
-12.603935241699219,160.70791625976562,28.793922424316406
-12.997541427612305,161.21994018554688,28.794282913208008
-13.31622314453125,161.61465454101562,28.79404067993164
-13.629676818847656,162.01531982421875,28.794071197509766
-13.961517333984375,162.43646240234375,28.793899536132812
-14.283815383911133,162.84043884277344,28.79346466064453
-14.60146427154541,163.2353515625,28.792877197265625
-14.974729537963867,163.69873046875,28.7923583984375
-15.362430572509766,164.1676483154297,28.791629791259766
-15.750905990600586,164.63755798339844,28.790950775146484
-16.123685836791992,165.0870361328125,28.7904109954834
-16.52349853515625,165.55429077148438,28.78966522216797
-16.900104522705078,165.99258422851562,28.789180755615234
-17.279014587402344,166.4214324951172,28.78850555419922
-17.64887809753418,166.8393096923828,28.788562774658203
-18.027603149414062,167.260986328125,28.788379669189453
-18.38031768798828,167.65647888183594,28.78856658935547
-18.739009857177734,168.047607421875,28.788650512695312
-19.086830139160156,168.43247985839844,28.788726806640625
-19.50655174255371,168.88296508789062,28.789291381835938
-19.873634338378906,169.25486755371094,28.789005279541016
-20.286827087402344,169.68484497070312,28.78946876525879
-20.64760398864746,170.04168701171875,28.789775848388672
-21.004182815551758,170.40121459960938,28.790245056152344
-21.42904281616211,170.8161163330078,28.790681838989258
-21.83387565612793,171.2112579345703,28.79188346862793
-22.263954162597656,171.61965942382812,28.784921646118164
-22.700315475463867,172.0364990234375,28.794769287109375
-23.13397979736328,172.4420166015625,28.795635223388672
-23.56996726989746,172.8541717529297,28.79732894897461
-23.995807647705078,173.24356079101562,28.798128128051758
-24.44532012939453,173.6511688232422,28.799518585205078
-24.85607147216797,174.016357421875,28.800777435302734
-25.274188995361328,174.3824462890625,28.801921844482422
-25.694433212280273,174.74417114257812,28.803016662597656
-26.093894958496094,175.08787536621094,28.804080963134766
-26.51007080078125,175.43984985351562,28.805068969726562
-26.92312240600586,175.78265380859375,28.80600929260254
-27.33676528930664,176.12234497070312,28.806865692138672
-27.796424865722656,176.49850463867188,28.807863235473633
-28.199764251708984,176.82740783691406,28.808883666992188
-28.668676376342773,177.1858367919922,28.809478759765625
-29.111536026000977,177.5198974609375,28.81005859375
-29.528186798095703,177.8350067138672,28.810482025146484
-29.933563232421875,178.1400604248047,28.810983657836914
-30.37356948852539,178.47137451171875,28.811481475830078
-30.79557228088379,178.786376953125,28.81183624267578
-31.24323272705078,179.11013793945312,28.811939239501953
-31.67932891845703,179.4180450439453,28.812053680419922
-32.131744384765625,179.72715759277344,28.81239891052246
-32.60097122192383,180.0377960205078,28.80133628845215
-33.05620574951172,180.344970703125,28.812450408935547
-33.5301399230957,180.66192626953125,28.805713653564453
-34.01586151123047,180.98687744140625,28.807655334472656
-34.48068618774414,181.28945922851562,28.81407928466797
-34.926551818847656,181.56466674804688,28.812808990478516
-35.401512145996094,181.86483764648438,28.813404083251953
-35.85620880126953,182.1461181640625,28.813243865966797
-36.321266174316406,182.43470764160156,28.812997817993164
-36.80027770996094,182.7222137451172,28.813501358032227
-37.26372528076172,182.9928436279297,28.81354331970215
-37.74777603149414,183.2772979736328,28.81353759765625
-38.28673553466797,183.58303833007812,28.813037872314453
-38.84273147583008,183.904052734375,28.813282012939453
-39.36932373046875,184.19528198242188,28.813800811767578
-39.823089599609375,184.43186950683594,28.813892364501953
-40.359352111816406,184.69900512695312,28.81330680847168
-40.80756378173828,184.92343139648438,28.835058212280273
-41.311363220214844,185.17031860351562,28.801918029785156
-41.83281707763672,185.4265899658203,28.807071685791016
-42.30875015258789,185.6575469970703,28.813623428344727
-42.79834747314453,185.88906860351562,28.813480377197266
-43.266204833984375,186.11497497558594,28.81353187561035
-43.71807098388672,186.33116149902344,28.81291961669922
-44.173553466796875,186.54461669921875,28.813373565673828
-44.66243362426758,186.76976013183594,28.813758850097656
-45.19369125366211,187.00047302246094,28.81377601623535
-45.74269104003906,187.24061584472656,28.814369201660156
-46.27982711791992,187.46188354492188,28.814416885375977
-46.800994873046875,187.6755828857422,28.814960479736328
-47.33836364746094,187.89369201660156,28.81591033935547
-47.84849548339844,188.0888214111328,28.816076278686523
-48.347293853759766,188.27357482910156,28.81644630432129
-48.860877990722656,188.46141052246094,28.81671714782715
-49.38919448852539,188.64552307128906,28.811016082763672
-49.9531135559082,188.8470458984375,28.814897537231445
-50.431636810302734,189.0166778564453,28.805496215820312
-51.02666473388672,189.22726440429688,28.809669494628906
-51.63033676147461,189.441162109375,28.81616973876953
-52.21155548095703,189.64752197265625,28.813154220581055
-52.70979309082031,189.8245849609375,28.798879623413086
-53.29674530029297,190.03314208984375,28.80863380432129
-53.820838928222656,190.21905517578125,28.81369400024414
-54.385719299316406,190.41940307617188,28.812593460083008
-54.90331268310547,190.6031951904297,28.81207275390625
-55.48118591308594,190.8087921142578,28.81180191040039
-55.98192596435547,190.98707580566406,28.810840606689453
-56.492610931396484,191.16859436035156,28.809185028076172
-57.029239654541016,191.3590850830078,28.80760955810547
-57.55181884765625,191.54473876953125,28.806262969970703
-58.1091423034668,191.74327087402344,28.804901123046875
-58.59722900390625,191.91732788085938,28.803741455078125
-59.109127044677734,192.09970092773438,28.802230834960938
-59.614444732666016,192.2793731689453,28.800678253173828
-60.151466369628906,192.47036743164062,28.799057006835938
-60.64386749267578,192.6468505859375,28.797698974609375
-61.14539337158203,192.83287048339844,28.796188354492188
-61.617252349853516,193.0079345703125,28.794889450073242
-62.2320442199707,193.233642578125,28.79337501525879
-62.81580352783203,193.45803833007812,28.79151153564453
-63.45970153808594,193.70660400390625,28.789630889892578
-64.06766510009766,193.9599609375,28.78835678100586
-64.65169525146484,194.21849060058594,28.786823272705078
-65.26890563964844,194.49131774902344,28.785593032836914
-65.79419708251953,194.73597717285156,28.78406524658203
-66.25506591796875,194.94509887695312,28.782917022705078
-66.84187316894531,195.21258544921875,28.7817325592041
-67.36927795410156,195.4550323486328,28.78061294555664
-67.9156265258789,195.7185821533203,28.77993392944336
-68.44690704345703,195.99996948242188,28.778118133544922
-68.9776611328125,196.28225708007812,28.777109146118164
-69.46339416503906,196.53387451171875,28.77669906616211
-69.99305725097656,196.81277465820312,28.776029586791992
-70.49614715576172,197.08242797851562,28.775894165039062
-70.98773193359375,197.3656005859375,28.77544403076172
-71.47510528564453,197.66195678710938,28.774200439453125
-71.95918273925781,197.94662475585938,28.77411651611328
-72.42401123046875,198.2213134765625,28.77403450012207
-72.88346862792969,198.50245666503906,28.774391174316406
-73.41770935058594,198.85630798339844,28.7738094329834
-73.86827087402344,199.15806579589844,28.773130416870117
-74.32221221923828,199.45468139648438,28.772850036621094
-74.7434310913086,199.73635864257812,28.772729873657227
-75.23794555664062,200.08914184570312,28.77303123474121
-75.70697021484375,200.4498291015625,28.771682739257812
-76.10861206054688,200.7527618408203,28.771312713623047
-76.58012390136719,201.10684204101562,28.77096939086914
-76.979248046875,201.41775512695312,28.77092170715332
-77.42105102539062,201.78598022460938,28.769790649414062
-77.86788940429688,202.15731811523438,28.767520904541016
-78.34075927734375,202.5452880859375,28.74827003479004
-78.7476806640625,202.8823699951172,28.7559871673584
-79.1490478515625,203.2152862548828,28.767070770263672
-79.56251525878906,203.56077575683594,28.768150329589844
-79.97887420654297,203.925048828125,28.767662048339844
-80.3563232421875,204.27386474609375,28.7670955657959
-80.77457427978516,204.65826416015625,28.766075134277344
-81.26277923583984,205.1025390625,28.76511001586914
-81.65982818603516,205.46612548828125,28.765039443969727
-82.12202453613281,205.89639282226562,28.76586151123047
-82.57855224609375,206.35159301757812,28.766599655151367
-83.00450897216797,206.81741333007812,28.765064239501953
-83.34870910644531,207.20306396484375,28.763965606689453
-83.75791931152344,207.6505126953125,28.762954711914062
-84.12606811523438,208.0531463623047,28.748292922973633
-84.55642700195312,208.52804565429688,28.75225067138672
-84.962646484375,208.97708129882812,28.762405395507812
-85.35830688476562,209.41796875,28.763412475585938
-85.75617980957031,209.8750457763672,28.762699127197266
-86.1758041381836,210.35372924804688,28.763336181640625
-86.55705261230469,210.79507446289062,28.76377296447754
-86.93168640136719,211.2543182373047,28.76287078857422
-87.31381225585938,211.73672485351562,28.762401580810547
-87.65251159667969,212.18017578125,28.762859344482422
-87.96915435791016,212.62989807128906,28.76207733154297
-88.2930679321289,213.10740661621094,28.76097297668457
-88.62006378173828,213.57867431640625,28.760276794433594
-88.93212890625,214.0235137939453,28.75963592529297
-89.23371124267578,214.45736694335938,28.758865356445312
-89.52926635742188,214.88528442382812,28.758155822753906
-89.81275939941406,215.30274963378906,28.75768280029297
-90.10649108886719,215.7566680908203,28.75654411315918
-90.41350555419922,216.23776245117188,28.75525665283203
-90.69164276123047,216.67103576660156,28.75434684753418
-90.97969818115234,217.139892578125,28.75294303894043
-91.31034088134766,217.67572021484375,28.751747131347656
-91.6382827758789,218.23143005371094,28.75043487548828
-91.90078735351562,218.70492553710938,28.7486572265625
-92.2275161743164,219.29733276367188,28.747333526611328
-92.52142333984375,219.87631225585938,28.744937896728516
-92.75141143798828,220.33541870117188,28.74307632446289
-93.03347778320312,220.89395141601562,28.740880966186523
-93.31713104248047,221.4648895263672,28.738515853881836
-93.60138702392578,222.0345916748047,28.73648452758789
-93.88114929199219,222.61187744140625,28.734649658203125
-94.1373291015625,223.1688232421875,28.732746124267578
-94.36727905273438,223.7022705078125,28.731176376342773
-94.57257080078125,224.23773193359375,28.728166580200195
-94.78179931640625,224.78297424316406,28.72616195678711
-94.9915771484375,225.31265258789062,28.724533081054688
-95.19002532958984,225.826416015625,28.723270416259766
-95.38751220703125,226.3777313232422,28.72195816040039
-95.57420349121094,226.92784118652344,28.7200927734375
-95.75700378417969,227.44110107421875,28.719087600708008
-95.93722534179688,227.96865844726562,28.718191146850586
-96.11344909667969,228.51718139648438,28.717208862304688
-96.27521514892578,229.01539611816406,28.716859817504883
-96.43132781982422,229.5382537841797,28.71578598022461
-96.5979995727539,230.07949829101562,28.715206146240234
-96.75922393798828,230.62059020996094,28.714683532714844
-96.93932342529297,231.23623657226562,28.71414566040039
-97.07647705078125,231.724609375,28.713916778564453
-97.20878601074219,232.22842407226562,28.713233947753906
-97.34750366210938,232.7388153076172,28.713123321533203
-97.5011215209961,233.34300231933594,28.713117599487305
-97.64849853515625,233.91934204101562,28.71328353881836
-97.79554748535156,234.50991821289062,28.713809967041016
-97.9126205444336,235.0089874267578,28.71428108215332
-98.03304290771484,235.57388305664062,28.714563369750977
-98.14332580566406,236.15408325195312,28.714574813842773
-98.24171447753906,236.69537353515625,28.71459197998047
-98.34538269042969,237.25135803222656,28.714750289916992
-98.44754791259766,237.81117248535156,28.708473205566406
-98.55098724365234,238.37680053710938,28.710424423217773
-98.64404296875,238.89389038085938,28.715768814086914
-98.72589874267578,239.41705322265625,28.715255737304688
-98.7979736328125,239.94931030273438,28.714679718017578
-98.87543487548828,240.482177734375,28.7141170501709
-98.9566650390625,241.09054565429688,28.713062286376953
-99.0288314819336,241.63742065429688,28.712875366210938
-99.08390045166016,242.15109252929688,28.712068557739258
-99.15001678466797,242.7549591064453,28.711368560791016
-99.20204162597656,243.34886169433594,28.710296630859375
-99.25496673583984,243.9401092529297,28.709674835205078
-99.28924560546875,244.44808959960938,28.708600997924805
-99.329833984375,245.043212890625,28.707752227783203
-99.35615539550781,245.6050567626953,28.706989288330078
-99.37020874023438,246.18890380859375,28.706653594970703
-99.36866760253906,246.75631713867188,28.705379486083984
-99.36830139160156,247.32693481445312,28.70451545715332
-99.37022399902344,247.87283325195312,28.703903198242188
-99.3693618774414,248.40899658203125,28.70353126525879
-99.36897277832031,248.95361328125,28.703474044799805
-99.36885833740234,249.52005004882812,28.703344345092773
-99.36854553222656,250.06295776367188,28.703166961669922
-99.36836242675781,250.62075805664062,28.703052520751953
-99.36824035644531,251.1476593017578,28.703157424926758
-99.3679428100586,251.67005920410156,28.703533172607422
-99.36772918701172,252.20848083496094,28.693859100341797
-99.36752319335938,252.71083068847656,28.7006893157959
-99.36735534667969,253.22576904296875,28.699508666992188
-99.3672103881836,253.78895568847656,28.702096939086914
-99.36697387695312,254.35482788085938,28.705657958984375
-99.36674499511719,254.87367248535156,28.70561408996582
-99.36650085449219,255.4033203125,28.705829620361328
-99.36625671386719,255.95281982421875,28.706220626831055
-99.36595916748047,256.4818420410156,28.706562042236328
-99.3656997680664,257.0281982421875,28.706933975219727
-99.36546325683594,257.57794189453125,28.707252502441406
-99.3651123046875,258.18505859375,28.70740509033203
-99.36474609375,258.7117614746094,28.70751953125
-99.36437225341797,259.325439453125,28.707672119140625
-99.36418914794922,259.8510437011719,28.70780372619629
-99.36392974853516,260.4754638671875,28.708173751831055
-99.36356353759766,261.0903015136719,28.70846939086914
-99.3631591796875,261.6667785644531,28.708568572998047
-99.3628158569336,262.16986083984375,28.708728790283203
-99.36254119873047,262.6928405761719,28.708982467651367
-99.36228942871094,263.2659912109375,28.709238052368164
-99.3619384765625,263.84417724609375,28.709518432617188
-99.36149597167969,264.4224853515625,28.70966911315918
-99.36106872558594,264.9737548828125,28.709794998168945
-99.36080932617188,265.51763916015625,28.70965576171875
-99.3605728149414,266.0771789550781,28.709177017211914
-99.3602294921875,266.5941162109375,28.709087371826172
-99.35981750488281,267.13653564453125,28.70897674560547
-99.35943603515625,267.7099609375,28.708688735961914
-99.35911560058594,268.2199401855469,28.708417892456055
-99.35881042480469,268.7930603027344,28.70796012878418
-99.35845184326172,269.3516845703125,28.707712173461914
-99.35800170898438,269.8588562011719,28.707714080810547
-99.35757446289062,270.3642578125,28.70766830444336
-99.35711669921875,270.9078369140625,28.707582473754883
-99.356689453125,271.4268798828125,28.70753288269043
-99.35614013671875,272.013916015625,28.707534790039062
-99.35562133789062,272.5960693359375,28.70759391784668
-99.35506439208984,273.16705322265625,28.707836151123047
-99.35450744628906,273.6845703125,28.708053588867188
-99.35387420654297,274.2580261230469,28.708293914794922
-99.35313415527344,274.8096618652344,28.708633422851562
-99.35238647460938,275.3690185546875,28.708820343017578
-99.35166931152344,275.950927734375,28.708873748779297
-99.35094451904297,276.52435302734375,28.70893096923828
-99.35023498535156,277.05316162109375,28.708955764770508
-99.34979248046875,277.57806396484375,28.708986282348633
-99.34967041015625,278.1140441894531,28.709022521972656
-99.3552017211914,278.7032775878906,28.709047317504883
-99.35975646972656,279.29351806640625,28.709461212158203
-99.36558532714844,279.84710693359375,28.70978546142578
-99.37149810791016,280.4349670410156,28.710243225097656
-99.3772964477539,280.993408203125,28.71075439453125
-99.38284301757812,281.5364990234375,28.711009979248047
-99.38795471191406,282.0413513183594,28.71118927001953
-99.39315795898438,282.5592956542969,28.71131134033203
-99.39859008789062,283.09869384765625,28.711463928222656
-99.40398406982422,283.62945556640625,28.7117919921875
-99.40916442871094,284.148681640625,28.7121524810791
-99.4150619506836,284.7294006347656,28.702083587646484
-99.42095947265625,285.3097229003906,28.713478088378906
-99.4273681640625,285.9335021972656,28.703706741333008
-99.43325805664062,286.49951171875,28.693172454833984
-99.43846130371094,287.02789306640625,28.698631286621094
-99.44379425048828,287.5876159667969,28.712976455688477
-99.44950866699219,288.165771484375,28.716690063476562
-99.45469665527344,288.6832580566406,28.717134475708008
-99.45980834960938,289.1966552734375,28.71814727783203
-99.46487426757812,289.72235107421875,28.718713760375977
-99.46997833251953,290.2680358886719,28.718475341796875
-99.47505950927734,290.7999267578125,28.71869468688965
-99.4813232421875,291.4512023925781,28.719120025634766
-99.48794555664062,292.1402587890625,28.719039916992188
-99.4931869506836,292.68255615234375,28.71825408935547
-99.49809265136719,293.1927490234375,28.717267990112305
-99.50289916992188,293.6941833496094,28.71647834777832
-99.50871276855469,294.3046875,28.715633392333984
-99.51382446289062,294.84674072265625,28.71477508544922
-99.51969909667969,295.47943115234375,28.71364974975586
-99.52580261230469,296.1324462890625,28.71230697631836
-99.5308609008789,296.66925048828125,28.711212158203125
-99.53670501708984,297.29132080078125,28.710065841674805
-99.54257202148438,297.90948486328125,28.70917510986328
-99.54888916015625,298.5782775878906,28.707931518554688
-99.5549087524414,299.22674560546875,28.706331253051758
-99.56024169921875,299.8096923828125,28.704998016357422
-99.56573486328125,300.39715576171875,28.703514099121094
-99.57052612304688,300.9029846191406,28.702070236206055
-99.57628631591797,301.5236511230469,28.70043182373047
-99.58160400390625,302.0992431640625,28.699445724487305
-99.58670043945312,302.6518859863281,28.69856071472168
-99.59214782714844,303.2418212890625,28.697612762451172
-99.59751892089844,303.81536865234375,28.697240829467773
-99.60276794433594,304.3834228515625,28.696876525878906
-99.60816192626953,304.969482421875,28.695911407470703
-99.61308288574219,305.51409912109375,28.69499969482422
-99.61811828613281,306.06622314453125,28.694297790527344
-99.62360382080078,306.64990234375,28.694053649902344
-99.62846374511719,307.17498779296875,28.693897247314453
-99.63397979736328,307.77069091796875,28.69409942626953
-99.63876342773438,308.2966613769531,28.694631576538086
-99.64373779296875,308.8403015136719,28.69511604309082
-99.64891815185547,309.39849853515625,28.695648193359375
-99.6544418334961,310.007568359375,28.696311950683594
-99.65911865234375,310.53570556640625,28.696575164794922
-99.6616439819336,311.0838623046875,28.696727752685547
-99.65460968017578,311.72113037109375,28.696853637695312
-99.64208984375,312.31524658203125,28.69797134399414
-99.61186218261719,312.92047119140625,28.698408126831055
-99.57256317138672,313.5430603027344,28.6994571685791
-99.5198745727539,314.09954833984375,28.699607849121094
-99.47386169433594,314.6780090332031,28.700428009033203
-99.42781829833984,315.23248291015625,28.7010555267334
-99.37522888183594,315.7530517578125,28.70177459716797
-99.30085754394531,316.3032531738281,28.701446533203125
-99.22784423828125,316.8558654785156,28.701377868652344
-99.15333557128906,317.35882568359375,28.701435089111328
-99.06388854980469,317.877197265625,28.70170783996582
-98.95814514160156,318.40313720703125,28.702571868896484
-98.81909942626953,318.9712829589844,28.70435905456543
-98.6562728881836,319.5118103027344,28.70564842224121
-98.4712142944336,320.0376281738281,28.70541763305664
-98.28644561767578,320.5729675292969,28.70699119567871
-98.10394287109375,321.0909423828125,28.709318161010742
-97.90701293945312,321.5841064453125,28.711820602416992
-97.69554138183594,322.0503234863281,28.71164321899414
-97.48004150390625,322.5206298828125,28.713069915771484
-97.21385192871094,323.04083251953125,28.715187072753906
-96.93385314941406,323.49920654296875,28.714895248413086
-96.61277770996094,323.974365234375,28.71262550354004
-96.29923248291016,324.434326171875,28.70353126525879
-95.96255493164062,324.93023681640625,28.715007781982422
-95.63494110107422,325.4093017578125,28.71474838256836
-95.30018615722656,325.8790283203125,28.715251922607422
-94.95293426513672,326.31988525390625,28.714567184448242
-94.60192108154297,326.7098388671875,28.713176727294922
-94.21820068359375,327.1048889160156,28.710308074951172
-93.83404541015625,327.4989318847656,28.709556579589844
-93.44898986816406,327.8953857421875,28.708209991455078
-93.08586883544922,328.2650146484375,28.707195281982422
-92.69498443603516,328.6517028808594,28.706989288330078
-92.32933044433594,329.0140075683594,28.706073760986328
-91.94100189208984,329.38568115234375,28.70674705505371
-91.56764221191406,329.75018310546875,28.706615447998047
-91.1607894897461,330.1443786621094,28.705904006958008
-90.79554748535156,330.4976806640625,28.706890106201172
-90.38255310058594,330.89788818359375,28.70627212524414
-89.95797729492188,331.30853271484375,28.707347869873047
-89.52232360839844,331.7302551269531,28.708133697509766
-89.14825439453125,332.0918273925781,28.703746795654297
-88.76322937011719,332.4690246582031,28.709671020507812
-88.39415740966797,332.8299865722656,28.693056106567383
-88.0226821899414,333.1951904296875,28.69464111328125
-87.63619995117188,333.575439453125,28.712753295898438
-87.24505615234375,333.9683837890625,28.71385383605957
-86.86946105957031,334.3467712402344,28.71526527404785
-86.50482177734375,334.71636962890625,28.715702056884766
-86.1383056640625,335.1051940917969,28.715736389160156
-85.77024841308594,335.4866638183594,28.71774673461914
-85.41761779785156,335.8521423339844,28.71920394897461
-85.05099487304688,336.2282409667969,28.719846725463867
-84.69834899902344,336.58660888671875,28.720985412597656
-84.27050018310547,336.9991760253906,28.722896575927734
-83.80294799804688,337.4151611328125,28.723281860351562
-83.35000610351562,337.79046630859375,28.72379493713379
-82.93830871582031,338.10894775390625,28.723224639892578
-82.468505859375,338.4821472167969,28.723600387573242
-82.0203857421875,338.8347473144531,28.723529815673828
-81.550537109375,339.1908874511719,28.723175048828125
-81.1004409790039,339.5004577636719,28.72275161743164
-80.65264892578125,339.7663269042969,28.72240447998047
-80.14947509765625,340.0011291503906,28.72201156616211
-79.67538452148438,340.1663818359375,28.717069625854492
-79.19395446777344,340.3164978027344,28.715049743652344
-78.64747619628906,340.4784240722656,28.71352767944336
-78.1126708984375,340.6327819824219,28.71174430847168
-77.54962921142578,340.79180908203125,28.70953941345215
-77.00760650634766,340.9170837402344,28.70840835571289
-76.4681396484375,341.017333984375,28.705514907836914
-75.9605712890625,341.1153259277344,28.703893661499023
-75.43225860595703,341.2034606933594,28.702699661254883
-74.91223907470703,341.272705078125,28.70012092590332
-74.40043640136719,341.34686279296875,28.698606491088867
-73.88871002197266,341.4043884277344,28.697845458984375
-73.36771392822266,341.4509582519531,28.685007095336914
-72.83685302734375,341.5033874511719,28.67903709411621
-72.270263671875,341.557373046875,28.694393157958984
-71.70426940917969,341.6079406738281,28.693056106567383
-71.15740966796875,341.64105224609375,28.694257736206055
-70.60205078125,341.65802001953125,28.694557189941406
-70.0643539428711,341.680908203125,28.694252014160156
-69.53414916992188,341.70458984375,28.694509506225586
-68.9963150024414,341.7265319824219,28.693584442138672
-68.47083282470703,341.751220703125,28.69363784790039
-67.9486312866211,341.7763671875,28.697717666625977
-67.44397735595703,341.8107604980469,28.70150375366211
-66.83748626708984,341.84503173828125,28.70001983642578
-66.30330657958984,341.87591552734375,28.68628692626953
-65.74030303955078,341.9089660644531,28.694490432739258
-65.15184020996094,341.9445495605469,28.703407287597656
-64.59004974365234,341.98638916015625,28.701984405517578
-64.01628875732422,342.0462341308594,28.696636199951172
-63.4650764465332,342.10675048828125,28.691497802734375
-62.878353118896484,342.1638488769531,28.68646812438965
-62.31574249267578,342.21978759765625,28.682775497436523
-61.754207611083984,342.27734375,28.680294036865234
-61.228981018066406,342.33087158203125,28.678150177001953
-60.66560745239258,342.3874816894531,28.675016403198242
-60.118839263916016,342.4423828125,28.671646118164062
-59.56169128417969,342.49896240234375,28.669544219970703
-59.02051544189453,342.55718994140625,28.668163299560547
-58.467472076416016,342.61907958984375,28.66727066040039
-57.9591064453125,342.67254638671875,28.666221618652344
-57.421546936035156,342.7298889160156,28.664976119995117
-56.92145919799805,342.7837219238281,28.663890838623047
-56.34347152709961,342.8464050292969,28.65044403076172
-55.71317672729492,342.913818359375,28.653369903564453
-55.048683166503906,342.9842529296875,28.664222717285156
-54.422794342041016,343.05120849609375,28.665071487426758
-53.767337799072266,343.12152099609375,28.665122985839844
-53.17772674560547,343.18450927734375,28.666248321533203
-52.54829406738281,343.2515563964844,28.666942596435547
-51.95664978027344,343.3145751953125,28.666749954223633
-51.3438720703125,343.37994384765625,28.66668128967285
-50.743316650390625,343.44403076171875,28.66693687438965
-50.15953063964844,343.5062561035156,28.667240142822266
-49.59396743774414,343.5665588378906,28.667724609375
-49.00341796875,343.6273498535156,28.668298721313477
-48.430294036865234,343.6835021972656,28.668781280517578
-47.8162727355957,343.744384765625,28.669456481933594
-47.201637268066406,343.79437255859375,28.66949462890625
-46.636077880859375,343.8402099609375,28.669597625732422
-46.099143981933594,343.88690185546875,28.67013931274414
-45.540809631347656,343.9298400878906,28.670745849609375
-45.01955032348633,343.968017578125,28.671131134033203
-44.479881286621094,344.0102844238281,28.670085906982422
-43.86356735229492,344.0584411621094,28.655292510986328
-43.18533706665039,344.1109313964844,28.667341232299805
-42.54603958129883,344.1600646972656,28.67511749267578
-41.87870788574219,344.2113952636719,28.67648696899414
-41.256500244140625,344.2579345703125,28.677793502807617
-40.60737228393555,344.3000183105469,28.678585052490234
-39.990901947021484,344.34228515625,28.678955078125
-39.34026336669922,344.38751220703125,28.679706573486328
-38.746498107910156,344.428466796875,28.68069076538086
-38.126792907714844,344.4709167480469,28.681493759155273
-37.51863098144531,344.51263427734375,28.682193756103516
-36.908592224121094,344.5545654296875,28.683034896850586
-36.33751678466797,344.5937194824219,28.683818817138672
-35.74083709716797,344.63458251953125,28.68448257446289
-35.16667175292969,344.6739196777344,28.685131072998047
-34.5642204284668,344.7154541015625,28.68604278564453
-34.019065856933594,344.7530517578125,28.686588287353516
-33.43044662475586,344.79345703125,28.686965942382812
-32.88471984863281,344.8297424316406,28.687519073486328
-32.29069900512695,344.8616943359375,28.68792152404785
-31.766666412353516,344.88934326171875,28.687908172607422
-31.205358505249023,344.9222412109375,28.687633514404297
-30.671323776245117,344.9495544433594,28.687091827392578
-30.143033981323242,344.9754943847656,28.686588287353516
-29.628013610839844,345.0023498535156,28.686222076416016
-29.077739715576172,345.03094482421875,28.680561065673828
-28.461843490600586,345.0628356933594,28.672714233398438
-27.801319122314453,345.0968017578125,28.683887481689453
-27.196203231811523,345.1278991699219,28.685537338256836
-26.537857055664062,345.161865234375,28.677705764770508
-26.006591796875,345.189208984375,28.66905403137207
-25.50271224975586,345.21502685546875,28.676898956298828
-24.980077743530273,345.2413330078125,28.684043884277344
-24.461200714111328,345.2662658691406,28.685199737548828
-23.739036560058594,345.3018798828125,28.683773040771484
-23.22490119934082,345.327392578125,28.68360137939453
-22.473703384399414,345.3620300292969,28.684463500976562
-21.759164810180664,345.38287353515625,28.68423843383789
-21.04376983642578,345.40478515625,28.683563232421875
-20.36227035522461,345.4284973144531,28.683382034301758
-19.66315460205078,345.4522705078125,28.68296241760254
-19.01681900024414,345.47357177734375,28.681991577148438
-18.317665100097656,345.4964599609375,28.680908203125
-17.67576789855957,345.51763916015625,28.679786682128906
-16.982433319091797,345.54071044921875,28.678544998168945
-16.35360336303711,345.5615539550781,28.67820167541504
-15.662123680114746,345.5843811035156,28.67855453491211
-15.03422737121582,345.60504150390625,28.678634643554688
-14.375844955444336,345.6268310546875,28.678457260131836
-13.774247169494629,345.6465759277344,28.67923355102539
-13.118412971496582,345.66815185546875,28.68083381652832
-12.502847671508789,345.68841552734375,28.68212127685547
-11.86361026763916,345.7095031738281,28.68301010131836
-11.2839994430542,345.72821044921875,28.68362045288086
-10.723697662353516,345.7413635253906,28.683815002441406
-10.089134216308594,345.7492370605469,28.68331527709961
-9.540362358093262,345.7606506347656,28.683042526245117
-8.957540512084961,345.7726135253906,28.68284797668457
-8.375162124633789,345.7835693359375,28.682891845703125
-7.786635875701904,345.7885437011719,28.683259963989258
-7.218950271606445,345.787841796875,28.68368911743164
-6.6479597091674805,345.792236328125,28.68411636352539
-6.098703384399414,345.79595947265625,28.68440818786621
-5.537364959716797,345.7976989746094,28.684871673583984
-5.01903772354126,345.789794921875,28.68556022644043
-4.452012062072754,345.7663269042969,28.6854190826416
-3.941636085510254,345.7471008300781,28.685039520263672
-3.4074959754943848,345.7322998046875,28.684539794921875
-2.875771999359131,345.71588134765625,28.684127807617188
-2.3405115604400635,345.700927734375,28.683826446533203
-1.666590690612793,345.6850891113281,28.68335723876953
-0.9851669669151306,345.6666259765625,28.68280792236328
-0.32299280166625977,345.6493835449219,28.68198585510254
0.34635964035987854,345.6321716308594,28.68099594116211
0.9523533582687378,345.6164245605469,28.679880142211914
1.5429418087005615,345.60125732421875,28.66666603088379
2.1007089614868164,345.5868225097656,28.676258087158203
2.705493927001953,345.5711669921875,28.681772232055664
3.291243076324463,345.5528564453125,28.68126106262207
3.89056396484375,345.5251159667969,28.68114471435547
4.435479640960693,345.5029296875,28.681514739990234
5.005448818206787,345.4810791015625,28.68143081665039
5.540203094482422,345.4548645019531,28.681529998779297
6.11566162109375,345.40924072265625,28.681568145751953
6.641232490539551,345.3577880859375,28.68132972717285
7.216460227966309,345.3092346191406,28.68103790283203
7.752816200256348,345.26593017578125,28.680646896362305
8.321632385253906,345.2174072265625,28.680465698242188
8.865228652954102,345.16912841796875,28.680622100830078
9.414229393005371,345.11199951171875,28.68059539794922
9.922433853149414,345.0514831542969,28.680118560791016
10.44032096862793,344.99603271484375,28.679906845092773
10.937520027160645,344.940673828125,28.68021011352539
11.451132774353027,344.86932373046875,28.681102752685547
12.075576782226562,344.7529296875,28.68203353881836
12.719257354736328,344.60137939453125,28.680896759033203
13.348848342895508,344.4525146484375,28.68117904663086
13.960899353027344,344.3125305175781,28.681673049926758
14.564719200134277,344.17022705078125,28.68195915222168
15.142589569091797,344.029296875,28.68267059326172
15.711015701293945,343.8709716796875,28.683372497558594
16.28395652770996,343.696533203125,28.683624267578125
16.846778869628906,343.5346984863281,28.68476676940918
17.38257598876953,343.3793029785156,28.685653686523438
17.93791961669922,343.2113342285156,28.686899185180664
18.465167999267578,343.03350830078125,28.688180923461914
19.014734268188477,342.83612060546875,28.68262481689453
19.62872886657715,342.6254577636719,28.68639373779297
20.257646560668945,342.40771484375,28.692623138427734
20.85068130493164,342.1976318359375,28.693798065185547
21.42978286743164,341.9744873046875,28.695951461791992
22.023771286010742,341.7305603027344,28.696992874145508
22.571128845214844,341.5155029296875,28.697969436645508
23.10025405883789,341.3056945800781,28.68630027770996
23.602069854736328,341.1044921875,28.697917938232422
24.14238739013672,340.8804016113281,28.704641342163086
24.648189544677734,340.65142822265625,28.704856872558594
25.159706115722656,340.4093322753906,28.705965042114258
25.655738830566406,340.1828308105469,28.707889556884766
26.16522979736328,339.9518127441406,28.709232330322266
26.655153274536133,339.7257080078125,28.710895538330078
27.12509536743164,339.498779296875,28.713665008544922
27.578079223632812,339.2609558105469,28.715850830078125
28.061033248901367,338.98565673828125,28.716087341308594
28.646484375,338.6505432128906,28.717308044433594
29.213363647460938,338.30902099609375,28.718889236450195
29.778350830078125,337.94647216796875,28.718936920166016
30.342313766479492,337.5953369140625,28.7197265625
30.901996612548828,337.2306823730469,28.720718383789062
31.438379287719727,336.8766784667969,28.722251892089844
31.94501495361328,336.5184326171875,28.72277069091797
32.45259475708008,336.1519470214844,28.723098754882812
32.9533576965332,335.7787780761719,28.722801208496094
33.45282745361328,335.39971923828125,28.72262954711914
33.932464599609375,335.03076171875,28.72268295288086
34.41231155395508,334.6500549316406,28.722015380859375
34.872901916503906,334.28070068359375,28.72146987915039
35.318817138671875,333.9017028808594,28.720077514648438
35.763877868652344,333.519287109375,28.71786117553711
36.143985748291016,333.1741638183594,28.70226287841797
36.57592010498047,332.7842102050781,28.71265983581543
36.98115921020508,332.4193115234375,28.715822219848633
37.39029312133789,332.0321960449219,28.713218688964844
37.77757263183594,331.66326904296875,28.711668014526367
38.184906005859375,331.2734680175781,28.709983825683594
38.56547546386719,330.8930969238281,28.707368850708008
38.95879364013672,330.503662109375,28.705463409423828
39.316524505615234,330.1376037597656,28.704225540161133
39.683380126953125,329.7418518066406,28.702255249023438
40.04024887084961,329.3623046875,28.700557708740234
40.403526306152344,328.97247314453125,28.698951721191406
40.85293960571289,328.46795654296875,28.69640350341797
41.20912170410156,328.0744934082031,28.694656372070312
41.557010650634766,327.67523193359375,28.692874908447266
41.98686599731445,327.17327880859375,28.69090461730957
42.315834045410156,326.7950744628906,28.689626693725586
42.73203659057617,326.2976989746094,28.687759399414062
43.05962371826172,325.9083251953125,28.686920166015625
43.47098922729492,325.41094970703125,28.68581199645996
43.88492965698242,324.9079895019531,28.684581756591797
44.28706741333008,324.413818359375,28.683435440063477
44.684104919433594,323.9131774902344,28.68220329284668
45.06996154785156,323.4195861816406,28.681724548339844
45.42369079589844,322.9290771484375,28.680599212646484
45.78816223144531,322.427978515625,28.679861068725586
46.17913818359375,321.88165283203125,28.665454864501953
46.53426742553711,321.3859558105469,28.669076919555664
46.88267517089844,320.893798828125,28.678791046142578
47.197837829589844,320.4199523925781,28.67918586730957
47.506290435791016,319.9085388183594,28.678539276123047
47.79063415527344,319.4078369140625,28.677478790283203
48.081031799316406,318.90673828125,28.676742553710938
48.379737854003906,318.40325927734375,28.676610946655273
48.6788444519043,317.9051818847656,28.676618576049805
48.964935302734375,317.41937255859375,28.674943923950195
49.27478790283203,316.894775390625,28.671701431274414
49.576873779296875,316.3841552734375,28.676551818847656
49.878761291503906,315.8612060546875,28.676925659179688
50.170928955078125,315.3465270996094,28.676712036132812
50.462135314941406,314.83489990234375,28.677078247070312
50.72511672973633,314.34613037109375,28.676559448242188
50.99085998535156,313.8509216308594,28.67601776123047
51.258724212646484,313.34942626953125,28.675859451293945
51.51448059082031,312.84332275390625,28.67521858215332
51.761573791503906,312.3597412109375,28.674821853637695
52.00977325439453,311.85321044921875,28.674076080322266
52.23870849609375,311.3658142089844,28.672672271728516
52.474430084228516,310.880615234375,28.67191505432129
52.71413040161133,310.38702392578125,28.671634674072266
52.94554901123047,309.9066467285156,28.670957565307617
53.17012023925781,309.43170166015625,28.670143127441406
53.38111114501953,308.95538330078125,28.669092178344727
53.58513641357422,308.47894287109375,28.667585372924805
53.79627990722656,308.0047302246094,28.665786743164062
54.00159454345703,307.5362548828125,28.663583755493164
54.202293395996094,307.067138671875,28.661056518554688
54.40178680419922,306.59832763671875,28.658977508544922
54.58598709106445,306.12835693359375,28.65700340270996
54.80977249145508,305.5052490234375,28.65317726135254
55.02932357788086,304.8869323730469,28.649974822998047
55.235443115234375,304.27191162109375,28.64682388305664
55.45011901855469,303.6513671875,28.643970489501953
55.658992767333984,303.0400390625,28.640954971313477
55.85748291015625,302.4406433105469,28.638378143310547
56.039371490478516,301.8325500488281,28.6353759765625
56.223907470703125,301.2386169433594,28.632856369018555
56.40760040283203,300.64715576171875,28.629989624023438
56.587520599365234,300.0612487792969,28.627010345458984
56.75835037231445,299.4725036621094,28.62474822998047
56.910743713378906,298.89813232421875,28.62381362915039
57.07139205932617,298.3291015625,28.622804641723633
57.25439453125,297.66839599609375,28.610395431518555
57.394500732421875,297.1597900390625,28.619417190551758
57.536766052246094,296.6302490234375,28.622028350830078
57.6616096496582,296.121826171875,28.62214469909668
57.79096984863281,295.5971374511719,28.62222671508789
57.914276123046875,295.0802307128906,28.62149429321289
58.037696838378906,294.5561218261719,28.620891571044922
58.15871047973633,294.0498352050781,28.620643615722656
58.27613830566406,293.553466796875,28.62024688720703
58.395687103271484,293.0474853515625,28.619110107421875
58.51513671875,292.53936767578125,28.61741828918457
58.66321563720703,291.887939453125,28.614830017089844
58.774497985839844,291.3949279785156,28.61272430419922
58.91265869140625,290.7474365234375,28.61025047302246
59.03074645996094,290.21490478515625,28.596982955932617
59.15633773803711,289.6441650390625,28.604766845703125
59.281654357910156,289.07208251953125,28.608470916748047
59.40361404418945,288.51275634765625,28.607316970825195
59.521217346191406,287.95263671875,28.6075439453125
59.63689422607422,287.40185546875,28.608097076416016
59.74525451660156,286.85601806640625,28.60858726501465
59.84164810180664,286.3052062988281,28.608665466308594
59.941558837890625,285.7548828125,28.609359741210938
60.030033111572266,285.23046875,28.61001968383789
60.120113372802734,284.69207763671875,28.610692977905273
60.206809997558594,284.182861328125,28.61153793334961
60.29106140136719,283.66363525390625,28.612335205078125
60.374351501464844,283.15264892578125,28.613353729248047
60.449485778808594,282.63671875,28.614076614379883
60.5181884765625,282.12646484375,28.613759994506836
60.58835220336914,281.6103210449219,28.613161087036133
60.652259826660156,281.0980224609375,28.60430335998535
60.740135192871094,280.4335632324219,28.59667205810547
60.82338333129883,279.7951965332031,28.60801887512207
60.90776824951172,279.14501953125,28.607824325561523
60.98666000366211,278.5316467285156,28.606380462646484
61.060890197753906,277.8890686035156,28.606159210205078
61.12487030029297,277.2804870605469,28.60499382019043
61.19307327270508,276.6460876464844,28.60375213623047
61.2464599609375,276.0451354980469,28.60306167602539
61.306861877441406,275.414306640625,28.602941513061523
61.363216400146484,274.79364013671875,28.6024169921875
61.41522216796875,274.1825866699219,28.601531982421875
61.46525955200195,273.6036071777344,28.600727081298828
61.50825500488281,272.9966125488281,28.60006332397461
61.550048828125,272.4311828613281,28.60032081604004
61.59351348876953,271.8701171875,28.600711822509766
61.640525817871094,271.2503967285156,28.58839988708496
61.69086837768555,270.5770263671875,28.596837997436523
61.7381477355957,269.9422912597656,28.601747512817383
61.792449951171875,269.2169494628906,28.589366912841797
61.830604553222656,268.7102355957031,28.595172882080078
61.86881637573242,268.20147705078125,28.602100372314453
61.90662384033203,267.6976623535156,28.604000091552734
61.96135330200195,266.9668273925781,28.604007720947266
62.016082763671875,266.23504638671875,28.606075286865234
62.06378936767578,265.51263427734375,28.608600616455078
62.09278106689453,264.7862854003906,28.609609603881836
62.12245178222656,264.0914306640625,28.611186981201172
62.15510559082031,263.3830261230469,28.613231658935547
62.185752868652344,262.6905517578125,28.615049362182617
62.21603012084961,261.98907470703125,28.616762161254883
62.245361328125,261.31146240234375,28.61873435974121
62.27501678466797,260.63128662109375,28.620948791503906
62.30393981933594,259.9679260253906,28.622966766357422
62.333343505859375,259.290283203125,28.624916076660156
62.360374450683594,258.6607971191406,28.626943588256836
62.38865661621094,258.003662109375,28.628971099853516
62.41608428955078,257.37432861328125,28.629322052001953
62.444358825683594,256.7232666015625,28.629287719726562
62.471580505371094,256.0908508300781,28.629817962646484
62.498779296875,255.4512176513672,28.630069732666016
62.524845123291016,254.84088134765625,28.630041122436523
62.551246643066406,254.22738647460938,28.629735946655273
62.57698059082031,253.62905883789062,28.62937355041504
62.60258865356445,253.03208923339844,28.628971099853516
62.62824249267578,252.43783569335938,28.628278732299805
62.65890121459961,251.84420776367188,28.62744140625
62.692440032958984,251.25558471679688,28.626548767089844
62.721683502197266,250.67453002929688,28.625722885131836
62.7529411315918,250.11190795898438,28.624969482421875
62.79491424560547,249.54806518554688,28.624441146850586
62.83745193481445,248.94656372070312,28.610979080200195
62.88514709472656,248.22927856445312,28.614782333374023
62.93254089355469,247.53268432617188,28.62403106689453
62.984947204589844,246.82821655273438,28.623807907104492
63.05036926269531,246.15887451171875,28.623634338378906
63.124176025390625,245.47610473632812,28.624614715576172
63.21599578857422,244.82662963867188,28.62512969970703
63.33736801147461,244.163818359375,28.62474822998047
63.454612731933594,243.52557373046875,28.625633239746094
63.563323974609375,242.89602661132812,28.62661361694336
63.66944885253906,242.29409790039062,28.6276798248291
63.781620025634766,241.66769409179688,28.629161834716797
63.89031982421875,241.0592041015625,28.630617141723633
63.99946212768555,240.4455108642578,28.632043838500977
64.10411834716797,239.8574981689453,28.63376808166504
64.20978546142578,239.26441955566406,28.63579559326172
64.30933380126953,238.7048797607422,28.63732147216797
64.41393280029297,238.11669921875,28.638532638549805
64.51435852050781,237.55215454101562,28.639747619628906
64.61656188964844,236.97801208496094,28.64029884338379
64.71319580078125,236.43539428710938,28.640300750732422
64.81375885009766,235.8702392578125,28.64025115966797
64.9109115600586,235.3240966796875,28.640411376953125
65.01148986816406,234.75836181640625,28.640758514404297
65.10576629638672,234.2277069091797,28.641054153442383
65.20216369628906,233.68251037597656,28.6413516998291
65.28900146484375,233.15614318847656,28.64175033569336
65.36457061767578,232.63088989257812,28.641881942749023
65.43637084960938,232.0958709716797,28.642412185668945
65.49522399902344,231.564208984375,28.642295837402344
65.5554428100586,231.0599365234375,28.642507553100586
65.61817169189453,230.547119140625,28.64275360107422
65.69644165039062,229.8767852783203,28.642919540405273
65.77101135253906,229.21778869628906,28.643070220947266
65.82109832763672,228.71878051757812,28.642784118652344
65.8915023803711,228.06008911132812,28.642288208007812
65.95027923583984,227.42025756835938,28.641523361206055
66.00611877441406,226.78189086914062,28.641401290893555
66.04240417480469,226.14593505859375,28.64099884033203
66.08294677734375,225.53211975097656,28.64099884033203
66.11900329589844,224.9181365966797,28.641759872436523
66.1295394897461,224.32077026367188,28.641971588134766
66.1300048828125,223.72425842285156,28.6417179107666
66.13948059082031,223.13427734375,28.642528533935547
66.14414978027344,222.59536743164062,28.655467987060547
66.14753723144531,222.02027893066406,28.636131286621094
66.15231323242188,221.46656799316406,28.631629943847656
66.15711975097656,220.9293212890625,28.642169952392578
66.16170501708984,220.41619873046875,28.645891189575195
66.16728973388672,219.81797790527344,28.63189697265625
66.17247772216797,219.255615234375,28.63812828063965
66.17733001708984,218.71368408203125,28.646923065185547
66.18232727050781,218.16616821289062,28.646272659301758
66.18746185302734,217.6188507080078,28.645959854125977
66.19463348388672,217.07359313964844,28.64546775817871
66.21102905273438,216.55917358398438,28.643903732299805
66.22836303710938,216.02508544921875,28.642974853515625
66.24044036865234,215.51507568359375,28.642791748046875
66.2581558227539,215.00283813476562,28.64280128479004
66.29209899902344,214.48931884765625,28.64295196533203
66.3457260131836,213.98992919921875,28.642396926879883
66.43185424804688,213.341796875,28.640865325927734
66.51481628417969,212.70361328125,28.640628814697266
66.61134338378906,212.07852172851562,28.639968872070312
66.70578002929688,211.4269256591797,28.638465881347656
66.79042053222656,210.85205078125,28.621780395507812
66.8901596069336,210.1784210205078,28.632421493530273
66.98400115966797,209.54278564453125,28.640026092529297
67.08061218261719,208.8856201171875,28.639747619628906
67.17024230957031,208.27484130859375,28.640810012817383
67.26432800292969,207.6349639892578,28.642074584960938
67.35347747802734,207.02841186523438,28.642574310302734
67.445068359375,206.40463256835938,28.64349365234375
67.53111267089844,205.81744384765625,28.644975662231445
67.62147521972656,205.2010955810547,28.646663665771484
67.71154022216797,204.58766174316406,28.640945434570312
67.82450103759766,203.81922912597656,28.630451202392578
67.90048217773438,203.30148315429688,28.642776489257812
67.97740173339844,202.77699279785156,28.65338134765625
68.05274963378906,202.26356506347656,28.657154083251953
68.12825775146484,201.74899291992188,28.658733367919922
68.205078125,201.2257080078125,28.660770416259766
68.28123474121094,200.70849609375,28.66277313232422
68.35539245605469,200.20533752441406,28.664020538330078
68.42964935302734,199.7003936767578,28.66461753845215
68.50489807128906,199.18795776367188,28.665374755859375
68.57850646972656,198.6863555908203,28.666563034057617
68.6533203125,198.17706298828125,28.66762351989746
68.75753784179688,197.46815490722656,28.668262481689453
68.86482238769531,196.73861694335938,28.66805648803711
68.96775817871094,196.03854370117188,28.668075561523438
69.07317352294922,195.32005310058594,28.668867111206055
69.17515563964844,194.62277221679688,28.67007064819336
69.27226257324219,193.91455078125,28.67171287536621
69.35179138183594,193.25123596191406,28.672834396362305
69.44062805175781,192.554931640625,28.67461585998535
69.51759338378906,191.89193725585938,28.676387786865234
69.58975982666016,191.2161407470703,28.678081512451172
69.652587890625,190.57345581054688,28.67962646484375
69.69407653808594,189.91058349609375,28.680021286010742
69.72904205322266,189.2675323486328,28.680980682373047
69.76113891601562,188.62156677246094,28.682741165161133
69.78425598144531,187.98492431640625,28.684022903442383
69.81171417236328,187.3583526611328,28.68445587158203
69.83638000488281,186.77394104003906,28.68463134765625
69.85782623291016,186.15591430664062,28.6850643157959
69.87047576904297,185.56297302246094,28.685306549072266
69.8884506225586,184.9617156982422,28.685569763183594
69.90556335449219,184.3927001953125,28.684289932250977
69.92552185058594,183.69863891601562,28.673364639282227
69.94390869140625,183.04037475585938,28.683231353759766
69.96139526367188,182.33367919921875,28.684978485107422
69.96565246582031,181.65187072753906,28.683837890625
69.97127532958984,180.9730224609375,28.683963775634766
69.97428894042969,180.34124755859375,28.683300018310547
69.96504974365234,179.67140197753906,28.6809024810791
69.96125793457031,179.05555725097656,28.679269790649414
69.95793914794922,178.400634765625,28.678325653076172
69.95394134521484,177.76893615722656,28.677419662475586
69.94935607910156,177.12289428710938,28.67627716064453
69.94503784179688,176.50299072265625,28.675182342529297
69.94071960449219,175.86328125,28.674243927001953
69.93645477294922,175.2313690185547,28.673755645751953
69.93214416503906,174.59896850585938,28.67331886291504
69.92780303955078,173.97283935546875,28.673084259033203
69.92349243164062,173.35293579101562,28.672929763793945
69.91929626464844,172.75146484375,28.672760009765625
69.9149169921875,172.15728759765625,28.67264175415039
69.91061401367188,171.58831787109375,28.67266845703125
69.90634155273438,171.00352478027344,28.673215866088867
69.90475463867188,170.4493865966797,28.674152374267578
69.9175033569336,169.88461303710938,28.67494773864746
69.94548797607422,169.32913208007812,28.674680709838867
69.96897888183594,168.77227783203125,28.674909591674805
69.98680877685547,168.24859619140625,28.675533294677734
70.00887298583984,167.71286010742188,28.676342010498047
70.03831481933594,167.19566345214844,28.677265167236328
70.07904052734375,166.66534423828125,28.67752456665039
70.11210632324219,166.1620330810547,28.677852630615234
70.14898681640625,165.64053344726562,28.67870330810547
70.2027359008789,165.13941955566406,28.679943084716797
70.27781677246094,164.63943481445312,28.67847442626953
70.379638671875,164.04776000976562,28.663145065307617
70.4911117553711,163.39817810058594,28.677549362182617
70.59165954589844,162.79037475585938,28.68295669555664
70.6983642578125,162.1582489013672,28.683225631713867
70.79936218261719,161.5678253173828,28.684616088867188
70.90377044677734,160.9560089111328,28.685213088989258
71.00365447998047,160.3690643310547,28.684173583984375
71.1229248046875,159.6676483154297,28.674503326416016
71.23394775390625,159.01486206054688,28.682947158813477
71.35090637207031,158.32716369628906,28.684310913085938
71.46072387695312,157.68064880371094,28.68376922607422
71.57759094238281,156.99319458007812,28.68423080444336
71.68572998046875,156.35748291015625,28.6844539642334
71.79795837402344,155.69683837890625,28.685068130493164
71.90226745605469,155.08213806152344,28.68622589111328
72.010498046875,154.44529724121094,28.687437057495117
72.11529541015625,153.82879638671875,28.688270568847656
72.22074127197266,153.20773315429688,28.68912124633789
72.32391357421875,152.59986877441406,28.69025230407715
72.4256362915039,152.0006103515625,28.691986083984375
72.5246810913086,151.41798400878906,28.693862915039062
72.62781524658203,150.8112335205078,28.6960391998291
72.72405242919922,150.24569702148438,28.697792053222656
72.82372283935547,149.64840698242188,28.699462890625
72.90675354003906,149.07666015625,28.700481414794922
72.98420715332031,148.4902801513672,28.701295852661133
73.05962371826172,147.94532775878906,28.702301025390625
73.12323760986328,147.3762664794922,28.702564239501953
73.18247985839844,146.8289794921875,28.702802658081055
73.23943328857422,146.2805938720703,28.703269958496094
73.28282928466797,145.73394775390625,28.70332145690918
73.32997131347656,145.19454956054688,28.703693389892578
73.37273406982422,144.67091369628906,28.703886032104492
73.41120147705078,144.1314239501953,28.703584671020508
73.45069885253906,143.6223602294922,28.70339584350586
73.48451232910156,143.10272216796875,28.703264236450195
73.51314544677734,142.58160400390625,28.70318603515625
73.53885650634766,142.07235717773438,28.703392028808594
73.55087280273438,141.40589904785156,28.702659606933594
73.56846618652344,140.73629760742188,28.702354431152344
73.58650970458984,140.08920288085938,28.702001571655273
73.60150909423828,139.453125,28.701248168945312
73.61719512939453,138.81640625,28.700578689575195
73.63131713867188,138.18212890625,28.700162887573242
73.64359283447266,137.54681396484375,28.693653106689453
73.65666198730469,136.9526824951172,28.686344146728516
73.66929626464844,136.3511962890625,28.698017120361328
73.68152618408203,135.7666015625,28.698898315429688
73.69403076171875,135.1717987060547,28.698087692260742
73.70619201660156,134.59207153320312,28.698196411132812
73.71805572509766,134.02552795410156,28.697669982910156
73.73009490966797,133.4558563232422,28.697330474853516
73.74234771728516,132.8819122314453,28.697635650634766
73.75292205810547,132.32278442382812,28.698129653930664
73.75824737548828,131.7735595703125,28.698307037353516
73.76651763916016,131.20521545410156,28.698486328125
73.7747802734375,130.66346740722656,28.699073791503906
73.78209686279297,130.12115478515625,28.699966430664062
73.78500366210938,129.58468627929688,28.70057487487793
73.78848266601562,129.0393524169922,28.701011657714844
73.79353332519531,128.4962615966797,28.70153045654297
73.79778289794922,127.966552734375,28.70197296142578
73.80221557617188,127.37464141845703,28.689117431640625
73.80773162841797,126.65473937988281,28.68857192993164
73.81298065185547,125.96417999267578,28.701858520507812
73.81854248046875,125.24392700195312,28.70293617248535
73.82405090332031,124.52591705322266,28.703006744384766
73.82939910888672,123.82994842529297,28.703453063964844
73.83470153808594,123.13955688476562,28.702987670898438
73.8399429321289,122.4488525390625,28.70262908935547
73.84495544433594,121.78915405273438,28.702829360961914
73.84800720214844,121.1141128540039,28.703033447265625
73.84498596191406,120.46224975585938,28.702537536621094
73.84551239013672,119.8183822631836,28.701446533203125
73.84597778320312,119.17596435546875,28.70050048828125
73.84577178955078,118.53430938720703,28.699583053588867
73.84536743164062,117.89263916015625,28.698505401611328
73.84513854980469,117.26805114746094,28.696266174316406
73.84500885009766,116.50529479980469,28.678997039794922
73.84478759765625,115.92236328125,28.677099227905273
73.84466552734375,115.3552017211914,28.68905258178711
73.84465789794922,114.76387786865234,28.695220947265625
73.84477233886719,114.11222839355469,28.686805725097656
73.84483337402344,113.40921020507812,28.682558059692383
73.84461212158203,112.65611267089844,28.683673858642578
73.84463500976562,111.85221099853516,28.687969207763672
73.84490203857422,111.04379272460938,28.70024871826172
73.84500122070312,110.28346252441406,28.708576202392578
73.84501647949219,109.4869155883789,28.71263885498047
73.84480285644531,108.68820190429688,28.714927673339844
73.84434509277344,107.91691589355469,28.714534759521484
73.84394836425781,107.12523651123047,28.71192169189453
73.8434829711914,106.33865356445312,28.708229064941406
73.84266662597656,105.58785247802734,28.70463752746582
73.84175109863281,104.82649993896484,28.703041076660156
73.84114837646484,104.05595397949219,28.702945709228516
73.8406753540039,103.29485321044922,28.703834533691406
73.84024047851562,102.56695556640625,28.704818725585938
73.83975219726562,101.82012176513672,28.705455780029297
73.83918762207031,101.07505798339844,28.70575714111328
73.838623046875,100.3548583984375,28.70578384399414
73.83798217773438,99.60116577148438,28.70576286315918
73.83734130859375,98.87533569335938,28.705398559570312
73.8366928100586,98.13127136230469,28.704708099365234
73.83611297607422,97.41702270507812,28.704341888427734
73.83563232421875,96.72534942626953,28.704357147216797
73.83509826660156,96.01904296875,28.704486846923828
73.83452606201172,95.3172607421875,28.704612731933594
73.83399963378906,94.6595458984375,28.70468521118164
73.83368682861328,93.93856811523438,28.699737548828125
73.83338928222656,93.21353912353516,28.69198989868164
73.83271789550781,92.47063446044922,28.6939697265625
73.83194732666016,91.7232666015625,28.701454162597656
73.83370971679688,90.94972229003906,28.70476531982422
73.84528350830078,90.20423889160156,28.705135345458984
73.86116027832031,89.43211364746094,28.705562591552734
73.87401580810547,88.71772003173828,28.706424713134766
73.88591003417969,87.99020385742188,28.707015991210938
73.8982925415039,87.21949005126953,28.7055606842041
73.91143798828125,86.43116760253906,28.69695472717285
73.92520904541016,85.59674072265625,28.691526412963867
73.9393310546875,84.7288589477539,28.691781997680664
73.95352935791016,83.85548400878906,28.702939987182617
73.96717071533203,83.0142822265625,28.711849212646484
73.98152923583984,82.11963653564453,28.711708068847656
73.99686431884766,81.1572265625,28.706968307495117
74.01187133789062,80.22063446044922,28.710498809814453
74.02737426757812,79.252197265625,28.717702865600586
74.0423812866211,78.31858825683594,28.71657943725586
74.05750274658203,77.38340759277344,28.710630416870117
74.07182312011719,76.4376220703125,28.706531524658203
74.07756042480469,75.49017333984375,28.705446243286133
74.07649993896484,74.56826782226562,28.705774307250977
74.07593536376953,73.64804077148438,28.706073760986328
74.07662963867188,72.70353698730469,28.705997467041016
74.07780456542969,71.79092407226562,28.705875396728516
74.07888793945312,70.87939453125,28.706327438354492
74.07989501953125,69.9454116821289,28.707624435424805
74.08072662353516,69.06219482421875,28.704092025756836
74.08157348632812,68.05827331542969,28.697437286376953
74.08244323730469,67.02476501464844,28.69540023803711
74.08328247070312,66.0136947631836,28.700626373291016
74.08366394042969,65.50894927978516,28.706026077270508
74.08409118652344,64.96334075927734,28.71087646484375
74.08493041992188,63.93397903442383,28.71538543701172
74.08538055419922,63.3914680480957,28.7158260345459
74.08588409423828,62.85023498535156,28.715789794921875
74.08724975585938,62.34233856201172,28.71562385559082
74.0907211303711,61.80363845825195,28.71537208557129
74.09921264648438,60.797027587890625,28.715068817138672
74.10746765136719,59.798187255859375,28.715282440185547
74.11163330078125,59.26566696166992,28.715513229370117
74.11564636230469,58.73270797729492,28.71511459350586
74.12322998046875,57.68723678588867,28.708049774169922
74.13111877441406,56.618465423583984,28.704856872558594
74.13529205322266,56.060813903808594,28.70889663696289
74.13960266113281,55.48937225341797,28.71438980102539
74.14356994628906,54.96547317504883,28.718734741210938
74.14791870117188,54.396366119384766,28.721935272216797
74.15184783935547,53.88436508178711,28.72359848022461
74.15620422363281,53.317501068115234,28.724559783935547
74.16023254394531,52.80135726928711,28.72388458251953
74.16488647460938,52.22168731689453,28.7203369140625
74.16927337646484,51.686344146728516,28.716999053955078
74.17408752441406,51.08415603637695,28.714397430419922
74.17811584472656,50.56610870361328,28.71381378173828
74.18280029296875,49.95431900024414,28.717798233032227
74.18701934814453,49.400516510009766,28.723060607910156
74.19166564941406,48.79157257080078,28.72804832458496
74.19606018066406,48.211395263671875,28.7310848236084
74.20059967041016,47.60468292236328,28.732637405395508
74.20455169677734,47.072120666503906,28.73239517211914
74.2091064453125,46.454612731933594,28.728456497192383
74.21308898925781,45.91087341308594,28.72467041015625
74.21780395507812,45.272254943847656,28.72146224975586
74.22246551513672,44.6417236328125,28.72115707397461
74.22725677490234,43.995723724365234,28.725685119628906
74.23153686523438,43.42182159423828,28.730972290039062
74.23635864257812,42.778656005859375,28.736156463623047
74.24089050292969,42.17756271362305,28.73953628540039
74.24571228027344,41.535194396972656,28.740951538085938
74.2505111694336,40.897239685058594,28.73764991760254
74.25547790527344,40.23248291015625,28.73284339904785
74.25984191894531,39.64369583129883,28.73021697998047
74.26481628417969,38.97282791137695,28.731304168701172
74.2690658569336,38.39783477783203,28.733535766601562
74.27397155761719,37.729652404785156,28.735857009887695
74.27835845947266,37.12942886352539,28.737043380737305
74.28323364257812,36.4635009765625,28.737279891967773
74.28727722167969,35.91351318359375,28.73684310913086
74.29218292236328,35.24980926513672,28.73597526550293
74.29682922363281,34.62387466430664,28.735126495361328
74.30175018310547,33.96269226074219,28.734413146972656
74.30607604980469,33.380306243896484,28.734066009521484
74.31096649169922,32.72166061401367,28.73392677307129
74.31503295898438,32.17303466796875,28.73391342163086
74.31985473632812,31.516868591308594,28.733917236328125
74.32437133789062,30.893943786621094,28.733928680419922
74.32903289794922,30.24582862854004,28.733966827392578
74.33332824707031,29.64860725402832,28.734006881713867
74.33800506591797,28.997692108154297,28.73427391052246
74.34205627441406,28.434642791748047,28.734712600708008
74.34672546386719,27.786277770996094,28.735273361206055
74.35115051269531,27.17673110961914,28.735675811767578
74.35585021972656,26.530948638916016,28.735929489135742
74.36019134521484,25.939228057861328,28.735919952392578
74.36495208740234,25.29595947265625,28.735692977905273
74.36874389648438,24.786272048950195,28.735427856445312
74.37350463867188,24.145374298095703,28.735092163085938
74.37789916992188,23.55137062072754,28.73397445678711
74.38267517089844,22.898893356323242,28.729785919189453
74.38670349121094,22.33967399597168,28.725807189941406
74.39151000976562,21.669076919555664,28.723379135131836
74.39594268798828,21.050838470458984,28.725177764892578
74.40072631835938,20.383161544799805,28.728496551513672
74.40489196777344,19.79888153076172,28.730937957763672
74.40961456298828,19.133535385131836,28.732494354248047
74.41364288330078,18.563880920410156,28.732402801513672
74.41850280761719,17.88876724243164,28.7283878326416
74.42250061035156,17.339200973510742,28.724266052246094
74.42758178710938,16.643346786499023,28.719762802124023
74.4321060180664,16.017166137695312,28.716957092285156
74.4372329711914,15.302080154418945,28.716806411743164
74.44198608398438,14.631929397583008,28.720691680908203
74.44700622558594,13.919797897338867,28.72539520263672
74.4520263671875,13.20889949798584,28.72871208190918
74.45706176757812,12.499156951904297,28.730213165283203
74.46133422851562,11.897950172424316,28.7296199798584
74.4664306640625,11.181059837341309,28.725353240966797
74.47124481201172,10.513861656188965,28.72112464904785
74.47659301757812,9.770894050598145,28.71761131286621
74.48081970214844,9.17760181427002,28.716007232666016
74.48621368408203,8.412491798400879,28.7152099609375
74.49117279052734,7.698884010314941,28.71501922607422
74.49657440185547,6.914183139801025,28.716978073120117
74.50140380859375,6.209534168243408,28.721553802490234
74.50666046142578,5.427918434143066,28.726436614990234
74.51127624511719,4.729925155639648,28.729175567626953
74.51644134521484,3.950526237487793,28.730335235595703
74.52157592773438,3.1744210720062256,28.73047637939453
74.5266342163086,2.3975958824157715,28.73050308227539
74.53102111816406,1.7132524251937866,28.731142044067383
74.53597259521484,0.9391844272613525,28.73256492614746
74.5401382446289,0.2901589870452881,28.733654022216797
74.54496002197266,-0.4813549220561981,28.734338760375977
74.54938507080078,-1.2090215682983398,28.733762741088867
74.55406951904297,-1.978020429611206,28.73189926147461
74.55799865722656,-2.6169204711914062,28.729928970336914
74.56267547607422,-3.3834140300750732,28.72757339477539
74.56681823730469,-4.064784526824951,28.726177215576172
74.57152557373047,-4.828521251678467,28.72561264038086
74.57575988769531,-5.508893013000488,28.72608184814453
74.58055877685547,-6.269798278808594,28.72760009765625
74.58485412597656,-6.938802242279053,28.729637145996094
74.58979797363281,-7.69685173034668,28.732458114624023
74.59398651123047,-8.339644432067871,28.734905242919922
74.59894561767578,-9.094927787780762,28.73761558532715
74.60380554199219,-9.825956344604492,28.7398681640625
74.6087875366211,-10.578310012817383,28.741859436035156
74.61287689208984,-11.20671558380127,28.74323844909668
74.61770629882812,-11.956391334533691,28.744417190551758
74.62213134765625,-12.64160442352295,28.745128631591797
74.626953125,-13.388581275939941,28.745487213134766
74.63143920898438,-14.084714889526367,28.745624542236328
74.63626098632812,-14.828941345214844,28.74594497680664
74.64078521728516,-15.51853084564209,28.746517181396484
74.64566802978516,-16.259990692138672,28.747337341308594
74.6495361328125,-16.8487548828125,28.748079299926758
74.65435791015625,-17.587675094604492,28.748933792114258
74.65869140625,-18.260602951049805,28.749542236328125
74.66319274902344,-18.98011589050293,28.74965476989746
74.66751861572266,-19.685304641723633,28.7491397857666
74.67198944091797,-20.419050216674805,28.74810791015625
74.67599487304688,-21.084096908569336,28.746631622314453
74.68026733398438,-21.815338134765625,28.74492073059082
74.68400573730469,-22.45524787902832,28.74361801147461
74.68833923339844,-23.183935165405273,28.742464065551758
74.6919937133789,-23.793031692504883,28.741758346557617
74.69639587402344,-24.519207000732422,28.741230010986328
74.70032501220703,-25.15689468383789,28.74111557006836
74.704833984375,-25.88044548034668,28.741268157958984
74.70890045166016,-26.533340454101562,28.741741180419922
74.71342468261719,-27.25069236755371,28.74270248413086
74.71792602539062,-27.945890426635742,28.743898391723633
74.72260284423828,-28.66383934020996,28.745317459106445
74.72667694091797,-29.297119140625,28.74656867980957
74.7313003540039,-30.012340545654297,28.74800682067871
74.7354736328125,-30.636653900146484,28.74927520751953
74.74029541015625,-31.34307861328125,28.750865936279297
74.74444580078125,-31.957040786743164,28.75181007385254
74.74943542480469,-32.68000030517578,28.75018882751465
74.75361633300781,-33.27672576904297,28.74864959716797
74.75869750976562,-34.018672943115234,28.748943328857422
74.76310729980469,-34.689701080322266,28.753623962402344
74.76768493652344,-35.40217971801758,28.759458541870117
74.77167510986328,-36.03661346435547,28.76262664794922
74.77618408203125,-36.773929595947266,28.762779235839844
74.77963256835938,-37.35619354248047,28.75992202758789
74.78397369384766,-38.091854095458984,28.75385093688965
74.7880630493164,-38.78462219238281,28.747859954833984
74.7923812866211,-39.51789474487305,28.742687225341797
74.79620361328125,-40.158905029296875,28.740036010742188
74.8006362915039,-40.8895263671875,28.739015579223633
74.8045654296875,-41.53285217285156,28.73946762084961
74.80902099609375,-42.26081085205078,28.740795135498047
74.81320190429688,-42.9430046081543,28.74217414855957
74.81754302978516,-43.65062713623047,28.74321937561035
74.82183074951172,-44.34832000732422,28.743568420410156
74.82623291015625,-45.070960998535156,28.743101119995117
74.8302001953125,-45.73023986816406,28.742355346679688
74.83454895019531,-46.450157165527344,28.7418212890625
74.83856201171875,-47.116363525390625,28.741113662719727
74.843017578125,-47.84715270996094,28.738697052001953
74.8468017578125,-48.46213912963867,28.737173080444336
74.85137939453125,-49.21413803100586,28.737010955810547
74.85538482666016,-49.88621520996094,28.738346099853516
74.8599624633789,-50.65890884399414,28.741424560546875
74.864013671875,-51.34380340576172,28.746685028076172
74.86845397949219,-52.11436462402344,28.751863479614258
74.87228393554688,-52.78948211669922,28.754180908203125
74.87657928466797,-53.55782699584961,28.754615783691406
74.8803939819336,-54.24552917480469,28.753820419311523
74.88463592529297,-55.01154708862305,28.752452850341797
74.88839721679688,-55.68766403198242,28.75126075744629
74.8927230834961,-56.45116424560547,28.75050163269043
74.8966064453125,-57.132568359375,28.750659942626953
74.90095520019531,-57.89332962036133,28.75149917602539
74.90465545654297,-58.54069900512695,28.752498626708984
74.90897369384766,-59.298789978027344,28.753690719604492
74.91282653808594,-59.97814178466797,28.754487991333008
74.91693878173828,-60.72083282470703,28.755008697509766
74.92044067382812,-61.356231689453125,28.755260467529297
74.92457580566406,-62.10901641845703,28.755395889282227
74.9280776977539,-62.743080139160156,28.755355834960938
74.9322280883789,-63.493282318115234,28.75516128540039
74.93639373779297,-64.24090576171875,28.754905700683594
74.94058227539062,-64.98834991455078,28.754655838012695
74.94447326660156,-65.67996215820312,28.75436782836914
74.94866943359375,-66.42474365234375,28.754072189331055
74.95227813720703,-67.06067657470703,28.754045486450195
74.95646667480469,-67.80281066894531,28.75440216064453
74.96024322509766,-68.4773941040039,28.75516700744629
74.9643783569336,-69.21672058105469,28.756526947021484
74.96774291992188,-69.81616973876953,28.757837295532227
74.97188568115234,-70.55284118652344,28.75948715209961
74.9749984741211,-71.10742950439453,28.76058006286621
74.97914123535156,-71.84164428710938,28.76150131225586
74.98283386230469,-72.49478912353516,28.761791229248047
74.98693084716797,-73.22643280029297,28.761581420898438
74.99078369140625,-73.91837310791016,28.76105499267578
74.99481201171875,-74.64735412597656,28.760356903076172
74.99821472167969,-75.26032257080078,28.75975799560547
75.00228118896484,-75.9867935180664,28.759159088134766
75.00602722167969,-76.65110778808594,28.758712768554688
75.0101318359375,-77.37494659423828,28.758329391479492
75.013671875,-77.9989242553711,28.758201599121094
75.01776885986328,-78.72021484375,28.758100509643555
75.0211410522461,-79.32064056396484,28.7579345703125
75.02511596679688,-80.03944396972656,28.757659912109375
75.02840423583984,-80.64140319824219,28.757307052612305
75.0322265625,-81.35773468017578,28.756685256958008
75.03535461425781,-81.95411682128906,28.756160736083984
75.03907775878906,-82.66796112060547,28.75554656982422
75.0422134399414,-83.2635269165039,28.755081176757812
75.04596710205078,-83.97488403320312,28.754539489746094
75.0490493774414,-84.5540771484375,28.75412368774414
75.0528564453125,-85.26298522949219,28.753620147705078
75.05596160888672,-85.83434295654297,28.753219604492188
75.05980682373047,-86.54078674316406,28.752878189086914
75.0628890991211,-87.10003662109375,28.75282096862793
75.06684875488281,-87.80396270751953,28.75309944152832
75.07022094726562,-88.39764404296875,28.753707885742188
75.0741958618164,-89.09892272949219,28.754671096801758
75.07771301269531,-89.72184753417969,28.755603790283203
75.08169555664062,-90.42048645019531,28.75658416748047
75.0853500366211,-91.05951690673828,28.7570858001709
75.08929443359375,-91.75558471679688,28.757213592529297
75.09252166748047,-92.33455657958984,28.75701332092285
75.09635162353516,-93.01875305175781,28.756427764892578
75.0995101928711,-93.58525848388672,28.755794525146484
75.10337829589844,-94.27647399902344,28.755041122436523
75.10661315917969,-94.85505676269531,28.754484176635742
75.1104507446289,-95.5438232421875,28.75381851196289
75.11370849609375,-96.12785339355469,28.753232955932617
75.11752319335938,-96.814208984375,28.75248146057129
75.12073516845703,-97.39834594726562,28.751785278320312
75.12447357177734,-98.08226776123047,28.75092887878418
75.12776184082031,-98.68667602539062,28.75018310546875
75.13143920898438,-99.36811828613281,28.749296188354492
75.1343994140625,-99.92906188964844,28.748376846313477
75.13792419433594,-100.59891510009766,28.74692726135254
75.14088439941406,-101.15875244140625,28.745498657226562
75.14447021484375,-101.83564758300781,28.74348258972168
75.14746856689453,-102.40241241455078,28.741636276245117
75.15104675292969,-103.0770263671875,28.739404678344727
75.15420532226562,-103.66749572753906,28.737470626831055
75.15776062011719,-104.32907104492188,28.73537826538086
75.16082000732422,-104.89859008789062,28.733680725097656
75.1644287109375,-105.56852722167969,28.731853485107422
75.16740417480469,-106.11495971679688,28.730545043945312
75.1710205078125,-106.78256225585938,28.72914695739746
75.1739730834961,-107.3278579711914,28.728214263916016
75.17755889892578,-107.99103546142578,28.72739601135254
75.18064880371094,-108.55473327636719,28.7269287109375
75.184326171875,-109.21747589111328,28.726608276367188
75.1874771118164,-109.78396606445312,28.7264461517334
75.1911392211914,-110.44425201416016,28.726186752319336
75.19427490234375,-111.00715637207031,28.725915908813477
75.1977310180664,-111.62129211425781,28.72549057006836
75.20089721679688,-112.18684387207031,28.725038528442383
75.20453643798828,-112.84232330322266,28.724512100219727
75.20750427246094,-113.3808822631836,28.724117279052734
75.21109008789062,-114.03394317626953,28.72370147705078
75.2140121459961,-114.56642150878906,28.723445892333984
75.21749114990234,-115.19462585449219,28.72327995300293
75.22044372558594,-115.72544860839844,28.723224639892578
75.22401428222656,-116.36559295654297,28.72320556640625
75.22685241699219,-116.87139892578125,28.723251342773438
75.23051452636719,-117.51728820800781,28.72327423095703
75.23362731933594,-118.06498718261719,28.723203659057617
75.23723602294922,-118.70846557617188,28.723011016845703
75.2402572631836,-119.24896240234375,28.72262191772461
75.24378967285156,-119.89010620117188,28.721723556518555
75.2496337890625,-120.98078918457031,28.719356536865234
75.25252532958984,-121.52665710449219,28.717914581298828
75.25589752197266,-122.163330078125,28.716384887695312
75.25890350341797,-122.7348861694336,28.715404510498047
75.26221466064453,-123.36902618408203,28.714805603027344
75.26484680175781,-123.87257385253906,28.714771270751953
75.26814270019531,-124.49551391601562,28.715118408203125
75.27130126953125,-125.08843994140625,28.71564483642578
75.27458190917969,-125.70027160644531,28.716156005859375
75.27748107910156,-126.24005126953125,28.716487884521484
75.28087615966797,-126.86672973632812,28.71673583984375
75.2868423461914,-127.9598617553711,28.716957092285156
75.28986358642578,-128.51309204101562,28.71721649169922
75.29314422607422,-129.11013793945312,28.717777252197266
75.29603576660156,-129.63027954101562,28.718505859375
75.29953002929688,-130.24948120117188,28.71975326538086
75.30571746826172,-131.36199951171875,28.722373962402344
75.30857849121094,-131.8788604736328,28.723356246948242
75.31195831298828,-132.48826599121094,28.724227905273438
75.31484985351562,-133.0090789794922,28.72473907470703
75.31822967529297,-133.62081909179688,28.72518539428711
75.32416534423828,-134.70460510253906,28.726173400878906
75.32990264892578,-135.76527404785156,28.727968215942383
75.33567810058594,-136.8408966064453,28.730289459228516
75.34147644042969,-137.9086151123047,28.73258399963379
75.34732055664062,-138.97792053222656,28.734012603759766
75.353271484375,-140.069091796875,28.7342529296875
75.35911560058594,-141.12525939941406,28.732934951782227
75.36455535888672,-142.13644409179688,28.732479095458984
75.37008666992188,-143.1855926513672,28.732879638671875
75.37273406982422,-143.6908416748047,28.732995986938477
75.3757553100586,-144.26792907714844,28.732507705688477
75.37855529785156,-144.8037872314453,28.73126792907715
75.38165283203125,-145.38987731933594,28.729318618774414
75.3870620727539,-146.40768432617188,28.72559356689453
75.392822265625,-147.47035217285156,28.72279930114746
75.39593505859375,-148.03170776367188,28.722171783447266
75.39912414550781,-148.61073303222656,28.72205352783203
75.40216827392578,-149.1619873046875,28.72249984741211
75.40538787841797,-149.73838806152344,28.7233829498291
75.4112548828125,-150.78173828125,28.725303649902344
75.41712188720703,-151.82919311523438,28.726886749267578
75.42281341552734,-152.86083984375,28.726707458496094
75.4285659790039,-153.91102600097656,28.72603416442871
75.4312973022461,-154.41212463378906,28.72591781616211
75.43431854248047,-154.9686279296875,28.726119995117188
75.44010925292969,-156.0192413330078,28.72745704650879
75.44564056396484,-157.03225708007812,28.728755950927734
75.45115661621094,-158.0397491455078,28.729047775268555
75.45681762695312,-159.06072998046875,28.72786521911621
75.46234893798828,-160.0933074951172,28.72422218322754
75.46765899658203,-161.07998657226562,28.719284057617188
75.47307586669922,-162.0985870361328,28.7136173248291
75.47859191894531,-163.10604858398438,28.708969116210938
75.48430633544922,-164.14309692382812,28.705856323242188
75.48991394042969,-165.15789794921875,28.704818725585938
75.49540710449219,-166.15274047851562,28.705135345458984
75.50071716308594,-167.12893676757812,28.70525550842285
75.50343322753906,-167.64268493652344,28.704788208007812
75.50621795654297,-168.1781463623047,28.703840255737305
75.51118469238281,-169.12188720703125,28.70110321044922
75.51651000976562,-170.13546752929688,28.697959899902344
75.52151489257812,-171.12338256835938,28.696346282958984
75.52671813964844,-172.10350036621094,28.69708251953125
75.53207397460938,-173.10569763183594,28.699539184570312
75.53707122802734,-174.0331268310547,28.702930450439453
75.54230499267578,-175.00418090820312,28.70677947998047
75.5475082397461,-175.96975708007812,28.709636688232422
75.552490234375,-176.88665771484375,28.71056365966797
75.55745697021484,-177.83078002929688,28.709653854370117
75.56237030029297,-178.7705078125,28.70807456970215
75.56730651855469,-179.72605895996094,28.7073974609375
75.57212829589844,-180.63873291015625,28.70782470703125
75.57728576660156,-181.60565185546875,28.708683013916016
75.58226776123047,-182.53515625,28.70963478088379
75.58714294433594,-183.41452026367188,28.710643768310547
75.59237670898438,-184.3406219482422,28.711837768554688
75.59748077392578,-185.24331665039062,28.712879180908203
75.6024169921875,-186.10748291015625,28.714147567749023
75.60736846923828,-186.9796600341797,28.716266632080078
75.61248779296875,-187.9049072265625,28.71895408630371
75.61717224121094,-188.73870849609375,28.72079849243164
75.6220703125,-189.6190948486328,28.72138023376465
75.6270980834961,-190.52825927734375,28.72062873840332
75.63195037841797,-191.4064483642578,28.7193603515625
75.63665008544922,-192.26893615722656,28.718162536621094
75.64141082763672,-193.1459197998047,28.71733856201172
75.64611053466797,-194.0181884765625,28.71724510192871
75.65061950683594,-194.85931396484375,28.717761993408203
75.65547180175781,-195.74961853027344,28.71853256225586
75.6601333618164,-196.59124755859375,28.71900177001953
75.66477966308594,-197.41769409179688,28.719173431396484
75.66987609863281,-198.31741333007812,28.722248077392578
75.6740493774414,-199.04335021972656,28.740461349487305
75.67791748046875,-199.6898651123047,28.752716064453125
75.681640625,-200.27279663085938,28.756404876708984
75.68544006347656,-200.82029724121094,28.757871627807617
75.68959045410156,-201.32208251953125,28.698528289794922
75.69239807128906,-201.82286071777344,28.699966430664062
75.6956558227539,-202.39317321777344,28.717031478881836
75.69906616210938,-202.99874877929688,28.716413497924805
75.70210266113281,-203.51434326171875,28.715831756591797
75.70537567138672,-204.05410766601562,28.71467399597168
75.70858764648438,-204.60301208496094,28.714738845825195
75.71187591552734,-205.17144775390625,28.714439392089844
75.7149658203125,-205.71551513671875,28.714004516601562
75.71817779541016,-206.2821807861328,28.71379852294922
75.72132873535156,-206.82554626464844,28.713542938232422
75.7244873046875,-207.37420654296875,28.713415145874023
75.72747039794922,-207.89447021484375,28.71350860595703
75.73040008544922,-208.43426513671875,28.713838577270508
75.7331771850586,-208.939697265625,28.7142333984375
75.7362060546875,-209.45779418945312,28.714767456054688
75.7391357421875,-209.96435546875,28.71526336669922
75.74208068847656,-210.47850036621094,28.71561622619629
75.74544525146484,-211.0783233642578,28.716197967529297
75.74512481689453,-211.64236450195312,28.716934204101562
75.7444076538086,-212.22647094726562,28.717954635620117
75.74394226074219,-212.79421997070312,28.718929290771484
75.74324798583984,-213.33248901367188,28.719928741455078
75.73632049560547,-213.88150024414062,28.72138786315918
75.70840454101562,-214.4303741455078,28.7219181060791
75.68476867675781,-214.95767211914062,28.72313690185547
75.65666961669922,-215.4726104736328,28.724143981933594
75.62408447265625,-215.98828125,28.725921630859375
75.56437683105469,-216.572509765625,28.72543716430664
75.51774597167969,-217.07327270507812,28.707565307617188
75.46985626220703,-217.58526611328125,28.707876205444336
75.41326904296875,-218.1729736328125,28.72570037841797
75.35895538330078,-218.73486328125,28.73076057434082
75.3037338256836,-219.31021118164062,28.73086166381836
75.25032043457031,-219.86502075195312,28.73162269592285
75.19434356689453,-220.4130859375,28.73160171508789
75.13896179199219,-220.9537811279297,28.731136322021484
75.08187103271484,-221.50839233398438,28.731403350830078
75.01810455322266,-222.02398681640625,28.732044219970703
74.93638610839844,-222.5733184814453,28.73190689086914
74.8655014038086,-223.0785369873047,28.731809616088867
74.79460906982422,-223.61282348632812,28.7318115234375
74.70767211914062,-224.29454040527344,28.731494903564453
74.6297607421875,-224.9532012939453,28.73141860961914
74.54431915283203,-225.63087463378906,28.725194931030273
74.47306823730469,-226.2084197998047,28.718006134033203
74.39865112304688,-226.81442260742188,28.730297088623047
74.33358764648438,-227.35427856445312,28.733659744262695
74.27413940429688,-227.91273498535156,28.733224868774414
74.21333312988281,-228.49716186523438,28.733217239379883
74.15145874023438,-229.0541534423828,28.73324203491211
74.08540344238281,-229.65496826171875,28.72672462463379
74.01764678955078,-230.27647399902344,28.722396850585938
73.9443130493164,-230.94927978515625,28.72928237915039
73.87711334228516,-231.5724639892578,28.730310440063477
73.8140640258789,-232.21466064453125,28.72980499267578
73.75422668457031,-232.82534790039062,28.72957992553711
73.69414520263672,-233.4158172607422,28.72909927368164
73.6296157836914,-234.05393981933594,28.72848129272461
73.57202911376953,-234.62948608398438,28.728185653686523
73.5095443725586,-235.25448608398438,28.72808837890625
73.45399475097656,-235.8077392578125,28.727638244628906
73.39550018310547,-236.3889923095703,28.726455688476562
73.33183288574219,-237.02166748046875,28.724536895751953
73.276123046875,-237.57574462890625,28.72248649597168
73.2200927734375,-238.13357543945312,28.720531463623047
73.1644287109375,-238.6892852783203,28.718870162963867
73.10662841796875,-239.26614379882812,28.717561721801758
73.0511474609375,-239.81658935546875,28.71666145324707
72.99422454833984,-240.38018798828125,28.7158145904541
72.9368896484375,-240.95040893554688,28.715251922607422
72.88214874267578,-241.4959716796875,28.705280303955078
72.82070922851562,-242.10519409179688,28.709148406982422
72.75625610351562,-242.74160766601562,28.71541404724121
72.69690704345703,-243.32998657226562,28.71632194519043
72.63569641113281,-243.95384216308594,28.71712875366211
72.57943725585938,-244.52597045898438,28.717395782470703
72.52068328857422,-245.11590576171875,28.716691970825195
72.4630355834961,-245.7054443359375,28.71556282043457
72.40753173828125,-246.30068969726562,28.714672088623047
72.35311889648438,-246.8673095703125,28.71413230895996
72.30200958251953,-247.40036010742188,28.713613510131836
72.24446105957031,-248.00192260742188,28.71331024169922
72.19145202636719,-248.55825805664062,28.713703155517578
72.13777923583984,-249.1544952392578,28.714941024780273
72.09547424316406,-249.6712646484375,28.716047286987305
72.04537963867188,-250.23770141601562,28.71704864501953
72.0010986328125,-250.74835205078125,28.717777252197266
71.96048736572266,-251.27853393554688,28.718162536621094
71.91697692871094,-251.83526611328125,28.71832275390625
71.86373138427734,-252.51768493652344,28.71802520751953
71.8262939453125,-253.0218048095703,28.712793350219727
71.77759552001953,-253.65570068359375,28.7016658782959
71.73070526123047,-254.2665252685547,28.712730407714844
71.68283081054688,-254.8890380859375,28.71694564819336
71.63150024414062,-255.5614471435547,28.716283798217773
71.58566284179688,-256.161376953125,28.716327667236328
71.5359878540039,-256.8088073730469,28.716533660888672
71.49180603027344,-257.38299560546875,28.71621322631836
71.44390869140625,-258.005859375,28.715473175048828
71.39994812011719,-258.5794677734375,28.71462631225586
71.354248046875,-259.1745300292969,28.713714599609375
71.30716705322266,-259.7859802246094,28.712509155273438
71.26360321044922,-260.35162353515625,28.711362838745117
71.21737670898438,-260.9517822265625,28.709936141967773
71.17536926269531,-261.497802734375,28.70843505859375
71.1281509399414,-262.11090087890625,28.706762313842773
71.08633422851562,-262.65362548828125,28.705537796020508
71.04431915283203,-263.19805908203125,28.704498291015625
70.9970932006836,-263.8097229003906,28.70323371887207
70.95677947998047,-264.3320617675781,28.702112197875977
70.91648864746094,-264.8542175292969,28.700992584228516
70.87428283691406,-265.40057373046875,28.690052032470703
70.82685089111328,-266.0133972167969,28.687671661376953
70.77447509765625,-266.6888732910156,28.696029663085938
70.72648620605469,-267.3099060058594,28.695903778076172
70.68021392822266,-267.910400390625,28.694080352783203
70.63336181640625,-268.5684509277344,28.692758560180664
70.59458923339844,-269.1736145019531,28.691741943359375
70.55343627929688,-269.7646179199219,28.690692901611328
70.50753021240234,-270.4250793457031,28.689796447753906
70.46607971191406,-271.0637512207031,28.689449310302734
70.44224548339844,-271.6187744140625,28.689441680908203
70.4332504272461,-272.1758728027344,28.688785552978516
70.4242172241211,-272.73028564453125,28.68828582763672
70.40877532958984,-273.2814025878906,28.687870025634766
70.39387512207031,-273.833251953125,28.687515258789062
70.38021850585938,-274.40478515625,28.676952362060547
70.3641128540039,-275.11163330078125,28.67772674560547
70.34882354736328,-275.7752685546875,28.687252044677734
70.3386459350586,-276.35760498046875,28.689838409423828
70.33753967285156,-276.9410705566406,28.69083595275879
70.3351821899414,-277.5582275390625,28.69236946105957
70.32978820800781,-278.1548156738281,28.693252563476562
70.32452392578125,-278.7607727050781,28.693187713623047
70.32012939453125,-279.3572082519531,28.69258689880371
70.31639099121094,-279.93499755859375,28.692317962646484
70.3149185180664,-280.49853515625,28.692489624023438
70.31639862060547,-281.09381103515625,28.69306182861328
70.31532287597656,-281.6704406738281,28.69354248046875
70.31432342529297,-282.2473449707031,28.693523406982422
70.31571960449219,-282.8857421875,28.693553924560547
70.32661437988281,-283.4222106933594,28.693527221679688
70.3399887084961,-283.9515075683594,28.69420623779297
70.34890747070312,-284.5156555175781,28.695323944091797
70.35762023925781,-285.0613708496094,28.696704864501953
70.36738586425781,-285.6286315917969,28.687644958496094
70.37823486328125,-286.2327575683594,28.689151763916016
70.38923645019531,-286.8480224609375,28.699745178222656
70.40066528320312,-287.49444580078125,28.703134536743164
70.41140747070312,-288.11590576171875,28.703746795654297
70.41986083984375,-288.7235412597656,28.705169677734375
70.42440032958984,-289.3221740722656,28.706600189208984
70.4321060180664,-289.98809814453125,28.707130432128906
70.4383544921875,-290.566162109375,28.707172393798828
70.44083404541016,-291.1738586425781,28.70709800720215
70.44166564941406,-291.7486877441406,28.70716667175293
70.43891143798828,-292.3753662109375,28.707233428955078
70.43209838867188,-292.94000244140625,28.70732307434082
70.42849731445312,-293.5585632324219,28.7075252532959
70.42513275146484,-294.1240234375,28.70752716064453
70.42130279541016,-294.6843566894531,28.70743179321289
70.41722869873047,-295.2292175292969,28.707319259643555
70.4129638671875,-295.8058166503906,28.707191467285156
70.4090347290039,-296.34527587890625,28.707202911376953
70.4045639038086,-296.96173095703125,28.70770263671875
70.40055084228516,-297.511474609375,28.708484649658203
70.39647674560547,-298.0698547363281,28.709232330322266
70.39244842529297,-298.61456298828125,28.709922790527344
70.38810729980469,-299.1998291015625,28.710250854492188
70.38397216796875,-299.74591064453125,28.710390090942383
70.37992858886719,-300.2804870605469,28.71037483215332
70.37615203857422,-300.7834777832031,28.710418701171875
70.37173461914062,-301.3749694824219,28.71038055419922
70.36709594726562,-302.015380859375,28.709575653076172
70.3635482788086,-302.52117919921875,28.708675384521484
70.3595962524414,-303.06048583984375,28.7072696685791
70.3556900024414,-303.57501220703125,28.70585823059082
70.35263061523438,-304.09686279296875,28.704559326171875
70.3512954711914,-304.7772216796875,28.703493118286133
70.34883117675781,-305.2840881347656,28.703298568725586
70.34724426269531,-305.9400329589844,28.703062057495117
70.35387420654297,-306.4639892578125,28.702617645263672
70.36468505859375,-307.1128234863281,28.7020263671875
70.36982727050781,-307.73040771484375,28.70176887512207
70.37532806396484,-308.2523193359375,28.701705932617188
70.38243865966797,-308.8582763671875,28.701955795288086
70.38970947265625,-309.4847106933594,28.702495574951172
70.39700317382812,-310.1362609863281,28.702922821044922
70.40338134765625,-310.7126770019531,28.70308494567871
70.40994262695312,-311.32305908203125,28.702648162841797
70.41602325439453,-311.88702392578125,28.701526641845703
70.42176818847656,-312.3885192871094,28.687278747558594
70.42874908447266,-313.0118408203125,28.691173553466797
70.43521118164062,-313.6060791015625,28.701271057128906
70.44158935546875,-314.177978515625,28.700912475585938
70.44856262207031,-314.7882080078125,28.686071395874023
70.45453643798828,-315.33563232421875,28.679576873779297
70.46076202392578,-315.8985595703125,28.68019676208496
70.46914672851562,-316.6686706542969,28.692821502685547
70.4773941040039,-317.4283752441406,28.69766616821289
70.48561096191406,-318.1866455078125,28.697616577148438
70.49390411376953,-318.9452819824219,28.6981201171875
70.50010681152344,-319.512939453125,28.698699951171875
70.50592803955078,-320.0482482910156,28.698789596557617
70.511962890625,-320.6037902832031,28.698436737060547
70.51689147949219,-321.1174621582031,28.697853088378906
70.51806640625,-321.6312255859375,28.697242736816406
70.51565551757812,-322.1508483886719,28.696853637695312
70.51518249511719,-322.8758239746094,28.69597625732422
70.51615905761719,-323.5775146484375,28.69469451904297
70.51702117919922,-324.30810546875,28.69347381591797
70.51709747314453,-325.0988464355469,28.692520141601562
70.51702880859375,-325.7965087890625,28.688400268554688
70.51708984375,-326.3470458984375,28.684804916381836
70.5171890258789,-326.883056640625,28.68902587890625
70.5172119140625,-327.42041015625,28.692485809326172
70.51590728759766,-327.93829345703125,28.693641662597656
70.509765625,-328.4469909667969,28.693775177001953
70.50025177001953,-328.9580993652344,28.694047927856445
70.49247741699219,-329.4898986816406,28.69478416442871
70.48297119140625,-330.2516174316406,28.695892333984375
70.47657775878906,-330.7728576660156,28.69634437561035
70.46746826171875,-331.47735595703125,28.697099685668945
70.45850372314453,-332.1505126953125,28.698089599609375
70.44924926757812,-332.8465576171875,28.698596954345703
70.44247436523438,-333.35693359375,28.698436737060547
70.43331146240234,-334.0467834472656,28.69818115234375
70.42430114746094,-334.73345947265625,28.697650909423828
70.4149398803711,-335.4620361328125,28.6967716217041
70.40545654296875,-336.1855163574219,28.69723129272461
70.39640045166016,-336.8631286621094,28.698665618896484
70.38777160644531,-337.51324462890625,28.700176239013672
70.37858581542969,-338.2262268066406,28.701751708984375
70.37089538574219,-338.838623046875,28.703449249267578
70.36228942871094,-339.5001525878906,28.705896377563477
70.3532485961914,-340.1791687011719,28.708396911621094
70.34468078613281,-340.8348388671875,28.710649490356445
70.3364028930664,-341.4916076660156,28.713144302368164
70.32881927490234,-342.088623046875,28.715547561645508
70.32134246826172,-342.6584167480469,28.71776580810547
70.31315612792969,-343.2799072265625,28.72002410888672
70.30462646484375,-343.9290771484375,28.721786499023438
70.29713439941406,-344.509765625,28.72315788269043
70.28950500488281,-345.1042175292969,28.72449493408203
70.28146362304688,-345.7205810546875,28.725906372070312
70.27420806884766,-346.2719421386719,28.727399826049805
70.26634979248047,-346.8669738769531,28.72886848449707
70.25901794433594,-347.42852783203125,28.728944778442383
70.25060272216797,-348.08074951171875,28.717002868652344
70.24264526367188,-348.687255859375,28.72104263305664
70.23458862304688,-349.3001708984375,28.725278854370117
70.22611236572266,-349.93524169921875,28.72400665283203
70.21688842773438,-350.6125183105469,28.721818923950195
70.20869445800781,-351.20916748046875,28.720104217529297
70.2007827758789,-351.7995910644531,28.71796417236328
70.19294738769531,-352.4468688964844,28.715538024902344
70.19097900390625,-353.0601806640625,28.713268280029297
70.1894760131836,-353.64801025390625,28.711061477661133
70.18551635742188,-354.24359130859375,28.7080020904541
70.18191528320312,-354.8770446777344,28.703889846801758
70.1791000366211,-355.46014404296875,28.700233459472656
70.17628479003906,-356.01611328125,28.69751739501953
70.17312622070312,-356.59295654296875,28.695253372192383
70.16978454589844,-357.21490478515625,28.69261360168457
70.1668472290039,-357.7772216796875,28.6898250579834
70.16365814208984,-358.38812255859375,28.68680191040039
70.16075897216797,-358.90362548828125,28.685035705566406
70.15764617919922,-359.43560791015625,28.68391990661621
70.1546630859375,-359.9722900390625,28.682708740234375
70.1517105102539,-360.52142333984375,28.681285858154297
70.14857482910156,-361.1021423339844,28.679847717285156
70.14564514160156,-361.61944580078125,28.678302764892578
70.14262390136719,-362.1264953613281,28.67523956298828
70.13948822021484,-362.6577453613281,28.67136573791504
70.13613891601562,-363.2141418457031,28.65606689453125
70.13227844238281,-363.8548583984375,28.651302337646484
70.12845611572266,-364.484130859375,28.656917572021484
70.12796020507812,-365.0870056152344,28.6550350189209
70.13822937011719,-365.7611083984375,28.65011215209961
70.14442443847656,-366.37921142578125,28.643678665161133
70.14830017089844,-366.9692077636719,28.635011672973633
70.1531982421875,-367.6001281738281,28.625659942626953
70.1593017578125,-368.2618103027344,28.618450164794922
70.16458892822266,-368.85040283203125,28.6131649017334
70.16991424560547,-369.4422302246094,28.606046676635742
70.17577362060547,-370.0987243652344,28.58540916442871
70.18170166015625,-370.7720031738281,28.58255386352539
70.18743896484375,-371.4588623046875,28.586042404174805
70.19392395019531,-372.13922119140625,28.583694458007812
70.20112609863281,-372.8231201171875,28.581073760986328
70.20782470703125,-373.5164794921875,28.580974578857422
70.21391296386719,-374.2008361816406,28.580638885498047
70.2202377319336,-374.882568359375,28.578968048095703
70.22685241699219,-375.5542907714844,28.57729721069336
70.23351287841797,-376.22186279296875,28.576391220092773
70.2396469116211,-376.86474609375,28.576322555541992
70.24559783935547,-377.5162048339844,28.576459884643555
70.25102996826172,-378.13165283203125,28.57611083984375
70.2568130493164,-378.7818603515625,28.57402229309082
70.2633056640625,-379.49163818359375,28.559906005859375
70.27015686035156,-380.2392883300781,28.56521224975586
70.27641296386719,-380.946044921875,28.567214965820312
70.28302001953125,-381.666259765625,28.562137603759766
70.28982543945312,-382.3924865722656,28.557334899902344
70.2967758178711,-383.14501953125,28.553970336914062
70.30331420898438,-383.85968017578125,28.542892456054688
70.30776977539062,-384.3791198730469,28.537517547607422
70.31391906738281,-385.1474914550781,28.54220962524414
70.32025146484375,-385.9023742675781,28.541147232055664
70.32682800292969,-386.66510009765625,28.53618049621582
70.33125305175781,-387.418212890625,28.530113220214844
70.33372497558594,-387.9307861328125,28.524822235107422
70.33895111083984,-388.6929931640625,28.517982482910156
70.34481811523438,-389.4300842285156,28.510986328125
70.35047149658203,-390.20098876953125,28.500717163085938
70.35443115234375,-390.7257995605469,28.497299194335938
70.3587417602539,-391.2356262207031,28.497175216674805
70.36280822753906,-391.74237060546875,28.497821807861328
70.36808013916016,-392.43304443359375,28.49872398376465
70.37371063232422,-393.1451110839844,28.50132179260254
70.37939453125,-393.84991455078125,28.504013061523438
70.38467407226562,-394.54266357421875,28.503585815429688
70.38960266113281,-395.2397155761719,28.501495361328125
70.39432525634766,-395.93402099609375,28.498254776000977
70.3990249633789,-396.6324157714844,28.494510650634766
70.40370178222656,-397.3033752441406,28.490995407104492
70.40826416015625,-397.953369140625,28.488359451293945
70.41275787353516,-398.5940856933594,28.48598861694336
70.41726684570312,-399.23724365234375,28.484416961669922
70.422119140625,-399.89276123046875,28.484119415283203
70.42680358886719,-400.5403137207031,28.483837127685547
70.43094635009766,-401.15069580078125,28.482921600341797
70.43516540527344,-401.779052734375,28.481956481933594
70.43965911865234,-402.4080505371094,28.4819393157959
70.44435119628906,-403.04730224609375,28.48223876953125
70.44840240478516,-403.6343688964844,28.48171043395996
70.4522705078125,-404.2170104980469,28.480758666992188
70.45645141601562,-404.84100341796875,28.479907989501953
70.46044158935547,-405.4282531738281,28.47941017150879
70.4644775390625,-406.0115051269531,28.4791316986084
70.4684829711914,-406.6009521484375,28.478897094726562
70.47203826904297,-407.1496887207031,28.478656768798828
70.47563934326172,-407.7065124511719,28.478403091430664
70.47911071777344,-408.23614501953125,28.47824478149414
70.48245239257812,-408.77691650390625,28.47824478149414
70.48567199707031,-409.31634521484375,28.47836685180664
70.48881530761719,-409.8533020019531,28.479190826416016
70.49142456054688,-410.396484375,28.480751037597656
70.48784637451172,-410.9395446777344,28.482131958007812
70.47626495361328,-411.4827880859375,28.48185157775879
70.46894073486328,-412.04327392578125,28.480632781982422
70.4625015258789,-412.6373291015625,28.479299545288086
70.45506286621094,-413.1746826171875,28.478727340698242
70.43970489501953,-413.6869201660156,28.478591918945312
70.3985595703125,-414.31292724609375,28.477624893188477
70.32943725585938,-415.0027770996094,28.47444725036621
70.27141571044922,-415.63592529296875,28.47223663330078
70.21800994873047,-416.27764892578125,28.471343994140625
70.17005157470703,-416.814697265625,28.470157623291016
70.12174987792969,-417.3331298828125,28.467483520507812
70.0549545288086,-417.9712829589844,28.4631290435791
69.97871398925781,-418.61309814453125,28.46261215209961
69.91319274902344,-419.2293701171875,28.464801788330078
69.84793853759766,-419.82861328125,28.46318817138672
69.77130889892578,-420.46173095703125,28.46056365966797
69.67807006835938,-421.07366943359375,28.459211349487305
69.58740997314453,-421.6585998535156,28.45935821533203
69.49929809570312,-422.27490234375,28.458871841430664
69.41333770751953,-422.85516357421875,28.45735740661621
69.3255844116211,-423.43890380859375,28.45626449584961
69.23686218261719,-424.0341491699219,28.456418991088867
69.15721130371094,-424.57220458984375,28.45688819885254
69.0731430053711,-425.1370849609375,28.45679473876953
68.9798355102539,-425.7359619140625,28.456398010253906
68.88217163085938,-426.29241943359375,28.455780029296875
68.7867660522461,-426.8659362792969,28.45639991760254
68.69578552246094,-427.4190368652344,28.457534790039062
68.60687255859375,-427.94171142578125,28.45833969116211
68.5025405883789,-428.48846435546875,28.45853614807129
68.40281677246094,-428.9817199707031,28.458473205566406
68.30509948730469,-429.5027770996094,28.459108352661133
68.20372772216797,-430.03192138671875,28.45998764038086
68.10061645507812,-430.5271911621094,28.46132469177246
67.97676086425781,-431.05328369140625,28.462125778198242
67.83964538574219,-431.663330078125,28.46337127685547
67.7047348022461,-432.2698059082031,28.46511459350586
67.59111022949219,-432.7599792480469,28.466840744018555
67.44400024414062,-433.33673095703125,28.46829605102539
67.29747009277344,-433.9292907714844,28.470020294189453
67.17146301269531,-434.44140625,28.471393585205078
67.03005981445312,-434.9864501953125,28.47289276123047
66.8656997680664,-435.55108642578125,28.473670959472656
66.71236419677734,-436.0980529785156,28.4750919342041
66.5713119506836,-436.6030578613281,28.46420669555664
66.40623474121094,-437.184326171875,28.48061752319336
66.25973510742188,-437.7012939453125,28.48617172241211
66.10299682617188,-438.2566833496094,28.489742279052734
65.94938659667969,-438.79119873046875,28.493459701538086
65.8002700805664,-439.2933349609375,28.495670318603516
65.64177703857422,-439.8417663574219,28.49726104736328
65.4942855834961,-440.34503173828125,28.50054168701172
65.33866119384766,-440.8534240722656,28.5022029876709
65.17362976074219,-441.3941650390625,28.503032684326172
65.02296447753906,-441.87493896484375,28.504369735717773
64.86882781982422,-442.3638610839844,28.507080078125
64.67405700683594,-442.94384765625,28.510231018066406
64.49198913574219,-443.4588623046875,28.512516021728516
64.2882080078125,-444.020751953125,28.515182495117188
64.07862854003906,-444.60833740234375,28.517578125
63.89996337890625,-445.1063232421875,28.504837036132812
63.69205856323242,-445.6861572265625,28.51728057861328
63.513710021972656,-446.1849670410156,28.50894546508789
63.31629943847656,-446.73529052734375,28.514497756958008
63.105140686035156,-447.321533203125,28.526384353637695
62.90289306640625,-447.87481689453125,28.529922485351562
62.70726013183594,-448.40447998046875,28.53272247314453
62.50981140136719,-448.9389953613281,28.535789489746094
62.31486892700195,-449.46038818359375,28.53768539428711
62.12550354003906,-449.9613952636719,28.538860321044922
61.931175231933594,-450.4725341796875,28.54059600830078
61.740169525146484,-450.96527099609375,28.54326820373535
61.54982376098633,-451.4452209472656,28.54608154296875
61.28941345214844,-452.06903076171875,28.549772262573242
61.07019805908203,-452.5640563964844,28.552465438842773
60.84986114501953,-453.04461669921875,28.555160522460938
60.63572692871094,-453.5129699707031,28.55836296081543
60.420310974121094,-453.9938659667969,28.561641693115234
60.19535446166992,-454.4919738769531,28.564809799194336
59.98805618286133,-454.9477844238281,28.56770133972168
59.71950912475586,-455.52227783203125,28.571949005126953
59.4876708984375,-456.00006103515625,28.574920654296875
59.266334533691406,-456.4615173339844,28.578014373779297
58.99200439453125,-457.0404968261719,28.58219337463379
58.73939514160156,-457.56903076171875,28.585485458374023
58.47562789916992,-458.10589599609375,28.586448669433594
58.18072509765625,-458.67034912109375,28.587791442871094
57.88350296020508,-459.21417236328125,28.590320587158203
57.60187911987305,-459.739013671875,28.59294319152832
57.31192398071289,-460.2806701660156,28.59555435180664
57.0395622253418,-460.7783203125,28.599172592163086
56.768836975097656,-461.2508544921875,28.602806091308594
56.4770622253418,-461.73907470703125,28.605754852294922
56.173587799072266,-462.2364501953125,28.60837173461914
55.86418151855469,-462.73876953125,28.61153793334961
55.57295227050781,-463.206298828125,28.61587142944336
55.27170181274414,-463.6820983886719,28.620410919189453
54.98689651489258,-464.1318664550781,28.62343406677246
54.70697021484375,-464.56109619140625,28.62545394897461
54.40635681152344,-464.98797607421875,28.627727508544922
54.09388732910156,-465.3868103027344,28.628482818603516
53.704036712646484,-465.8470458984375,28.627628326416016
53.3824462890625,-466.2364501953125,28.629743576049805
52.98133087158203,-466.7234802246094,28.622095108032227
52.589515686035156,-467.19244384765625,28.632572174072266
52.205841064453125,-467.6463928222656,28.637025833129883
51.834503173828125,-468.0777587890625,28.63935089111328
51.45909118652344,-468.5155029296875,28.642623901367188
51.08658218383789,-468.9381103515625,28.644454956054688
50.69020462036133,-469.3769226074219,28.64649772644043
50.3021240234375,-469.7934875488281,28.648906707763672
49.90937423706055,-470.22412109375,28.652788162231445
49.521636962890625,-470.6458740234375,28.656330108642578
49.15955352783203,-471.0325012207031,28.6595401763916
48.72010040283203,-471.4867248535156,28.66240692138672
48.363311767578125,-471.8647766113281,28.664274215698242
47.99129867553711,-472.255615234375,28.659696578979492
47.61183166503906,-472.6525573730469,28.66448211669922
47.228492736816406,-473.05133056640625,28.666990280151367
46.85585021972656,-473.4237060546875,28.668094635009766
46.48406982421875,-473.78436279296875,28.66933250427246
46.0765266418457,-474.16705322265625,28.670166015625
45.69214630126953,-474.5366516113281,28.671777725219727
45.31733703613281,-474.89337158203125,28.672481536865234
44.9510498046875,-475.241455078125,28.670574188232422
44.58005905151367,-475.5915222167969,28.668737411499023
44.204978942871094,-475.94696044921875,28.667316436767578
43.755409240722656,-476.3712158203125,28.665233612060547
43.29049301147461,-476.79931640625,28.663280487060547
42.85942077636719,-477.19970703125,28.66100311279297
42.438453674316406,-477.591552734375,28.652652740478516
42.006103515625,-477.98944091796875,28.660873413085938
41.59125900268555,-478.36199951171875,28.66101837158203
41.15167999267578,-478.7587890625,28.66266632080078
40.72819137573242,-479.13421630859375,28.66309928894043
40.30730438232422,-479.507080078125,28.6629638671875
39.87479019165039,-479.86932373046875,28.662378311157227
39.45229721069336,-480.224609375,28.662067413330078
39.035274505615234,-480.57080078125,28.662235260009766
38.617698669433594,-480.9183654785156,28.662353515625
38.19963073730469,-481.25634765625,28.663036346435547
37.79218292236328,-481.58782958984375,28.664806365966797
37.37873840332031,-481.91845703125,28.666574478149414
36.89122009277344,-482.3094177246094,28.671884536743164
36.478878021240234,-482.6238708496094,28.67538070678711
35.99510955810547,-482.98553466796875,28.678367614746094
35.490638732910156,-483.3472595214844,28.680404663085938
35.04088592529297,-483.67706298828125,28.68310546875
34.55459976196289,-484.0286865234375,28.68476676940918
34.112430572509766,-484.3486633300781,28.672412872314453
33.69181823730469,-484.65423583984375,28.67210578918457
33.250972747802734,-484.9736633300781,28.686866760253906
32.83038330078125,-485.2789306640625,28.68881607055664
32.39570617675781,-485.5940856933594,28.688426971435547
31.843595504760742,-485.9931945800781,28.687997817993164
31.42924690246582,-486.2926330566406,28.686870574951172
30.9771671295166,-486.6199951171875,28.677967071533203
30.49449920654297,-486.97015380859375,28.676250457763672
29.986879348754883,-487.3370361328125,28.68391990661621
29.50814437866211,-487.6805114746094,28.684890747070312
29.0032958984375,-488.04058837890625,28.685543060302734
28.53110122680664,-488.3781433105469,28.68717384338379
28.047100067138672,-488.7159423828125,28.688745498657227
27.584957122802734,-489.04083251953125,28.69017791748047
27.10370445251465,-489.3763122558594,28.69147300720215
26.65732765197754,-489.677978515625,28.69227409362793
26.18054962158203,-490.0028076171875,28.692813873291016
25.737279891967773,-490.2969970703125,28.69210433959961
25.275514602661133,-490.6024169921875,28.691421508789062
24.822811126708984,-490.9020080566406,28.69077491760254
24.368541717529297,-491.19256591796875,28.68921661376953
23.92543601989746,-491.4793701171875,28.688098907470703
23.478120803833008,-491.7703857421875,28.688207626342773
22.91701889038086,-492.1317138671875,28.68899917602539
22.487510681152344,-492.404052734375,28.68925666809082
22.045394897460938,-492.68212890625,28.689712524414062
21.617717742919922,-492.9463806152344,28.690326690673828
21.18374252319336,-493.21820068359375,28.691150665283203
20.627113342285156,-493.55474853515625,28.691761016845703
20.068889617919922,-493.8942565917969,28.692886352539062
19.4930419921875,-494.2362060546875,28.69328498840332
18.936370849609375,-494.56402587890625,28.693958282470703
18.390228271484375,-494.8714294433594,28.69329833984375
17.852638244628906,-495.1606140136719,28.69223976135254
17.311918258666992,-495.4603271484375,28.692577362060547
16.77800750732422,-495.74432373046875,28.692737579345703
16.234546661376953,-496.0357360839844,28.69341278076172
15.710887908935547,-496.3089599609375,28.69438934326172
15.177939414978027,-496.5837707519531,28.69552230834961
14.656218528747559,-496.8567199707031,28.696163177490234
14.155435562133789,-497.117919921875,28.696666717529297
13.651981353759766,-497.3809509277344,28.698169708251953
13.175930976867676,-497.6287841796875,28.698631286621094
12.692466735839844,-497.8800354003906,28.69995880126953
12.203775405883789,-498.1345520019531,28.702011108398438
11.738826751708984,-498.3774719238281,28.7032413482666
11.263933181762695,-498.6258544921875,28.706201553344727
10.813990592956543,-498.86065673828125,28.707225799560547
10.30154037475586,-499.12750244140625,28.694332122802734
9.846275329589844,-499.36505126953125,28.69879913330078
9.368785858154297,-499.6141052246094,28.70901107788086
8.78154468536377,-499.9209899902344,28.70924186706543
8.181243896484375,-500.23443603515625,28.7105712890625
7.591911315917969,-500.5418701171875,28.711021423339844
6.997335910797119,-500.8533935546875,28.711193084716797
6.4184675216674805,-501.1634826660156,28.71288299560547
5.854727745056152,-501.4619140625,28.71500587463379
5.287759304046631,-501.762451171875,28.71396255493164
4.816769599914551,-502.0127868652344,28.706459045410156
4.321389198303223,-502.2755126953125,28.718841552734375
3.837576389312744,-502.532470703125,28.724008560180664
3.335333824157715,-502.7999572753906,28.725250244140625
2.8729610443115234,-503.0459289550781,28.72637176513672
2.387348175048828,-503.3045959472656,28.728483200073242
1.9424688816070557,-503.54559326171875,28.730754852294922
1.4777830839157104,-503.7981872558594,28.733089447021484
1.032646894454956,-504.03826904296875,28.73537254333496
0.5706833004951477,-504.2883605957031,28.7381591796875
-0.022986318916082382,-504.60986328125,28.74184799194336
-0.4643928110599518,-504.84844970703125,28.74369239807129
-0.9483287334442139,-505.1101989746094,28.738941192626953
-1.4281927347183228,-505.3700256347656,28.745410919189453
-1.9276987314224243,-505.6407470703125,28.74888801574707
-2.370572090148926,-505.880615234375,28.750661849975586
-2.8421037197113037,-506.13592529296875,28.7529296875
-3.289161205291748,-506.3777770996094,28.754863739013672
-3.751777172088623,-506.6280517578125,28.75652313232422
-4.198592662811279,-506.8699951171875,28.758188247680664
-4.656527519226074,-507.1182556152344,28.760251998901367
-5.263413429260254,-507.44708251953125,28.75706672668457
-5.7500715255737305,-507.710693359375,28.757572174072266
-6.275335788726807,-507.9950866699219,28.767587661743164
-6.756886959075928,-508.25592041015625,28.76981544494629
-7.245466232299805,-508.52069091796875,28.770530700683594
-7.7231879234313965,-508.77972412109375,28.772262573242188
-8.245210647583008,-509.0625915527344,28.774200439453125
-8.700943946838379,-509.3093566894531,28.775501251220703
-9.189871788024902,-509.57415771484375,28.776945114135742
-9.643104553222656,-509.82012939453125,28.778785705566406
-10.119691848754883,-510.0788879394531,28.781322479248047
-10.570450782775879,-510.32354736328125,28.78326988220215
-11.039017677307129,-510.5774230957031,28.784448623657227
-11.636579513549805,-510.90142822265625,28.785812377929688
-12.214271545410156,-511.2151184082031,28.786983489990234
-12.797554969787598,-511.5318298339844,28.788799285888672
-13.392717361450195,-511.85479736328125,28.790054321289062
-13.972082138061523,-512.1690673828125,28.790653228759766
-14.524338722229004,-512.4688720703125,28.79128646850586
-15.089784622192383,-512.776123046875,28.79169464111328
-15.627782821655273,-513.0684814453125,28.792007446289062
-16.192174911499023,-513.3748168945312,28.791719436645508
-16.811037063598633,-513.7107543945312,28.779495239257812
-17.295963287353516,-513.974365234375,28.788875579833984
-17.782684326171875,-514.2391967773438,28.791383743286133
-18.254169464111328,-514.4954833984375,28.791061401367188
-18.74919891357422,-514.7643432617188,28.791542053222656
-19.209529876708984,-515.0144653320312,28.791522979736328
-19.745811462402344,-515.3060302734375,28.7823486328125
-20.269407272338867,-515.5908813476562,28.78066635131836
-20.830036163330078,-515.895751953125,28.789493560791016
-21.35146141052246,-516.1790161132812,28.790184020996094
-21.91271209716797,-516.4840698242188,28.789043426513672
-22.43560028076172,-516.7683715820312,28.78833770751953
-22.96995735168457,-517.05908203125,28.787067413330078
-23.48564910888672,-517.339599609375,28.785812377929688
-24.017608642578125,-517.628662109375,28.78496551513672
-24.493017196655273,-517.8847045898438,28.784273147583008
-25.004873275756836,-518.1578979492188,28.783119201660156
-25.531803131103516,-518.44189453125,28.781696319580078
-26.033470153808594,-518.7118530273438,28.78070068359375
-26.517250061035156,-518.971923828125,28.779945373535156
-27.028961181640625,-519.246826171875,28.779056549072266
-27.49106216430664,-519.4953002929688,28.778162002563477
-27.990297317504883,-519.7637329101562,28.777299880981445
-28.454113006591797,-520.0131225585938,28.776657104492188
-28.955242156982422,-520.2825927734375,28.77600860595703
-29.417583465576172,-520.5311889648438,28.775510787963867
-29.906959533691406,-520.7943725585938,28.775035858154297
-30.355009078979492,-521.0352783203125,28.774641036987305
-30.836990356445312,-521.29443359375,28.77436065673828
-31.297237396240234,-521.5421142578125,28.77414321899414
-31.80785369873047,-521.81689453125,28.773780822753906
-32.37807083129883,-522.1236572265625,28.77326011657715
-32.978843688964844,-522.44677734375,28.772811889648438
-33.569580078125,-522.7647094726562,28.772666931152344
-34.170440673828125,-523.087890625,28.77106475830078
-34.64514923095703,-523.3433837890625,28.7622127532959
-35.16697311401367,-523.624267578125,28.770427703857422
-35.635650634765625,-523.8764038085938,28.77201271057129
-36.113433837890625,-524.1333618164062,28.770530700683594
-36.585060119628906,-524.3868408203125,28.770042419433594
-37.055633544921875,-524.6400756835938,28.770221710205078
-37.55366516113281,-524.9080810546875,28.769683837890625
-38.02989196777344,-525.1644287109375,28.768970489501953
-38.520591735839844,-525.4284057617188,28.768550872802734
-38.975486755371094,-525.673095703125,28.768192291259766
-39.44179916381836,-525.9239501953125,28.767553329467773
-39.88482666015625,-526.1622924804688,28.766706466674805
-40.35685729980469,-526.416259765625,28.765644073486328
-40.81221008300781,-526.6611328125,28.764755249023438
-41.39699172973633,-526.9757690429688,28.76384925842285
-41.97740936279297,-527.2879638671875,28.763235092163086
-42.511146545410156,-527.5753784179688,28.762819290161133
-42.957801818847656,-527.81591796875,28.762582778930664
-43.52449035644531,-528.1207275390625,28.762340545654297
-44.095252990722656,-528.427734375,28.76223373413086
-44.66364288330078,-528.733642578125,28.762187957763672
-45.23187255859375,-529.0394287109375,28.762706756591797
-45.777217864990234,-529.3326416015625,28.763389587402344
-46.311058044433594,-529.615966796875,28.763954162597656
-46.86185836791992,-529.9097290039062,28.764543533325195
-47.381317138671875,-530.1868896484375,28.76510238647461
-47.9144287109375,-530.4688720703125,28.765567779541016
-48.44026184082031,-530.7404174804688,28.765779495239258
-48.95463943481445,-531.0103759765625,28.766189575195312
-49.471553802490234,-531.2756958007812,28.766632080078125
-50.052486419677734,-531.574951171875,28.75473403930664
-50.50558853149414,-531.8088989257812,28.762887954711914
-50.98134994506836,-532.0542602539062,28.768789291381836
-51.592994689941406,-532.369384765625,28.76893424987793
-52.1727294921875,-532.66845703125,28.76995086669922
-52.7496337890625,-532.9686889648438,28.77065658569336
-53.3542594909668,-533.2828369140625,28.771484375
-53.92353439331055,-533.5794677734375,28.77255630493164
-54.38153076171875,-533.8204345703125,28.77318572998047
-54.953155517578125,-534.1240234375,28.774202346801758
-55.402626037597656,-534.3635864257812,28.775253295898438
-55.94207000732422,-534.652099609375,28.776369094848633
-56.49143981933594,-534.9531860351562,28.777206420898438
-57.03282928466797,-535.2449951171875,28.778099060058594
-57.57251739501953,-535.5331420898438,28.778730392456055
-58.103145599365234,-535.8159790039062,28.779016494750977
-58.65946960449219,-536.114013671875,28.768840789794922
-59.12548065185547,-536.3631591796875,28.775131225585938
-59.59440612792969,-536.6137084960938,28.779926300048828
-60.20170593261719,-536.93798828125,28.77979278564453
-60.80277633666992,-537.2587890625,28.77472686767578
-61.302146911621094,-537.5255737304688,28.77325439453125
-61.82704162597656,-537.8060302734375,28.78011703491211
-62.304771423339844,-538.0610961914062,28.780502319335938
-62.82240295410156,-538.3372802734375,28.779869079589844
-63.31487274169922,-538.5999145507812,28.780189514160156
-63.84526062011719,-538.8828735351562,28.778104782104492
-64.40617370605469,-539.1823120117188,28.768531799316406
-64.98831939697266,-539.4931640625,28.778757095336914
-65.54954528808594,-539.7925415039062,28.7822322845459
-66.11627960205078,-540.0947265625,28.78314781188965
-66.65677642822266,-540.3829956054688,28.784006118774414
-67.25312042236328,-540.7012329101562,28.783002853393555
-67.8598403930664,-541.0247802734375,28.774564743041992
-68.48661041259766,-541.35888671875,28.783658981323242
-69.08202362060547,-541.67626953125,28.785991668701172
-69.69601440429688,-542.0037841796875,28.78577423095703
-70.27735900878906,-542.3137817382812,28.786598205566406
-70.90186309814453,-542.646484375,28.78705596923828
-71.45030212402344,-542.938720703125,28.786296844482422
-71.98391723632812,-543.2228393554688,28.78564453125
-72.58199310302734,-543.533447265625,28.785552978515625
-73.12574768066406,-543.8058471679688,28.786022186279297
-73.69195556640625,-544.087158203125,28.78638458251953
-74.19429779052734,-544.3344116210938,28.786270141601562
-74.72364044189453,-544.5814819335938,28.785629272460938
-75.2702865600586,-544.8283081054688,28.78564453125
-75.82290649414062,-545.0670166015625,28.78668975830078
-76.3437271118164,-545.2803344726562,28.79688262939453
-76.85859680175781,-545.4761352539062,28.798282623291016
-77.36701202392578,-545.6830444335938,28.798715591430664
-77.8330078125,-545.86669921875,28.786975860595703
-78.36814880371094,-546.0762939453125,28.787961959838867
-78.87393951416016,-546.2734985351562,28.789297103881836
-79.38164520263672,-546.4669189453125,28.78973388671875
-79.8631591796875,-546.6453857421875,28.790538787841797
-80.34935760498047,-546.822021484375,28.79147720336914
-80.83282470703125,-546.9927368164062,28.79248809814453
-81.37890625,-547.1839599609375,28.777366638183594
-81.86685943603516,-547.35546875,28.7879638671875
-82.34275817871094,-547.51953125,28.79513931274414
-82.82591247558594,-547.6814575195312,28.795198440551758
-83.302734375,-547.83935546875,28.79645538330078
-83.7843017578125,-547.9978637695312,28.79692840576172
-84.37535095214844,-548.1725463867188,28.797199249267578
-84.94326782226562,-548.3283081054688,28.798175811767578
-85.5317611694336,-548.4686889648438,28.797828674316406
-86.07630157470703,-548.6015014648438,28.79803466796875
-86.62654876708984,-548.736328125,28.797649383544922
-87.19989013671875,-548.8741455078125,28.792224884033203
-87.75318145751953,-549.0081176757812,28.79276466369629
-88.28063201904297,-549.134521484375,28.798221588134766
-88.80560302734375,-549.2548217773438,28.797801971435547
-89.33670043945312,-549.375732421875,28.79832649230957
-89.82962036132812,-549.4866943359375,28.798227310180664
-90.3260498046875,-549.5951538085938,28.79798698425293
-90.95438385009766,-549.717529296875,28.797527313232422
-91.54460144042969,-549.8262939453125,28.797256469726562
-92.05485534667969,-549.9127807617188,28.79665756225586
-92.54838562011719,-550.00048828125,28.796262741088867
-93.14849853515625,-550.1040649414062,28.795608520507812
-93.72206115722656,-550.1953125,28.794979095458984
-94.33686828613281,-550.2767333984375,28.794403076171875
-94.93345642089844,-550.3334350585938,28.792861938476562
-95.49958038330078,-550.3829345703125,28.791667938232422
-96.10202026367188,-550.4356689453125,28.790706634521484
-96.62887573242188,-550.4808349609375,28.790130615234375
-97.20123291015625,-550.52001953125,28.789310455322266
-97.737060546875,-550.5513305664062,28.788816452026367
-98.26948547363281,-550.5715942382812,28.787803649902344
-98.80374145507812,-550.59619140625,28.787128448486328
-99.33453369140625,-550.6158447265625,28.78680419921875
-99.86187744140625,-550.6290893554688,28.786195755004883
-100.37362670898438,-550.63720703125,28.78573226928711
-100.89632415771484,-550.6375122070312,28.785490036010742
-101.44489288330078,-550.6223754882812,28.784414291381836
-102.04308319091797,-550.602294921875,28.784034729003906
-102.60723114013672,-550.5865478515625,28.784015655517578
-103.1931381225586,-550.5587158203125,28.78415298461914
-103.74203491210938,-550.5181884765625,28.783710479736328
-104.29134368896484,-550.4717407226562,28.783031463623047
-104.85549926757812,-550.4219970703125,28.78256607055664
-105.38230895996094,-550.3710327148438,28.782384872436523
-105.92633819580078,-550.3109130859375,28.782073974609375
-106.4669189453125,-550.2526245117188,28.78209686279297
-107.00008392333984,-550.1943359375,28.78179168701172
-107.51651000976562,-550.1343383789062,28.781415939331055
-108.07424926757812,-550.0645751953125,28.781436920166016
-108.58816528320312,-549.9828491210938,28.780576705932617
-109.09664154052734,-549.9010009765625,28.78093147277832
-109.59441375732422,-549.8050537109375,28.78064727783203
-110.1262435913086,-549.6925659179688,28.76825523376465
-110.65975952148438,-549.5816650390625,28.771114349365234
-111.1884765625,-549.4671020507812,28.78158187866211
-111.67431640625,-549.3421630859375,28.78045654296875
-112.18577575683594,-549.2022705078125,28.780553817749023
-112.68009185791016,-549.0607299804688,28.779489517211914
-113.1718521118164,-548.9229736328125,28.778942108154297
-113.6793441772461,-548.7802734375,28.77952003479004
-114.26539611816406,-548.6138305664062,28.779788970947266
-114.84580993652344,-548.449462890625,28.77972984313965
-115.43973541259766,-548.2744750976562,28.779861450195312
-116.02290344238281,-548.0950317382812,28.779888153076172
-116.60736083984375,-547.9139404296875,28.780494689941406
-117.1725845336914,-547.7402954101562,28.781169891357422
-117.74449157714844,-547.5621948242188,28.781715393066406
-118.26293182373047,-547.3870849609375,28.7818660736084
-118.79131317138672,-547.2046508789062,28.783374786376953
-119.3044204711914,-547.0294189453125,28.784000396728516
-119.81112670898438,-546.849609375,28.78494644165039
-120.31092834472656,-546.6561889648438,28.786043167114258
-120.8247299194336,-546.45166015625,28.786697387695312
-121.31814575195312,-546.2545776367188,28.787675857543945
-121.80790710449219,-546.0518798828125,28.78959083557129
-122.26627349853516,-545.8506469726562,28.790340423583984
-122.74349212646484,-545.6436767578125,28.791229248046875
-123.29243469238281,-545.3983154296875,28.792381286621094
-123.82687377929688,-545.14697265625,28.792922973632812
-124.34674835205078,-544.9020385742188,28.793472290039062
-124.86219787597656,-544.6531372070312,28.79439353942871
-125.34697723388672,-544.4051513671875,28.795108795166016
-125.83058166503906,-544.1412353515625,28.795269012451172
-126.30361938476562,-543.872802734375,28.795669555664062
-126.77259826660156,-543.6034545898438,28.79631805419922
-127.23615264892578,-543.3391723632812,28.79649543762207
-127.73026275634766,-543.0587158203125,28.781906127929688
-128.21676635742188,-542.7814331054688,28.790573120117188
-128.7816925048828,-542.460205078125,28.793006896972656
-129.3292236328125,-542.1431884765625,28.798423767089844
-129.8636474609375,-541.8181762695312,28.798179626464844
-130.41421508789062,-541.482177734375,28.798629760742188
-130.9253692626953,-541.1680297851562,28.798734664916992
-131.43560791015625,-540.8519287109375,28.799100875854492
-131.93646240234375,-540.533447265625,28.799489974975586
-132.43240356445312,-540.214599609375,28.79993438720703
-132.9258270263672,-539.8856201171875,28.800315856933594
-133.3949432373047,-539.5636596679688,28.80082130432129
-133.8700408935547,-539.2222290039062,28.80074691772461
-134.343017578125,-538.8815307617188,28.80099105834961
-134.79568481445312,-538.5426635742188,28.800872802734375
-135.2455596923828,-538.20849609375,28.801593780517578
-135.67848205566406,-537.8720092773438,28.801610946655273
-136.10897827148438,-537.539794921875,28.801816940307617
-136.5205841064453,-537.2088012695312,28.80169677734375
-136.93679809570312,-536.8759765625,28.801855087280273
-137.33311462402344,-536.5398559570312,28.80231475830078
-137.72689819335938,-536.2012329101562,28.80388641357422
-138.10069274902344,-535.8585815429688,28.80410385131836
-138.55703735351562,-535.426513671875,28.804889678955078
-138.99427795410156,-535.0091552734375,28.80603790283203
-139.44642639160156,-534.5887451171875,28.80782699584961
-139.8691864013672,-534.1959838867188,28.809776306152344
-140.30215454101562,-533.7872314453125,28.811420440673828
-140.7145233154297,-533.39111328125,28.812910079956055
-141.12301635742188,-532.99609375,28.814382553100586
-141.51663208007812,-532.6148681640625,28.815814971923828
-141.90953063964844,-532.2265014648438,28.817298889160156
-142.286865234375,-531.8428955078125,28.818477630615234
-142.6615753173828,-531.4583740234375,28.819820404052734
-143.01519775390625,-531.0875244140625,28.82107925415039
-143.39112854003906,-530.6834106445312,28.81515121459961
-143.75498962402344,-530.2989501953125,28.819717407226562
-144.11703491210938,-529.9075927734375,28.82482147216797
-144.46075439453125,-529.5208129882812,28.82524871826172
-144.8011474609375,-529.1268920898438,28.826271057128906
-145.1307373046875,-528.7428588867188,28.82649040222168
-145.52818298339844,-528.2759399414062,28.8271541595459
-145.92660522460938,-527.8047485351562,28.828140258789062
-146.2474822998047,-527.40966796875,28.828292846679688
-146.6265106201172,-526.9505004882812,28.828893661499023
-147.0011444091797,-526.4747924804688,28.82906150817871
-147.3627166748047,-526.0087890625,28.829177856445312
-147.7183074951172,-525.546875,28.82952880859375
-148.04843139648438,-525.1024169921875,28.82970428466797
-148.3798828125,-524.65283203125,28.83030128479004
-148.691162109375,-524.2031860351562,28.83008575439453
-149.0101318359375,-523.7468872070312,28.830589294433594
-149.3070068359375,-523.3150024414062,28.830928802490234
-149.593017578125,-522.8720092773438,28.830718994140625
-149.8665771484375,-522.4376220703125,28.830997467041016
-150.12515258789062,-521.9909057617188,28.830398559570312
-150.40823364257812,-521.4768676757812,28.829936981201172
-150.6975555419922,-520.9352416992188,28.823631286621094
-150.95285034179688,-520.4627685546875,28.827621459960938
-151.24081420898438,-519.9229125976562,28.830686569213867
-151.53045654296875,-519.365966796875,28.830663681030273
-151.8048553466797,-518.8285522460938,28.8297176361084
-152.08338928222656,-518.2741088867188,28.829233169555664
-152.33547973632812,-517.735595703125,28.829288482666016
-152.58453369140625,-517.182373046875,28.829416275024414
-152.80563354492188,-516.662109375,28.82914161682129
-153.0426483154297,-516.1043090820312,28.821996688842773
-153.272216796875,-515.5664672851562,28.82502555847168
-153.49725341796875,-515.030517578125,28.827739715576172
-153.719482421875,-514.4940795898438,28.826915740966797
-153.9278106689453,-513.9785766601562,28.826393127441406
-154.13880920410156,-513.452880859375,28.825340270996094
-154.34226989746094,-512.9332275390625,28.824630737304688
-154.53497314453125,-512.4251708984375,28.823076248168945
-154.7322540283203,-511.90106201171875,28.821693420410156
-154.91519165039062,-511.40069580078125,28.81997299194336
-155.08642578125,-510.91107177734375,28.818355560302734
-155.25376892089844,-510.4013671875,28.816802978515625
-155.40869140625,-509.90911865234375,28.815128326416016
-155.55999755859375,-509.4144287109375,28.81521224975586
-155.70513916015625,-508.9188537597656,28.815349578857422
-155.85496520996094,-508.4134521484375,28.81332778930664
-156.0316162109375,-507.8177490234375,28.807586669921875
-156.20726013183594,-507.21875,28.81696891784668
-156.37545776367188,-506.628173828125,28.817737579345703
-156.55599975585938,-506.00555419921875,28.81355857849121
-156.69827270507812,-505.514404296875,28.82056427001953
-156.8529510498047,-504.97882080078125,28.81734848022461
-157.00823974609375,-504.4393310546875,28.82400894165039
-157.16213989257812,-503.89874267578125,28.827381134033203
-157.30709838867188,-503.3741455078125,28.82770538330078
-157.45184326171875,-502.857666015625,28.827861785888672
-157.58580017089844,-502.3497009277344,28.82794189453125
-157.71945190429688,-501.83563232421875,28.828231811523438
-157.84915161132812,-501.3297119140625,28.82867431640625
-157.96792602539062,-500.8218078613281,28.828536987304688
-158.08787536621094,-500.32415771484375,28.827919006347656
-158.20204162597656,-499.82977294921875,28.826745986938477
-158.3172607421875,-499.32037353515625,28.82598876953125
-158.4468231201172,-498.6911315917969,28.825397491455078
-158.53970336914062,-498.18988037109375,28.824363708496094
-158.6616973876953,-497.547607421875,28.82314682006836
-158.76463317871094,-496.9131774902344,28.821449279785156
-158.86073303222656,-496.26263427734375,28.820838928222656
-158.92388916015625,-495.6358642578125,28.817522048950195
-158.9755096435547,-495.0279846191406,28.815488815307617
-159.0052490234375,-494.4220275878906,28.81253433227539
-159.0355224609375,-493.814208984375,28.810083389282227
-159.05426025390625,-493.210693359375,28.806560516357422
-159.07167053222656,-492.60906982421875,28.803592681884766
-159.0680694580078,-492.0194396972656,28.80001449584961
-159.04898071289062,-491.4389343261719,28.79722785949707
-159.00057983398438,-490.87335205078125,28.792648315429688
-158.94845581054688,-490.3194885253906,28.789278030395508
-158.90292358398438,-489.77618408203125,28.786876678466797
-158.85842895507812,-489.21722412109375,28.784008026123047
-158.81161499023438,-488.6720886230469,28.781299591064453
-158.76480102539062,-488.112060546875,28.778701782226562
-158.71780395507812,-487.54180908203125,28.776275634765625
-158.67105102539062,-486.9835205078125,28.774860382080078
-158.6243438720703,-486.45050048828125,28.773616790771484
-158.57266235351562,-485.9214172363281,28.772050857543945
-158.52560424804688,-485.4037780761719,28.770755767822266
-158.47149658203125,-484.89129638671875,28.7696533203125
-158.41632080078125,-484.373046875,28.769393920898438
-158.35809326171875,-483.86175537109375,28.768657684326172
-158.29779052734375,-483.36431884765625,28.76764678955078
-158.23570251464844,-482.8678283691406,28.767105102539062
-158.15756225585938,-482.37396240234375,28.765945434570312
-158.06222534179688,-481.7852783203125,28.765989303588867
-157.94967651367188,-481.21197509765625,28.76730728149414
-157.81564331054688,-480.7037353515625,28.7664794921875
-157.65472412109375,-480.1838073730469,28.758899688720703
-157.4901580810547,-479.6776123046875,28.766372680664062
-157.33238220214844,-479.1737365722656,28.767269134521484
-157.16873168945312,-478.65557861328125,28.76909065246582
-157.0154266357422,-478.1598815917969,28.770292282104492
-156.864501953125,-477.6796875,28.772109985351562
-156.71533203125,-477.2015380859375,28.774751663208008
-156.52772521972656,-476.59967041015625,28.776491165161133
-156.33544921875,-475.9830017089844,28.76793670654297
-156.17770385742188,-475.4776306152344,28.775890350341797
-155.9773712158203,-474.83465576171875,28.76657485961914
-155.7598114013672,-474.1372375488281,28.781206130981445
-155.53579711914062,-473.4268798828125,28.79448890686035
-155.3123779296875,-472.7572021484375,28.79667854309082
-155.08334350585938,-472.07342529296875,28.799684524536133
-154.84848022460938,-471.4124450683594,28.80320930480957
-154.60433959960938,-470.7554626464844,28.805957794189453
-154.36495971679688,-470.1170654296875,28.80918312072754
-154.11181640625,-469.4886779785156,28.812191009521484
-153.85777282714844,-468.864501953125,28.81490707397461
-153.5919189453125,-468.2557373046875,28.816333770751953
-153.3428955078125,-467.68865966796875,28.81838035583496
-153.07763671875,-467.0899963378906,28.821041107177734
-152.80111694335938,-466.4815979003906,28.82440185546875
-152.54115295410156,-465.9132995605469,28.8278751373291
-152.2640380859375,-465.3499755859375,28.829524993896484
-151.9861602783203,-464.7943115234375,28.83222198486328
-151.71298217773438,-464.2718505859375,28.834890365600586
-151.42575073242188,-463.7477722167969,28.837095260620117
-151.1495361328125,-463.23077392578125,28.838895797729492
-150.87364196777344,-462.7125244140625,28.840381622314453
-150.60635375976562,-462.2095642089844,28.84153938293457
-150.3367919921875,-461.70263671875,28.842811584472656
-150.05029296875,-461.165283203125,28.83114242553711
-149.6863555908203,-460.48150634765625,28.82308578491211
-149.4119873046875,-459.966552734375,28.830825805664062
-149.14566040039062,-459.466796875,28.842639923095703
-148.8898162841797,-458.98638916015625,28.84583282470703
-148.59375,-458.4303283691406,28.83647918701172
-148.28152465820312,-457.8438720703125,28.831247329711914
-147.95542907714844,-457.231689453125,28.830856323242188
-147.5965118408203,-456.5582275390625,28.83649444580078
-147.2541961669922,-455.91619873046875,28.84393882751465
-146.9229736328125,-455.29547119140625,28.84646224975586
-146.5686798095703,-454.6413269042969,28.847381591796875
-146.21798706054688,-454.00604248046875,28.848735809326172
-145.8695068359375,-453.37286376953125,28.85041046142578
-145.52557373046875,-452.745849609375,28.851459503173828
-145.1824951171875,-452.1194763183594,28.852298736572266
-144.84878540039062,-451.51055908203125,28.853515625
-144.5064697265625,-450.88641357421875,28.85535430908203
-144.17611694335938,-450.2841796875,28.857290267944336
-143.8524627685547,-449.6942138671875,28.85861587524414
-143.51791381835938,-449.08502197265625,28.859554290771484
-143.1751251220703,-448.469482421875,28.860429763793945
-142.854736328125,-447.9052734375,28.86119842529297
-142.52073669433594,-447.3145446777344,28.86206817626953
-142.20359802246094,-446.75146484375,28.862573623657227
-141.88348388671875,-446.1825256347656,28.862594604492188
-141.56768798828125,-445.6215515136719,28.862369537353516
-141.23658752441406,-445.02996826171875,28.8622989654541
-140.93243408203125,-444.4736022949219,28.862606048583984
-140.63140869140625,-443.9212341308594,28.86228370666504
-140.32974243164062,-443.37127685546875,28.86181640625
-140.03729248046875,-442.8390808105469,28.8614501953125
-139.728515625,-442.2771911621094,28.86111831665039
-139.43560791015625,-441.74346923828125,28.859468460083008
-139.10409545898438,-441.13861083984375,28.850299835205078
-138.76712036132812,-440.52435302734375,28.850515365600586
-138.439453125,-439.9276123046875,28.8583984375
-138.10848999023438,-439.3248596191406,28.856590270996094
-137.74038696289062,-438.6546630859375,28.849916458129883
-137.35340881347656,-437.95037841796875,28.848663330078125
-136.95892333984375,-437.2325439453125,28.85104751586914
-136.5319366455078,-436.4556579589844,28.860157012939453
-136.11843872070312,-435.70343017578125,28.87063980102539
-135.7168426513672,-434.97271728515625,28.87493133544922
-135.29513549804688,-434.20526123046875,28.876331329345703
-134.87313842773438,-433.43719482421875,28.877361297607422
-134.45753479003906,-432.68072509765625,28.878177642822266
-134.0435333251953,-431.9274597167969,28.878787994384766
-133.64210510253906,-431.197265625,28.879154205322266
-133.26016235351562,-430.502685546875,28.880279541015625
-132.86526489257812,-429.7845764160156,28.88239097595215
-132.45492553710938,-429.03814697265625,28.884782791137695
-132.06866455078125,-428.3357849121094,28.886913299560547
-131.67967224121094,-427.6285095214844,28.887950897216797
-131.2930145263672,-426.9250793457031,28.88776969909668
-130.90005493164062,-426.2100830078125,28.88774871826172
-130.50912475585938,-425.4990234375,28.888349533081055
-130.10617065429688,-424.76605224609375,28.88924789428711
-129.7244873046875,-424.0718078613281,28.889766693115234
-129.34603881835938,-423.38348388671875,28.89008140563965
-128.95758056640625,-422.677001953125,28.890396118164062
-128.5928955078125,-422.0137634277344,28.891448974609375
-128.20956420898438,-421.31640625,28.893346786499023
-127.81642150878906,-420.6013488769531,28.895610809326172
-127.44659423828125,-419.92877197265625,28.89754867553711
-127.07811737060547,-419.25872802734375,28.898828506469727
-126.69499206542969,-418.5619812011719,28.899873733520508
-126.33386993408203,-417.9054260253906,28.901126861572266
-125.95860290527344,-417.22320556640625,28.90250587463379
-125.59402465820312,-416.5605773925781,28.903644561767578
-125.23616790771484,-415.9102478027344,28.904491424560547
-124.87788391113281,-415.25909423828125,28.90510368347168
-124.51657104492188,-414.602294921875,28.90577507019043
-124.15431213378906,-413.94378662109375,28.906522750854492
-123.80011749267578,-413.2998962402344,28.907093048095703
-123.44009399414062,-412.6455993652344,28.90746307373047
-123.1032485961914,-412.03350830078125,28.909326553344727
-122.7840576171875,-411.4544372558594,28.928743362426758
-122.52384185791016,-410.9838562011719,28.941967010498047
-122.27064514160156,-410.5286865234375,28.94601821899414
